ARM GAS  C:\Users\techn\AppData\Local\Temp\ccy0OLmH.s 			page 1


   1              		.cpu cortex-m4
   2              		.arch armv7e-m
   3              		.fpu fpv4-sp-d16
   4              		.eabi_attribute 27, 1
   5              		.eabi_attribute 28, 1
   6              		.eabi_attribute 20, 1
   7              		.eabi_attribute 21, 1
   8              		.eabi_attribute 23, 3
   9              		.eabi_attribute 24, 1
  10              		.eabi_attribute 25, 1
  11              		.eabi_attribute 26, 1
  12              		.eabi_attribute 30, 1
  13              		.eabi_attribute 34, 1
  14              		.eabi_attribute 18, 4
  15              		.file	"main.c"
  16              		.text
  17              	.Ltext0:
  18              		.cfi_sections	.debug_frame
  19              		.file 1 "Core/Src/main.c"
  20              		.section	.text.MX_GPIO_Init,"ax",%progbits
  21              		.align	1
  22              		.syntax unified
  23              		.thumb
  24              		.thumb_func
  26              	MX_GPIO_Init:
  27              	.LFB142:
   1:Core/Src/main.c **** /*
   2:Core/Src/main.c ****  1. Link: https://github.com/Neo-Vorsatz-UCT/EEE3096S-2025
   3:Core/Src/main.c **** 
   4:Core/Src/main.c ****  2. Group Number: 64
   5:Core/Src/main.c **** 
   6:Core/Src/main.c ****  3. Members: VRSNEO001
   7:Core/Src/main.c **** */
   8:Core/Src/main.c **** 
   9:Core/Src/main.c **** 
  10:Core/Src/main.c **** /* USER CODE BEGIN Header */
  11:Core/Src/main.c **** /**
  12:Core/Src/main.c ****   ******************************************************************************
  13:Core/Src/main.c ****   * @file           : main.c
  14:Core/Src/main.c ****   * @brief          : Main program body
  15:Core/Src/main.c ****   ******************************************************************************
  16:Core/Src/main.c ****   * @attention
  17:Core/Src/main.c ****   *
  18:Core/Src/main.c ****   * Copyright (c) 2025 STMicroelectronics.
  19:Core/Src/main.c ****   * All rights reserved.
  20:Core/Src/main.c ****   *
  21:Core/Src/main.c ****   * This software is licensed under terms that can be found in the LICENSE file
  22:Core/Src/main.c ****   * in the root directory of this software component.
  23:Core/Src/main.c ****   * If no LICENSE file comes with this software, it is provided AS-IS.
  24:Core/Src/main.c ****   *
  25:Core/Src/main.c ****   ******************************************************************************
  26:Core/Src/main.c ****   */
  27:Core/Src/main.c **** /* USER CODE END Header */
  28:Core/Src/main.c **** /* Includes ------------------------------------------------------------------*/
  29:Core/Src/main.c **** #include "main.h"
  30:Core/Src/main.c **** 
  31:Core/Src/main.c **** /* Private includes ----------------------------------------------------------*/
ARM GAS  C:\Users\techn\AppData\Local\Temp\ccy0OLmH.s 			page 2


  32:Core/Src/main.c **** /* USER CODE BEGIN Includes */
  33:Core/Src/main.c **** #include <stdio.h>
  34:Core/Src/main.c **** #include "stm32f4xx.h"
  35:Core/Src/main.c **** #include "lcd_stm32f4.h"
  36:Core/Src/main.c **** /* USER CODE END Includes */
  37:Core/Src/main.c **** 
  38:Core/Src/main.c **** /* Private typedef -----------------------------------------------------------*/
  39:Core/Src/main.c **** /* USER CODE BEGIN PTD */
  40:Core/Src/main.c **** 
  41:Core/Src/main.c **** /* USER CODE END PTD */
  42:Core/Src/main.c **** 
  43:Core/Src/main.c **** /* Private define ------------------------------------------------------------*/
  44:Core/Src/main.c **** /* USER CODE BEGIN PD */
  45:Core/Src/main.c **** // TODO: Add values for below variables
  46:Core/Src/main.c **** #define NS 1024       // Number of samples in LUT
  47:Core/Src/main.c **** #define TIM2CLK 16000000  // STM Clock frequency: Hint You might want to check the ioc file
  48:Core/Src/main.c **** #define F_SIGNAL 0.5 	// Frequency of output analog signal
  49:Core/Src/main.c **** 
  50:Core/Src/main.c **** /* USER CODE END PD */
  51:Core/Src/main.c **** 
  52:Core/Src/main.c **** /* Private macro -------------------------------------------------------------*/
  53:Core/Src/main.c **** /* USER CODE BEGIN PM */
  54:Core/Src/main.c **** 
  55:Core/Src/main.c **** /* USER CODE END PM */
  56:Core/Src/main.c **** 
  57:Core/Src/main.c **** /* Private variables ---------------------------------------------------------*/
  58:Core/Src/main.c **** TIM_HandleTypeDef htim2;
  59:Core/Src/main.c **** TIM_HandleTypeDef htim3;
  60:Core/Src/main.c **** DMA_HandleTypeDef hdma_tim2_ch1;
  61:Core/Src/main.c **** 
  62:Core/Src/main.c **** /* USER CODE BEGIN PV */
  63:Core/Src/main.c **** // TODO: Add code for global variables, including LUTs
  64:Core/Src/main.c **** const uint32_t Sin_LUT[NS] = {2048,2060,2073,2085,2098,2110,2123,2135,2148,2161,2173,2186,2198,2211
  65:Core/Src/main.c **** const uint32_t Saw_LUT[NS] = {0,4,8,12,16,20,24,28,32,36,40,44,48,52,56,60,64,68,72,76,80,84,88,92,
  66:Core/Src/main.c **** const uint32_t Triangle_LUT[NS] = {0,8,16,24,32,40,48,56,64,72,80,88,96,104,112,120,128,136,144,152
  67:Core/Src/main.c **** const uint32_t Piano_LUT[NS] = {2304,2304,2304,2304,2304,2304,2305,2304,2306,2307,2305,2306,2307,18
  68:Core/Src/main.c **** const uint32_t Guitar_LUT[NS] = {1868,1868,1868,1868,1868,1868,1868,1868,1868,1868,1868,1868,1868,1
  69:Core/Src/main.c **** const uint32_t Drum_LUT[NS] = {2047,2047,2047,2047,2048,2046,2045,2042,2050,2050,2048,2049,2042,185
  70:Core/Src/main.c **** uint32_t prev_tick = 0;
  71:Core/Src/main.c **** uint32_t waveform = 0;
  72:Core/Src/main.c **** 
  73:Core/Src/main.c **** 
  74:Core/Src/main.c **** 
  75:Core/Src/main.c **** // TODO: Equation to calculate TIM2_Ticks
  76:Core/Src/main.c **** uint32_t TIM2_Ticks = TIM2CLK/(F_SIGNAL*NS); // How often to write new LUT value
  77:Core/Src/main.c **** uint32_t DestAddress = (uint32_t) &(TIM3->CCR3); // Write LUT TO TIM3->CCR3 to modify PWM duty cycl
  78:Core/Src/main.c **** 
  79:Core/Src/main.c **** 
  80:Core/Src/main.c **** /* USER CODE END PV */
  81:Core/Src/main.c **** 
  82:Core/Src/main.c **** /* Private function prototypes -----------------------------------------------*/
  83:Core/Src/main.c **** void SystemClock_Config(void);
  84:Core/Src/main.c **** static void MX_GPIO_Init(void);
  85:Core/Src/main.c **** static void MX_DMA_Init(void);
  86:Core/Src/main.c **** static void MX_TIM2_Init(void);
  87:Core/Src/main.c **** static void MX_TIM3_Init(void);
  88:Core/Src/main.c **** /* USER CODE BEGIN PFP */
ARM GAS  C:\Users\techn\AppData\Local\Temp\ccy0OLmH.s 			page 3


  89:Core/Src/main.c **** void EXTI0_IRQHandler(void);
  90:Core/Src/main.c **** /* USER CODE END PFP */
  91:Core/Src/main.c **** 
  92:Core/Src/main.c **** /* Private user code ---------------------------------------------------------*/
  93:Core/Src/main.c **** /* USER CODE BEGIN 0 */
  94:Core/Src/main.c **** 
  95:Core/Src/main.c **** /* USER CODE END 0 */
  96:Core/Src/main.c **** 
  97:Core/Src/main.c **** /**
  98:Core/Src/main.c ****   * @brief  The application entry point.
  99:Core/Src/main.c ****   * @retval int
 100:Core/Src/main.c ****   */
 101:Core/Src/main.c **** int main(void)
 102:Core/Src/main.c **** {
 103:Core/Src/main.c **** 
 104:Core/Src/main.c ****   /* USER CODE BEGIN 1 */
 105:Core/Src/main.c **** 
 106:Core/Src/main.c ****   /* USER CODE END 1 */
 107:Core/Src/main.c **** 
 108:Core/Src/main.c ****   /* MCU Configuration--------------------------------------------------------*/
 109:Core/Src/main.c **** 
 110:Core/Src/main.c ****   /* Reset of all peripherals, Initializes the Flash interface and the Systick. */
 111:Core/Src/main.c ****   HAL_Init();
 112:Core/Src/main.c **** 
 113:Core/Src/main.c ****   /* USER CODE BEGIN Init */
 114:Core/Src/main.c **** 
 115:Core/Src/main.c ****   /* USER CODE END Init */
 116:Core/Src/main.c **** 
 117:Core/Src/main.c ****   /* Configure the system clock */
 118:Core/Src/main.c ****   SystemClock_Config();
 119:Core/Src/main.c **** 
 120:Core/Src/main.c ****   /* USER CODE BEGIN SysInit */
 121:Core/Src/main.c **** 
 122:Core/Src/main.c ****   /* USER CODE END SysInit */
 123:Core/Src/main.c **** 
 124:Core/Src/main.c ****   /* Initialize all configured peripherals */
 125:Core/Src/main.c ****   MX_GPIO_Init();
 126:Core/Src/main.c ****   MX_DMA_Init();
 127:Core/Src/main.c ****   MX_TIM2_Init();
 128:Core/Src/main.c ****   MX_TIM3_Init();
 129:Core/Src/main.c ****   /* USER CODE BEGIN 2 */
 130:Core/Src/main.c ****   // TODO: Start TIM3 in PWM mode on channel 3;
 131:Core/Src/main.c ****   HAL_TIM_PWM_Start(&htim3, TIM_CHANNEL_3);
 132:Core/Src/main.c ****   TIM3->CCR3 = (1<<15);
 133:Core/Src/main.c ****   // TODO: Start TIM2 in Output Compare (OC) mode on channel 1
 134:Core/Src/main.c ****   HAL_TIM_OC_Start(&htim2, TIM_CHANNEL_1);
 135:Core/Src/main.c ****   // TODO: Start DMA in IT mode on TIM2->CH1. Source is LUT and Dest is TIM3->CCR3; start with Sine
 136:Core/Src/main.c ****   HAL_DMA_Start_IT(&hdma_tim2_ch1, Sin_LUT, DestAddress, NS);
 137:Core/Src/main.c ****   // TODO: Write current waveform to LCD(Sine is the first waveform)
 138:Core/Src/main.c ****   init_LCD();
 139:Core/Src/main.c ****   lcd_command(CLEAR);
 140:Core/Src/main.c ****   lcd_update_line("Sine");
 141:Core/Src/main.c ****   // TODO: Enable DMA (start transfer from LUT to CCR)
 142:Core/Src/main.c ****   __HAL_TIM_ENABLE_DMA(&htim2, TIM_DMA_CC1);
 143:Core/Src/main.c ****   /* USER CODE END 2 */
 144:Core/Src/main.c **** 
 145:Core/Src/main.c ****   /* Infinite loop */
ARM GAS  C:\Users\techn\AppData\Local\Temp\ccy0OLmH.s 			page 4


 146:Core/Src/main.c ****   /* USER CODE BEGIN WHILE */
 147:Core/Src/main.c ****   while (1)
 148:Core/Src/main.c ****   {
 149:Core/Src/main.c ****     /* USER CODE END WHILE */
 150:Core/Src/main.c **** 
 151:Core/Src/main.c ****     /* USER CODE BEGIN 3 */
 152:Core/Src/main.c ****   }
 153:Core/Src/main.c ****   /* USER CODE END 3 */
 154:Core/Src/main.c **** }
 155:Core/Src/main.c **** 
 156:Core/Src/main.c **** /**
 157:Core/Src/main.c ****   * @brief System Clock Configuration
 158:Core/Src/main.c ****   * @retval None
 159:Core/Src/main.c ****   */
 160:Core/Src/main.c **** void SystemClock_Config(void)
 161:Core/Src/main.c **** {
 162:Core/Src/main.c ****   RCC_OscInitTypeDef RCC_OscInitStruct = {0};
 163:Core/Src/main.c ****   RCC_ClkInitTypeDef RCC_ClkInitStruct = {0};
 164:Core/Src/main.c **** 
 165:Core/Src/main.c ****   /** Configure the main internal regulator output voltage
 166:Core/Src/main.c ****   */
 167:Core/Src/main.c ****   __HAL_RCC_PWR_CLK_ENABLE();
 168:Core/Src/main.c ****   __HAL_PWR_VOLTAGESCALING_CONFIG(PWR_REGULATOR_VOLTAGE_SCALE3);
 169:Core/Src/main.c **** 
 170:Core/Src/main.c ****   /** Initializes the RCC Oscillators according to the specified parameters
 171:Core/Src/main.c ****   * in the RCC_OscInitTypeDef structure.
 172:Core/Src/main.c ****   */
 173:Core/Src/main.c ****   RCC_OscInitStruct.OscillatorType = RCC_OSCILLATORTYPE_HSI;
 174:Core/Src/main.c ****   RCC_OscInitStruct.HSIState = RCC_HSI_ON;
 175:Core/Src/main.c ****   RCC_OscInitStruct.HSICalibrationValue = RCC_HSICALIBRATION_DEFAULT;
 176:Core/Src/main.c ****   RCC_OscInitStruct.PLL.PLLState = RCC_PLL_NONE;
 177:Core/Src/main.c ****   if (HAL_RCC_OscConfig(&RCC_OscInitStruct) != HAL_OK)
 178:Core/Src/main.c ****   {
 179:Core/Src/main.c ****     Error_Handler();
 180:Core/Src/main.c ****   }
 181:Core/Src/main.c **** 
 182:Core/Src/main.c ****   /** Initializes the CPU, AHB and APB buses clocks
 183:Core/Src/main.c ****   */
 184:Core/Src/main.c ****   RCC_ClkInitStruct.ClockType = RCC_CLOCKTYPE_HCLK|RCC_CLOCKTYPE_SYSCLK
 185:Core/Src/main.c ****                               |RCC_CLOCKTYPE_PCLK1|RCC_CLOCKTYPE_PCLK2;
 186:Core/Src/main.c ****   RCC_ClkInitStruct.SYSCLKSource = RCC_SYSCLKSOURCE_HSI;
 187:Core/Src/main.c ****   RCC_ClkInitStruct.AHBCLKDivider = RCC_SYSCLK_DIV1;
 188:Core/Src/main.c ****   RCC_ClkInitStruct.APB1CLKDivider = RCC_HCLK_DIV1;
 189:Core/Src/main.c ****   RCC_ClkInitStruct.APB2CLKDivider = RCC_HCLK_DIV1;
 190:Core/Src/main.c **** 
 191:Core/Src/main.c ****   if (HAL_RCC_ClockConfig(&RCC_ClkInitStruct, FLASH_LATENCY_0) != HAL_OK)
 192:Core/Src/main.c ****   {
 193:Core/Src/main.c ****     Error_Handler();
 194:Core/Src/main.c ****   }
 195:Core/Src/main.c **** }
 196:Core/Src/main.c **** 
 197:Core/Src/main.c **** /**
 198:Core/Src/main.c ****   * @brief TIM2 Initialization Function
 199:Core/Src/main.c ****   * @param None
 200:Core/Src/main.c ****   * @retval None
 201:Core/Src/main.c ****   */
 202:Core/Src/main.c **** static void MX_TIM2_Init(void)
ARM GAS  C:\Users\techn\AppData\Local\Temp\ccy0OLmH.s 			page 5


 203:Core/Src/main.c **** {
 204:Core/Src/main.c **** 
 205:Core/Src/main.c ****   /* USER CODE BEGIN TIM2_Init 0 */
 206:Core/Src/main.c **** 
 207:Core/Src/main.c ****   /* USER CODE END TIM2_Init 0 */
 208:Core/Src/main.c **** 
 209:Core/Src/main.c ****   TIM_ClockConfigTypeDef sClockSourceConfig = {0};
 210:Core/Src/main.c ****   TIM_MasterConfigTypeDef sMasterConfig = {0};
 211:Core/Src/main.c ****   TIM_OC_InitTypeDef sConfigOC = {0};
 212:Core/Src/main.c **** 
 213:Core/Src/main.c ****   /* USER CODE BEGIN TIM2_Init 1 */
 214:Core/Src/main.c **** 
 215:Core/Src/main.c ****   /* USER CODE END TIM2_Init 1 */
 216:Core/Src/main.c ****   htim2.Instance = TIM2;
 217:Core/Src/main.c ****   htim2.Init.Prescaler = 0;
 218:Core/Src/main.c ****   htim2.Init.CounterMode = TIM_COUNTERMODE_UP;
 219:Core/Src/main.c **** //  htim2.Init.Period = 4294967295;
 220:Core/Src/main.c ****   htim2.Init.Period = TIM2_Ticks;//#
 221:Core/Src/main.c ****   htim2.Init.ClockDivision = TIM_CLOCKDIVISION_DIV1;
 222:Core/Src/main.c ****   htim2.Init.AutoReloadPreload = TIM_AUTORELOAD_PRELOAD_DISABLE;
 223:Core/Src/main.c ****   if (HAL_TIM_Base_Init(&htim2) != HAL_OK)
 224:Core/Src/main.c ****   {
 225:Core/Src/main.c ****     Error_Handler();
 226:Core/Src/main.c ****   }
 227:Core/Src/main.c ****   sClockSourceConfig.ClockSource = TIM_CLOCKSOURCE_INTERNAL;
 228:Core/Src/main.c ****   if (HAL_TIM_ConfigClockSource(&htim2, &sClockSourceConfig) != HAL_OK)
 229:Core/Src/main.c ****   {
 230:Core/Src/main.c ****     Error_Handler();
 231:Core/Src/main.c ****   }
 232:Core/Src/main.c ****   if (HAL_TIM_OC_Init(&htim2) != HAL_OK)
 233:Core/Src/main.c ****   {
 234:Core/Src/main.c ****     Error_Handler();
 235:Core/Src/main.c ****   }
 236:Core/Src/main.c ****   sMasterConfig.MasterOutputTrigger = TIM_TRGO_RESET;
 237:Core/Src/main.c ****   sMasterConfig.MasterSlaveMode = TIM_MASTERSLAVEMODE_DISABLE;
 238:Core/Src/main.c ****   if (HAL_TIMEx_MasterConfigSynchronization(&htim2, &sMasterConfig) != HAL_OK)
 239:Core/Src/main.c ****   {
 240:Core/Src/main.c ****     Error_Handler();
 241:Core/Src/main.c ****   }
 242:Core/Src/main.c ****   sConfigOC.OCMode = TIM_OCMODE_TIMING;
 243:Core/Src/main.c ****   sConfigOC.Pulse = 0;
 244:Core/Src/main.c ****   sConfigOC.OCPolarity = TIM_OCPOLARITY_HIGH;
 245:Core/Src/main.c ****   sConfigOC.OCFastMode = TIM_OCFAST_DISABLE;
 246:Core/Src/main.c ****   if (HAL_TIM_OC_ConfigChannel(&htim2, &sConfigOC, TIM_CHANNEL_1) != HAL_OK)
 247:Core/Src/main.c ****   {
 248:Core/Src/main.c ****     Error_Handler();
 249:Core/Src/main.c ****   }
 250:Core/Src/main.c ****   /* USER CODE BEGIN TIM2_Init 2 */
 251:Core/Src/main.c ****   /* TIM2_CH1 DMA Init */
 252:Core/Src/main.c ****   __HAL_RCC_DMA1_CLK_ENABLE();
 253:Core/Src/main.c **** 
 254:Core/Src/main.c ****   hdma_tim2_ch1.Instance = DMA1_Stream5;
 255:Core/Src/main.c ****   hdma_tim2_ch1.Init.Channel = DMA_CHANNEL_3;         // TIM2_CH1 is on channel 3
 256:Core/Src/main.c ****   hdma_tim2_ch1.Init.Direction = DMA_MEMORY_TO_PERIPH; // Memory -> TIM3->CCR3
 257:Core/Src/main.c ****   hdma_tim2_ch1.Init.PeriphInc = DMA_PINC_DISABLE;    // Peripheral address fixed
 258:Core/Src/main.c ****   hdma_tim2_ch1.Init.MemInc = DMA_MINC_ENABLE;        // Memory address increments
 259:Core/Src/main.c ****   hdma_tim2_ch1.Init.PeriphDataAlignment = DMA_PDATAALIGN_WORD;
ARM GAS  C:\Users\techn\AppData\Local\Temp\ccy0OLmH.s 			page 6


 260:Core/Src/main.c ****   hdma_tim2_ch1.Init.MemDataAlignment = DMA_MDATAALIGN_WORD;
 261:Core/Src/main.c ****   hdma_tim2_ch1.Init.Mode = DMA_CIRCULAR;            // Repeat LUT automatically
 262:Core/Src/main.c ****   hdma_tim2_ch1.Init.Priority = DMA_PRIORITY_HIGH;
 263:Core/Src/main.c ****   hdma_tim2_ch1.Init.FIFOMode = DMA_FIFOMODE_DISABLE;
 264:Core/Src/main.c **** 
 265:Core/Src/main.c ****   if (HAL_DMA_Init(&hdma_tim2_ch1) != HAL_OK)
 266:Core/Src/main.c ****   {
 267:Core/Src/main.c ****       Error_Handler();
 268:Core/Src/main.c ****   }
 269:Core/Src/main.c **** 
 270:Core/Src/main.c ****   /* Link DMA handle to TIM2 handle */
 271:Core/Src/main.c ****   __HAL_LINKDMA(&htim2, hdma[TIM_DMA_ID_CC1], hdma_tim2_ch1);
 272:Core/Src/main.c ****   /* USER CODE END TIM2_Init 2 */
 273:Core/Src/main.c **** 
 274:Core/Src/main.c **** }
 275:Core/Src/main.c **** 
 276:Core/Src/main.c **** /**
 277:Core/Src/main.c ****   * @brief TIM3 Initialization Function
 278:Core/Src/main.c ****   * @param None
 279:Core/Src/main.c ****   * @retval None
 280:Core/Src/main.c ****   */
 281:Core/Src/main.c **** static void MX_TIM3_Init(void)
 282:Core/Src/main.c **** {
 283:Core/Src/main.c **** 
 284:Core/Src/main.c ****   /* USER CODE BEGIN TIM3_Init 0 */
 285:Core/Src/main.c **** 
 286:Core/Src/main.c ****   /* USER CODE END TIM3_Init 0 */
 287:Core/Src/main.c **** 
 288:Core/Src/main.c ****   TIM_ClockConfigTypeDef sClockSourceConfig = {0};
 289:Core/Src/main.c ****   TIM_MasterConfigTypeDef sMasterConfig = {0};
 290:Core/Src/main.c ****   TIM_OC_InitTypeDef sConfigOC = {0};
 291:Core/Src/main.c **** 
 292:Core/Src/main.c ****   /* USER CODE BEGIN TIM3_Init 1 */
 293:Core/Src/main.c **** 
 294:Core/Src/main.c ****   /* USER CODE END TIM3_Init 1 */
 295:Core/Src/main.c ****   htim3.Instance = TIM3;
 296:Core/Src/main.c ****   htim3.Init.Prescaler = 0;
 297:Core/Src/main.c ****   htim3.Init.CounterMode = TIM_COUNTERMODE_UP;
 298:Core/Src/main.c **** //  htim3.Init.Period = 65535;
 299:Core/Src/main.c ****   htim3.Init.Period = (1<<12)-1;//#
 300:Core/Src/main.c ****   htim3.Init.ClockDivision = TIM_CLOCKDIVISION_DIV1;
 301:Core/Src/main.c ****   htim3.Init.AutoReloadPreload = TIM_AUTORELOAD_PRELOAD_DISABLE;
 302:Core/Src/main.c ****   if (HAL_TIM_Base_Init(&htim3) != HAL_OK)
 303:Core/Src/main.c ****   {
 304:Core/Src/main.c ****     Error_Handler();
 305:Core/Src/main.c ****   }
 306:Core/Src/main.c ****   sClockSourceConfig.ClockSource = TIM_CLOCKSOURCE_INTERNAL;
 307:Core/Src/main.c ****   if (HAL_TIM_ConfigClockSource(&htim3, &sClockSourceConfig) != HAL_OK)
 308:Core/Src/main.c ****   {
 309:Core/Src/main.c ****     Error_Handler();
 310:Core/Src/main.c ****   }
 311:Core/Src/main.c ****   if (HAL_TIM_PWM_Init(&htim3) != HAL_OK)
 312:Core/Src/main.c ****   {
 313:Core/Src/main.c ****     Error_Handler();
 314:Core/Src/main.c ****   }
 315:Core/Src/main.c ****   sMasterConfig.MasterOutputTrigger = TIM_TRGO_RESET;
 316:Core/Src/main.c ****   sMasterConfig.MasterSlaveMode = TIM_MASTERSLAVEMODE_DISABLE;
ARM GAS  C:\Users\techn\AppData\Local\Temp\ccy0OLmH.s 			page 7


 317:Core/Src/main.c ****   if (HAL_TIMEx_MasterConfigSynchronization(&htim3, &sMasterConfig) != HAL_OK)
 318:Core/Src/main.c ****   {
 319:Core/Src/main.c ****     Error_Handler();
 320:Core/Src/main.c ****   }
 321:Core/Src/main.c ****   sConfigOC.OCMode = TIM_OCMODE_PWM1;
 322:Core/Src/main.c ****   sConfigOC.Pulse = 0;
 323:Core/Src/main.c **** //  sConfigOC.Pulse = 1;//#
 324:Core/Src/main.c ****   sConfigOC.OCPolarity = TIM_OCPOLARITY_HIGH;
 325:Core/Src/main.c ****   sConfigOC.OCFastMode = TIM_OCFAST_DISABLE;
 326:Core/Src/main.c ****   if (HAL_TIM_PWM_ConfigChannel(&htim3, &sConfigOC, TIM_CHANNEL_3) != HAL_OK)
 327:Core/Src/main.c ****   {
 328:Core/Src/main.c ****     Error_Handler();
 329:Core/Src/main.c ****   }
 330:Core/Src/main.c ****   /* USER CODE BEGIN TIM3_Init 2 */
 331:Core/Src/main.c **** 
 332:Core/Src/main.c ****   /* USER CODE END TIM3_Init 2 */
 333:Core/Src/main.c ****   HAL_TIM_MspPostInit(&htim3);
 334:Core/Src/main.c **** 
 335:Core/Src/main.c **** }
 336:Core/Src/main.c **** 
 337:Core/Src/main.c **** /**
 338:Core/Src/main.c ****   * Enable DMA controller clock
 339:Core/Src/main.c ****   */
 340:Core/Src/main.c **** static void MX_DMA_Init(void)
 341:Core/Src/main.c **** {
 342:Core/Src/main.c **** 
 343:Core/Src/main.c ****   /* DMA controller clock enable */
 344:Core/Src/main.c ****   __HAL_RCC_DMA1_CLK_ENABLE();
 345:Core/Src/main.c **** 
 346:Core/Src/main.c ****   /* DMA interrupt init */
 347:Core/Src/main.c ****   /* DMA1_Stream5_IRQn interrupt configuration */
 348:Core/Src/main.c ****   HAL_NVIC_SetPriority(DMA1_Stream5_IRQn, 0, 0);
 349:Core/Src/main.c ****   HAL_NVIC_EnableIRQ(DMA1_Stream5_IRQn);
 350:Core/Src/main.c **** 
 351:Core/Src/main.c **** }
 352:Core/Src/main.c **** 
 353:Core/Src/main.c **** /**
 354:Core/Src/main.c ****   * @brief GPIO Initialization Function
 355:Core/Src/main.c ****   * @param None
 356:Core/Src/main.c ****   * @retval None
 357:Core/Src/main.c ****   */
 358:Core/Src/main.c **** static void MX_GPIO_Init(void)
 359:Core/Src/main.c **** {
  28              		.loc 1 359 1 view -0
  29              		.cfi_startproc
  30              		@ args = 0, pretend = 0, frame = 32
  31              		@ frame_needed = 0, uses_anonymous_args = 0
  32 0000 2DE9F04F 		push	{r4, r5, r6, r7, r8, r9, r10, fp, lr}
  33              	.LCFI0:
  34              		.cfi_def_cfa_offset 36
  35              		.cfi_offset 4, -36
  36              		.cfi_offset 5, -32
  37              		.cfi_offset 6, -28
  38              		.cfi_offset 7, -24
  39              		.cfi_offset 8, -20
  40              		.cfi_offset 9, -16
  41              		.cfi_offset 10, -12
ARM GAS  C:\Users\techn\AppData\Local\Temp\ccy0OLmH.s 			page 8


  42              		.cfi_offset 11, -8
  43              		.cfi_offset 14, -4
  44 0004 89B0     		sub	sp, sp, #36
  45              	.LCFI1:
  46              		.cfi_def_cfa_offset 72
 360:Core/Src/main.c ****   GPIO_InitTypeDef GPIO_InitStruct = {0};
  47              		.loc 1 360 3 view .LVU1
  48              		.loc 1 360 20 is_stmt 0 view .LVU2
  49 0006 0024     		movs	r4, #0
  50 0008 0394     		str	r4, [sp, #12]
  51 000a 0494     		str	r4, [sp, #16]
  52 000c 0594     		str	r4, [sp, #20]
  53 000e 0694     		str	r4, [sp, #24]
  54 0010 0794     		str	r4, [sp, #28]
 361:Core/Src/main.c ****   /* USER CODE BEGIN MX_GPIO_Init_1 */
 362:Core/Src/main.c **** 
 363:Core/Src/main.c ****   /* USER CODE END MX_GPIO_Init_1 */
 364:Core/Src/main.c **** 
 365:Core/Src/main.c ****   /* GPIO Ports Clock Enable */
 366:Core/Src/main.c ****   __HAL_RCC_GPIOH_CLK_ENABLE();
  55              		.loc 1 366 3 is_stmt 1 view .LVU3
  56              	.LBB4:
  57              		.loc 1 366 3 view .LVU4
  58 0012 0094     		str	r4, [sp]
  59              		.loc 1 366 3 view .LVU5
  60 0014 2F4B     		ldr	r3, .L3
  61 0016 1A6B     		ldr	r2, [r3, #48]
  62 0018 42F08002 		orr	r2, r2, #128
  63 001c 1A63     		str	r2, [r3, #48]
  64              		.loc 1 366 3 view .LVU6
  65 001e 1A6B     		ldr	r2, [r3, #48]
  66 0020 02F08002 		and	r2, r2, #128
  67 0024 0092     		str	r2, [sp]
  68              		.loc 1 366 3 view .LVU7
  69 0026 009A     		ldr	r2, [sp]
  70              	.LBE4:
  71              		.loc 1 366 3 view .LVU8
 367:Core/Src/main.c ****   __HAL_RCC_GPIOA_CLK_ENABLE();
  72              		.loc 1 367 3 view .LVU9
  73              	.LBB5:
  74              		.loc 1 367 3 view .LVU10
  75 0028 0194     		str	r4, [sp, #4]
  76              		.loc 1 367 3 view .LVU11
  77 002a 1A6B     		ldr	r2, [r3, #48]
  78 002c 42F00102 		orr	r2, r2, #1
  79 0030 1A63     		str	r2, [r3, #48]
  80              		.loc 1 367 3 view .LVU12
  81 0032 1A6B     		ldr	r2, [r3, #48]
  82 0034 02F00102 		and	r2, r2, #1
  83 0038 0192     		str	r2, [sp, #4]
  84              		.loc 1 367 3 view .LVU13
  85 003a 019A     		ldr	r2, [sp, #4]
  86              	.LBE5:
  87              		.loc 1 367 3 view .LVU14
 368:Core/Src/main.c ****   __HAL_RCC_GPIOB_CLK_ENABLE();
  88              		.loc 1 368 3 view .LVU15
  89              	.LBB6:
ARM GAS  C:\Users\techn\AppData\Local\Temp\ccy0OLmH.s 			page 9


  90              		.loc 1 368 3 view .LVU16
  91 003c 0294     		str	r4, [sp, #8]
  92              		.loc 1 368 3 view .LVU17
  93 003e 1A6B     		ldr	r2, [r3, #48]
  94 0040 42F00202 		orr	r2, r2, #2
  95 0044 1A63     		str	r2, [r3, #48]
  96              		.loc 1 368 3 view .LVU18
  97 0046 1B6B     		ldr	r3, [r3, #48]
  98 0048 03F00203 		and	r3, r3, #2
  99 004c 0293     		str	r3, [sp, #8]
 100              		.loc 1 368 3 view .LVU19
 101 004e 029B     		ldr	r3, [sp, #8]
 102              	.LBE6:
 103              		.loc 1 368 3 view .LVU20
 369:Core/Src/main.c **** 
 370:Core/Src/main.c ****   // -------------------------------
 371:Core/Src/main.c ****   // LCD pins configuration
 372:Core/Src/main.c ****   // -------------------------------
 373:Core/Src/main.c ****   // Configure PC14 (RS) and PC15 (E) as output push-pull
 374:Core/Src/main.c ****   GPIO_InitStruct.Pin = GPIO_PIN_14 | GPIO_PIN_15;
 104              		.loc 1 374 3 view .LVU21
 105              		.loc 1 374 23 is_stmt 0 view .LVU22
 106 0050 4FF4404B 		mov	fp, #49152
 107 0054 CDF80CB0 		str	fp, [sp, #12]
 375:Core/Src/main.c ****   GPIO_InitStruct.Mode = GPIO_MODE_OUTPUT_PP;
 108              		.loc 1 375 3 is_stmt 1 view .LVU23
 109              		.loc 1 375 24 is_stmt 0 view .LVU24
 110 0058 0126     		movs	r6, #1
 111 005a 0496     		str	r6, [sp, #16]
 376:Core/Src/main.c ****   GPIO_InitStruct.Pull = GPIO_NOPULL;
 112              		.loc 1 376 3 is_stmt 1 view .LVU25
 377:Core/Src/main.c ****   GPIO_InitStruct.Speed = GPIO_SPEED_FREQ_LOW;
 113              		.loc 1 377 3 view .LVU26
 378:Core/Src/main.c ****   HAL_GPIO_Init(GPIOC, &GPIO_InitStruct);
 114              		.loc 1 378 3 view .LVU27
 115 005c DFF87CA0 		ldr	r10, .L3+8
 116 0060 03A9     		add	r1, sp, #12
 117 0062 5046     		mov	r0, r10
 118 0064 FFF7FEFF 		bl	HAL_GPIO_Init
 119              	.LVL0:
 379:Core/Src/main.c **** 
 380:Core/Src/main.c ****   // Configure PB8 (D4) and PB9 (D5) as output push-pull
 381:Core/Src/main.c ****   GPIO_InitStruct.Pin = GPIO_PIN_8 | GPIO_PIN_9;
 120              		.loc 1 381 3 view .LVU28
 121              		.loc 1 381 23 is_stmt 0 view .LVU29
 122 0068 4FF44079 		mov	r9, #768
 123 006c CDF80C90 		str	r9, [sp, #12]
 382:Core/Src/main.c ****   HAL_GPIO_Init(GPIOB, &GPIO_InitStruct);
 124              		.loc 1 382 3 is_stmt 1 view .LVU30
 125 0070 DFF86C80 		ldr	r8, .L3+12
 126 0074 03A9     		add	r1, sp, #12
 127 0076 4046     		mov	r0, r8
 128 0078 FFF7FEFF 		bl	HAL_GPIO_Init
 129              	.LVL1:
 383:Core/Src/main.c **** 
 384:Core/Src/main.c ****   // Configure PA12 (D6) and PA15 (D7) as output push-pull
 385:Core/Src/main.c ****   GPIO_InitStruct.Pin = GPIO_PIN_12 | GPIO_PIN_15;
ARM GAS  C:\Users\techn\AppData\Local\Temp\ccy0OLmH.s 			page 10


 130              		.loc 1 385 3 view .LVU31
 131              		.loc 1 385 23 is_stmt 0 view .LVU32
 132 007c 4FF41047 		mov	r7, #36864
 133 0080 0397     		str	r7, [sp, #12]
 386:Core/Src/main.c ****   HAL_GPIO_Init(GPIOA, &GPIO_InitStruct);
 134              		.loc 1 386 3 is_stmt 1 view .LVU33
 135 0082 154D     		ldr	r5, .L3+4
 136 0084 03A9     		add	r1, sp, #12
 137 0086 2846     		mov	r0, r5
 138 0088 FFF7FEFF 		bl	HAL_GPIO_Init
 139              	.LVL2:
 387:Core/Src/main.c **** 
 388:Core/Src/main.c ****   // Set all LCD pins LOW initially
 389:Core/Src/main.c ****   HAL_GPIO_WritePin(GPIOC, GPIO_PIN_14 | GPIO_PIN_15, GPIO_PIN_RESET);
 140              		.loc 1 389 3 view .LVU34
 141 008c 2246     		mov	r2, r4
 142 008e 5946     		mov	r1, fp
 143 0090 5046     		mov	r0, r10
 144 0092 FFF7FEFF 		bl	HAL_GPIO_WritePin
 145              	.LVL3:
 390:Core/Src/main.c ****   HAL_GPIO_WritePin(GPIOB, GPIO_PIN_8 | GPIO_PIN_9, GPIO_PIN_RESET);
 146              		.loc 1 390 3 view .LVU35
 147 0096 2246     		mov	r2, r4
 148 0098 4946     		mov	r1, r9
 149 009a 4046     		mov	r0, r8
 150 009c FFF7FEFF 		bl	HAL_GPIO_WritePin
 151              	.LVL4:
 391:Core/Src/main.c ****   HAL_GPIO_WritePin(GPIOA, GPIO_PIN_12 | GPIO_PIN_15, GPIO_PIN_RESET);
 152              		.loc 1 391 3 view .LVU36
 153 00a0 2246     		mov	r2, r4
 154 00a2 3946     		mov	r1, r7
 155 00a4 2846     		mov	r0, r5
 156 00a6 FFF7FEFF 		bl	HAL_GPIO_WritePin
 157              	.LVL5:
 392:Core/Src/main.c **** 
 393:Core/Src/main.c **** 
 394:Core/Src/main.c ****   // -------------------------------
 395:Core/Src/main.c ****   // Button0 configuration (PA0)
 396:Core/Src/main.c ****   // -------------------------------
 397:Core/Src/main.c ****   GPIO_InitStruct.Pin = Button0_Pin;
 158              		.loc 1 397 3 view .LVU37
 159              		.loc 1 397 23 is_stmt 0 view .LVU38
 160 00aa 0396     		str	r6, [sp, #12]
 398:Core/Src/main.c ****   GPIO_InitStruct.Mode = GPIO_MODE_IT_RISING; // Interrupt on rising edge
 161              		.loc 1 398 3 is_stmt 1 view .LVU39
 162              		.loc 1 398 24 is_stmt 0 view .LVU40
 163 00ac 4FF48813 		mov	r3, #1114112
 164 00b0 0493     		str	r3, [sp, #16]
 399:Core/Src/main.c ****   GPIO_InitStruct.Pull = GPIO_PULLUP;         // Use pull-up resistor
 165              		.loc 1 399 3 is_stmt 1 view .LVU41
 166              		.loc 1 399 24 is_stmt 0 view .LVU42
 167 00b2 0596     		str	r6, [sp, #20]
 400:Core/Src/main.c ****   HAL_GPIO_Init(GPIOA, &GPIO_InitStruct);
 168              		.loc 1 400 3 is_stmt 1 view .LVU43
 169 00b4 03A9     		add	r1, sp, #12
 170 00b6 2846     		mov	r0, r5
 171 00b8 FFF7FEFF 		bl	HAL_GPIO_Init
ARM GAS  C:\Users\techn\AppData\Local\Temp\ccy0OLmH.s 			page 11


 172              	.LVL6:
 401:Core/Src/main.c **** 
 402:Core/Src/main.c ****   // Enable and set EXTI line 0 interrupt priority
 403:Core/Src/main.c ****   HAL_NVIC_SetPriority(EXTI0_IRQn, 2, 0);
 173              		.loc 1 403 3 view .LVU44
 174 00bc 2246     		mov	r2, r4
 175 00be 0221     		movs	r1, #2
 176 00c0 0620     		movs	r0, #6
 177 00c2 FFF7FEFF 		bl	HAL_NVIC_SetPriority
 178              	.LVL7:
 404:Core/Src/main.c ****   HAL_NVIC_EnableIRQ(EXTI0_IRQn);
 179              		.loc 1 404 3 view .LVU45
 180 00c6 0620     		movs	r0, #6
 181 00c8 FFF7FEFF 		bl	HAL_NVIC_EnableIRQ
 182              	.LVL8:
 405:Core/Src/main.c **** 
 406:Core/Src/main.c ****   /* USER CODE END MX_GPIO_Init_2 */
 407:Core/Src/main.c **** 
 408:Core/Src/main.c **** }
 183              		.loc 1 408 1 is_stmt 0 view .LVU46
 184 00cc 09B0     		add	sp, sp, #36
 185              	.LCFI2:
 186              		.cfi_def_cfa_offset 36
 187              		@ sp needed
 188 00ce BDE8F08F 		pop	{r4, r5, r6, r7, r8, r9, r10, fp, pc}
 189              	.L4:
 190 00d2 00BF     		.align	2
 191              	.L3:
 192 00d4 00380240 		.word	1073887232
 193 00d8 00000240 		.word	1073872896
 194 00dc 00080240 		.word	1073874944
 195 00e0 00040240 		.word	1073873920
 196              		.cfi_endproc
 197              	.LFE142:
 199              		.section	.text.MX_DMA_Init,"ax",%progbits
 200              		.align	1
 201              		.syntax unified
 202              		.thumb
 203              		.thumb_func
 205              	MX_DMA_Init:
 206              	.LFB141:
 341:Core/Src/main.c **** 
 207              		.loc 1 341 1 is_stmt 1 view -0
 208              		.cfi_startproc
 209              		@ args = 0, pretend = 0, frame = 8
 210              		@ frame_needed = 0, uses_anonymous_args = 0
 211 0000 00B5     		push	{lr}
 212              	.LCFI3:
 213              		.cfi_def_cfa_offset 4
 214              		.cfi_offset 14, -4
 215 0002 83B0     		sub	sp, sp, #12
 216              	.LCFI4:
 217              		.cfi_def_cfa_offset 16
 344:Core/Src/main.c **** 
 218              		.loc 1 344 3 view .LVU48
 219              	.LBB7:
 344:Core/Src/main.c **** 
ARM GAS  C:\Users\techn\AppData\Local\Temp\ccy0OLmH.s 			page 12


 220              		.loc 1 344 3 view .LVU49
 221 0004 0021     		movs	r1, #0
 222 0006 0191     		str	r1, [sp, #4]
 344:Core/Src/main.c **** 
 223              		.loc 1 344 3 view .LVU50
 224 0008 094B     		ldr	r3, .L7
 225 000a 1A6B     		ldr	r2, [r3, #48]
 226 000c 42F40012 		orr	r2, r2, #2097152
 227 0010 1A63     		str	r2, [r3, #48]
 344:Core/Src/main.c **** 
 228              		.loc 1 344 3 view .LVU51
 229 0012 1B6B     		ldr	r3, [r3, #48]
 230 0014 03F40013 		and	r3, r3, #2097152
 231 0018 0193     		str	r3, [sp, #4]
 344:Core/Src/main.c **** 
 232              		.loc 1 344 3 view .LVU52
 233 001a 019B     		ldr	r3, [sp, #4]
 234              	.LBE7:
 344:Core/Src/main.c **** 
 235              		.loc 1 344 3 view .LVU53
 348:Core/Src/main.c ****   HAL_NVIC_EnableIRQ(DMA1_Stream5_IRQn);
 236              		.loc 1 348 3 view .LVU54
 237 001c 0A46     		mov	r2, r1
 238 001e 1020     		movs	r0, #16
 239 0020 FFF7FEFF 		bl	HAL_NVIC_SetPriority
 240              	.LVL9:
 349:Core/Src/main.c **** 
 241              		.loc 1 349 3 view .LVU55
 242 0024 1020     		movs	r0, #16
 243 0026 FFF7FEFF 		bl	HAL_NVIC_EnableIRQ
 244              	.LVL10:
 351:Core/Src/main.c **** 
 245              		.loc 1 351 1 is_stmt 0 view .LVU56
 246 002a 03B0     		add	sp, sp, #12
 247              	.LCFI5:
 248              		.cfi_def_cfa_offset 4
 249              		@ sp needed
 250 002c 5DF804FB 		ldr	pc, [sp], #4
 251              	.L8:
 252              		.align	2
 253              	.L7:
 254 0030 00380240 		.word	1073887232
 255              		.cfi_endproc
 256              	.LFE141:
 258              		.section	.rodata.EXTI0_IRQHandler.str1.4,"aMS",%progbits,1
 259              		.align	2
 260              	.LC0:
 261 0000 53696E65 		.ascii	"Sine\000"
 261      00
 262 0005 000000   		.align	2
 263              	.LC1:
 264 0008 53617774 		.ascii	"Sawtooth\000"
 264      6F6F7468 
 264      00
 265 0011 000000   		.align	2
 266              	.LC2:
 267 0014 54726961 		.ascii	"Triangular\000"
ARM GAS  C:\Users\techn\AppData\Local\Temp\ccy0OLmH.s 			page 13


 267      6E67756C 
 267      617200
 268 001f 00       		.align	2
 269              	.LC3:
 270 0020 5069616E 		.ascii	"Piano\000"
 270      6F00
 271 0026 0000     		.align	2
 272              	.LC4:
 273 0028 47756974 		.ascii	"Guitar\000"
 273      617200
 274 002f 00       		.align	2
 275              	.LC5:
 276 0030 4472756D 		.ascii	"Drum\000"
 276      00
 277              		.section	.text.EXTI0_IRQHandler,"ax",%progbits
 278              		.align	1
 279              		.global	EXTI0_IRQHandler
 280              		.syntax unified
 281              		.thumb
 282              		.thumb_func
 284              	EXTI0_IRQHandler:
 285              	.LFB143:
 409:Core/Src/main.c **** 
 410:Core/Src/main.c **** /* USER CODE BEGIN 4 */
 411:Core/Src/main.c **** void EXTI0_IRQHandler(void){
 286              		.loc 1 411 28 is_stmt 1 view -0
 287              		.cfi_startproc
 288              		@ args = 0, pretend = 0, frame = 0
 289              		@ frame_needed = 0, uses_anonymous_args = 0
 290 0000 08B5     		push	{r3, lr}
 291              	.LCFI6:
 292              		.cfi_def_cfa_offset 8
 293              		.cfi_offset 3, -8
 294              		.cfi_offset 14, -4
 412:Core/Src/main.c **** 
 413:Core/Src/main.c ****   // TODO: Debounce using HAL_GetTick()
 414:Core/Src/main.c ****   if (HAL_GetTick()-prev_tick>500) { //if more than 0.5 seconds have passed
 295              		.loc 1 414 3 view .LVU58
 296              		.loc 1 414 7 is_stmt 0 view .LVU59
 297 0002 FFF7FEFF 		bl	HAL_GetTick
 298              	.LVL11:
 299              		.loc 1 414 20 discriminator 1 view .LVU60
 300 0006 3C4B     		ldr	r3, .L22
 301 0008 1B68     		ldr	r3, [r3]
 302 000a C01A     		subs	r0, r0, r3
 303              		.loc 1 414 6 discriminator 1 view .LVU61
 304 000c B0F5FA7F 		cmp	r0, #500
 305 0010 03D8     		bhi	.L21
 306              	.L10:
 415:Core/Src/main.c **** 	  prev_tick = HAL_GetTick();
 416:Core/Src/main.c **** 
 417:Core/Src/main.c ****   // TODO: Disable DMA transfer and abort IT, then start DMA in IT mode with new LUT and re-enable 
 418:Core/Src/main.c ****   // HINT: Consider using C's "switch" function to handle LUT changes
 419:Core/Src/main.c ****   __HAL_TIM_DISABLE_DMA(&htim2,TIM_DMA_CC1);
 420:Core/Src/main.c ****   HAL_DMA_Abort_IT(&hdma_tim2_ch1);
 421:Core/Src/main.c ****   waveform = (waveform+1)%6;
 422:Core/Src/main.c ****   switch (waveform) {
ARM GAS  C:\Users\techn\AppData\Local\Temp\ccy0OLmH.s 			page 14


 423:Core/Src/main.c ****   case 0:
 424:Core/Src/main.c **** 	  HAL_DMA_Start_IT(&hdma_tim2_ch1, Sin_LUT, DestAddress, NS);
 425:Core/Src/main.c **** 	  lcd_update_line("Sine");
 426:Core/Src/main.c **** 	  break;
 427:Core/Src/main.c ****   case 1:
 428:Core/Src/main.c **** 	  HAL_DMA_Start_IT(&hdma_tim2_ch1, Saw_LUT, DestAddress, NS);
 429:Core/Src/main.c ****   	  lcd_update_line("Sawtooth");
 430:Core/Src/main.c **** 	  break;
 431:Core/Src/main.c ****   case 2:
 432:Core/Src/main.c **** 	  HAL_DMA_Start_IT(&hdma_tim2_ch1, Triangle_LUT, DestAddress, NS);
 433:Core/Src/main.c ****   	  lcd_update_line("Triangular");
 434:Core/Src/main.c **** 	  break;
 435:Core/Src/main.c ****   case 3:
 436:Core/Src/main.c **** 	  HAL_DMA_Start_IT(&hdma_tim2_ch1, Piano_LUT, DestAddress, NS);
 437:Core/Src/main.c ****   	  lcd_update_line("Piano");
 438:Core/Src/main.c **** 	  break;
 439:Core/Src/main.c ****   case 4:
 440:Core/Src/main.c **** 	  HAL_DMA_Start_IT(&hdma_tim2_ch1, Guitar_LUT, DestAddress, NS);
 441:Core/Src/main.c ****   	  lcd_update_line("Guitar");
 442:Core/Src/main.c **** 	  break;
 443:Core/Src/main.c ****   case 5:
 444:Core/Src/main.c **** 	  HAL_DMA_Start_IT(&hdma_tim2_ch1, Drum_LUT, DestAddress, NS);
 445:Core/Src/main.c ****   	  lcd_update_line("Drum");
 446:Core/Src/main.c **** 	  break;
 447:Core/Src/main.c ****   }
 448:Core/Src/main.c ****   __HAL_TIM_ENABLE_DMA(&htim2, TIM_DMA_CC1);
 449:Core/Src/main.c **** }
 450:Core/Src/main.c **** 
 451:Core/Src/main.c **** 
 452:Core/Src/main.c **** HAL_GPIO_EXTI_IRQHandler(Button0_Pin); // Clear interrupt flags
 307              		.loc 1 452 1 is_stmt 1 view .LVU62
 308 0012 0120     		movs	r0, #1
 309 0014 FFF7FEFF 		bl	HAL_GPIO_EXTI_IRQHandler
 310              	.LVL12:
 453:Core/Src/main.c **** }
 311              		.loc 1 453 1 is_stmt 0 view .LVU63
 312 0018 08BD     		pop	{r3, pc}
 313              	.L21:
 415:Core/Src/main.c **** 	  prev_tick = HAL_GetTick();
 314              		.loc 1 415 4 is_stmt 1 view .LVU64
 415:Core/Src/main.c **** 	  prev_tick = HAL_GetTick();
 315              		.loc 1 415 16 is_stmt 0 view .LVU65
 316 001a FFF7FEFF 		bl	HAL_GetTick
 317              	.LVL13:
 415:Core/Src/main.c **** 	  prev_tick = HAL_GetTick();
 318              		.loc 1 415 14 discriminator 1 view .LVU66
 319 001e 364B     		ldr	r3, .L22
 320 0020 1860     		str	r0, [r3]
 419:Core/Src/main.c ****   HAL_DMA_Abort_IT(&hdma_tim2_ch1);
 321              		.loc 1 419 3 is_stmt 1 view .LVU67
 322 0022 364B     		ldr	r3, .L22+4
 323 0024 1A68     		ldr	r2, [r3]
 324 0026 D368     		ldr	r3, [r2, #12]
 325 0028 23F40073 		bic	r3, r3, #512
 326 002c D360     		str	r3, [r2, #12]
 420:Core/Src/main.c ****   waveform = (waveform+1)%6;
 327              		.loc 1 420 3 view .LVU68
ARM GAS  C:\Users\techn\AppData\Local\Temp\ccy0OLmH.s 			page 15


 328 002e 3448     		ldr	r0, .L22+8
 329 0030 FFF7FEFF 		bl	HAL_DMA_Abort_IT
 330              	.LVL14:
 421:Core/Src/main.c ****   switch (waveform) {
 331              		.loc 1 421 3 view .LVU69
 421:Core/Src/main.c ****   switch (waveform) {
 332              		.loc 1 421 23 is_stmt 0 view .LVU70
 333 0034 3349     		ldr	r1, .L22+12
 334 0036 0A68     		ldr	r2, [r1]
 335 0038 0132     		adds	r2, r2, #1
 421:Core/Src/main.c ****   switch (waveform) {
 336              		.loc 1 421 26 view .LVU71
 337 003a 334B     		ldr	r3, .L22+16
 338 003c A3FB0203 		umull	r0, r3, r3, r2
 339 0040 9B08     		lsrs	r3, r3, #2
 340 0042 03EB4303 		add	r3, r3, r3, lsl #1
 341 0046 A2EB4303 		sub	r3, r2, r3, lsl #1
 421:Core/Src/main.c ****   switch (waveform) {
 342              		.loc 1 421 12 view .LVU72
 343 004a 0B60     		str	r3, [r1]
 422:Core/Src/main.c ****   case 0:
 344              		.loc 1 422 3 is_stmt 1 view .LVU73
 345 004c 052B     		cmp	r3, #5
 346 004e 0FD8     		bhi	.L11
 347 0050 DFE803F0 		tbb	[pc, r3]
 348              	.L13:
 349 0054 03       		.byte	(.L18-.L13)/2
 350 0055 15       		.byte	(.L17-.L13)/2
 351 0056 21       		.byte	(.L16-.L13)/2
 352 0057 2D       		.byte	(.L15-.L13)/2
 353 0058 39       		.byte	(.L14-.L13)/2
 354 0059 45       		.byte	(.L12-.L13)/2
 355              		.p2align 1
 356              	.L18:
 357              	.LBB8:
 424:Core/Src/main.c **** 	  lcd_update_line("Sine");
 358              		.loc 1 424 4 view .LVU74
 359 005a 4FF48063 		mov	r3, #1024
 360 005e 2B4A     		ldr	r2, .L22+20
 361 0060 1268     		ldr	r2, [r2]
 362 0062 2B49     		ldr	r1, .L22+24
 363 0064 2648     		ldr	r0, .L22+8
 364 0066 FFF7FEFF 		bl	HAL_DMA_Start_IT
 365              	.LVL15:
 425:Core/Src/main.c **** 	  break;
 366              		.loc 1 425 4 view .LVU75
 367 006a 2A48     		ldr	r0, .L22+28
 368 006c FFF7FEFF 		bl	lcd_update_line
 369              	.LVL16:
 426:Core/Src/main.c ****   case 1:
 370              		.loc 1 426 4 view .LVU76
 371              	.L11:
 372              	.LBE8:
 448:Core/Src/main.c **** }
 373              		.loc 1 448 3 view .LVU77
 374 0070 224B     		ldr	r3, .L22+4
 375 0072 1A68     		ldr	r2, [r3]
ARM GAS  C:\Users\techn\AppData\Local\Temp\ccy0OLmH.s 			page 16


 376 0074 D368     		ldr	r3, [r2, #12]
 377 0076 43F40073 		orr	r3, r3, #512
 378 007a D360     		str	r3, [r2, #12]
 379 007c C9E7     		b	.L10
 380              	.L17:
 381              	.LBB9:
 428:Core/Src/main.c ****   	  lcd_update_line("Sawtooth");
 382              		.loc 1 428 4 view .LVU78
 383 007e 4FF48063 		mov	r3, #1024
 384 0082 224A     		ldr	r2, .L22+20
 385 0084 1268     		ldr	r2, [r2]
 386 0086 2449     		ldr	r1, .L22+32
 387 0088 1D48     		ldr	r0, .L22+8
 388 008a FFF7FEFF 		bl	HAL_DMA_Start_IT
 389              	.LVL17:
 429:Core/Src/main.c **** 	  break;
 390              		.loc 1 429 6 view .LVU79
 391 008e 2348     		ldr	r0, .L22+36
 392 0090 FFF7FEFF 		bl	lcd_update_line
 393              	.LVL18:
 430:Core/Src/main.c ****   case 2:
 394              		.loc 1 430 4 view .LVU80
 395 0094 ECE7     		b	.L11
 396              	.L16:
 432:Core/Src/main.c ****   	  lcd_update_line("Triangular");
 397              		.loc 1 432 4 view .LVU81
 398 0096 4FF48063 		mov	r3, #1024
 399 009a 1C4A     		ldr	r2, .L22+20
 400 009c 1268     		ldr	r2, [r2]
 401 009e 2049     		ldr	r1, .L22+40
 402 00a0 1748     		ldr	r0, .L22+8
 403 00a2 FFF7FEFF 		bl	HAL_DMA_Start_IT
 404              	.LVL19:
 433:Core/Src/main.c **** 	  break;
 405              		.loc 1 433 6 view .LVU82
 406 00a6 1F48     		ldr	r0, .L22+44
 407 00a8 FFF7FEFF 		bl	lcd_update_line
 408              	.LVL20:
 434:Core/Src/main.c ****   case 3:
 409              		.loc 1 434 4 view .LVU83
 410 00ac E0E7     		b	.L11
 411              	.L15:
 436:Core/Src/main.c ****   	  lcd_update_line("Piano");
 412              		.loc 1 436 4 view .LVU84
 413 00ae 4FF48063 		mov	r3, #1024
 414 00b2 164A     		ldr	r2, .L22+20
 415 00b4 1268     		ldr	r2, [r2]
 416 00b6 1C49     		ldr	r1, .L22+48
 417 00b8 1148     		ldr	r0, .L22+8
 418 00ba FFF7FEFF 		bl	HAL_DMA_Start_IT
 419              	.LVL21:
 437:Core/Src/main.c **** 	  break;
 420              		.loc 1 437 6 view .LVU85
 421 00be 1B48     		ldr	r0, .L22+52
 422 00c0 FFF7FEFF 		bl	lcd_update_line
 423              	.LVL22:
 438:Core/Src/main.c ****   case 4:
ARM GAS  C:\Users\techn\AppData\Local\Temp\ccy0OLmH.s 			page 17


 424              		.loc 1 438 4 view .LVU86
 425 00c4 D4E7     		b	.L11
 426              	.L14:
 440:Core/Src/main.c ****   	  lcd_update_line("Guitar");
 427              		.loc 1 440 4 view .LVU87
 428 00c6 4FF48063 		mov	r3, #1024
 429 00ca 104A     		ldr	r2, .L22+20
 430 00cc 1268     		ldr	r2, [r2]
 431 00ce 1849     		ldr	r1, .L22+56
 432 00d0 0B48     		ldr	r0, .L22+8
 433 00d2 FFF7FEFF 		bl	HAL_DMA_Start_IT
 434              	.LVL23:
 441:Core/Src/main.c **** 	  break;
 435              		.loc 1 441 6 view .LVU88
 436 00d6 1748     		ldr	r0, .L22+60
 437 00d8 FFF7FEFF 		bl	lcd_update_line
 438              	.LVL24:
 442:Core/Src/main.c ****   case 5:
 439              		.loc 1 442 4 view .LVU89
 440 00dc C8E7     		b	.L11
 441              	.L12:
 444:Core/Src/main.c ****   	  lcd_update_line("Drum");
 442              		.loc 1 444 4 view .LVU90
 443 00de 4FF48063 		mov	r3, #1024
 444 00e2 0A4A     		ldr	r2, .L22+20
 445 00e4 1268     		ldr	r2, [r2]
 446 00e6 1449     		ldr	r1, .L22+64
 447 00e8 0548     		ldr	r0, .L22+8
 448 00ea FFF7FEFF 		bl	HAL_DMA_Start_IT
 449              	.LVL25:
 445:Core/Src/main.c **** 	  break;
 450              		.loc 1 445 6 view .LVU91
 451 00ee 1348     		ldr	r0, .L22+68
 452 00f0 FFF7FEFF 		bl	lcd_update_line
 453              	.LVL26:
 446:Core/Src/main.c ****   }
 454              		.loc 1 446 4 view .LVU92
 455 00f4 BCE7     		b	.L11
 456              	.L23:
 457 00f6 00BF     		.align	2
 458              	.L22:
 459 00f8 00000000 		.word	prev_tick
 460 00fc 00000000 		.word	htim2
 461 0100 00000000 		.word	hdma_tim2_ch1
 462 0104 00000000 		.word	waveform
 463 0108 ABAAAAAA 		.word	-1431655765
 464 010c 00000000 		.word	DestAddress
 465 0110 00000000 		.word	Sin_LUT
 466 0114 00000000 		.word	.LC0
 467 0118 00000000 		.word	Saw_LUT
 468 011c 08000000 		.word	.LC1
 469 0120 00000000 		.word	Triangle_LUT
 470 0124 14000000 		.word	.LC2
 471 0128 00000000 		.word	Piano_LUT
 472 012c 20000000 		.word	.LC3
 473 0130 00000000 		.word	Guitar_LUT
 474 0134 28000000 		.word	.LC4
ARM GAS  C:\Users\techn\AppData\Local\Temp\ccy0OLmH.s 			page 18


 475 0138 00000000 		.word	Drum_LUT
 476 013c 30000000 		.word	.LC5
 477              	.LBE9:
 478              		.cfi_endproc
 479              	.LFE143:
 481              		.section	.text.Error_Handler,"ax",%progbits
 482              		.align	1
 483              		.global	Error_Handler
 484              		.syntax unified
 485              		.thumb
 486              		.thumb_func
 488              	Error_Handler:
 489              	.LFB144:
 454:Core/Src/main.c **** /* USER CODE END 4 */
 455:Core/Src/main.c **** 
 456:Core/Src/main.c **** /**
 457:Core/Src/main.c ****   * @brief  This function is executed in case of error occurrence.
 458:Core/Src/main.c ****   * @retval None
 459:Core/Src/main.c ****   */
 460:Core/Src/main.c **** void Error_Handler(void)
 461:Core/Src/main.c **** {
 490              		.loc 1 461 1 view -0
 491              		.cfi_startproc
 492              		@ Volatile: function does not return.
 493              		@ args = 0, pretend = 0, frame = 0
 494              		@ frame_needed = 0, uses_anonymous_args = 0
 495              		@ link register save eliminated.
 462:Core/Src/main.c ****   /* USER CODE BEGIN Error_Handler_Debug */
 463:Core/Src/main.c ****   /* User can add his own implementation to report the HAL error return state */
 464:Core/Src/main.c ****   __disable_irq();
 496              		.loc 1 464 3 view .LVU94
 497              	.LBB10:
 498              	.LBI10:
 499              		.file 2 "Drivers/CMSIS/Include/cmsis_gcc.h"
   1:Drivers/CMSIS/Include/cmsis_gcc.h **** /**************************************************************************//**
   2:Drivers/CMSIS/Include/cmsis_gcc.h ****  * @file     cmsis_gcc.h
   3:Drivers/CMSIS/Include/cmsis_gcc.h ****  * @brief    CMSIS compiler GCC header file
   4:Drivers/CMSIS/Include/cmsis_gcc.h ****  * @version  V5.4.1
   5:Drivers/CMSIS/Include/cmsis_gcc.h ****  * @date     27. May 2021
   6:Drivers/CMSIS/Include/cmsis_gcc.h ****  ******************************************************************************/
   7:Drivers/CMSIS/Include/cmsis_gcc.h **** /*
   8:Drivers/CMSIS/Include/cmsis_gcc.h ****  * Copyright (c) 2009-2021 Arm Limited. All rights reserved.
   9:Drivers/CMSIS/Include/cmsis_gcc.h ****  *
  10:Drivers/CMSIS/Include/cmsis_gcc.h ****  * SPDX-License-Identifier: Apache-2.0
  11:Drivers/CMSIS/Include/cmsis_gcc.h ****  *
  12:Drivers/CMSIS/Include/cmsis_gcc.h ****  * Licensed under the Apache License, Version 2.0 (the License); you may
  13:Drivers/CMSIS/Include/cmsis_gcc.h ****  * not use this file except in compliance with the License.
  14:Drivers/CMSIS/Include/cmsis_gcc.h ****  * You may obtain a copy of the License at
  15:Drivers/CMSIS/Include/cmsis_gcc.h ****  *
  16:Drivers/CMSIS/Include/cmsis_gcc.h ****  * www.apache.org/licenses/LICENSE-2.0
  17:Drivers/CMSIS/Include/cmsis_gcc.h ****  *
  18:Drivers/CMSIS/Include/cmsis_gcc.h ****  * Unless required by applicable law or agreed to in writing, software
  19:Drivers/CMSIS/Include/cmsis_gcc.h ****  * distributed under the License is distributed on an AS IS BASIS, WITHOUT
  20:Drivers/CMSIS/Include/cmsis_gcc.h ****  * WARRANTIES OR CONDITIONS OF ANY KIND, either express or implied.
  21:Drivers/CMSIS/Include/cmsis_gcc.h ****  * See the License for the specific language governing permissions and
  22:Drivers/CMSIS/Include/cmsis_gcc.h ****  * limitations under the License.
  23:Drivers/CMSIS/Include/cmsis_gcc.h ****  */
ARM GAS  C:\Users\techn\AppData\Local\Temp\ccy0OLmH.s 			page 19


  24:Drivers/CMSIS/Include/cmsis_gcc.h **** 
  25:Drivers/CMSIS/Include/cmsis_gcc.h **** #ifndef __CMSIS_GCC_H
  26:Drivers/CMSIS/Include/cmsis_gcc.h **** #define __CMSIS_GCC_H
  27:Drivers/CMSIS/Include/cmsis_gcc.h **** 
  28:Drivers/CMSIS/Include/cmsis_gcc.h **** /* ignore some GCC warnings */
  29:Drivers/CMSIS/Include/cmsis_gcc.h **** #pragma GCC diagnostic push
  30:Drivers/CMSIS/Include/cmsis_gcc.h **** #pragma GCC diagnostic ignored "-Wsign-conversion"
  31:Drivers/CMSIS/Include/cmsis_gcc.h **** #pragma GCC diagnostic ignored "-Wconversion"
  32:Drivers/CMSIS/Include/cmsis_gcc.h **** #pragma GCC diagnostic ignored "-Wunused-parameter"
  33:Drivers/CMSIS/Include/cmsis_gcc.h **** 
  34:Drivers/CMSIS/Include/cmsis_gcc.h **** /* Fallback for __has_builtin */
  35:Drivers/CMSIS/Include/cmsis_gcc.h **** #ifndef __has_builtin
  36:Drivers/CMSIS/Include/cmsis_gcc.h ****   #define __has_builtin(x) (0)
  37:Drivers/CMSIS/Include/cmsis_gcc.h **** #endif
  38:Drivers/CMSIS/Include/cmsis_gcc.h **** 
  39:Drivers/CMSIS/Include/cmsis_gcc.h **** /* CMSIS compiler specific defines */
  40:Drivers/CMSIS/Include/cmsis_gcc.h **** #ifndef   __ASM
  41:Drivers/CMSIS/Include/cmsis_gcc.h ****   #define __ASM                                  __asm
  42:Drivers/CMSIS/Include/cmsis_gcc.h **** #endif
  43:Drivers/CMSIS/Include/cmsis_gcc.h **** #ifndef   __INLINE
  44:Drivers/CMSIS/Include/cmsis_gcc.h ****   #define __INLINE                               inline
  45:Drivers/CMSIS/Include/cmsis_gcc.h **** #endif
  46:Drivers/CMSIS/Include/cmsis_gcc.h **** #ifndef   __STATIC_INLINE
  47:Drivers/CMSIS/Include/cmsis_gcc.h ****   #define __STATIC_INLINE                        static inline
  48:Drivers/CMSIS/Include/cmsis_gcc.h **** #endif
  49:Drivers/CMSIS/Include/cmsis_gcc.h **** #ifndef   __STATIC_FORCEINLINE
  50:Drivers/CMSIS/Include/cmsis_gcc.h ****   #define __STATIC_FORCEINLINE                   __attribute__((always_inline)) static inline
  51:Drivers/CMSIS/Include/cmsis_gcc.h **** #endif
  52:Drivers/CMSIS/Include/cmsis_gcc.h **** #ifndef   __NO_RETURN
  53:Drivers/CMSIS/Include/cmsis_gcc.h ****   #define __NO_RETURN                            __attribute__((__noreturn__))
  54:Drivers/CMSIS/Include/cmsis_gcc.h **** #endif
  55:Drivers/CMSIS/Include/cmsis_gcc.h **** #ifndef   __USED
  56:Drivers/CMSIS/Include/cmsis_gcc.h ****   #define __USED                                 __attribute__((used))
  57:Drivers/CMSIS/Include/cmsis_gcc.h **** #endif
  58:Drivers/CMSIS/Include/cmsis_gcc.h **** #ifndef   __WEAK
  59:Drivers/CMSIS/Include/cmsis_gcc.h ****   #define __WEAK                                 __attribute__((weak))
  60:Drivers/CMSIS/Include/cmsis_gcc.h **** #endif
  61:Drivers/CMSIS/Include/cmsis_gcc.h **** #ifndef   __PACKED
  62:Drivers/CMSIS/Include/cmsis_gcc.h ****   #define __PACKED                               __attribute__((packed, aligned(1)))
  63:Drivers/CMSIS/Include/cmsis_gcc.h **** #endif
  64:Drivers/CMSIS/Include/cmsis_gcc.h **** #ifndef   __PACKED_STRUCT
  65:Drivers/CMSIS/Include/cmsis_gcc.h ****   #define __PACKED_STRUCT                        struct __attribute__((packed, aligned(1)))
  66:Drivers/CMSIS/Include/cmsis_gcc.h **** #endif
  67:Drivers/CMSIS/Include/cmsis_gcc.h **** #ifndef   __PACKED_UNION
  68:Drivers/CMSIS/Include/cmsis_gcc.h ****   #define __PACKED_UNION                         union __attribute__((packed, aligned(1)))
  69:Drivers/CMSIS/Include/cmsis_gcc.h **** #endif
  70:Drivers/CMSIS/Include/cmsis_gcc.h **** #ifndef   __UNALIGNED_UINT32        /* deprecated */
  71:Drivers/CMSIS/Include/cmsis_gcc.h ****   #pragma GCC diagnostic push
  72:Drivers/CMSIS/Include/cmsis_gcc.h ****   #pragma GCC diagnostic ignored "-Wpacked"
  73:Drivers/CMSIS/Include/cmsis_gcc.h ****   #pragma GCC diagnostic ignored "-Wattributes"
  74:Drivers/CMSIS/Include/cmsis_gcc.h ****   struct __attribute__((packed)) T_UINT32 { uint32_t v; };
  75:Drivers/CMSIS/Include/cmsis_gcc.h ****   #pragma GCC diagnostic pop
  76:Drivers/CMSIS/Include/cmsis_gcc.h ****   #define __UNALIGNED_UINT32(x)                  (((struct T_UINT32 *)(x))->v)
  77:Drivers/CMSIS/Include/cmsis_gcc.h **** #endif
  78:Drivers/CMSIS/Include/cmsis_gcc.h **** #ifndef   __UNALIGNED_UINT16_WRITE
  79:Drivers/CMSIS/Include/cmsis_gcc.h ****   #pragma GCC diagnostic push
  80:Drivers/CMSIS/Include/cmsis_gcc.h ****   #pragma GCC diagnostic ignored "-Wpacked"
ARM GAS  C:\Users\techn\AppData\Local\Temp\ccy0OLmH.s 			page 20


  81:Drivers/CMSIS/Include/cmsis_gcc.h ****   #pragma GCC diagnostic ignored "-Wattributes"
  82:Drivers/CMSIS/Include/cmsis_gcc.h ****   __PACKED_STRUCT T_UINT16_WRITE { uint16_t v; };
  83:Drivers/CMSIS/Include/cmsis_gcc.h ****   #pragma GCC diagnostic pop
  84:Drivers/CMSIS/Include/cmsis_gcc.h ****   #define __UNALIGNED_UINT16_WRITE(addr, val)    (void)((((struct T_UINT16_WRITE *)(void *)(addr))-
  85:Drivers/CMSIS/Include/cmsis_gcc.h **** #endif
  86:Drivers/CMSIS/Include/cmsis_gcc.h **** #ifndef   __UNALIGNED_UINT16_READ
  87:Drivers/CMSIS/Include/cmsis_gcc.h ****   #pragma GCC diagnostic push
  88:Drivers/CMSIS/Include/cmsis_gcc.h ****   #pragma GCC diagnostic ignored "-Wpacked"
  89:Drivers/CMSIS/Include/cmsis_gcc.h ****   #pragma GCC diagnostic ignored "-Wattributes"
  90:Drivers/CMSIS/Include/cmsis_gcc.h ****   __PACKED_STRUCT T_UINT16_READ { uint16_t v; };
  91:Drivers/CMSIS/Include/cmsis_gcc.h ****   #pragma GCC diagnostic pop
  92:Drivers/CMSIS/Include/cmsis_gcc.h ****   #define __UNALIGNED_UINT16_READ(addr)          (((const struct T_UINT16_READ *)(const void *)(add
  93:Drivers/CMSIS/Include/cmsis_gcc.h **** #endif
  94:Drivers/CMSIS/Include/cmsis_gcc.h **** #ifndef   __UNALIGNED_UINT32_WRITE
  95:Drivers/CMSIS/Include/cmsis_gcc.h ****   #pragma GCC diagnostic push
  96:Drivers/CMSIS/Include/cmsis_gcc.h ****   #pragma GCC diagnostic ignored "-Wpacked"
  97:Drivers/CMSIS/Include/cmsis_gcc.h ****   #pragma GCC diagnostic ignored "-Wattributes"
  98:Drivers/CMSIS/Include/cmsis_gcc.h ****   __PACKED_STRUCT T_UINT32_WRITE { uint32_t v; };
  99:Drivers/CMSIS/Include/cmsis_gcc.h ****   #pragma GCC diagnostic pop
 100:Drivers/CMSIS/Include/cmsis_gcc.h ****   #define __UNALIGNED_UINT32_WRITE(addr, val)    (void)((((struct T_UINT32_WRITE *)(void *)(addr))-
 101:Drivers/CMSIS/Include/cmsis_gcc.h **** #endif
 102:Drivers/CMSIS/Include/cmsis_gcc.h **** #ifndef   __UNALIGNED_UINT32_READ
 103:Drivers/CMSIS/Include/cmsis_gcc.h ****   #pragma GCC diagnostic push
 104:Drivers/CMSIS/Include/cmsis_gcc.h ****   #pragma GCC diagnostic ignored "-Wpacked"
 105:Drivers/CMSIS/Include/cmsis_gcc.h ****   #pragma GCC diagnostic ignored "-Wattributes"
 106:Drivers/CMSIS/Include/cmsis_gcc.h ****   __PACKED_STRUCT T_UINT32_READ { uint32_t v; };
 107:Drivers/CMSIS/Include/cmsis_gcc.h ****   #pragma GCC diagnostic pop
 108:Drivers/CMSIS/Include/cmsis_gcc.h ****   #define __UNALIGNED_UINT32_READ(addr)          (((const struct T_UINT32_READ *)(const void *)(add
 109:Drivers/CMSIS/Include/cmsis_gcc.h **** #endif
 110:Drivers/CMSIS/Include/cmsis_gcc.h **** #ifndef   __ALIGNED
 111:Drivers/CMSIS/Include/cmsis_gcc.h ****   #define __ALIGNED(x)                           __attribute__((aligned(x)))
 112:Drivers/CMSIS/Include/cmsis_gcc.h **** #endif
 113:Drivers/CMSIS/Include/cmsis_gcc.h **** #ifndef   __RESTRICT
 114:Drivers/CMSIS/Include/cmsis_gcc.h ****   #define __RESTRICT                             __restrict
 115:Drivers/CMSIS/Include/cmsis_gcc.h **** #endif
 116:Drivers/CMSIS/Include/cmsis_gcc.h **** #ifndef   __COMPILER_BARRIER
 117:Drivers/CMSIS/Include/cmsis_gcc.h ****   #define __COMPILER_BARRIER()                   __ASM volatile("":::"memory")
 118:Drivers/CMSIS/Include/cmsis_gcc.h **** #endif
 119:Drivers/CMSIS/Include/cmsis_gcc.h **** 
 120:Drivers/CMSIS/Include/cmsis_gcc.h **** /* #########################  Startup and Lowlevel Init  ######################## */
 121:Drivers/CMSIS/Include/cmsis_gcc.h **** 
 122:Drivers/CMSIS/Include/cmsis_gcc.h **** #ifndef __PROGRAM_START
 123:Drivers/CMSIS/Include/cmsis_gcc.h **** 
 124:Drivers/CMSIS/Include/cmsis_gcc.h **** /**
 125:Drivers/CMSIS/Include/cmsis_gcc.h ****   \brief   Initializes data and bss sections
 126:Drivers/CMSIS/Include/cmsis_gcc.h ****   \details This default implementations initialized all data and additional bss
 127:Drivers/CMSIS/Include/cmsis_gcc.h ****            sections relying on .copy.table and .zero.table specified properly
 128:Drivers/CMSIS/Include/cmsis_gcc.h ****            in the used linker script.
 129:Drivers/CMSIS/Include/cmsis_gcc.h **** 
 130:Drivers/CMSIS/Include/cmsis_gcc.h ****  */
 131:Drivers/CMSIS/Include/cmsis_gcc.h **** __STATIC_FORCEINLINE __NO_RETURN void __cmsis_start(void)
 132:Drivers/CMSIS/Include/cmsis_gcc.h **** {
 133:Drivers/CMSIS/Include/cmsis_gcc.h ****   extern void _start(void) __NO_RETURN;
 134:Drivers/CMSIS/Include/cmsis_gcc.h **** 
 135:Drivers/CMSIS/Include/cmsis_gcc.h ****   typedef struct {
 136:Drivers/CMSIS/Include/cmsis_gcc.h ****     uint32_t const* src;
 137:Drivers/CMSIS/Include/cmsis_gcc.h ****     uint32_t* dest;
ARM GAS  C:\Users\techn\AppData\Local\Temp\ccy0OLmH.s 			page 21


 138:Drivers/CMSIS/Include/cmsis_gcc.h ****     uint32_t  wlen;
 139:Drivers/CMSIS/Include/cmsis_gcc.h ****   } __copy_table_t;
 140:Drivers/CMSIS/Include/cmsis_gcc.h **** 
 141:Drivers/CMSIS/Include/cmsis_gcc.h ****   typedef struct {
 142:Drivers/CMSIS/Include/cmsis_gcc.h ****     uint32_t* dest;
 143:Drivers/CMSIS/Include/cmsis_gcc.h ****     uint32_t  wlen;
 144:Drivers/CMSIS/Include/cmsis_gcc.h ****   } __zero_table_t;
 145:Drivers/CMSIS/Include/cmsis_gcc.h **** 
 146:Drivers/CMSIS/Include/cmsis_gcc.h ****   extern const __copy_table_t __copy_table_start__;
 147:Drivers/CMSIS/Include/cmsis_gcc.h ****   extern const __copy_table_t __copy_table_end__;
 148:Drivers/CMSIS/Include/cmsis_gcc.h ****   extern const __zero_table_t __zero_table_start__;
 149:Drivers/CMSIS/Include/cmsis_gcc.h ****   extern const __zero_table_t __zero_table_end__;
 150:Drivers/CMSIS/Include/cmsis_gcc.h **** 
 151:Drivers/CMSIS/Include/cmsis_gcc.h ****   for (__copy_table_t const* pTable = &__copy_table_start__; pTable < &__copy_table_end__; ++pTable
 152:Drivers/CMSIS/Include/cmsis_gcc.h ****     for(uint32_t i=0u; i<pTable->wlen; ++i) {
 153:Drivers/CMSIS/Include/cmsis_gcc.h ****       pTable->dest[i] = pTable->src[i];
 154:Drivers/CMSIS/Include/cmsis_gcc.h ****     }
 155:Drivers/CMSIS/Include/cmsis_gcc.h ****   }
 156:Drivers/CMSIS/Include/cmsis_gcc.h **** 
 157:Drivers/CMSIS/Include/cmsis_gcc.h ****   for (__zero_table_t const* pTable = &__zero_table_start__; pTable < &__zero_table_end__; ++pTable
 158:Drivers/CMSIS/Include/cmsis_gcc.h ****     for(uint32_t i=0u; i<pTable->wlen; ++i) {
 159:Drivers/CMSIS/Include/cmsis_gcc.h ****       pTable->dest[i] = 0u;
 160:Drivers/CMSIS/Include/cmsis_gcc.h ****     }
 161:Drivers/CMSIS/Include/cmsis_gcc.h ****   }
 162:Drivers/CMSIS/Include/cmsis_gcc.h **** 
 163:Drivers/CMSIS/Include/cmsis_gcc.h ****   _start();
 164:Drivers/CMSIS/Include/cmsis_gcc.h **** }
 165:Drivers/CMSIS/Include/cmsis_gcc.h **** 
 166:Drivers/CMSIS/Include/cmsis_gcc.h **** #define __PROGRAM_START           __cmsis_start
 167:Drivers/CMSIS/Include/cmsis_gcc.h **** #endif
 168:Drivers/CMSIS/Include/cmsis_gcc.h **** 
 169:Drivers/CMSIS/Include/cmsis_gcc.h **** #ifndef __INITIAL_SP
 170:Drivers/CMSIS/Include/cmsis_gcc.h **** #define __INITIAL_SP              __StackTop
 171:Drivers/CMSIS/Include/cmsis_gcc.h **** #endif
 172:Drivers/CMSIS/Include/cmsis_gcc.h **** 
 173:Drivers/CMSIS/Include/cmsis_gcc.h **** #ifndef __STACK_LIMIT
 174:Drivers/CMSIS/Include/cmsis_gcc.h **** #define __STACK_LIMIT             __StackLimit
 175:Drivers/CMSIS/Include/cmsis_gcc.h **** #endif
 176:Drivers/CMSIS/Include/cmsis_gcc.h **** 
 177:Drivers/CMSIS/Include/cmsis_gcc.h **** #ifndef __VECTOR_TABLE
 178:Drivers/CMSIS/Include/cmsis_gcc.h **** #define __VECTOR_TABLE            __Vectors
 179:Drivers/CMSIS/Include/cmsis_gcc.h **** #endif
 180:Drivers/CMSIS/Include/cmsis_gcc.h **** 
 181:Drivers/CMSIS/Include/cmsis_gcc.h **** #ifndef __VECTOR_TABLE_ATTRIBUTE
 182:Drivers/CMSIS/Include/cmsis_gcc.h **** #define __VECTOR_TABLE_ATTRIBUTE  __attribute__((used, section(".vectors")))
 183:Drivers/CMSIS/Include/cmsis_gcc.h **** #endif
 184:Drivers/CMSIS/Include/cmsis_gcc.h **** 
 185:Drivers/CMSIS/Include/cmsis_gcc.h **** #if defined (__ARM_FEATURE_CMSE) && (__ARM_FEATURE_CMSE == 3U)
 186:Drivers/CMSIS/Include/cmsis_gcc.h **** #ifndef __STACK_SEAL
 187:Drivers/CMSIS/Include/cmsis_gcc.h **** #define __STACK_SEAL              __StackSeal
 188:Drivers/CMSIS/Include/cmsis_gcc.h **** #endif
 189:Drivers/CMSIS/Include/cmsis_gcc.h **** 
 190:Drivers/CMSIS/Include/cmsis_gcc.h **** #ifndef __TZ_STACK_SEAL_SIZE
 191:Drivers/CMSIS/Include/cmsis_gcc.h **** #define __TZ_STACK_SEAL_SIZE      8U
 192:Drivers/CMSIS/Include/cmsis_gcc.h **** #endif
 193:Drivers/CMSIS/Include/cmsis_gcc.h **** 
 194:Drivers/CMSIS/Include/cmsis_gcc.h **** #ifndef __TZ_STACK_SEAL_VALUE
ARM GAS  C:\Users\techn\AppData\Local\Temp\ccy0OLmH.s 			page 22


 195:Drivers/CMSIS/Include/cmsis_gcc.h **** #define __TZ_STACK_SEAL_VALUE     0xFEF5EDA5FEF5EDA5ULL
 196:Drivers/CMSIS/Include/cmsis_gcc.h **** #endif
 197:Drivers/CMSIS/Include/cmsis_gcc.h **** 
 198:Drivers/CMSIS/Include/cmsis_gcc.h **** 
 199:Drivers/CMSIS/Include/cmsis_gcc.h **** __STATIC_FORCEINLINE void __TZ_set_STACKSEAL_S (uint32_t* stackTop) {
 200:Drivers/CMSIS/Include/cmsis_gcc.h ****   *((uint64_t *)stackTop) = __TZ_STACK_SEAL_VALUE;
 201:Drivers/CMSIS/Include/cmsis_gcc.h **** }
 202:Drivers/CMSIS/Include/cmsis_gcc.h **** #endif
 203:Drivers/CMSIS/Include/cmsis_gcc.h **** 
 204:Drivers/CMSIS/Include/cmsis_gcc.h **** 
 205:Drivers/CMSIS/Include/cmsis_gcc.h **** /* ##########################  Core Instruction Access  ######################### */
 206:Drivers/CMSIS/Include/cmsis_gcc.h **** /** \defgroup CMSIS_Core_InstructionInterface CMSIS Core Instruction Interface
 207:Drivers/CMSIS/Include/cmsis_gcc.h ****   Access to dedicated instructions
 208:Drivers/CMSIS/Include/cmsis_gcc.h ****   @{
 209:Drivers/CMSIS/Include/cmsis_gcc.h **** */
 210:Drivers/CMSIS/Include/cmsis_gcc.h **** 
 211:Drivers/CMSIS/Include/cmsis_gcc.h **** /* Define macros for porting to both thumb1 and thumb2.
 212:Drivers/CMSIS/Include/cmsis_gcc.h ****  * For thumb1, use low register (r0-r7), specified by constraint "l"
 213:Drivers/CMSIS/Include/cmsis_gcc.h ****  * Otherwise, use general registers, specified by constraint "r" */
 214:Drivers/CMSIS/Include/cmsis_gcc.h **** #if defined (__thumb__) && !defined (__thumb2__)
 215:Drivers/CMSIS/Include/cmsis_gcc.h **** #define __CMSIS_GCC_OUT_REG(r) "=l" (r)
 216:Drivers/CMSIS/Include/cmsis_gcc.h **** #define __CMSIS_GCC_RW_REG(r) "+l" (r)
 217:Drivers/CMSIS/Include/cmsis_gcc.h **** #define __CMSIS_GCC_USE_REG(r) "l" (r)
 218:Drivers/CMSIS/Include/cmsis_gcc.h **** #else
 219:Drivers/CMSIS/Include/cmsis_gcc.h **** #define __CMSIS_GCC_OUT_REG(r) "=r" (r)
 220:Drivers/CMSIS/Include/cmsis_gcc.h **** #define __CMSIS_GCC_RW_REG(r) "+r" (r)
 221:Drivers/CMSIS/Include/cmsis_gcc.h **** #define __CMSIS_GCC_USE_REG(r) "r" (r)
 222:Drivers/CMSIS/Include/cmsis_gcc.h **** #endif
 223:Drivers/CMSIS/Include/cmsis_gcc.h **** 
 224:Drivers/CMSIS/Include/cmsis_gcc.h **** /**
 225:Drivers/CMSIS/Include/cmsis_gcc.h ****   \brief   No Operation
 226:Drivers/CMSIS/Include/cmsis_gcc.h ****   \details No Operation does nothing. This instruction can be used for code alignment purposes.
 227:Drivers/CMSIS/Include/cmsis_gcc.h ****  */
 228:Drivers/CMSIS/Include/cmsis_gcc.h **** #define __NOP()                             __ASM volatile ("nop")
 229:Drivers/CMSIS/Include/cmsis_gcc.h **** 
 230:Drivers/CMSIS/Include/cmsis_gcc.h **** /**
 231:Drivers/CMSIS/Include/cmsis_gcc.h ****   \brief   Wait For Interrupt
 232:Drivers/CMSIS/Include/cmsis_gcc.h ****   \details Wait For Interrupt is a hint instruction that suspends execution until one of a number o
 233:Drivers/CMSIS/Include/cmsis_gcc.h ****  */
 234:Drivers/CMSIS/Include/cmsis_gcc.h **** #define __WFI()                             __ASM volatile ("wfi":::"memory")
 235:Drivers/CMSIS/Include/cmsis_gcc.h **** 
 236:Drivers/CMSIS/Include/cmsis_gcc.h **** 
 237:Drivers/CMSIS/Include/cmsis_gcc.h **** /**
 238:Drivers/CMSIS/Include/cmsis_gcc.h ****   \brief   Wait For Event
 239:Drivers/CMSIS/Include/cmsis_gcc.h ****   \details Wait For Event is a hint instruction that permits the processor to enter
 240:Drivers/CMSIS/Include/cmsis_gcc.h ****            a low-power state until one of a number of events occurs.
 241:Drivers/CMSIS/Include/cmsis_gcc.h ****  */
 242:Drivers/CMSIS/Include/cmsis_gcc.h **** #define __WFE()                             __ASM volatile ("wfe":::"memory")
 243:Drivers/CMSIS/Include/cmsis_gcc.h **** 
 244:Drivers/CMSIS/Include/cmsis_gcc.h **** 
 245:Drivers/CMSIS/Include/cmsis_gcc.h **** /**
 246:Drivers/CMSIS/Include/cmsis_gcc.h ****   \brief   Send Event
 247:Drivers/CMSIS/Include/cmsis_gcc.h ****   \details Send Event is a hint instruction. It causes an event to be signaled to the CPU.
 248:Drivers/CMSIS/Include/cmsis_gcc.h ****  */
 249:Drivers/CMSIS/Include/cmsis_gcc.h **** #define __SEV()                             __ASM volatile ("sev")
 250:Drivers/CMSIS/Include/cmsis_gcc.h **** 
 251:Drivers/CMSIS/Include/cmsis_gcc.h **** 
ARM GAS  C:\Users\techn\AppData\Local\Temp\ccy0OLmH.s 			page 23


 252:Drivers/CMSIS/Include/cmsis_gcc.h **** /**
 253:Drivers/CMSIS/Include/cmsis_gcc.h ****   \brief   Instruction Synchronization Barrier
 254:Drivers/CMSIS/Include/cmsis_gcc.h ****   \details Instruction Synchronization Barrier flushes the pipeline in the processor,
 255:Drivers/CMSIS/Include/cmsis_gcc.h ****            so that all instructions following the ISB are fetched from cache or memory,
 256:Drivers/CMSIS/Include/cmsis_gcc.h ****            after the instruction has been completed.
 257:Drivers/CMSIS/Include/cmsis_gcc.h ****  */
 258:Drivers/CMSIS/Include/cmsis_gcc.h **** __STATIC_FORCEINLINE void __ISB(void)
 259:Drivers/CMSIS/Include/cmsis_gcc.h **** {
 260:Drivers/CMSIS/Include/cmsis_gcc.h ****   __ASM volatile ("isb 0xF":::"memory");
 261:Drivers/CMSIS/Include/cmsis_gcc.h **** }
 262:Drivers/CMSIS/Include/cmsis_gcc.h **** 
 263:Drivers/CMSIS/Include/cmsis_gcc.h **** 
 264:Drivers/CMSIS/Include/cmsis_gcc.h **** /**
 265:Drivers/CMSIS/Include/cmsis_gcc.h ****   \brief   Data Synchronization Barrier
 266:Drivers/CMSIS/Include/cmsis_gcc.h ****   \details Acts as a special kind of Data Memory Barrier.
 267:Drivers/CMSIS/Include/cmsis_gcc.h ****            It completes when all explicit memory accesses before this instruction complete.
 268:Drivers/CMSIS/Include/cmsis_gcc.h ****  */
 269:Drivers/CMSIS/Include/cmsis_gcc.h **** __STATIC_FORCEINLINE void __DSB(void)
 270:Drivers/CMSIS/Include/cmsis_gcc.h **** {
 271:Drivers/CMSIS/Include/cmsis_gcc.h ****   __ASM volatile ("dsb 0xF":::"memory");
 272:Drivers/CMSIS/Include/cmsis_gcc.h **** }
 273:Drivers/CMSIS/Include/cmsis_gcc.h **** 
 274:Drivers/CMSIS/Include/cmsis_gcc.h **** 
 275:Drivers/CMSIS/Include/cmsis_gcc.h **** /**
 276:Drivers/CMSIS/Include/cmsis_gcc.h ****   \brief   Data Memory Barrier
 277:Drivers/CMSIS/Include/cmsis_gcc.h ****   \details Ensures the apparent order of the explicit memory operations before
 278:Drivers/CMSIS/Include/cmsis_gcc.h ****            and after the instruction, without ensuring their completion.
 279:Drivers/CMSIS/Include/cmsis_gcc.h ****  */
 280:Drivers/CMSIS/Include/cmsis_gcc.h **** __STATIC_FORCEINLINE void __DMB(void)
 281:Drivers/CMSIS/Include/cmsis_gcc.h **** {
 282:Drivers/CMSIS/Include/cmsis_gcc.h ****   __ASM volatile ("dmb 0xF":::"memory");
 283:Drivers/CMSIS/Include/cmsis_gcc.h **** }
 284:Drivers/CMSIS/Include/cmsis_gcc.h **** 
 285:Drivers/CMSIS/Include/cmsis_gcc.h **** 
 286:Drivers/CMSIS/Include/cmsis_gcc.h **** /**
 287:Drivers/CMSIS/Include/cmsis_gcc.h ****   \brief   Reverse byte order (32 bit)
 288:Drivers/CMSIS/Include/cmsis_gcc.h ****   \details Reverses the byte order in unsigned integer value. For example, 0x12345678 becomes 0x785
 289:Drivers/CMSIS/Include/cmsis_gcc.h ****   \param [in]    value  Value to reverse
 290:Drivers/CMSIS/Include/cmsis_gcc.h ****   \return               Reversed value
 291:Drivers/CMSIS/Include/cmsis_gcc.h ****  */
 292:Drivers/CMSIS/Include/cmsis_gcc.h **** __STATIC_FORCEINLINE uint32_t __REV(uint32_t value)
 293:Drivers/CMSIS/Include/cmsis_gcc.h **** {
 294:Drivers/CMSIS/Include/cmsis_gcc.h **** #if (__GNUC__ > 4) || (__GNUC__ == 4 && __GNUC_MINOR__ >= 5)
 295:Drivers/CMSIS/Include/cmsis_gcc.h ****   return __builtin_bswap32(value);
 296:Drivers/CMSIS/Include/cmsis_gcc.h **** #else
 297:Drivers/CMSIS/Include/cmsis_gcc.h ****   uint32_t result;
 298:Drivers/CMSIS/Include/cmsis_gcc.h **** 
 299:Drivers/CMSIS/Include/cmsis_gcc.h ****   __ASM ("rev %0, %1" : __CMSIS_GCC_OUT_REG (result) : __CMSIS_GCC_USE_REG (value) );
 300:Drivers/CMSIS/Include/cmsis_gcc.h ****   return result;
 301:Drivers/CMSIS/Include/cmsis_gcc.h **** #endif
 302:Drivers/CMSIS/Include/cmsis_gcc.h **** }
 303:Drivers/CMSIS/Include/cmsis_gcc.h **** 
 304:Drivers/CMSIS/Include/cmsis_gcc.h **** 
 305:Drivers/CMSIS/Include/cmsis_gcc.h **** /**
 306:Drivers/CMSIS/Include/cmsis_gcc.h ****   \brief   Reverse byte order (16 bit)
 307:Drivers/CMSIS/Include/cmsis_gcc.h ****   \details Reverses the byte order within each halfword of a word. For example, 0x12345678 becomes 
 308:Drivers/CMSIS/Include/cmsis_gcc.h ****   \param [in]    value  Value to reverse
ARM GAS  C:\Users\techn\AppData\Local\Temp\ccy0OLmH.s 			page 24


 309:Drivers/CMSIS/Include/cmsis_gcc.h ****   \return               Reversed value
 310:Drivers/CMSIS/Include/cmsis_gcc.h ****  */
 311:Drivers/CMSIS/Include/cmsis_gcc.h **** __STATIC_FORCEINLINE uint32_t __REV16(uint32_t value)
 312:Drivers/CMSIS/Include/cmsis_gcc.h **** {
 313:Drivers/CMSIS/Include/cmsis_gcc.h ****   uint32_t result;
 314:Drivers/CMSIS/Include/cmsis_gcc.h **** 
 315:Drivers/CMSIS/Include/cmsis_gcc.h ****   __ASM ("rev16 %0, %1" : __CMSIS_GCC_OUT_REG (result) : __CMSIS_GCC_USE_REG (value) );
 316:Drivers/CMSIS/Include/cmsis_gcc.h ****   return result;
 317:Drivers/CMSIS/Include/cmsis_gcc.h **** }
 318:Drivers/CMSIS/Include/cmsis_gcc.h **** 
 319:Drivers/CMSIS/Include/cmsis_gcc.h **** 
 320:Drivers/CMSIS/Include/cmsis_gcc.h **** /**
 321:Drivers/CMSIS/Include/cmsis_gcc.h ****   \brief   Reverse byte order (16 bit)
 322:Drivers/CMSIS/Include/cmsis_gcc.h ****   \details Reverses the byte order in a 16-bit value and returns the signed 16-bit result. For exam
 323:Drivers/CMSIS/Include/cmsis_gcc.h ****   \param [in]    value  Value to reverse
 324:Drivers/CMSIS/Include/cmsis_gcc.h ****   \return               Reversed value
 325:Drivers/CMSIS/Include/cmsis_gcc.h ****  */
 326:Drivers/CMSIS/Include/cmsis_gcc.h **** __STATIC_FORCEINLINE int16_t __REVSH(int16_t value)
 327:Drivers/CMSIS/Include/cmsis_gcc.h **** {
 328:Drivers/CMSIS/Include/cmsis_gcc.h **** #if (__GNUC__ > 4) || (__GNUC__ == 4 && __GNUC_MINOR__ >= 8)
 329:Drivers/CMSIS/Include/cmsis_gcc.h ****   return (int16_t)__builtin_bswap16(value);
 330:Drivers/CMSIS/Include/cmsis_gcc.h **** #else
 331:Drivers/CMSIS/Include/cmsis_gcc.h ****   int16_t result;
 332:Drivers/CMSIS/Include/cmsis_gcc.h **** 
 333:Drivers/CMSIS/Include/cmsis_gcc.h ****   __ASM ("revsh %0, %1" : __CMSIS_GCC_OUT_REG (result) : __CMSIS_GCC_USE_REG (value) );
 334:Drivers/CMSIS/Include/cmsis_gcc.h ****   return result;
 335:Drivers/CMSIS/Include/cmsis_gcc.h **** #endif
 336:Drivers/CMSIS/Include/cmsis_gcc.h **** }
 337:Drivers/CMSIS/Include/cmsis_gcc.h **** 
 338:Drivers/CMSIS/Include/cmsis_gcc.h **** 
 339:Drivers/CMSIS/Include/cmsis_gcc.h **** /**
 340:Drivers/CMSIS/Include/cmsis_gcc.h ****   \brief   Rotate Right in unsigned value (32 bit)
 341:Drivers/CMSIS/Include/cmsis_gcc.h ****   \details Rotate Right (immediate) provides the value of the contents of a register rotated by a v
 342:Drivers/CMSIS/Include/cmsis_gcc.h ****   \param [in]    op1  Value to rotate
 343:Drivers/CMSIS/Include/cmsis_gcc.h ****   \param [in]    op2  Number of Bits to rotate
 344:Drivers/CMSIS/Include/cmsis_gcc.h ****   \return               Rotated value
 345:Drivers/CMSIS/Include/cmsis_gcc.h ****  */
 346:Drivers/CMSIS/Include/cmsis_gcc.h **** __STATIC_FORCEINLINE uint32_t __ROR(uint32_t op1, uint32_t op2)
 347:Drivers/CMSIS/Include/cmsis_gcc.h **** {
 348:Drivers/CMSIS/Include/cmsis_gcc.h ****   op2 %= 32U;
 349:Drivers/CMSIS/Include/cmsis_gcc.h ****   if (op2 == 0U)
 350:Drivers/CMSIS/Include/cmsis_gcc.h ****   {
 351:Drivers/CMSIS/Include/cmsis_gcc.h ****     return op1;
 352:Drivers/CMSIS/Include/cmsis_gcc.h ****   }
 353:Drivers/CMSIS/Include/cmsis_gcc.h ****   return (op1 >> op2) | (op1 << (32U - op2));
 354:Drivers/CMSIS/Include/cmsis_gcc.h **** }
 355:Drivers/CMSIS/Include/cmsis_gcc.h **** 
 356:Drivers/CMSIS/Include/cmsis_gcc.h **** 
 357:Drivers/CMSIS/Include/cmsis_gcc.h **** /**
 358:Drivers/CMSIS/Include/cmsis_gcc.h ****   \brief   Breakpoint
 359:Drivers/CMSIS/Include/cmsis_gcc.h ****   \details Causes the processor to enter Debug state.
 360:Drivers/CMSIS/Include/cmsis_gcc.h ****            Debug tools can use this to investigate system state when the instruction at a particula
 361:Drivers/CMSIS/Include/cmsis_gcc.h ****   \param [in]    value  is ignored by the processor.
 362:Drivers/CMSIS/Include/cmsis_gcc.h ****                  If required, a debugger can use it to store additional information about the break
 363:Drivers/CMSIS/Include/cmsis_gcc.h ****  */
 364:Drivers/CMSIS/Include/cmsis_gcc.h **** #define __BKPT(value)                       __ASM volatile ("bkpt "#value)
 365:Drivers/CMSIS/Include/cmsis_gcc.h **** 
ARM GAS  C:\Users\techn\AppData\Local\Temp\ccy0OLmH.s 			page 25


 366:Drivers/CMSIS/Include/cmsis_gcc.h **** 
 367:Drivers/CMSIS/Include/cmsis_gcc.h **** /**
 368:Drivers/CMSIS/Include/cmsis_gcc.h ****   \brief   Reverse bit order of value
 369:Drivers/CMSIS/Include/cmsis_gcc.h ****   \details Reverses the bit order of the given value.
 370:Drivers/CMSIS/Include/cmsis_gcc.h ****   \param [in]    value  Value to reverse
 371:Drivers/CMSIS/Include/cmsis_gcc.h ****   \return               Reversed value
 372:Drivers/CMSIS/Include/cmsis_gcc.h ****  */
 373:Drivers/CMSIS/Include/cmsis_gcc.h **** __STATIC_FORCEINLINE uint32_t __RBIT(uint32_t value)
 374:Drivers/CMSIS/Include/cmsis_gcc.h **** {
 375:Drivers/CMSIS/Include/cmsis_gcc.h ****   uint32_t result;
 376:Drivers/CMSIS/Include/cmsis_gcc.h **** 
 377:Drivers/CMSIS/Include/cmsis_gcc.h **** #if ((defined (__ARM_ARCH_7M__      ) && (__ARM_ARCH_7M__      == 1)) || \
 378:Drivers/CMSIS/Include/cmsis_gcc.h ****      (defined (__ARM_ARCH_7EM__     ) && (__ARM_ARCH_7EM__     == 1)) || \
 379:Drivers/CMSIS/Include/cmsis_gcc.h ****      (defined (__ARM_ARCH_8M_MAIN__ ) && (__ARM_ARCH_8M_MAIN__ == 1))    )
 380:Drivers/CMSIS/Include/cmsis_gcc.h ****    __ASM ("rbit %0, %1" : "=r" (result) : "r" (value) );
 381:Drivers/CMSIS/Include/cmsis_gcc.h **** #else
 382:Drivers/CMSIS/Include/cmsis_gcc.h ****   uint32_t s = (4U /*sizeof(v)*/ * 8U) - 1U; /* extra shift needed at end */
 383:Drivers/CMSIS/Include/cmsis_gcc.h **** 
 384:Drivers/CMSIS/Include/cmsis_gcc.h ****   result = value;                      /* r will be reversed bits of v; first get LSB of v */
 385:Drivers/CMSIS/Include/cmsis_gcc.h ****   for (value >>= 1U; value != 0U; value >>= 1U)
 386:Drivers/CMSIS/Include/cmsis_gcc.h ****   {
 387:Drivers/CMSIS/Include/cmsis_gcc.h ****     result <<= 1U;
 388:Drivers/CMSIS/Include/cmsis_gcc.h ****     result |= value & 1U;
 389:Drivers/CMSIS/Include/cmsis_gcc.h ****     s--;
 390:Drivers/CMSIS/Include/cmsis_gcc.h ****   }
 391:Drivers/CMSIS/Include/cmsis_gcc.h ****   result <<= s;                        /* shift when v's highest bits are zero */
 392:Drivers/CMSIS/Include/cmsis_gcc.h **** #endif
 393:Drivers/CMSIS/Include/cmsis_gcc.h ****   return result;
 394:Drivers/CMSIS/Include/cmsis_gcc.h **** }
 395:Drivers/CMSIS/Include/cmsis_gcc.h **** 
 396:Drivers/CMSIS/Include/cmsis_gcc.h **** 
 397:Drivers/CMSIS/Include/cmsis_gcc.h **** /**
 398:Drivers/CMSIS/Include/cmsis_gcc.h ****   \brief   Count leading zeros
 399:Drivers/CMSIS/Include/cmsis_gcc.h ****   \details Counts the number of leading zeros of a data value.
 400:Drivers/CMSIS/Include/cmsis_gcc.h ****   \param [in]  value  Value to count the leading zeros
 401:Drivers/CMSIS/Include/cmsis_gcc.h ****   \return             number of leading zeros in value
 402:Drivers/CMSIS/Include/cmsis_gcc.h ****  */
 403:Drivers/CMSIS/Include/cmsis_gcc.h **** __STATIC_FORCEINLINE uint8_t __CLZ(uint32_t value)
 404:Drivers/CMSIS/Include/cmsis_gcc.h **** {
 405:Drivers/CMSIS/Include/cmsis_gcc.h ****   /* Even though __builtin_clz produces a CLZ instruction on ARM, formally
 406:Drivers/CMSIS/Include/cmsis_gcc.h ****      __builtin_clz(0) is undefined behaviour, so handle this case specially.
 407:Drivers/CMSIS/Include/cmsis_gcc.h ****      This guarantees ARM-compatible results if happening to compile on a non-ARM
 408:Drivers/CMSIS/Include/cmsis_gcc.h ****      target, and ensures the compiler doesn't decide to activate any
 409:Drivers/CMSIS/Include/cmsis_gcc.h ****      optimisations using the logic "value was passed to __builtin_clz, so it
 410:Drivers/CMSIS/Include/cmsis_gcc.h ****      is non-zero".
 411:Drivers/CMSIS/Include/cmsis_gcc.h ****      ARM GCC 7.3 and possibly earlier will optimise this test away, leaving a
 412:Drivers/CMSIS/Include/cmsis_gcc.h ****      single CLZ instruction.
 413:Drivers/CMSIS/Include/cmsis_gcc.h ****    */
 414:Drivers/CMSIS/Include/cmsis_gcc.h ****   if (value == 0U)
 415:Drivers/CMSIS/Include/cmsis_gcc.h ****   {
 416:Drivers/CMSIS/Include/cmsis_gcc.h ****     return 32U;
 417:Drivers/CMSIS/Include/cmsis_gcc.h ****   }
 418:Drivers/CMSIS/Include/cmsis_gcc.h ****   return __builtin_clz(value);
 419:Drivers/CMSIS/Include/cmsis_gcc.h **** }
 420:Drivers/CMSIS/Include/cmsis_gcc.h **** 
 421:Drivers/CMSIS/Include/cmsis_gcc.h **** 
 422:Drivers/CMSIS/Include/cmsis_gcc.h **** #if ((defined (__ARM_ARCH_7M__      ) && (__ARM_ARCH_7M__      == 1)) || \
ARM GAS  C:\Users\techn\AppData\Local\Temp\ccy0OLmH.s 			page 26


 423:Drivers/CMSIS/Include/cmsis_gcc.h ****      (defined (__ARM_ARCH_7EM__     ) && (__ARM_ARCH_7EM__     == 1)) || \
 424:Drivers/CMSIS/Include/cmsis_gcc.h ****      (defined (__ARM_ARCH_8M_MAIN__ ) && (__ARM_ARCH_8M_MAIN__ == 1)) || \
 425:Drivers/CMSIS/Include/cmsis_gcc.h ****      (defined (__ARM_ARCH_8M_BASE__ ) && (__ARM_ARCH_8M_BASE__ == 1))    )
 426:Drivers/CMSIS/Include/cmsis_gcc.h **** /**
 427:Drivers/CMSIS/Include/cmsis_gcc.h ****   \brief   LDR Exclusive (8 bit)
 428:Drivers/CMSIS/Include/cmsis_gcc.h ****   \details Executes a exclusive LDR instruction for 8 bit value.
 429:Drivers/CMSIS/Include/cmsis_gcc.h ****   \param [in]    ptr  Pointer to data
 430:Drivers/CMSIS/Include/cmsis_gcc.h ****   \return             value of type uint8_t at (*ptr)
 431:Drivers/CMSIS/Include/cmsis_gcc.h ****  */
 432:Drivers/CMSIS/Include/cmsis_gcc.h **** __STATIC_FORCEINLINE uint8_t __LDREXB(volatile uint8_t *addr)
 433:Drivers/CMSIS/Include/cmsis_gcc.h **** {
 434:Drivers/CMSIS/Include/cmsis_gcc.h ****     uint32_t result;
 435:Drivers/CMSIS/Include/cmsis_gcc.h **** 
 436:Drivers/CMSIS/Include/cmsis_gcc.h **** #if (__GNUC__ > 4) || (__GNUC__ == 4 && __GNUC_MINOR__ >= 8)
 437:Drivers/CMSIS/Include/cmsis_gcc.h ****    __ASM volatile ("ldrexb %0, %1" : "=r" (result) : "Q" (*addr) );
 438:Drivers/CMSIS/Include/cmsis_gcc.h **** #else
 439:Drivers/CMSIS/Include/cmsis_gcc.h ****     /* Prior to GCC 4.8, "Q" will be expanded to [rx, #0] which is not
 440:Drivers/CMSIS/Include/cmsis_gcc.h ****        accepted by assembler. So has to use following less efficient pattern.
 441:Drivers/CMSIS/Include/cmsis_gcc.h ****     */
 442:Drivers/CMSIS/Include/cmsis_gcc.h ****    __ASM volatile ("ldrexb %0, [%1]" : "=r" (result) : "r" (addr) : "memory" );
 443:Drivers/CMSIS/Include/cmsis_gcc.h **** #endif
 444:Drivers/CMSIS/Include/cmsis_gcc.h ****    return ((uint8_t) result);    /* Add explicit type cast here */
 445:Drivers/CMSIS/Include/cmsis_gcc.h **** }
 446:Drivers/CMSIS/Include/cmsis_gcc.h **** 
 447:Drivers/CMSIS/Include/cmsis_gcc.h **** 
 448:Drivers/CMSIS/Include/cmsis_gcc.h **** /**
 449:Drivers/CMSIS/Include/cmsis_gcc.h ****   \brief   LDR Exclusive (16 bit)
 450:Drivers/CMSIS/Include/cmsis_gcc.h ****   \details Executes a exclusive LDR instruction for 16 bit values.
 451:Drivers/CMSIS/Include/cmsis_gcc.h ****   \param [in]    ptr  Pointer to data
 452:Drivers/CMSIS/Include/cmsis_gcc.h ****   \return        value of type uint16_t at (*ptr)
 453:Drivers/CMSIS/Include/cmsis_gcc.h ****  */
 454:Drivers/CMSIS/Include/cmsis_gcc.h **** __STATIC_FORCEINLINE uint16_t __LDREXH(volatile uint16_t *addr)
 455:Drivers/CMSIS/Include/cmsis_gcc.h **** {
 456:Drivers/CMSIS/Include/cmsis_gcc.h ****     uint32_t result;
 457:Drivers/CMSIS/Include/cmsis_gcc.h **** 
 458:Drivers/CMSIS/Include/cmsis_gcc.h **** #if (__GNUC__ > 4) || (__GNUC__ == 4 && __GNUC_MINOR__ >= 8)
 459:Drivers/CMSIS/Include/cmsis_gcc.h ****    __ASM volatile ("ldrexh %0, %1" : "=r" (result) : "Q" (*addr) );
 460:Drivers/CMSIS/Include/cmsis_gcc.h **** #else
 461:Drivers/CMSIS/Include/cmsis_gcc.h ****     /* Prior to GCC 4.8, "Q" will be expanded to [rx, #0] which is not
 462:Drivers/CMSIS/Include/cmsis_gcc.h ****        accepted by assembler. So has to use following less efficient pattern.
 463:Drivers/CMSIS/Include/cmsis_gcc.h ****     */
 464:Drivers/CMSIS/Include/cmsis_gcc.h ****    __ASM volatile ("ldrexh %0, [%1]" : "=r" (result) : "r" (addr) : "memory" );
 465:Drivers/CMSIS/Include/cmsis_gcc.h **** #endif
 466:Drivers/CMSIS/Include/cmsis_gcc.h ****    return ((uint16_t) result);    /* Add explicit type cast here */
 467:Drivers/CMSIS/Include/cmsis_gcc.h **** }
 468:Drivers/CMSIS/Include/cmsis_gcc.h **** 
 469:Drivers/CMSIS/Include/cmsis_gcc.h **** 
 470:Drivers/CMSIS/Include/cmsis_gcc.h **** /**
 471:Drivers/CMSIS/Include/cmsis_gcc.h ****   \brief   LDR Exclusive (32 bit)
 472:Drivers/CMSIS/Include/cmsis_gcc.h ****   \details Executes a exclusive LDR instruction for 32 bit values.
 473:Drivers/CMSIS/Include/cmsis_gcc.h ****   \param [in]    ptr  Pointer to data
 474:Drivers/CMSIS/Include/cmsis_gcc.h ****   \return        value of type uint32_t at (*ptr)
 475:Drivers/CMSIS/Include/cmsis_gcc.h ****  */
 476:Drivers/CMSIS/Include/cmsis_gcc.h **** __STATIC_FORCEINLINE uint32_t __LDREXW(volatile uint32_t *addr)
 477:Drivers/CMSIS/Include/cmsis_gcc.h **** {
 478:Drivers/CMSIS/Include/cmsis_gcc.h ****     uint32_t result;
 479:Drivers/CMSIS/Include/cmsis_gcc.h **** 
ARM GAS  C:\Users\techn\AppData\Local\Temp\ccy0OLmH.s 			page 27


 480:Drivers/CMSIS/Include/cmsis_gcc.h ****    __ASM volatile ("ldrex %0, %1" : "=r" (result) : "Q" (*addr) );
 481:Drivers/CMSIS/Include/cmsis_gcc.h ****    return(result);
 482:Drivers/CMSIS/Include/cmsis_gcc.h **** }
 483:Drivers/CMSIS/Include/cmsis_gcc.h **** 
 484:Drivers/CMSIS/Include/cmsis_gcc.h **** 
 485:Drivers/CMSIS/Include/cmsis_gcc.h **** /**
 486:Drivers/CMSIS/Include/cmsis_gcc.h ****   \brief   STR Exclusive (8 bit)
 487:Drivers/CMSIS/Include/cmsis_gcc.h ****   \details Executes a exclusive STR instruction for 8 bit values.
 488:Drivers/CMSIS/Include/cmsis_gcc.h ****   \param [in]  value  Value to store
 489:Drivers/CMSIS/Include/cmsis_gcc.h ****   \param [in]    ptr  Pointer to location
 490:Drivers/CMSIS/Include/cmsis_gcc.h ****   \return          0  Function succeeded
 491:Drivers/CMSIS/Include/cmsis_gcc.h ****   \return          1  Function failed
 492:Drivers/CMSIS/Include/cmsis_gcc.h ****  */
 493:Drivers/CMSIS/Include/cmsis_gcc.h **** __STATIC_FORCEINLINE uint32_t __STREXB(uint8_t value, volatile uint8_t *addr)
 494:Drivers/CMSIS/Include/cmsis_gcc.h **** {
 495:Drivers/CMSIS/Include/cmsis_gcc.h ****    uint32_t result;
 496:Drivers/CMSIS/Include/cmsis_gcc.h **** 
 497:Drivers/CMSIS/Include/cmsis_gcc.h ****    __ASM volatile ("strexb %0, %2, %1" : "=&r" (result), "=Q" (*addr) : "r" ((uint32_t)value) );
 498:Drivers/CMSIS/Include/cmsis_gcc.h ****    return(result);
 499:Drivers/CMSIS/Include/cmsis_gcc.h **** }
 500:Drivers/CMSIS/Include/cmsis_gcc.h **** 
 501:Drivers/CMSIS/Include/cmsis_gcc.h **** 
 502:Drivers/CMSIS/Include/cmsis_gcc.h **** /**
 503:Drivers/CMSIS/Include/cmsis_gcc.h ****   \brief   STR Exclusive (16 bit)
 504:Drivers/CMSIS/Include/cmsis_gcc.h ****   \details Executes a exclusive STR instruction for 16 bit values.
 505:Drivers/CMSIS/Include/cmsis_gcc.h ****   \param [in]  value  Value to store
 506:Drivers/CMSIS/Include/cmsis_gcc.h ****   \param [in]    ptr  Pointer to location
 507:Drivers/CMSIS/Include/cmsis_gcc.h ****   \return          0  Function succeeded
 508:Drivers/CMSIS/Include/cmsis_gcc.h ****   \return          1  Function failed
 509:Drivers/CMSIS/Include/cmsis_gcc.h ****  */
 510:Drivers/CMSIS/Include/cmsis_gcc.h **** __STATIC_FORCEINLINE uint32_t __STREXH(uint16_t value, volatile uint16_t *addr)
 511:Drivers/CMSIS/Include/cmsis_gcc.h **** {
 512:Drivers/CMSIS/Include/cmsis_gcc.h ****    uint32_t result;
 513:Drivers/CMSIS/Include/cmsis_gcc.h **** 
 514:Drivers/CMSIS/Include/cmsis_gcc.h ****    __ASM volatile ("strexh %0, %2, %1" : "=&r" (result), "=Q" (*addr) : "r" ((uint32_t)value) );
 515:Drivers/CMSIS/Include/cmsis_gcc.h ****    return(result);
 516:Drivers/CMSIS/Include/cmsis_gcc.h **** }
 517:Drivers/CMSIS/Include/cmsis_gcc.h **** 
 518:Drivers/CMSIS/Include/cmsis_gcc.h **** 
 519:Drivers/CMSIS/Include/cmsis_gcc.h **** /**
 520:Drivers/CMSIS/Include/cmsis_gcc.h ****   \brief   STR Exclusive (32 bit)
 521:Drivers/CMSIS/Include/cmsis_gcc.h ****   \details Executes a exclusive STR instruction for 32 bit values.
 522:Drivers/CMSIS/Include/cmsis_gcc.h ****   \param [in]  value  Value to store
 523:Drivers/CMSIS/Include/cmsis_gcc.h ****   \param [in]    ptr  Pointer to location
 524:Drivers/CMSIS/Include/cmsis_gcc.h ****   \return          0  Function succeeded
 525:Drivers/CMSIS/Include/cmsis_gcc.h ****   \return          1  Function failed
 526:Drivers/CMSIS/Include/cmsis_gcc.h ****  */
 527:Drivers/CMSIS/Include/cmsis_gcc.h **** __STATIC_FORCEINLINE uint32_t __STREXW(uint32_t value, volatile uint32_t *addr)
 528:Drivers/CMSIS/Include/cmsis_gcc.h **** {
 529:Drivers/CMSIS/Include/cmsis_gcc.h ****    uint32_t result;
 530:Drivers/CMSIS/Include/cmsis_gcc.h **** 
 531:Drivers/CMSIS/Include/cmsis_gcc.h ****    __ASM volatile ("strex %0, %2, %1" : "=&r" (result), "=Q" (*addr) : "r" (value) );
 532:Drivers/CMSIS/Include/cmsis_gcc.h ****    return(result);
 533:Drivers/CMSIS/Include/cmsis_gcc.h **** }
 534:Drivers/CMSIS/Include/cmsis_gcc.h **** 
 535:Drivers/CMSIS/Include/cmsis_gcc.h **** 
 536:Drivers/CMSIS/Include/cmsis_gcc.h **** /**
ARM GAS  C:\Users\techn\AppData\Local\Temp\ccy0OLmH.s 			page 28


 537:Drivers/CMSIS/Include/cmsis_gcc.h ****   \brief   Remove the exclusive lock
 538:Drivers/CMSIS/Include/cmsis_gcc.h ****   \details Removes the exclusive lock which is created by LDREX.
 539:Drivers/CMSIS/Include/cmsis_gcc.h ****  */
 540:Drivers/CMSIS/Include/cmsis_gcc.h **** __STATIC_FORCEINLINE void __CLREX(void)
 541:Drivers/CMSIS/Include/cmsis_gcc.h **** {
 542:Drivers/CMSIS/Include/cmsis_gcc.h ****   __ASM volatile ("clrex" ::: "memory");
 543:Drivers/CMSIS/Include/cmsis_gcc.h **** }
 544:Drivers/CMSIS/Include/cmsis_gcc.h **** 
 545:Drivers/CMSIS/Include/cmsis_gcc.h **** #endif /* ((defined (__ARM_ARCH_7M__      ) && (__ARM_ARCH_7M__      == 1)) || \
 546:Drivers/CMSIS/Include/cmsis_gcc.h ****            (defined (__ARM_ARCH_7EM__     ) && (__ARM_ARCH_7EM__     == 1)) || \
 547:Drivers/CMSIS/Include/cmsis_gcc.h ****            (defined (__ARM_ARCH_8M_MAIN__ ) && (__ARM_ARCH_8M_MAIN__ == 1)) || \
 548:Drivers/CMSIS/Include/cmsis_gcc.h ****            (defined (__ARM_ARCH_8M_BASE__ ) && (__ARM_ARCH_8M_BASE__ == 1))    ) */
 549:Drivers/CMSIS/Include/cmsis_gcc.h **** 
 550:Drivers/CMSIS/Include/cmsis_gcc.h **** 
 551:Drivers/CMSIS/Include/cmsis_gcc.h **** #if ((defined (__ARM_ARCH_7M__      ) && (__ARM_ARCH_7M__      == 1)) || \
 552:Drivers/CMSIS/Include/cmsis_gcc.h ****      (defined (__ARM_ARCH_7EM__     ) && (__ARM_ARCH_7EM__     == 1)) || \
 553:Drivers/CMSIS/Include/cmsis_gcc.h ****      (defined (__ARM_ARCH_8M_MAIN__ ) && (__ARM_ARCH_8M_MAIN__ == 1))    )
 554:Drivers/CMSIS/Include/cmsis_gcc.h **** /**
 555:Drivers/CMSIS/Include/cmsis_gcc.h ****   \brief   Signed Saturate
 556:Drivers/CMSIS/Include/cmsis_gcc.h ****   \details Saturates a signed value.
 557:Drivers/CMSIS/Include/cmsis_gcc.h ****   \param [in]  ARG1  Value to be saturated
 558:Drivers/CMSIS/Include/cmsis_gcc.h ****   \param [in]  ARG2  Bit position to saturate to (1..32)
 559:Drivers/CMSIS/Include/cmsis_gcc.h ****   \return             Saturated value
 560:Drivers/CMSIS/Include/cmsis_gcc.h ****  */
 561:Drivers/CMSIS/Include/cmsis_gcc.h **** #define __SSAT(ARG1, ARG2) \
 562:Drivers/CMSIS/Include/cmsis_gcc.h **** __extension__ \
 563:Drivers/CMSIS/Include/cmsis_gcc.h **** ({                          \
 564:Drivers/CMSIS/Include/cmsis_gcc.h ****   int32_t __RES, __ARG1 = (ARG1); \
 565:Drivers/CMSIS/Include/cmsis_gcc.h ****   __ASM volatile ("ssat %0, %1, %2" : "=r" (__RES) :  "I" (ARG2), "r" (__ARG1) : "cc" ); \
 566:Drivers/CMSIS/Include/cmsis_gcc.h ****   __RES; \
 567:Drivers/CMSIS/Include/cmsis_gcc.h ****  })
 568:Drivers/CMSIS/Include/cmsis_gcc.h **** 
 569:Drivers/CMSIS/Include/cmsis_gcc.h **** 
 570:Drivers/CMSIS/Include/cmsis_gcc.h **** /**
 571:Drivers/CMSIS/Include/cmsis_gcc.h ****   \brief   Unsigned Saturate
 572:Drivers/CMSIS/Include/cmsis_gcc.h ****   \details Saturates an unsigned value.
 573:Drivers/CMSIS/Include/cmsis_gcc.h ****   \param [in]  ARG1  Value to be saturated
 574:Drivers/CMSIS/Include/cmsis_gcc.h ****   \param [in]  ARG2  Bit position to saturate to (0..31)
 575:Drivers/CMSIS/Include/cmsis_gcc.h ****   \return             Saturated value
 576:Drivers/CMSIS/Include/cmsis_gcc.h ****  */
 577:Drivers/CMSIS/Include/cmsis_gcc.h **** #define __USAT(ARG1, ARG2) \
 578:Drivers/CMSIS/Include/cmsis_gcc.h **** __extension__ \
 579:Drivers/CMSIS/Include/cmsis_gcc.h **** ({                          \
 580:Drivers/CMSIS/Include/cmsis_gcc.h ****   uint32_t __RES, __ARG1 = (ARG1); \
 581:Drivers/CMSIS/Include/cmsis_gcc.h ****   __ASM volatile ("usat %0, %1, %2" : "=r" (__RES) :  "I" (ARG2), "r" (__ARG1) : "cc" ); \
 582:Drivers/CMSIS/Include/cmsis_gcc.h ****   __RES; \
 583:Drivers/CMSIS/Include/cmsis_gcc.h ****  })
 584:Drivers/CMSIS/Include/cmsis_gcc.h **** 
 585:Drivers/CMSIS/Include/cmsis_gcc.h **** 
 586:Drivers/CMSIS/Include/cmsis_gcc.h **** /**
 587:Drivers/CMSIS/Include/cmsis_gcc.h ****   \brief   Rotate Right with Extend (32 bit)
 588:Drivers/CMSIS/Include/cmsis_gcc.h ****   \details Moves each bit of a bitstring right by one bit.
 589:Drivers/CMSIS/Include/cmsis_gcc.h ****            The carry input is shifted in at the left end of the bitstring.
 590:Drivers/CMSIS/Include/cmsis_gcc.h ****   \param [in]    value  Value to rotate
 591:Drivers/CMSIS/Include/cmsis_gcc.h ****   \return               Rotated value
 592:Drivers/CMSIS/Include/cmsis_gcc.h ****  */
 593:Drivers/CMSIS/Include/cmsis_gcc.h **** __STATIC_FORCEINLINE uint32_t __RRX(uint32_t value)
ARM GAS  C:\Users\techn\AppData\Local\Temp\ccy0OLmH.s 			page 29


 594:Drivers/CMSIS/Include/cmsis_gcc.h **** {
 595:Drivers/CMSIS/Include/cmsis_gcc.h ****   uint32_t result;
 596:Drivers/CMSIS/Include/cmsis_gcc.h **** 
 597:Drivers/CMSIS/Include/cmsis_gcc.h ****   __ASM volatile ("rrx %0, %1" : __CMSIS_GCC_OUT_REG (result) : __CMSIS_GCC_USE_REG (value) );
 598:Drivers/CMSIS/Include/cmsis_gcc.h ****   return(result);
 599:Drivers/CMSIS/Include/cmsis_gcc.h **** }
 600:Drivers/CMSIS/Include/cmsis_gcc.h **** 
 601:Drivers/CMSIS/Include/cmsis_gcc.h **** 
 602:Drivers/CMSIS/Include/cmsis_gcc.h **** /**
 603:Drivers/CMSIS/Include/cmsis_gcc.h ****   \brief   LDRT Unprivileged (8 bit)
 604:Drivers/CMSIS/Include/cmsis_gcc.h ****   \details Executes a Unprivileged LDRT instruction for 8 bit value.
 605:Drivers/CMSIS/Include/cmsis_gcc.h ****   \param [in]    ptr  Pointer to data
 606:Drivers/CMSIS/Include/cmsis_gcc.h ****   \return             value of type uint8_t at (*ptr)
 607:Drivers/CMSIS/Include/cmsis_gcc.h ****  */
 608:Drivers/CMSIS/Include/cmsis_gcc.h **** __STATIC_FORCEINLINE uint8_t __LDRBT(volatile uint8_t *ptr)
 609:Drivers/CMSIS/Include/cmsis_gcc.h **** {
 610:Drivers/CMSIS/Include/cmsis_gcc.h ****     uint32_t result;
 611:Drivers/CMSIS/Include/cmsis_gcc.h **** 
 612:Drivers/CMSIS/Include/cmsis_gcc.h **** #if (__GNUC__ > 4) || (__GNUC__ == 4 && __GNUC_MINOR__ >= 8)
 613:Drivers/CMSIS/Include/cmsis_gcc.h ****    __ASM volatile ("ldrbt %0, %1" : "=r" (result) : "Q" (*ptr) );
 614:Drivers/CMSIS/Include/cmsis_gcc.h **** #else
 615:Drivers/CMSIS/Include/cmsis_gcc.h ****     /* Prior to GCC 4.8, "Q" will be expanded to [rx, #0] which is not
 616:Drivers/CMSIS/Include/cmsis_gcc.h ****        accepted by assembler. So has to use following less efficient pattern.
 617:Drivers/CMSIS/Include/cmsis_gcc.h ****     */
 618:Drivers/CMSIS/Include/cmsis_gcc.h ****    __ASM volatile ("ldrbt %0, [%1]" : "=r" (result) : "r" (ptr) : "memory" );
 619:Drivers/CMSIS/Include/cmsis_gcc.h **** #endif
 620:Drivers/CMSIS/Include/cmsis_gcc.h ****    return ((uint8_t) result);    /* Add explicit type cast here */
 621:Drivers/CMSIS/Include/cmsis_gcc.h **** }
 622:Drivers/CMSIS/Include/cmsis_gcc.h **** 
 623:Drivers/CMSIS/Include/cmsis_gcc.h **** 
 624:Drivers/CMSIS/Include/cmsis_gcc.h **** /**
 625:Drivers/CMSIS/Include/cmsis_gcc.h ****   \brief   LDRT Unprivileged (16 bit)
 626:Drivers/CMSIS/Include/cmsis_gcc.h ****   \details Executes a Unprivileged LDRT instruction for 16 bit values.
 627:Drivers/CMSIS/Include/cmsis_gcc.h ****   \param [in]    ptr  Pointer to data
 628:Drivers/CMSIS/Include/cmsis_gcc.h ****   \return        value of type uint16_t at (*ptr)
 629:Drivers/CMSIS/Include/cmsis_gcc.h ****  */
 630:Drivers/CMSIS/Include/cmsis_gcc.h **** __STATIC_FORCEINLINE uint16_t __LDRHT(volatile uint16_t *ptr)
 631:Drivers/CMSIS/Include/cmsis_gcc.h **** {
 632:Drivers/CMSIS/Include/cmsis_gcc.h ****     uint32_t result;
 633:Drivers/CMSIS/Include/cmsis_gcc.h **** 
 634:Drivers/CMSIS/Include/cmsis_gcc.h **** #if (__GNUC__ > 4) || (__GNUC__ == 4 && __GNUC_MINOR__ >= 8)
 635:Drivers/CMSIS/Include/cmsis_gcc.h ****    __ASM volatile ("ldrht %0, %1" : "=r" (result) : "Q" (*ptr) );
 636:Drivers/CMSIS/Include/cmsis_gcc.h **** #else
 637:Drivers/CMSIS/Include/cmsis_gcc.h ****     /* Prior to GCC 4.8, "Q" will be expanded to [rx, #0] which is not
 638:Drivers/CMSIS/Include/cmsis_gcc.h ****        accepted by assembler. So has to use following less efficient pattern.
 639:Drivers/CMSIS/Include/cmsis_gcc.h ****     */
 640:Drivers/CMSIS/Include/cmsis_gcc.h ****    __ASM volatile ("ldrht %0, [%1]" : "=r" (result) : "r" (ptr) : "memory" );
 641:Drivers/CMSIS/Include/cmsis_gcc.h **** #endif
 642:Drivers/CMSIS/Include/cmsis_gcc.h ****    return ((uint16_t) result);    /* Add explicit type cast here */
 643:Drivers/CMSIS/Include/cmsis_gcc.h **** }
 644:Drivers/CMSIS/Include/cmsis_gcc.h **** 
 645:Drivers/CMSIS/Include/cmsis_gcc.h **** 
 646:Drivers/CMSIS/Include/cmsis_gcc.h **** /**
 647:Drivers/CMSIS/Include/cmsis_gcc.h ****   \brief   LDRT Unprivileged (32 bit)
 648:Drivers/CMSIS/Include/cmsis_gcc.h ****   \details Executes a Unprivileged LDRT instruction for 32 bit values.
 649:Drivers/CMSIS/Include/cmsis_gcc.h ****   \param [in]    ptr  Pointer to data
 650:Drivers/CMSIS/Include/cmsis_gcc.h ****   \return        value of type uint32_t at (*ptr)
ARM GAS  C:\Users\techn\AppData\Local\Temp\ccy0OLmH.s 			page 30


 651:Drivers/CMSIS/Include/cmsis_gcc.h ****  */
 652:Drivers/CMSIS/Include/cmsis_gcc.h **** __STATIC_FORCEINLINE uint32_t __LDRT(volatile uint32_t *ptr)
 653:Drivers/CMSIS/Include/cmsis_gcc.h **** {
 654:Drivers/CMSIS/Include/cmsis_gcc.h ****     uint32_t result;
 655:Drivers/CMSIS/Include/cmsis_gcc.h **** 
 656:Drivers/CMSIS/Include/cmsis_gcc.h ****    __ASM volatile ("ldrt %0, %1" : "=r" (result) : "Q" (*ptr) );
 657:Drivers/CMSIS/Include/cmsis_gcc.h ****    return(result);
 658:Drivers/CMSIS/Include/cmsis_gcc.h **** }
 659:Drivers/CMSIS/Include/cmsis_gcc.h **** 
 660:Drivers/CMSIS/Include/cmsis_gcc.h **** 
 661:Drivers/CMSIS/Include/cmsis_gcc.h **** /**
 662:Drivers/CMSIS/Include/cmsis_gcc.h ****   \brief   STRT Unprivileged (8 bit)
 663:Drivers/CMSIS/Include/cmsis_gcc.h ****   \details Executes a Unprivileged STRT instruction for 8 bit values.
 664:Drivers/CMSIS/Include/cmsis_gcc.h ****   \param [in]  value  Value to store
 665:Drivers/CMSIS/Include/cmsis_gcc.h ****   \param [in]    ptr  Pointer to location
 666:Drivers/CMSIS/Include/cmsis_gcc.h ****  */
 667:Drivers/CMSIS/Include/cmsis_gcc.h **** __STATIC_FORCEINLINE void __STRBT(uint8_t value, volatile uint8_t *ptr)
 668:Drivers/CMSIS/Include/cmsis_gcc.h **** {
 669:Drivers/CMSIS/Include/cmsis_gcc.h ****    __ASM volatile ("strbt %1, %0" : "=Q" (*ptr) : "r" ((uint32_t)value) );
 670:Drivers/CMSIS/Include/cmsis_gcc.h **** }
 671:Drivers/CMSIS/Include/cmsis_gcc.h **** 
 672:Drivers/CMSIS/Include/cmsis_gcc.h **** 
 673:Drivers/CMSIS/Include/cmsis_gcc.h **** /**
 674:Drivers/CMSIS/Include/cmsis_gcc.h ****   \brief   STRT Unprivileged (16 bit)
 675:Drivers/CMSIS/Include/cmsis_gcc.h ****   \details Executes a Unprivileged STRT instruction for 16 bit values.
 676:Drivers/CMSIS/Include/cmsis_gcc.h ****   \param [in]  value  Value to store
 677:Drivers/CMSIS/Include/cmsis_gcc.h ****   \param [in]    ptr  Pointer to location
 678:Drivers/CMSIS/Include/cmsis_gcc.h ****  */
 679:Drivers/CMSIS/Include/cmsis_gcc.h **** __STATIC_FORCEINLINE void __STRHT(uint16_t value, volatile uint16_t *ptr)
 680:Drivers/CMSIS/Include/cmsis_gcc.h **** {
 681:Drivers/CMSIS/Include/cmsis_gcc.h ****    __ASM volatile ("strht %1, %0" : "=Q" (*ptr) : "r" ((uint32_t)value) );
 682:Drivers/CMSIS/Include/cmsis_gcc.h **** }
 683:Drivers/CMSIS/Include/cmsis_gcc.h **** 
 684:Drivers/CMSIS/Include/cmsis_gcc.h **** 
 685:Drivers/CMSIS/Include/cmsis_gcc.h **** /**
 686:Drivers/CMSIS/Include/cmsis_gcc.h ****   \brief   STRT Unprivileged (32 bit)
 687:Drivers/CMSIS/Include/cmsis_gcc.h ****   \details Executes a Unprivileged STRT instruction for 32 bit values.
 688:Drivers/CMSIS/Include/cmsis_gcc.h ****   \param [in]  value  Value to store
 689:Drivers/CMSIS/Include/cmsis_gcc.h ****   \param [in]    ptr  Pointer to location
 690:Drivers/CMSIS/Include/cmsis_gcc.h ****  */
 691:Drivers/CMSIS/Include/cmsis_gcc.h **** __STATIC_FORCEINLINE void __STRT(uint32_t value, volatile uint32_t *ptr)
 692:Drivers/CMSIS/Include/cmsis_gcc.h **** {
 693:Drivers/CMSIS/Include/cmsis_gcc.h ****    __ASM volatile ("strt %1, %0" : "=Q" (*ptr) : "r" (value) );
 694:Drivers/CMSIS/Include/cmsis_gcc.h **** }
 695:Drivers/CMSIS/Include/cmsis_gcc.h **** 
 696:Drivers/CMSIS/Include/cmsis_gcc.h **** #else  /* ((defined (__ARM_ARCH_7M__      ) && (__ARM_ARCH_7M__      == 1)) || \
 697:Drivers/CMSIS/Include/cmsis_gcc.h ****            (defined (__ARM_ARCH_7EM__     ) && (__ARM_ARCH_7EM__     == 1)) || \
 698:Drivers/CMSIS/Include/cmsis_gcc.h ****            (defined (__ARM_ARCH_8M_MAIN__ ) && (__ARM_ARCH_8M_MAIN__ == 1))    ) */
 699:Drivers/CMSIS/Include/cmsis_gcc.h **** 
 700:Drivers/CMSIS/Include/cmsis_gcc.h **** /**
 701:Drivers/CMSIS/Include/cmsis_gcc.h ****   \brief   Signed Saturate
 702:Drivers/CMSIS/Include/cmsis_gcc.h ****   \details Saturates a signed value.
 703:Drivers/CMSIS/Include/cmsis_gcc.h ****   \param [in]  value  Value to be saturated
 704:Drivers/CMSIS/Include/cmsis_gcc.h ****   \param [in]    sat  Bit position to saturate to (1..32)
 705:Drivers/CMSIS/Include/cmsis_gcc.h ****   \return             Saturated value
 706:Drivers/CMSIS/Include/cmsis_gcc.h ****  */
 707:Drivers/CMSIS/Include/cmsis_gcc.h **** __STATIC_FORCEINLINE int32_t __SSAT(int32_t val, uint32_t sat)
ARM GAS  C:\Users\techn\AppData\Local\Temp\ccy0OLmH.s 			page 31


 708:Drivers/CMSIS/Include/cmsis_gcc.h **** {
 709:Drivers/CMSIS/Include/cmsis_gcc.h ****   if ((sat >= 1U) && (sat <= 32U))
 710:Drivers/CMSIS/Include/cmsis_gcc.h ****   {
 711:Drivers/CMSIS/Include/cmsis_gcc.h ****     const int32_t max = (int32_t)((1U << (sat - 1U)) - 1U);
 712:Drivers/CMSIS/Include/cmsis_gcc.h ****     const int32_t min = -1 - max ;
 713:Drivers/CMSIS/Include/cmsis_gcc.h ****     if (val > max)
 714:Drivers/CMSIS/Include/cmsis_gcc.h ****     {
 715:Drivers/CMSIS/Include/cmsis_gcc.h ****       return max;
 716:Drivers/CMSIS/Include/cmsis_gcc.h ****     }
 717:Drivers/CMSIS/Include/cmsis_gcc.h ****     else if (val < min)
 718:Drivers/CMSIS/Include/cmsis_gcc.h ****     {
 719:Drivers/CMSIS/Include/cmsis_gcc.h ****       return min;
 720:Drivers/CMSIS/Include/cmsis_gcc.h ****     }
 721:Drivers/CMSIS/Include/cmsis_gcc.h ****   }
 722:Drivers/CMSIS/Include/cmsis_gcc.h ****   return val;
 723:Drivers/CMSIS/Include/cmsis_gcc.h **** }
 724:Drivers/CMSIS/Include/cmsis_gcc.h **** 
 725:Drivers/CMSIS/Include/cmsis_gcc.h **** /**
 726:Drivers/CMSIS/Include/cmsis_gcc.h ****   \brief   Unsigned Saturate
 727:Drivers/CMSIS/Include/cmsis_gcc.h ****   \details Saturates an unsigned value.
 728:Drivers/CMSIS/Include/cmsis_gcc.h ****   \param [in]  value  Value to be saturated
 729:Drivers/CMSIS/Include/cmsis_gcc.h ****   \param [in]    sat  Bit position to saturate to (0..31)
 730:Drivers/CMSIS/Include/cmsis_gcc.h ****   \return             Saturated value
 731:Drivers/CMSIS/Include/cmsis_gcc.h ****  */
 732:Drivers/CMSIS/Include/cmsis_gcc.h **** __STATIC_FORCEINLINE uint32_t __USAT(int32_t val, uint32_t sat)
 733:Drivers/CMSIS/Include/cmsis_gcc.h **** {
 734:Drivers/CMSIS/Include/cmsis_gcc.h ****   if (sat <= 31U)
 735:Drivers/CMSIS/Include/cmsis_gcc.h ****   {
 736:Drivers/CMSIS/Include/cmsis_gcc.h ****     const uint32_t max = ((1U << sat) - 1U);
 737:Drivers/CMSIS/Include/cmsis_gcc.h ****     if (val > (int32_t)max)
 738:Drivers/CMSIS/Include/cmsis_gcc.h ****     {
 739:Drivers/CMSIS/Include/cmsis_gcc.h ****       return max;
 740:Drivers/CMSIS/Include/cmsis_gcc.h ****     }
 741:Drivers/CMSIS/Include/cmsis_gcc.h ****     else if (val < 0)
 742:Drivers/CMSIS/Include/cmsis_gcc.h ****     {
 743:Drivers/CMSIS/Include/cmsis_gcc.h ****       return 0U;
 744:Drivers/CMSIS/Include/cmsis_gcc.h ****     }
 745:Drivers/CMSIS/Include/cmsis_gcc.h ****   }
 746:Drivers/CMSIS/Include/cmsis_gcc.h ****   return (uint32_t)val;
 747:Drivers/CMSIS/Include/cmsis_gcc.h **** }
 748:Drivers/CMSIS/Include/cmsis_gcc.h **** 
 749:Drivers/CMSIS/Include/cmsis_gcc.h **** #endif /* ((defined (__ARM_ARCH_7M__      ) && (__ARM_ARCH_7M__      == 1)) || \
 750:Drivers/CMSIS/Include/cmsis_gcc.h ****            (defined (__ARM_ARCH_7EM__     ) && (__ARM_ARCH_7EM__     == 1)) || \
 751:Drivers/CMSIS/Include/cmsis_gcc.h ****            (defined (__ARM_ARCH_8M_MAIN__ ) && (__ARM_ARCH_8M_MAIN__ == 1))    ) */
 752:Drivers/CMSIS/Include/cmsis_gcc.h **** 
 753:Drivers/CMSIS/Include/cmsis_gcc.h **** 
 754:Drivers/CMSIS/Include/cmsis_gcc.h **** #if ((defined (__ARM_ARCH_8M_MAIN__ ) && (__ARM_ARCH_8M_MAIN__ == 1)) || \
 755:Drivers/CMSIS/Include/cmsis_gcc.h ****      (defined (__ARM_ARCH_8M_BASE__ ) && (__ARM_ARCH_8M_BASE__ == 1))    )
 756:Drivers/CMSIS/Include/cmsis_gcc.h **** /**
 757:Drivers/CMSIS/Include/cmsis_gcc.h ****   \brief   Load-Acquire (8 bit)
 758:Drivers/CMSIS/Include/cmsis_gcc.h ****   \details Executes a LDAB instruction for 8 bit value.
 759:Drivers/CMSIS/Include/cmsis_gcc.h ****   \param [in]    ptr  Pointer to data
 760:Drivers/CMSIS/Include/cmsis_gcc.h ****   \return             value of type uint8_t at (*ptr)
 761:Drivers/CMSIS/Include/cmsis_gcc.h ****  */
 762:Drivers/CMSIS/Include/cmsis_gcc.h **** __STATIC_FORCEINLINE uint8_t __LDAB(volatile uint8_t *ptr)
 763:Drivers/CMSIS/Include/cmsis_gcc.h **** {
 764:Drivers/CMSIS/Include/cmsis_gcc.h ****     uint32_t result;
ARM GAS  C:\Users\techn\AppData\Local\Temp\ccy0OLmH.s 			page 32


 765:Drivers/CMSIS/Include/cmsis_gcc.h **** 
 766:Drivers/CMSIS/Include/cmsis_gcc.h ****    __ASM volatile ("ldab %0, %1" : "=r" (result) : "Q" (*ptr) : "memory" );
 767:Drivers/CMSIS/Include/cmsis_gcc.h ****    return ((uint8_t) result);
 768:Drivers/CMSIS/Include/cmsis_gcc.h **** }
 769:Drivers/CMSIS/Include/cmsis_gcc.h **** 
 770:Drivers/CMSIS/Include/cmsis_gcc.h **** 
 771:Drivers/CMSIS/Include/cmsis_gcc.h **** /**
 772:Drivers/CMSIS/Include/cmsis_gcc.h ****   \brief   Load-Acquire (16 bit)
 773:Drivers/CMSIS/Include/cmsis_gcc.h ****   \details Executes a LDAH instruction for 16 bit values.
 774:Drivers/CMSIS/Include/cmsis_gcc.h ****   \param [in]    ptr  Pointer to data
 775:Drivers/CMSIS/Include/cmsis_gcc.h ****   \return        value of type uint16_t at (*ptr)
 776:Drivers/CMSIS/Include/cmsis_gcc.h ****  */
 777:Drivers/CMSIS/Include/cmsis_gcc.h **** __STATIC_FORCEINLINE uint16_t __LDAH(volatile uint16_t *ptr)
 778:Drivers/CMSIS/Include/cmsis_gcc.h **** {
 779:Drivers/CMSIS/Include/cmsis_gcc.h ****     uint32_t result;
 780:Drivers/CMSIS/Include/cmsis_gcc.h **** 
 781:Drivers/CMSIS/Include/cmsis_gcc.h ****    __ASM volatile ("ldah %0, %1" : "=r" (result) : "Q" (*ptr) : "memory" );
 782:Drivers/CMSIS/Include/cmsis_gcc.h ****    return ((uint16_t) result);
 783:Drivers/CMSIS/Include/cmsis_gcc.h **** }
 784:Drivers/CMSIS/Include/cmsis_gcc.h **** 
 785:Drivers/CMSIS/Include/cmsis_gcc.h **** 
 786:Drivers/CMSIS/Include/cmsis_gcc.h **** /**
 787:Drivers/CMSIS/Include/cmsis_gcc.h ****   \brief   Load-Acquire (32 bit)
 788:Drivers/CMSIS/Include/cmsis_gcc.h ****   \details Executes a LDA instruction for 32 bit values.
 789:Drivers/CMSIS/Include/cmsis_gcc.h ****   \param [in]    ptr  Pointer to data
 790:Drivers/CMSIS/Include/cmsis_gcc.h ****   \return        value of type uint32_t at (*ptr)
 791:Drivers/CMSIS/Include/cmsis_gcc.h ****  */
 792:Drivers/CMSIS/Include/cmsis_gcc.h **** __STATIC_FORCEINLINE uint32_t __LDA(volatile uint32_t *ptr)
 793:Drivers/CMSIS/Include/cmsis_gcc.h **** {
 794:Drivers/CMSIS/Include/cmsis_gcc.h ****     uint32_t result;
 795:Drivers/CMSIS/Include/cmsis_gcc.h **** 
 796:Drivers/CMSIS/Include/cmsis_gcc.h ****    __ASM volatile ("lda %0, %1" : "=r" (result) : "Q" (*ptr) : "memory" );
 797:Drivers/CMSIS/Include/cmsis_gcc.h ****    return(result);
 798:Drivers/CMSIS/Include/cmsis_gcc.h **** }
 799:Drivers/CMSIS/Include/cmsis_gcc.h **** 
 800:Drivers/CMSIS/Include/cmsis_gcc.h **** 
 801:Drivers/CMSIS/Include/cmsis_gcc.h **** /**
 802:Drivers/CMSIS/Include/cmsis_gcc.h ****   \brief   Store-Release (8 bit)
 803:Drivers/CMSIS/Include/cmsis_gcc.h ****   \details Executes a STLB instruction for 8 bit values.
 804:Drivers/CMSIS/Include/cmsis_gcc.h ****   \param [in]  value  Value to store
 805:Drivers/CMSIS/Include/cmsis_gcc.h ****   \param [in]    ptr  Pointer to location
 806:Drivers/CMSIS/Include/cmsis_gcc.h ****  */
 807:Drivers/CMSIS/Include/cmsis_gcc.h **** __STATIC_FORCEINLINE void __STLB(uint8_t value, volatile uint8_t *ptr)
 808:Drivers/CMSIS/Include/cmsis_gcc.h **** {
 809:Drivers/CMSIS/Include/cmsis_gcc.h ****    __ASM volatile ("stlb %1, %0" : "=Q" (*ptr) : "r" ((uint32_t)value) : "memory" );
 810:Drivers/CMSIS/Include/cmsis_gcc.h **** }
 811:Drivers/CMSIS/Include/cmsis_gcc.h **** 
 812:Drivers/CMSIS/Include/cmsis_gcc.h **** 
 813:Drivers/CMSIS/Include/cmsis_gcc.h **** /**
 814:Drivers/CMSIS/Include/cmsis_gcc.h ****   \brief   Store-Release (16 bit)
 815:Drivers/CMSIS/Include/cmsis_gcc.h ****   \details Executes a STLH instruction for 16 bit values.
 816:Drivers/CMSIS/Include/cmsis_gcc.h ****   \param [in]  value  Value to store
 817:Drivers/CMSIS/Include/cmsis_gcc.h ****   \param [in]    ptr  Pointer to location
 818:Drivers/CMSIS/Include/cmsis_gcc.h ****  */
 819:Drivers/CMSIS/Include/cmsis_gcc.h **** __STATIC_FORCEINLINE void __STLH(uint16_t value, volatile uint16_t *ptr)
 820:Drivers/CMSIS/Include/cmsis_gcc.h **** {
 821:Drivers/CMSIS/Include/cmsis_gcc.h ****    __ASM volatile ("stlh %1, %0" : "=Q" (*ptr) : "r" ((uint32_t)value) : "memory" );
ARM GAS  C:\Users\techn\AppData\Local\Temp\ccy0OLmH.s 			page 33


 822:Drivers/CMSIS/Include/cmsis_gcc.h **** }
 823:Drivers/CMSIS/Include/cmsis_gcc.h **** 
 824:Drivers/CMSIS/Include/cmsis_gcc.h **** 
 825:Drivers/CMSIS/Include/cmsis_gcc.h **** /**
 826:Drivers/CMSIS/Include/cmsis_gcc.h ****   \brief   Store-Release (32 bit)
 827:Drivers/CMSIS/Include/cmsis_gcc.h ****   \details Executes a STL instruction for 32 bit values.
 828:Drivers/CMSIS/Include/cmsis_gcc.h ****   \param [in]  value  Value to store
 829:Drivers/CMSIS/Include/cmsis_gcc.h ****   \param [in]    ptr  Pointer to location
 830:Drivers/CMSIS/Include/cmsis_gcc.h ****  */
 831:Drivers/CMSIS/Include/cmsis_gcc.h **** __STATIC_FORCEINLINE void __STL(uint32_t value, volatile uint32_t *ptr)
 832:Drivers/CMSIS/Include/cmsis_gcc.h **** {
 833:Drivers/CMSIS/Include/cmsis_gcc.h ****    __ASM volatile ("stl %1, %0" : "=Q" (*ptr) : "r" ((uint32_t)value) : "memory" );
 834:Drivers/CMSIS/Include/cmsis_gcc.h **** }
 835:Drivers/CMSIS/Include/cmsis_gcc.h **** 
 836:Drivers/CMSIS/Include/cmsis_gcc.h **** 
 837:Drivers/CMSIS/Include/cmsis_gcc.h **** /**
 838:Drivers/CMSIS/Include/cmsis_gcc.h ****   \brief   Load-Acquire Exclusive (8 bit)
 839:Drivers/CMSIS/Include/cmsis_gcc.h ****   \details Executes a LDAB exclusive instruction for 8 bit value.
 840:Drivers/CMSIS/Include/cmsis_gcc.h ****   \param [in]    ptr  Pointer to data
 841:Drivers/CMSIS/Include/cmsis_gcc.h ****   \return             value of type uint8_t at (*ptr)
 842:Drivers/CMSIS/Include/cmsis_gcc.h ****  */
 843:Drivers/CMSIS/Include/cmsis_gcc.h **** __STATIC_FORCEINLINE uint8_t __LDAEXB(volatile uint8_t *ptr)
 844:Drivers/CMSIS/Include/cmsis_gcc.h **** {
 845:Drivers/CMSIS/Include/cmsis_gcc.h ****     uint32_t result;
 846:Drivers/CMSIS/Include/cmsis_gcc.h **** 
 847:Drivers/CMSIS/Include/cmsis_gcc.h ****    __ASM volatile ("ldaexb %0, %1" : "=r" (result) : "Q" (*ptr) : "memory" );
 848:Drivers/CMSIS/Include/cmsis_gcc.h ****    return ((uint8_t) result);
 849:Drivers/CMSIS/Include/cmsis_gcc.h **** }
 850:Drivers/CMSIS/Include/cmsis_gcc.h **** 
 851:Drivers/CMSIS/Include/cmsis_gcc.h **** 
 852:Drivers/CMSIS/Include/cmsis_gcc.h **** /**
 853:Drivers/CMSIS/Include/cmsis_gcc.h ****   \brief   Load-Acquire Exclusive (16 bit)
 854:Drivers/CMSIS/Include/cmsis_gcc.h ****   \details Executes a LDAH exclusive instruction for 16 bit values.
 855:Drivers/CMSIS/Include/cmsis_gcc.h ****   \param [in]    ptr  Pointer to data
 856:Drivers/CMSIS/Include/cmsis_gcc.h ****   \return        value of type uint16_t at (*ptr)
 857:Drivers/CMSIS/Include/cmsis_gcc.h ****  */
 858:Drivers/CMSIS/Include/cmsis_gcc.h **** __STATIC_FORCEINLINE uint16_t __LDAEXH(volatile uint16_t *ptr)
 859:Drivers/CMSIS/Include/cmsis_gcc.h **** {
 860:Drivers/CMSIS/Include/cmsis_gcc.h ****     uint32_t result;
 861:Drivers/CMSIS/Include/cmsis_gcc.h **** 
 862:Drivers/CMSIS/Include/cmsis_gcc.h ****    __ASM volatile ("ldaexh %0, %1" : "=r" (result) : "Q" (*ptr) : "memory" );
 863:Drivers/CMSIS/Include/cmsis_gcc.h ****    return ((uint16_t) result);
 864:Drivers/CMSIS/Include/cmsis_gcc.h **** }
 865:Drivers/CMSIS/Include/cmsis_gcc.h **** 
 866:Drivers/CMSIS/Include/cmsis_gcc.h **** 
 867:Drivers/CMSIS/Include/cmsis_gcc.h **** /**
 868:Drivers/CMSIS/Include/cmsis_gcc.h ****   \brief   Load-Acquire Exclusive (32 bit)
 869:Drivers/CMSIS/Include/cmsis_gcc.h ****   \details Executes a LDA exclusive instruction for 32 bit values.
 870:Drivers/CMSIS/Include/cmsis_gcc.h ****   \param [in]    ptr  Pointer to data
 871:Drivers/CMSIS/Include/cmsis_gcc.h ****   \return        value of type uint32_t at (*ptr)
 872:Drivers/CMSIS/Include/cmsis_gcc.h ****  */
 873:Drivers/CMSIS/Include/cmsis_gcc.h **** __STATIC_FORCEINLINE uint32_t __LDAEX(volatile uint32_t *ptr)
 874:Drivers/CMSIS/Include/cmsis_gcc.h **** {
 875:Drivers/CMSIS/Include/cmsis_gcc.h ****     uint32_t result;
 876:Drivers/CMSIS/Include/cmsis_gcc.h **** 
 877:Drivers/CMSIS/Include/cmsis_gcc.h ****    __ASM volatile ("ldaex %0, %1" : "=r" (result) : "Q" (*ptr) : "memory" );
 878:Drivers/CMSIS/Include/cmsis_gcc.h ****    return(result);
ARM GAS  C:\Users\techn\AppData\Local\Temp\ccy0OLmH.s 			page 34


 879:Drivers/CMSIS/Include/cmsis_gcc.h **** }
 880:Drivers/CMSIS/Include/cmsis_gcc.h **** 
 881:Drivers/CMSIS/Include/cmsis_gcc.h **** 
 882:Drivers/CMSIS/Include/cmsis_gcc.h **** /**
 883:Drivers/CMSIS/Include/cmsis_gcc.h ****   \brief   Store-Release Exclusive (8 bit)
 884:Drivers/CMSIS/Include/cmsis_gcc.h ****   \details Executes a STLB exclusive instruction for 8 bit values.
 885:Drivers/CMSIS/Include/cmsis_gcc.h ****   \param [in]  value  Value to store
 886:Drivers/CMSIS/Include/cmsis_gcc.h ****   \param [in]    ptr  Pointer to location
 887:Drivers/CMSIS/Include/cmsis_gcc.h ****   \return          0  Function succeeded
 888:Drivers/CMSIS/Include/cmsis_gcc.h ****   \return          1  Function failed
 889:Drivers/CMSIS/Include/cmsis_gcc.h ****  */
 890:Drivers/CMSIS/Include/cmsis_gcc.h **** __STATIC_FORCEINLINE uint32_t __STLEXB(uint8_t value, volatile uint8_t *ptr)
 891:Drivers/CMSIS/Include/cmsis_gcc.h **** {
 892:Drivers/CMSIS/Include/cmsis_gcc.h ****    uint32_t result;
 893:Drivers/CMSIS/Include/cmsis_gcc.h **** 
 894:Drivers/CMSIS/Include/cmsis_gcc.h ****    __ASM volatile ("stlexb %0, %2, %1" : "=&r" (result), "=Q" (*ptr) : "r" ((uint32_t)value) : "mem
 895:Drivers/CMSIS/Include/cmsis_gcc.h ****    return(result);
 896:Drivers/CMSIS/Include/cmsis_gcc.h **** }
 897:Drivers/CMSIS/Include/cmsis_gcc.h **** 
 898:Drivers/CMSIS/Include/cmsis_gcc.h **** 
 899:Drivers/CMSIS/Include/cmsis_gcc.h **** /**
 900:Drivers/CMSIS/Include/cmsis_gcc.h ****   \brief   Store-Release Exclusive (16 bit)
 901:Drivers/CMSIS/Include/cmsis_gcc.h ****   \details Executes a STLH exclusive instruction for 16 bit values.
 902:Drivers/CMSIS/Include/cmsis_gcc.h ****   \param [in]  value  Value to store
 903:Drivers/CMSIS/Include/cmsis_gcc.h ****   \param [in]    ptr  Pointer to location
 904:Drivers/CMSIS/Include/cmsis_gcc.h ****   \return          0  Function succeeded
 905:Drivers/CMSIS/Include/cmsis_gcc.h ****   \return          1  Function failed
 906:Drivers/CMSIS/Include/cmsis_gcc.h ****  */
 907:Drivers/CMSIS/Include/cmsis_gcc.h **** __STATIC_FORCEINLINE uint32_t __STLEXH(uint16_t value, volatile uint16_t *ptr)
 908:Drivers/CMSIS/Include/cmsis_gcc.h **** {
 909:Drivers/CMSIS/Include/cmsis_gcc.h ****    uint32_t result;
 910:Drivers/CMSIS/Include/cmsis_gcc.h **** 
 911:Drivers/CMSIS/Include/cmsis_gcc.h ****    __ASM volatile ("stlexh %0, %2, %1" : "=&r" (result), "=Q" (*ptr) : "r" ((uint32_t)value) : "mem
 912:Drivers/CMSIS/Include/cmsis_gcc.h ****    return(result);
 913:Drivers/CMSIS/Include/cmsis_gcc.h **** }
 914:Drivers/CMSIS/Include/cmsis_gcc.h **** 
 915:Drivers/CMSIS/Include/cmsis_gcc.h **** 
 916:Drivers/CMSIS/Include/cmsis_gcc.h **** /**
 917:Drivers/CMSIS/Include/cmsis_gcc.h ****   \brief   Store-Release Exclusive (32 bit)
 918:Drivers/CMSIS/Include/cmsis_gcc.h ****   \details Executes a STL exclusive instruction for 32 bit values.
 919:Drivers/CMSIS/Include/cmsis_gcc.h ****   \param [in]  value  Value to store
 920:Drivers/CMSIS/Include/cmsis_gcc.h ****   \param [in]    ptr  Pointer to location
 921:Drivers/CMSIS/Include/cmsis_gcc.h ****   \return          0  Function succeeded
 922:Drivers/CMSIS/Include/cmsis_gcc.h ****   \return          1  Function failed
 923:Drivers/CMSIS/Include/cmsis_gcc.h ****  */
 924:Drivers/CMSIS/Include/cmsis_gcc.h **** __STATIC_FORCEINLINE uint32_t __STLEX(uint32_t value, volatile uint32_t *ptr)
 925:Drivers/CMSIS/Include/cmsis_gcc.h **** {
 926:Drivers/CMSIS/Include/cmsis_gcc.h ****    uint32_t result;
 927:Drivers/CMSIS/Include/cmsis_gcc.h **** 
 928:Drivers/CMSIS/Include/cmsis_gcc.h ****    __ASM volatile ("stlex %0, %2, %1" : "=&r" (result), "=Q" (*ptr) : "r" ((uint32_t)value) : "memo
 929:Drivers/CMSIS/Include/cmsis_gcc.h ****    return(result);
 930:Drivers/CMSIS/Include/cmsis_gcc.h **** }
 931:Drivers/CMSIS/Include/cmsis_gcc.h **** 
 932:Drivers/CMSIS/Include/cmsis_gcc.h **** #endif /* ((defined (__ARM_ARCH_8M_MAIN__ ) && (__ARM_ARCH_8M_MAIN__ == 1)) || \
 933:Drivers/CMSIS/Include/cmsis_gcc.h ****            (defined (__ARM_ARCH_8M_BASE__ ) && (__ARM_ARCH_8M_BASE__ == 1))    ) */
 934:Drivers/CMSIS/Include/cmsis_gcc.h **** 
 935:Drivers/CMSIS/Include/cmsis_gcc.h **** /*@}*/ /* end of group CMSIS_Core_InstructionInterface */
ARM GAS  C:\Users\techn\AppData\Local\Temp\ccy0OLmH.s 			page 35


 936:Drivers/CMSIS/Include/cmsis_gcc.h **** 
 937:Drivers/CMSIS/Include/cmsis_gcc.h **** 
 938:Drivers/CMSIS/Include/cmsis_gcc.h **** /* ###########################  Core Function Access  ########################### */
 939:Drivers/CMSIS/Include/cmsis_gcc.h **** /** \ingroup  CMSIS_Core_FunctionInterface
 940:Drivers/CMSIS/Include/cmsis_gcc.h ****     \defgroup CMSIS_Core_RegAccFunctions CMSIS Core Register Access Functions
 941:Drivers/CMSIS/Include/cmsis_gcc.h ****   @{
 942:Drivers/CMSIS/Include/cmsis_gcc.h ****  */
 943:Drivers/CMSIS/Include/cmsis_gcc.h **** 
 944:Drivers/CMSIS/Include/cmsis_gcc.h **** /**
 945:Drivers/CMSIS/Include/cmsis_gcc.h ****   \brief   Enable IRQ Interrupts
 946:Drivers/CMSIS/Include/cmsis_gcc.h ****   \details Enables IRQ interrupts by clearing special-purpose register PRIMASK.
 947:Drivers/CMSIS/Include/cmsis_gcc.h ****            Can only be executed in Privileged modes.
 948:Drivers/CMSIS/Include/cmsis_gcc.h ****  */
 949:Drivers/CMSIS/Include/cmsis_gcc.h **** __STATIC_FORCEINLINE void __enable_irq(void)
 950:Drivers/CMSIS/Include/cmsis_gcc.h **** {
 951:Drivers/CMSIS/Include/cmsis_gcc.h ****   __ASM volatile ("cpsie i" : : : "memory");
 952:Drivers/CMSIS/Include/cmsis_gcc.h **** }
 953:Drivers/CMSIS/Include/cmsis_gcc.h **** 
 954:Drivers/CMSIS/Include/cmsis_gcc.h **** 
 955:Drivers/CMSIS/Include/cmsis_gcc.h **** /**
 956:Drivers/CMSIS/Include/cmsis_gcc.h ****   \brief   Disable IRQ Interrupts
 957:Drivers/CMSIS/Include/cmsis_gcc.h ****   \details Disables IRQ interrupts by setting special-purpose register PRIMASK.
 958:Drivers/CMSIS/Include/cmsis_gcc.h ****            Can only be executed in Privileged modes.
 959:Drivers/CMSIS/Include/cmsis_gcc.h ****  */
 960:Drivers/CMSIS/Include/cmsis_gcc.h **** __STATIC_FORCEINLINE void __disable_irq(void)
 500              		.loc 2 960 27 view .LVU95
 501              	.LBB11:
 961:Drivers/CMSIS/Include/cmsis_gcc.h **** {
 962:Drivers/CMSIS/Include/cmsis_gcc.h ****   __ASM volatile ("cpsid i" : : : "memory");
 502              		.loc 2 962 3 view .LVU96
 503              		.syntax unified
 504              	@ 962 "Drivers/CMSIS/Include/cmsis_gcc.h" 1
 505 0000 72B6     		cpsid i
 506              	@ 0 "" 2
 507              		.thumb
 508              		.syntax unified
 509              	.L25:
 510              	.LBE11:
 511              	.LBE10:
 465:Core/Src/main.c ****   while (1)
 512              		.loc 1 465 3 view .LVU97
 466:Core/Src/main.c ****   {
 467:Core/Src/main.c ****   }
 513              		.loc 1 467 3 view .LVU98
 465:Core/Src/main.c ****   while (1)
 514              		.loc 1 465 9 view .LVU99
 515 0002 FEE7     		b	.L25
 516              		.cfi_endproc
 517              	.LFE144:
 519              		.section	.text.MX_TIM2_Init,"ax",%progbits
 520              		.align	1
 521              		.syntax unified
 522              		.thumb
 523              		.thumb_func
 525              	MX_TIM2_Init:
 526              	.LFB139:
 203:Core/Src/main.c **** 
ARM GAS  C:\Users\techn\AppData\Local\Temp\ccy0OLmH.s 			page 36


 527              		.loc 1 203 1 view -0
 528              		.cfi_startproc
 529              		@ args = 0, pretend = 0, frame = 56
 530              		@ frame_needed = 0, uses_anonymous_args = 0
 531 0000 00B5     		push	{lr}
 532              	.LCFI7:
 533              		.cfi_def_cfa_offset 4
 534              		.cfi_offset 14, -4
 535 0002 8FB0     		sub	sp, sp, #60
 536              	.LCFI8:
 537              		.cfi_def_cfa_offset 64
 209:Core/Src/main.c ****   TIM_MasterConfigTypeDef sMasterConfig = {0};
 538              		.loc 1 209 3 view .LVU101
 209:Core/Src/main.c ****   TIM_MasterConfigTypeDef sMasterConfig = {0};
 539              		.loc 1 209 26 is_stmt 0 view .LVU102
 540 0004 0023     		movs	r3, #0
 541 0006 0A93     		str	r3, [sp, #40]
 542 0008 0B93     		str	r3, [sp, #44]
 543 000a 0C93     		str	r3, [sp, #48]
 544 000c 0D93     		str	r3, [sp, #52]
 210:Core/Src/main.c ****   TIM_OC_InitTypeDef sConfigOC = {0};
 545              		.loc 1 210 3 is_stmt 1 view .LVU103
 210:Core/Src/main.c ****   TIM_OC_InitTypeDef sConfigOC = {0};
 546              		.loc 1 210 27 is_stmt 0 view .LVU104
 547 000e 0893     		str	r3, [sp, #32]
 548 0010 0993     		str	r3, [sp, #36]
 211:Core/Src/main.c **** 
 549              		.loc 1 211 3 is_stmt 1 view .LVU105
 211:Core/Src/main.c **** 
 550              		.loc 1 211 22 is_stmt 0 view .LVU106
 551 0012 0193     		str	r3, [sp, #4]
 552 0014 0293     		str	r3, [sp, #8]
 553 0016 0393     		str	r3, [sp, #12]
 554 0018 0493     		str	r3, [sp, #16]
 555 001a 0593     		str	r3, [sp, #20]
 556 001c 0693     		str	r3, [sp, #24]
 557 001e 0793     		str	r3, [sp, #28]
 216:Core/Src/main.c ****   htim2.Init.Prescaler = 0;
 558              		.loc 1 216 3 is_stmt 1 view .LVU107
 216:Core/Src/main.c ****   htim2.Init.Prescaler = 0;
 559              		.loc 1 216 18 is_stmt 0 view .LVU108
 560 0020 3548     		ldr	r0, .L40
 561 0022 4FF08042 		mov	r2, #1073741824
 562 0026 0260     		str	r2, [r0]
 217:Core/Src/main.c ****   htim2.Init.CounterMode = TIM_COUNTERMODE_UP;
 563              		.loc 1 217 3 is_stmt 1 view .LVU109
 217:Core/Src/main.c ****   htim2.Init.CounterMode = TIM_COUNTERMODE_UP;
 564              		.loc 1 217 24 is_stmt 0 view .LVU110
 565 0028 4360     		str	r3, [r0, #4]
 218:Core/Src/main.c **** //  htim2.Init.Period = 4294967295;
 566              		.loc 1 218 3 is_stmt 1 view .LVU111
 218:Core/Src/main.c **** //  htim2.Init.Period = 4294967295;
 567              		.loc 1 218 26 is_stmt 0 view .LVU112
 568 002a 8360     		str	r3, [r0, #8]
 220:Core/Src/main.c ****   htim2.Init.ClockDivision = TIM_CLOCKDIVISION_DIV1;
 569              		.loc 1 220 3 is_stmt 1 view .LVU113
 220:Core/Src/main.c ****   htim2.Init.ClockDivision = TIM_CLOCKDIVISION_DIV1;
ARM GAS  C:\Users\techn\AppData\Local\Temp\ccy0OLmH.s 			page 37


 570              		.loc 1 220 21 is_stmt 0 view .LVU114
 571 002c 334A     		ldr	r2, .L40+4
 572 002e 1268     		ldr	r2, [r2]
 573 0030 C260     		str	r2, [r0, #12]
 221:Core/Src/main.c ****   htim2.Init.AutoReloadPreload = TIM_AUTORELOAD_PRELOAD_DISABLE;
 574              		.loc 1 221 3 is_stmt 1 view .LVU115
 221:Core/Src/main.c ****   htim2.Init.AutoReloadPreload = TIM_AUTORELOAD_PRELOAD_DISABLE;
 575              		.loc 1 221 28 is_stmt 0 view .LVU116
 576 0032 0361     		str	r3, [r0, #16]
 222:Core/Src/main.c ****   if (HAL_TIM_Base_Init(&htim2) != HAL_OK)
 577              		.loc 1 222 3 is_stmt 1 view .LVU117
 222:Core/Src/main.c ****   if (HAL_TIM_Base_Init(&htim2) != HAL_OK)
 578              		.loc 1 222 32 is_stmt 0 view .LVU118
 579 0034 8361     		str	r3, [r0, #24]
 223:Core/Src/main.c ****   {
 580              		.loc 1 223 3 is_stmt 1 view .LVU119
 223:Core/Src/main.c ****   {
 581              		.loc 1 223 7 is_stmt 0 view .LVU120
 582 0036 FFF7FEFF 		bl	HAL_TIM_Base_Init
 583              	.LVL27:
 223:Core/Src/main.c ****   {
 584              		.loc 1 223 6 discriminator 1 view .LVU121
 585 003a 0028     		cmp	r0, #0
 586 003c 50D1     		bne	.L34
 227:Core/Src/main.c ****   if (HAL_TIM_ConfigClockSource(&htim2, &sClockSourceConfig) != HAL_OK)
 587              		.loc 1 227 3 is_stmt 1 view .LVU122
 227:Core/Src/main.c ****   if (HAL_TIM_ConfigClockSource(&htim2, &sClockSourceConfig) != HAL_OK)
 588              		.loc 1 227 34 is_stmt 0 view .LVU123
 589 003e 4FF48053 		mov	r3, #4096
 590 0042 0A93     		str	r3, [sp, #40]
 228:Core/Src/main.c ****   {
 591              		.loc 1 228 3 is_stmt 1 view .LVU124
 228:Core/Src/main.c ****   {
 592              		.loc 1 228 7 is_stmt 0 view .LVU125
 593 0044 0AA9     		add	r1, sp, #40
 594 0046 2C48     		ldr	r0, .L40
 595 0048 FFF7FEFF 		bl	HAL_TIM_ConfigClockSource
 596              	.LVL28:
 228:Core/Src/main.c ****   {
 597              		.loc 1 228 6 discriminator 1 view .LVU126
 598 004c 0028     		cmp	r0, #0
 599 004e 49D1     		bne	.L35
 232:Core/Src/main.c ****   {
 600              		.loc 1 232 3 is_stmt 1 view .LVU127
 232:Core/Src/main.c ****   {
 601              		.loc 1 232 7 is_stmt 0 view .LVU128
 602 0050 2948     		ldr	r0, .L40
 603 0052 FFF7FEFF 		bl	HAL_TIM_OC_Init
 604              	.LVL29:
 232:Core/Src/main.c ****   {
 605              		.loc 1 232 6 discriminator 1 view .LVU129
 606 0056 0028     		cmp	r0, #0
 607 0058 46D1     		bne	.L36
 236:Core/Src/main.c ****   sMasterConfig.MasterSlaveMode = TIM_MASTERSLAVEMODE_DISABLE;
 608              		.loc 1 236 3 is_stmt 1 view .LVU130
 236:Core/Src/main.c ****   sMasterConfig.MasterSlaveMode = TIM_MASTERSLAVEMODE_DISABLE;
 609              		.loc 1 236 37 is_stmt 0 view .LVU131
ARM GAS  C:\Users\techn\AppData\Local\Temp\ccy0OLmH.s 			page 38


 610 005a 0023     		movs	r3, #0
 611 005c 0893     		str	r3, [sp, #32]
 237:Core/Src/main.c ****   if (HAL_TIMEx_MasterConfigSynchronization(&htim2, &sMasterConfig) != HAL_OK)
 612              		.loc 1 237 3 is_stmt 1 view .LVU132
 237:Core/Src/main.c ****   if (HAL_TIMEx_MasterConfigSynchronization(&htim2, &sMasterConfig) != HAL_OK)
 613              		.loc 1 237 33 is_stmt 0 view .LVU133
 614 005e 0993     		str	r3, [sp, #36]
 238:Core/Src/main.c ****   {
 615              		.loc 1 238 3 is_stmt 1 view .LVU134
 238:Core/Src/main.c ****   {
 616              		.loc 1 238 7 is_stmt 0 view .LVU135
 617 0060 08A9     		add	r1, sp, #32
 618 0062 2548     		ldr	r0, .L40
 619 0064 FFF7FEFF 		bl	HAL_TIMEx_MasterConfigSynchronization
 620              	.LVL30:
 238:Core/Src/main.c ****   {
 621              		.loc 1 238 6 discriminator 1 view .LVU136
 622 0068 0028     		cmp	r0, #0
 623 006a 3FD1     		bne	.L37
 242:Core/Src/main.c ****   sConfigOC.Pulse = 0;
 624              		.loc 1 242 3 is_stmt 1 view .LVU137
 242:Core/Src/main.c ****   sConfigOC.Pulse = 0;
 625              		.loc 1 242 20 is_stmt 0 view .LVU138
 626 006c 0022     		movs	r2, #0
 627 006e 0192     		str	r2, [sp, #4]
 243:Core/Src/main.c ****   sConfigOC.OCPolarity = TIM_OCPOLARITY_HIGH;
 628              		.loc 1 243 3 is_stmt 1 view .LVU139
 243:Core/Src/main.c ****   sConfigOC.OCPolarity = TIM_OCPOLARITY_HIGH;
 629              		.loc 1 243 19 is_stmt 0 view .LVU140
 630 0070 0292     		str	r2, [sp, #8]
 244:Core/Src/main.c ****   sConfigOC.OCFastMode = TIM_OCFAST_DISABLE;
 631              		.loc 1 244 3 is_stmt 1 view .LVU141
 244:Core/Src/main.c ****   sConfigOC.OCFastMode = TIM_OCFAST_DISABLE;
 632              		.loc 1 244 24 is_stmt 0 view .LVU142
 633 0072 0392     		str	r2, [sp, #12]
 245:Core/Src/main.c ****   if (HAL_TIM_OC_ConfigChannel(&htim2, &sConfigOC, TIM_CHANNEL_1) != HAL_OK)
 634              		.loc 1 245 3 is_stmt 1 view .LVU143
 245:Core/Src/main.c ****   if (HAL_TIM_OC_ConfigChannel(&htim2, &sConfigOC, TIM_CHANNEL_1) != HAL_OK)
 635              		.loc 1 245 24 is_stmt 0 view .LVU144
 636 0074 0592     		str	r2, [sp, #20]
 246:Core/Src/main.c ****   {
 637              		.loc 1 246 3 is_stmt 1 view .LVU145
 246:Core/Src/main.c ****   {
 638              		.loc 1 246 7 is_stmt 0 view .LVU146
 639 0076 01A9     		add	r1, sp, #4
 640 0078 1F48     		ldr	r0, .L40
 641 007a FFF7FEFF 		bl	HAL_TIM_OC_ConfigChannel
 642              	.LVL31:
 246:Core/Src/main.c ****   {
 643              		.loc 1 246 6 discriminator 1 view .LVU147
 644 007e 0028     		cmp	r0, #0
 645 0080 36D1     		bne	.L38
 252:Core/Src/main.c **** 
 646              		.loc 1 252 3 is_stmt 1 view .LVU148
 647              	.LBB12:
 252:Core/Src/main.c **** 
 648              		.loc 1 252 3 view .LVU149
ARM GAS  C:\Users\techn\AppData\Local\Temp\ccy0OLmH.s 			page 39


 649 0082 0023     		movs	r3, #0
 650 0084 0093     		str	r3, [sp]
 252:Core/Src/main.c **** 
 651              		.loc 1 252 3 view .LVU150
 652 0086 1E4A     		ldr	r2, .L40+8
 653 0088 116B     		ldr	r1, [r2, #48]
 654 008a 41F40011 		orr	r1, r1, #2097152
 655 008e 1163     		str	r1, [r2, #48]
 252:Core/Src/main.c **** 
 656              		.loc 1 252 3 view .LVU151
 657 0090 126B     		ldr	r2, [r2, #48]
 658 0092 02F40012 		and	r2, r2, #2097152
 659 0096 0092     		str	r2, [sp]
 252:Core/Src/main.c **** 
 660              		.loc 1 252 3 view .LVU152
 661 0098 009A     		ldr	r2, [sp]
 662              	.LBE12:
 252:Core/Src/main.c **** 
 663              		.loc 1 252 3 view .LVU153
 254:Core/Src/main.c ****   hdma_tim2_ch1.Init.Channel = DMA_CHANNEL_3;         // TIM2_CH1 is on channel 3
 664              		.loc 1 254 3 view .LVU154
 254:Core/Src/main.c ****   hdma_tim2_ch1.Init.Channel = DMA_CHANNEL_3;         // TIM2_CH1 is on channel 3
 665              		.loc 1 254 26 is_stmt 0 view .LVU155
 666 009a 1A48     		ldr	r0, .L40+12
 667 009c 1A4A     		ldr	r2, .L40+16
 668 009e 0260     		str	r2, [r0]
 255:Core/Src/main.c ****   hdma_tim2_ch1.Init.Direction = DMA_MEMORY_TO_PERIPH; // Memory -> TIM3->CCR3
 669              		.loc 1 255 3 is_stmt 1 view .LVU156
 255:Core/Src/main.c ****   hdma_tim2_ch1.Init.Direction = DMA_MEMORY_TO_PERIPH; // Memory -> TIM3->CCR3
 670              		.loc 1 255 30 is_stmt 0 view .LVU157
 671 00a0 4FF0C062 		mov	r2, #100663296
 672 00a4 4260     		str	r2, [r0, #4]
 256:Core/Src/main.c ****   hdma_tim2_ch1.Init.PeriphInc = DMA_PINC_DISABLE;    // Peripheral address fixed
 673              		.loc 1 256 3 is_stmt 1 view .LVU158
 256:Core/Src/main.c ****   hdma_tim2_ch1.Init.PeriphInc = DMA_PINC_DISABLE;    // Peripheral address fixed
 674              		.loc 1 256 32 is_stmt 0 view .LVU159
 675 00a6 4022     		movs	r2, #64
 676 00a8 8260     		str	r2, [r0, #8]
 257:Core/Src/main.c ****   hdma_tim2_ch1.Init.MemInc = DMA_MINC_ENABLE;        // Memory address increments
 677              		.loc 1 257 3 is_stmt 1 view .LVU160
 257:Core/Src/main.c ****   hdma_tim2_ch1.Init.MemInc = DMA_MINC_ENABLE;        // Memory address increments
 678              		.loc 1 257 32 is_stmt 0 view .LVU161
 679 00aa C360     		str	r3, [r0, #12]
 258:Core/Src/main.c ****   hdma_tim2_ch1.Init.PeriphDataAlignment = DMA_PDATAALIGN_WORD;
 680              		.loc 1 258 3 is_stmt 1 view .LVU162
 258:Core/Src/main.c ****   hdma_tim2_ch1.Init.PeriphDataAlignment = DMA_PDATAALIGN_WORD;
 681              		.loc 1 258 29 is_stmt 0 view .LVU163
 682 00ac 4FF48062 		mov	r2, #1024
 683 00b0 0261     		str	r2, [r0, #16]
 259:Core/Src/main.c ****   hdma_tim2_ch1.Init.MemDataAlignment = DMA_MDATAALIGN_WORD;
 684              		.loc 1 259 3 is_stmt 1 view .LVU164
 259:Core/Src/main.c ****   hdma_tim2_ch1.Init.MemDataAlignment = DMA_MDATAALIGN_WORD;
 685              		.loc 1 259 42 is_stmt 0 view .LVU165
 686 00b2 4FF48052 		mov	r2, #4096
 687 00b6 4261     		str	r2, [r0, #20]
 260:Core/Src/main.c ****   hdma_tim2_ch1.Init.Mode = DMA_CIRCULAR;            // Repeat LUT automatically
 688              		.loc 1 260 3 is_stmt 1 view .LVU166
ARM GAS  C:\Users\techn\AppData\Local\Temp\ccy0OLmH.s 			page 40


 260:Core/Src/main.c ****   hdma_tim2_ch1.Init.Mode = DMA_CIRCULAR;            // Repeat LUT automatically
 689              		.loc 1 260 39 is_stmt 0 view .LVU167
 690 00b8 4FF48042 		mov	r2, #16384
 691 00bc 8261     		str	r2, [r0, #24]
 261:Core/Src/main.c ****   hdma_tim2_ch1.Init.Priority = DMA_PRIORITY_HIGH;
 692              		.loc 1 261 3 is_stmt 1 view .LVU168
 261:Core/Src/main.c ****   hdma_tim2_ch1.Init.Priority = DMA_PRIORITY_HIGH;
 693              		.loc 1 261 27 is_stmt 0 view .LVU169
 694 00be 4FF48072 		mov	r2, #256
 695 00c2 C261     		str	r2, [r0, #28]
 262:Core/Src/main.c ****   hdma_tim2_ch1.Init.FIFOMode = DMA_FIFOMODE_DISABLE;
 696              		.loc 1 262 3 is_stmt 1 view .LVU170
 262:Core/Src/main.c ****   hdma_tim2_ch1.Init.FIFOMode = DMA_FIFOMODE_DISABLE;
 697              		.loc 1 262 31 is_stmt 0 view .LVU171
 698 00c4 4FF40032 		mov	r2, #131072
 699 00c8 0262     		str	r2, [r0, #32]
 263:Core/Src/main.c **** 
 700              		.loc 1 263 3 is_stmt 1 view .LVU172
 263:Core/Src/main.c **** 
 701              		.loc 1 263 31 is_stmt 0 view .LVU173
 702 00ca 4362     		str	r3, [r0, #36]
 265:Core/Src/main.c ****   {
 703              		.loc 1 265 3 is_stmt 1 view .LVU174
 265:Core/Src/main.c ****   {
 704              		.loc 1 265 7 is_stmt 0 view .LVU175
 705 00cc FFF7FEFF 		bl	HAL_DMA_Init
 706              	.LVL32:
 265:Core/Src/main.c ****   {
 707              		.loc 1 265 6 discriminator 1 view .LVU176
 708 00d0 80B9     		cbnz	r0, .L39
 271:Core/Src/main.c ****   /* USER CODE END TIM2_Init 2 */
 709              		.loc 1 271 3 is_stmt 1 view .LVU177
 271:Core/Src/main.c ****   /* USER CODE END TIM2_Init 2 */
 710              		.loc 1 271 3 view .LVU178
 711 00d2 094A     		ldr	r2, .L40
 712 00d4 0B4B     		ldr	r3, .L40+12
 713 00d6 5362     		str	r3, [r2, #36]
 271:Core/Src/main.c ****   /* USER CODE END TIM2_Init 2 */
 714              		.loc 1 271 3 view .LVU179
 715 00d8 9A63     		str	r2, [r3, #56]
 271:Core/Src/main.c ****   /* USER CODE END TIM2_Init 2 */
 716              		.loc 1 271 3 view .LVU180
 274:Core/Src/main.c **** 
 717              		.loc 1 274 1 is_stmt 0 view .LVU181
 718 00da 0FB0     		add	sp, sp, #60
 719              	.LCFI9:
 720              		.cfi_remember_state
 721              		.cfi_def_cfa_offset 4
 722              		@ sp needed
 723 00dc 5DF804FB 		ldr	pc, [sp], #4
 724              	.L34:
 725              	.LCFI10:
 726              		.cfi_restore_state
 225:Core/Src/main.c ****   }
 727              		.loc 1 225 5 is_stmt 1 view .LVU182
 728 00e0 FFF7FEFF 		bl	Error_Handler
 729              	.LVL33:
ARM GAS  C:\Users\techn\AppData\Local\Temp\ccy0OLmH.s 			page 41


 730              	.L35:
 230:Core/Src/main.c ****   }
 731              		.loc 1 230 5 view .LVU183
 732 00e4 FFF7FEFF 		bl	Error_Handler
 733              	.LVL34:
 734              	.L36:
 234:Core/Src/main.c ****   }
 735              		.loc 1 234 5 view .LVU184
 736 00e8 FFF7FEFF 		bl	Error_Handler
 737              	.LVL35:
 738              	.L37:
 240:Core/Src/main.c ****   }
 739              		.loc 1 240 5 view .LVU185
 740 00ec FFF7FEFF 		bl	Error_Handler
 741              	.LVL36:
 742              	.L38:
 248:Core/Src/main.c ****   }
 743              		.loc 1 248 5 view .LVU186
 744 00f0 FFF7FEFF 		bl	Error_Handler
 745              	.LVL37:
 746              	.L39:
 267:Core/Src/main.c ****   }
 747              		.loc 1 267 7 view .LVU187
 748 00f4 FFF7FEFF 		bl	Error_Handler
 749              	.LVL38:
 750              	.L41:
 751              		.align	2
 752              	.L40:
 753 00f8 00000000 		.word	htim2
 754 00fc 00000000 		.word	TIM2_Ticks
 755 0100 00380240 		.word	1073887232
 756 0104 00000000 		.word	hdma_tim2_ch1
 757 0108 88600240 		.word	1073897608
 758              		.cfi_endproc
 759              	.LFE139:
 761              		.section	.text.MX_TIM3_Init,"ax",%progbits
 762              		.align	1
 763              		.syntax unified
 764              		.thumb
 765              		.thumb_func
 767              	MX_TIM3_Init:
 768              	.LFB140:
 282:Core/Src/main.c **** 
 769              		.loc 1 282 1 view -0
 770              		.cfi_startproc
 771              		@ args = 0, pretend = 0, frame = 56
 772              		@ frame_needed = 0, uses_anonymous_args = 0
 773 0000 00B5     		push	{lr}
 774              	.LCFI11:
 775              		.cfi_def_cfa_offset 4
 776              		.cfi_offset 14, -4
 777 0002 8FB0     		sub	sp, sp, #60
 778              	.LCFI12:
 779              		.cfi_def_cfa_offset 64
 288:Core/Src/main.c ****   TIM_MasterConfigTypeDef sMasterConfig = {0};
 780              		.loc 1 288 3 view .LVU189
 288:Core/Src/main.c ****   TIM_MasterConfigTypeDef sMasterConfig = {0};
ARM GAS  C:\Users\techn\AppData\Local\Temp\ccy0OLmH.s 			page 42


 781              		.loc 1 288 26 is_stmt 0 view .LVU190
 782 0004 0023     		movs	r3, #0
 783 0006 0A93     		str	r3, [sp, #40]
 784 0008 0B93     		str	r3, [sp, #44]
 785 000a 0C93     		str	r3, [sp, #48]
 786 000c 0D93     		str	r3, [sp, #52]
 289:Core/Src/main.c ****   TIM_OC_InitTypeDef sConfigOC = {0};
 787              		.loc 1 289 3 is_stmt 1 view .LVU191
 289:Core/Src/main.c ****   TIM_OC_InitTypeDef sConfigOC = {0};
 788              		.loc 1 289 27 is_stmt 0 view .LVU192
 789 000e 0893     		str	r3, [sp, #32]
 790 0010 0993     		str	r3, [sp, #36]
 290:Core/Src/main.c **** 
 791              		.loc 1 290 3 is_stmt 1 view .LVU193
 290:Core/Src/main.c **** 
 792              		.loc 1 290 22 is_stmt 0 view .LVU194
 793 0012 0193     		str	r3, [sp, #4]
 794 0014 0293     		str	r3, [sp, #8]
 795 0016 0393     		str	r3, [sp, #12]
 796 0018 0493     		str	r3, [sp, #16]
 797 001a 0593     		str	r3, [sp, #20]
 798 001c 0693     		str	r3, [sp, #24]
 799 001e 0793     		str	r3, [sp, #28]
 295:Core/Src/main.c ****   htim3.Init.Prescaler = 0;
 800              		.loc 1 295 3 is_stmt 1 view .LVU195
 295:Core/Src/main.c ****   htim3.Init.Prescaler = 0;
 801              		.loc 1 295 18 is_stmt 0 view .LVU196
 802 0020 1E48     		ldr	r0, .L54
 803 0022 1F4A     		ldr	r2, .L54+4
 804 0024 0260     		str	r2, [r0]
 296:Core/Src/main.c ****   htim3.Init.CounterMode = TIM_COUNTERMODE_UP;
 805              		.loc 1 296 3 is_stmt 1 view .LVU197
 296:Core/Src/main.c ****   htim3.Init.CounterMode = TIM_COUNTERMODE_UP;
 806              		.loc 1 296 24 is_stmt 0 view .LVU198
 807 0026 4360     		str	r3, [r0, #4]
 297:Core/Src/main.c **** //  htim3.Init.Period = 65535;
 808              		.loc 1 297 3 is_stmt 1 view .LVU199
 297:Core/Src/main.c **** //  htim3.Init.Period = 65535;
 809              		.loc 1 297 26 is_stmt 0 view .LVU200
 810 0028 8360     		str	r3, [r0, #8]
 299:Core/Src/main.c ****   htim3.Init.ClockDivision = TIM_CLOCKDIVISION_DIV1;
 811              		.loc 1 299 3 is_stmt 1 view .LVU201
 299:Core/Src/main.c ****   htim3.Init.ClockDivision = TIM_CLOCKDIVISION_DIV1;
 812              		.loc 1 299 21 is_stmt 0 view .LVU202
 813 002a 40F6FF72 		movw	r2, #4095
 814 002e C260     		str	r2, [r0, #12]
 300:Core/Src/main.c ****   htim3.Init.AutoReloadPreload = TIM_AUTORELOAD_PRELOAD_DISABLE;
 815              		.loc 1 300 3 is_stmt 1 view .LVU203
 300:Core/Src/main.c ****   htim3.Init.AutoReloadPreload = TIM_AUTORELOAD_PRELOAD_DISABLE;
 816              		.loc 1 300 28 is_stmt 0 view .LVU204
 817 0030 0361     		str	r3, [r0, #16]
 301:Core/Src/main.c ****   if (HAL_TIM_Base_Init(&htim3) != HAL_OK)
 818              		.loc 1 301 3 is_stmt 1 view .LVU205
 301:Core/Src/main.c ****   if (HAL_TIM_Base_Init(&htim3) != HAL_OK)
 819              		.loc 1 301 32 is_stmt 0 view .LVU206
 820 0032 8361     		str	r3, [r0, #24]
 302:Core/Src/main.c ****   {
ARM GAS  C:\Users\techn\AppData\Local\Temp\ccy0OLmH.s 			page 43


 821              		.loc 1 302 3 is_stmt 1 view .LVU207
 302:Core/Src/main.c ****   {
 822              		.loc 1 302 7 is_stmt 0 view .LVU208
 823 0034 FFF7FEFF 		bl	HAL_TIM_Base_Init
 824              	.LVL39:
 302:Core/Src/main.c ****   {
 825              		.loc 1 302 6 discriminator 1 view .LVU209
 826 0038 28BB     		cbnz	r0, .L49
 306:Core/Src/main.c ****   if (HAL_TIM_ConfigClockSource(&htim3, &sClockSourceConfig) != HAL_OK)
 827              		.loc 1 306 3 is_stmt 1 view .LVU210
 306:Core/Src/main.c ****   if (HAL_TIM_ConfigClockSource(&htim3, &sClockSourceConfig) != HAL_OK)
 828              		.loc 1 306 34 is_stmt 0 view .LVU211
 829 003a 4FF48053 		mov	r3, #4096
 830 003e 0A93     		str	r3, [sp, #40]
 307:Core/Src/main.c ****   {
 831              		.loc 1 307 3 is_stmt 1 view .LVU212
 307:Core/Src/main.c ****   {
 832              		.loc 1 307 7 is_stmt 0 view .LVU213
 833 0040 0AA9     		add	r1, sp, #40
 834 0042 1648     		ldr	r0, .L54
 835 0044 FFF7FEFF 		bl	HAL_TIM_ConfigClockSource
 836              	.LVL40:
 307:Core/Src/main.c ****   {
 837              		.loc 1 307 6 discriminator 1 view .LVU214
 838 0048 F8B9     		cbnz	r0, .L50
 311:Core/Src/main.c ****   {
 839              		.loc 1 311 3 is_stmt 1 view .LVU215
 311:Core/Src/main.c ****   {
 840              		.loc 1 311 7 is_stmt 0 view .LVU216
 841 004a 1448     		ldr	r0, .L54
 842 004c FFF7FEFF 		bl	HAL_TIM_PWM_Init
 843              	.LVL41:
 311:Core/Src/main.c ****   {
 844              		.loc 1 311 6 discriminator 1 view .LVU217
 845 0050 E8B9     		cbnz	r0, .L51
 315:Core/Src/main.c ****   sMasterConfig.MasterSlaveMode = TIM_MASTERSLAVEMODE_DISABLE;
 846              		.loc 1 315 3 is_stmt 1 view .LVU218
 315:Core/Src/main.c ****   sMasterConfig.MasterSlaveMode = TIM_MASTERSLAVEMODE_DISABLE;
 847              		.loc 1 315 37 is_stmt 0 view .LVU219
 848 0052 0023     		movs	r3, #0
 849 0054 0893     		str	r3, [sp, #32]
 316:Core/Src/main.c ****   if (HAL_TIMEx_MasterConfigSynchronization(&htim3, &sMasterConfig) != HAL_OK)
 850              		.loc 1 316 3 is_stmt 1 view .LVU220
 316:Core/Src/main.c ****   if (HAL_TIMEx_MasterConfigSynchronization(&htim3, &sMasterConfig) != HAL_OK)
 851              		.loc 1 316 33 is_stmt 0 view .LVU221
 852 0056 0993     		str	r3, [sp, #36]
 317:Core/Src/main.c ****   {
 853              		.loc 1 317 3 is_stmt 1 view .LVU222
 317:Core/Src/main.c ****   {
 854              		.loc 1 317 7 is_stmt 0 view .LVU223
 855 0058 08A9     		add	r1, sp, #32
 856 005a 1048     		ldr	r0, .L54
 857 005c FFF7FEFF 		bl	HAL_TIMEx_MasterConfigSynchronization
 858              	.LVL42:
 317:Core/Src/main.c ****   {
 859              		.loc 1 317 6 discriminator 1 view .LVU224
 860 0060 B8B9     		cbnz	r0, .L52
ARM GAS  C:\Users\techn\AppData\Local\Temp\ccy0OLmH.s 			page 44


 321:Core/Src/main.c ****   sConfigOC.Pulse = 0;
 861              		.loc 1 321 3 is_stmt 1 view .LVU225
 321:Core/Src/main.c ****   sConfigOC.Pulse = 0;
 862              		.loc 1 321 20 is_stmt 0 view .LVU226
 863 0062 6023     		movs	r3, #96
 864 0064 0193     		str	r3, [sp, #4]
 322:Core/Src/main.c **** //  sConfigOC.Pulse = 1;//#
 865              		.loc 1 322 3 is_stmt 1 view .LVU227
 322:Core/Src/main.c **** //  sConfigOC.Pulse = 1;//#
 866              		.loc 1 322 19 is_stmt 0 view .LVU228
 867 0066 0023     		movs	r3, #0
 868 0068 0293     		str	r3, [sp, #8]
 324:Core/Src/main.c ****   sConfigOC.OCFastMode = TIM_OCFAST_DISABLE;
 869              		.loc 1 324 3 is_stmt 1 view .LVU229
 324:Core/Src/main.c ****   sConfigOC.OCFastMode = TIM_OCFAST_DISABLE;
 870              		.loc 1 324 24 is_stmt 0 view .LVU230
 871 006a 0393     		str	r3, [sp, #12]
 325:Core/Src/main.c ****   if (HAL_TIM_PWM_ConfigChannel(&htim3, &sConfigOC, TIM_CHANNEL_3) != HAL_OK)
 872              		.loc 1 325 3 is_stmt 1 view .LVU231
 325:Core/Src/main.c ****   if (HAL_TIM_PWM_ConfigChannel(&htim3, &sConfigOC, TIM_CHANNEL_3) != HAL_OK)
 873              		.loc 1 325 24 is_stmt 0 view .LVU232
 874 006c 0593     		str	r3, [sp, #20]
 326:Core/Src/main.c ****   {
 875              		.loc 1 326 3 is_stmt 1 view .LVU233
 326:Core/Src/main.c ****   {
 876              		.loc 1 326 7 is_stmt 0 view .LVU234
 877 006e 0822     		movs	r2, #8
 878 0070 01A9     		add	r1, sp, #4
 879 0072 0A48     		ldr	r0, .L54
 880 0074 FFF7FEFF 		bl	HAL_TIM_PWM_ConfigChannel
 881              	.LVL43:
 326:Core/Src/main.c ****   {
 882              		.loc 1 326 6 discriminator 1 view .LVU235
 883 0078 68B9     		cbnz	r0, .L53
 333:Core/Src/main.c **** 
 884              		.loc 1 333 3 is_stmt 1 view .LVU236
 885 007a 0848     		ldr	r0, .L54
 886 007c FFF7FEFF 		bl	HAL_TIM_MspPostInit
 887              	.LVL44:
 335:Core/Src/main.c **** 
 888              		.loc 1 335 1 is_stmt 0 view .LVU237
 889 0080 0FB0     		add	sp, sp, #60
 890              	.LCFI13:
 891              		.cfi_remember_state
 892              		.cfi_def_cfa_offset 4
 893              		@ sp needed
 894 0082 5DF804FB 		ldr	pc, [sp], #4
 895              	.L49:
 896              	.LCFI14:
 897              		.cfi_restore_state
 304:Core/Src/main.c ****   }
 898              		.loc 1 304 5 is_stmt 1 view .LVU238
 899 0086 FFF7FEFF 		bl	Error_Handler
 900              	.LVL45:
 901              	.L50:
 309:Core/Src/main.c ****   }
 902              		.loc 1 309 5 view .LVU239
ARM GAS  C:\Users\techn\AppData\Local\Temp\ccy0OLmH.s 			page 45


 903 008a FFF7FEFF 		bl	Error_Handler
 904              	.LVL46:
 905              	.L51:
 313:Core/Src/main.c ****   }
 906              		.loc 1 313 5 view .LVU240
 907 008e FFF7FEFF 		bl	Error_Handler
 908              	.LVL47:
 909              	.L52:
 319:Core/Src/main.c ****   }
 910              		.loc 1 319 5 view .LVU241
 911 0092 FFF7FEFF 		bl	Error_Handler
 912              	.LVL48:
 913              	.L53:
 328:Core/Src/main.c ****   }
 914              		.loc 1 328 5 view .LVU242
 915 0096 FFF7FEFF 		bl	Error_Handler
 916              	.LVL49:
 917              	.L55:
 918 009a 00BF     		.align	2
 919              	.L54:
 920 009c 00000000 		.word	htim3
 921 00a0 00040040 		.word	1073742848
 922              		.cfi_endproc
 923              	.LFE140:
 925              		.section	.text.SystemClock_Config,"ax",%progbits
 926              		.align	1
 927              		.global	SystemClock_Config
 928              		.syntax unified
 929              		.thumb
 930              		.thumb_func
 932              	SystemClock_Config:
 933              	.LFB138:
 161:Core/Src/main.c ****   RCC_OscInitTypeDef RCC_OscInitStruct = {0};
 934              		.loc 1 161 1 view -0
 935              		.cfi_startproc
 936              		@ args = 0, pretend = 0, frame = 80
 937              		@ frame_needed = 0, uses_anonymous_args = 0
 938 0000 00B5     		push	{lr}
 939              	.LCFI15:
 940              		.cfi_def_cfa_offset 4
 941              		.cfi_offset 14, -4
 942 0002 95B0     		sub	sp, sp, #84
 943              	.LCFI16:
 944              		.cfi_def_cfa_offset 88
 162:Core/Src/main.c ****   RCC_ClkInitTypeDef RCC_ClkInitStruct = {0};
 945              		.loc 1 162 3 view .LVU244
 162:Core/Src/main.c ****   RCC_ClkInitTypeDef RCC_ClkInitStruct = {0};
 946              		.loc 1 162 22 is_stmt 0 view .LVU245
 947 0004 3422     		movs	r2, #52
 948 0006 0021     		movs	r1, #0
 949 0008 07A8     		add	r0, sp, #28
 950 000a FFF7FEFF 		bl	memset
 951              	.LVL50:
 163:Core/Src/main.c **** 
 952              		.loc 1 163 3 is_stmt 1 view .LVU246
 163:Core/Src/main.c **** 
 953              		.loc 1 163 22 is_stmt 0 view .LVU247
ARM GAS  C:\Users\techn\AppData\Local\Temp\ccy0OLmH.s 			page 46


 954 000e 0023     		movs	r3, #0
 955 0010 0293     		str	r3, [sp, #8]
 956 0012 0393     		str	r3, [sp, #12]
 957 0014 0493     		str	r3, [sp, #16]
 958 0016 0593     		str	r3, [sp, #20]
 959 0018 0693     		str	r3, [sp, #24]
 167:Core/Src/main.c ****   __HAL_PWR_VOLTAGESCALING_CONFIG(PWR_REGULATOR_VOLTAGE_SCALE3);
 960              		.loc 1 167 3 is_stmt 1 view .LVU248
 961              	.LBB13:
 167:Core/Src/main.c ****   __HAL_PWR_VOLTAGESCALING_CONFIG(PWR_REGULATOR_VOLTAGE_SCALE3);
 962              		.loc 1 167 3 view .LVU249
 963 001a 0093     		str	r3, [sp]
 167:Core/Src/main.c ****   __HAL_PWR_VOLTAGESCALING_CONFIG(PWR_REGULATOR_VOLTAGE_SCALE3);
 964              		.loc 1 167 3 view .LVU250
 965 001c 194A     		ldr	r2, .L62
 966 001e 116C     		ldr	r1, [r2, #64]
 967 0020 41F08051 		orr	r1, r1, #268435456
 968 0024 1164     		str	r1, [r2, #64]
 167:Core/Src/main.c ****   __HAL_PWR_VOLTAGESCALING_CONFIG(PWR_REGULATOR_VOLTAGE_SCALE3);
 969              		.loc 1 167 3 view .LVU251
 970 0026 126C     		ldr	r2, [r2, #64]
 971 0028 02F08052 		and	r2, r2, #268435456
 972 002c 0092     		str	r2, [sp]
 167:Core/Src/main.c ****   __HAL_PWR_VOLTAGESCALING_CONFIG(PWR_REGULATOR_VOLTAGE_SCALE3);
 973              		.loc 1 167 3 view .LVU252
 974 002e 009A     		ldr	r2, [sp]
 975              	.LBE13:
 167:Core/Src/main.c ****   __HAL_PWR_VOLTAGESCALING_CONFIG(PWR_REGULATOR_VOLTAGE_SCALE3);
 976              		.loc 1 167 3 view .LVU253
 168:Core/Src/main.c **** 
 977              		.loc 1 168 3 view .LVU254
 978              	.LBB14:
 168:Core/Src/main.c **** 
 979              		.loc 1 168 3 view .LVU255
 980 0030 0193     		str	r3, [sp, #4]
 168:Core/Src/main.c **** 
 981              		.loc 1 168 3 view .LVU256
 982 0032 1549     		ldr	r1, .L62+4
 983 0034 0A68     		ldr	r2, [r1]
 984 0036 22F44042 		bic	r2, r2, #49152
 985 003a 42F48042 		orr	r2, r2, #16384
 986 003e 0A60     		str	r2, [r1]
 168:Core/Src/main.c **** 
 987              		.loc 1 168 3 view .LVU257
 988 0040 0A68     		ldr	r2, [r1]
 989 0042 02F44042 		and	r2, r2, #49152
 990 0046 0192     		str	r2, [sp, #4]
 168:Core/Src/main.c **** 
 991              		.loc 1 168 3 view .LVU258
 992 0048 019A     		ldr	r2, [sp, #4]
 993              	.LBE14:
 168:Core/Src/main.c **** 
 994              		.loc 1 168 3 view .LVU259
 173:Core/Src/main.c ****   RCC_OscInitStruct.HSIState = RCC_HSI_ON;
 995              		.loc 1 173 3 view .LVU260
 173:Core/Src/main.c ****   RCC_OscInitStruct.HSIState = RCC_HSI_ON;
 996              		.loc 1 173 36 is_stmt 0 view .LVU261
ARM GAS  C:\Users\techn\AppData\Local\Temp\ccy0OLmH.s 			page 47


 997 004a 0222     		movs	r2, #2
 998 004c 0792     		str	r2, [sp, #28]
 174:Core/Src/main.c ****   RCC_OscInitStruct.HSICalibrationValue = RCC_HSICALIBRATION_DEFAULT;
 999              		.loc 1 174 3 is_stmt 1 view .LVU262
 174:Core/Src/main.c ****   RCC_OscInitStruct.HSICalibrationValue = RCC_HSICALIBRATION_DEFAULT;
 1000              		.loc 1 174 30 is_stmt 0 view .LVU263
 1001 004e 0122     		movs	r2, #1
 1002 0050 0A92     		str	r2, [sp, #40]
 175:Core/Src/main.c ****   RCC_OscInitStruct.PLL.PLLState = RCC_PLL_NONE;
 1003              		.loc 1 175 3 is_stmt 1 view .LVU264
 175:Core/Src/main.c ****   RCC_OscInitStruct.PLL.PLLState = RCC_PLL_NONE;
 1004              		.loc 1 175 41 is_stmt 0 view .LVU265
 1005 0052 1022     		movs	r2, #16
 1006 0054 0B92     		str	r2, [sp, #44]
 176:Core/Src/main.c ****   if (HAL_RCC_OscConfig(&RCC_OscInitStruct) != HAL_OK)
 1007              		.loc 1 176 3 is_stmt 1 view .LVU266
 176:Core/Src/main.c ****   if (HAL_RCC_OscConfig(&RCC_OscInitStruct) != HAL_OK)
 1008              		.loc 1 176 34 is_stmt 0 view .LVU267
 1009 0056 0D93     		str	r3, [sp, #52]
 177:Core/Src/main.c ****   {
 1010              		.loc 1 177 3 is_stmt 1 view .LVU268
 177:Core/Src/main.c ****   {
 1011              		.loc 1 177 7 is_stmt 0 view .LVU269
 1012 0058 07A8     		add	r0, sp, #28
 1013 005a FFF7FEFF 		bl	HAL_RCC_OscConfig
 1014              	.LVL51:
 177:Core/Src/main.c ****   {
 1015              		.loc 1 177 6 discriminator 1 view .LVU270
 1016 005e 68B9     		cbnz	r0, .L60
 184:Core/Src/main.c ****                               |RCC_CLOCKTYPE_PCLK1|RCC_CLOCKTYPE_PCLK2;
 1017              		.loc 1 184 3 is_stmt 1 view .LVU271
 184:Core/Src/main.c ****                               |RCC_CLOCKTYPE_PCLK1|RCC_CLOCKTYPE_PCLK2;
 1018              		.loc 1 184 31 is_stmt 0 view .LVU272
 1019 0060 0F23     		movs	r3, #15
 1020 0062 0293     		str	r3, [sp, #8]
 186:Core/Src/main.c ****   RCC_ClkInitStruct.AHBCLKDivider = RCC_SYSCLK_DIV1;
 1021              		.loc 1 186 3 is_stmt 1 view .LVU273
 186:Core/Src/main.c ****   RCC_ClkInitStruct.AHBCLKDivider = RCC_SYSCLK_DIV1;
 1022              		.loc 1 186 34 is_stmt 0 view .LVU274
 1023 0064 0021     		movs	r1, #0
 1024 0066 0391     		str	r1, [sp, #12]
 187:Core/Src/main.c ****   RCC_ClkInitStruct.APB1CLKDivider = RCC_HCLK_DIV1;
 1025              		.loc 1 187 3 is_stmt 1 view .LVU275
 187:Core/Src/main.c ****   RCC_ClkInitStruct.APB1CLKDivider = RCC_HCLK_DIV1;
 1026              		.loc 1 187 35 is_stmt 0 view .LVU276
 1027 0068 0491     		str	r1, [sp, #16]
 188:Core/Src/main.c ****   RCC_ClkInitStruct.APB2CLKDivider = RCC_HCLK_DIV1;
 1028              		.loc 1 188 3 is_stmt 1 view .LVU277
 188:Core/Src/main.c ****   RCC_ClkInitStruct.APB2CLKDivider = RCC_HCLK_DIV1;
 1029              		.loc 1 188 36 is_stmt 0 view .LVU278
 1030 006a 0591     		str	r1, [sp, #20]
 189:Core/Src/main.c **** 
 1031              		.loc 1 189 3 is_stmt 1 view .LVU279
 189:Core/Src/main.c **** 
 1032              		.loc 1 189 36 is_stmt 0 view .LVU280
 1033 006c 0691     		str	r1, [sp, #24]
 191:Core/Src/main.c ****   {
ARM GAS  C:\Users\techn\AppData\Local\Temp\ccy0OLmH.s 			page 48


 1034              		.loc 1 191 3 is_stmt 1 view .LVU281
 191:Core/Src/main.c ****   {
 1035              		.loc 1 191 7 is_stmt 0 view .LVU282
 1036 006e 02A8     		add	r0, sp, #8
 1037 0070 FFF7FEFF 		bl	HAL_RCC_ClockConfig
 1038              	.LVL52:
 191:Core/Src/main.c ****   {
 1039              		.loc 1 191 6 discriminator 1 view .LVU283
 1040 0074 20B9     		cbnz	r0, .L61
 195:Core/Src/main.c **** 
 1041              		.loc 1 195 1 view .LVU284
 1042 0076 15B0     		add	sp, sp, #84
 1043              	.LCFI17:
 1044              		.cfi_remember_state
 1045              		.cfi_def_cfa_offset 4
 1046              		@ sp needed
 1047 0078 5DF804FB 		ldr	pc, [sp], #4
 1048              	.L60:
 1049              	.LCFI18:
 1050              		.cfi_restore_state
 179:Core/Src/main.c ****   }
 1051              		.loc 1 179 5 is_stmt 1 view .LVU285
 1052 007c FFF7FEFF 		bl	Error_Handler
 1053              	.LVL53:
 1054              	.L61:
 193:Core/Src/main.c ****   }
 1055              		.loc 1 193 5 view .LVU286
 1056 0080 FFF7FEFF 		bl	Error_Handler
 1057              	.LVL54:
 1058              	.L63:
 1059              		.align	2
 1060              	.L62:
 1061 0084 00380240 		.word	1073887232
 1062 0088 00700040 		.word	1073770496
 1063              		.cfi_endproc
 1064              	.LFE138:
 1066              		.section	.text.main,"ax",%progbits
 1067              		.align	1
 1068              		.global	main
 1069              		.syntax unified
 1070              		.thumb
 1071              		.thumb_func
 1073              	main:
 1074              	.LFB137:
 102:Core/Src/main.c **** 
 1075              		.loc 1 102 1 view -0
 1076              		.cfi_startproc
 1077              		@ Volatile: function does not return.
 1078              		@ args = 0, pretend = 0, frame = 0
 1079              		@ frame_needed = 0, uses_anonymous_args = 0
 1080 0000 08B5     		push	{r3, lr}
 1081              	.LCFI19:
 1082              		.cfi_def_cfa_offset 8
 1083              		.cfi_offset 3, -8
 1084              		.cfi_offset 14, -4
 111:Core/Src/main.c **** 
 1085              		.loc 1 111 3 view .LVU288
ARM GAS  C:\Users\techn\AppData\Local\Temp\ccy0OLmH.s 			page 49


 1086 0002 FFF7FEFF 		bl	HAL_Init
 1087              	.LVL55:
 118:Core/Src/main.c **** 
 1088              		.loc 1 118 3 view .LVU289
 1089 0006 FFF7FEFF 		bl	SystemClock_Config
 1090              	.LVL56:
 125:Core/Src/main.c ****   MX_DMA_Init();
 1091              		.loc 1 125 3 view .LVU290
 1092 000a FFF7FEFF 		bl	MX_GPIO_Init
 1093              	.LVL57:
 126:Core/Src/main.c ****   MX_TIM2_Init();
 1094              		.loc 1 126 3 view .LVU291
 1095 000e FFF7FEFF 		bl	MX_DMA_Init
 1096              	.LVL58:
 127:Core/Src/main.c ****   MX_TIM3_Init();
 1097              		.loc 1 127 3 view .LVU292
 1098 0012 FFF7FEFF 		bl	MX_TIM2_Init
 1099              	.LVL59:
 128:Core/Src/main.c ****   /* USER CODE BEGIN 2 */
 1100              		.loc 1 128 3 view .LVU293
 1101 0016 FFF7FEFF 		bl	MX_TIM3_Init
 1102              	.LVL60:
 131:Core/Src/main.c ****   TIM3->CCR3 = (1<<15);
 1103              		.loc 1 131 3 view .LVU294
 1104 001a 0821     		movs	r1, #8
 1105 001c 1048     		ldr	r0, .L67
 1106 001e FFF7FEFF 		bl	HAL_TIM_PWM_Start
 1107              	.LVL61:
 132:Core/Src/main.c ****   // TODO: Start TIM2 in Output Compare (OC) mode on channel 1
 1108              		.loc 1 132 3 view .LVU295
 132:Core/Src/main.c ****   // TODO: Start TIM2 in Output Compare (OC) mode on channel 1
 1109              		.loc 1 132 14 is_stmt 0 view .LVU296
 1110 0022 104B     		ldr	r3, .L67+4
 1111 0024 4FF40042 		mov	r2, #32768
 1112 0028 DA63     		str	r2, [r3, #60]
 134:Core/Src/main.c ****   // TODO: Start DMA in IT mode on TIM2->CH1. Source is LUT and Dest is TIM3->CCR3; start with Sine
 1113              		.loc 1 134 3 is_stmt 1 view .LVU297
 1114 002a 0F4C     		ldr	r4, .L67+8
 1115 002c 0021     		movs	r1, #0
 1116 002e 2046     		mov	r0, r4
 1117 0030 FFF7FEFF 		bl	HAL_TIM_OC_Start
 1118              	.LVL62:
 136:Core/Src/main.c ****   // TODO: Write current waveform to LCD(Sine is the first waveform)
 1119              		.loc 1 136 3 view .LVU298
 1120 0034 4FF48063 		mov	r3, #1024
 1121 0038 0C4A     		ldr	r2, .L67+12
 1122 003a 1268     		ldr	r2, [r2]
 1123 003c 0C49     		ldr	r1, .L67+16
 1124 003e 0D48     		ldr	r0, .L67+20
 1125 0040 FFF7FEFF 		bl	HAL_DMA_Start_IT
 1126              	.LVL63:
 138:Core/Src/main.c ****   lcd_command(CLEAR);
 1127              		.loc 1 138 3 view .LVU299
 1128 0044 FFF7FEFF 		bl	init_LCD
 1129              	.LVL64:
 139:Core/Src/main.c ****   lcd_update_line("Sine");
 1130              		.loc 1 139 3 view .LVU300
ARM GAS  C:\Users\techn\AppData\Local\Temp\ccy0OLmH.s 			page 50


 1131 0048 0120     		movs	r0, #1
 1132 004a FFF7FEFF 		bl	lcd_command
 1133              	.LVL65:
 140:Core/Src/main.c ****   // TODO: Enable DMA (start transfer from LUT to CCR)
 1134              		.loc 1 140 3 view .LVU301
 1135 004e 0A48     		ldr	r0, .L67+24
 1136 0050 FFF7FEFF 		bl	lcd_update_line
 1137              	.LVL66:
 142:Core/Src/main.c ****   /* USER CODE END 2 */
 1138              		.loc 1 142 3 view .LVU302
 1139 0054 2268     		ldr	r2, [r4]
 1140 0056 D368     		ldr	r3, [r2, #12]
 1141 0058 43F40073 		orr	r3, r3, #512
 1142 005c D360     		str	r3, [r2, #12]
 1143              	.L65:
 147:Core/Src/main.c ****   {
 1144              		.loc 1 147 3 view .LVU303
 152:Core/Src/main.c ****   /* USER CODE END 3 */
 1145              		.loc 1 152 3 view .LVU304
 147:Core/Src/main.c ****   {
 1146              		.loc 1 147 9 view .LVU305
 1147 005e FEE7     		b	.L65
 1148              	.L68:
 1149              		.align	2
 1150              	.L67:
 1151 0060 00000000 		.word	htim3
 1152 0064 00040040 		.word	1073742848
 1153 0068 00000000 		.word	htim2
 1154 006c 00000000 		.word	DestAddress
 1155 0070 00000000 		.word	Sin_LUT
 1156 0074 00000000 		.word	hdma_tim2_ch1
 1157 0078 00000000 		.word	.LC0
 1158              		.cfi_endproc
 1159              	.LFE137:
 1161              		.global	DestAddress
 1162              		.section	.data.DestAddress,"aw"
 1163              		.align	2
 1166              	DestAddress:
 1167 0000 3C040040 		.word	1073742908
 1168              		.global	TIM2_Ticks
 1169              		.section	.data.TIM2_Ticks,"aw"
 1170              		.align	2
 1173              	TIM2_Ticks:
 1174 0000 127A0000 		.word	31250
 1175              		.global	waveform
 1176              		.section	.bss.waveform,"aw",%nobits
 1177              		.align	2
 1180              	waveform:
 1181 0000 00000000 		.space	4
 1182              		.global	prev_tick
 1183              		.section	.bss.prev_tick,"aw",%nobits
 1184              		.align	2
 1187              	prev_tick:
 1188 0000 00000000 		.space	4
 1189              		.global	Drum_LUT
 1190              		.section	.rodata.Drum_LUT,"a"
 1191              		.align	2
ARM GAS  C:\Users\techn\AppData\Local\Temp\ccy0OLmH.s 			page 51


 1194              	Drum_LUT:
 1195 0000 FF070000 		.word	2047
 1196 0004 FF070000 		.word	2047
 1197 0008 FF070000 		.word	2047
 1198 000c FF070000 		.word	2047
 1199 0010 00080000 		.word	2048
 1200 0014 FE070000 		.word	2046
 1201 0018 FD070000 		.word	2045
 1202 001c FA070000 		.word	2042
 1203 0020 02080000 		.word	2050
 1204 0024 02080000 		.word	2050
 1205 0028 00080000 		.word	2048
 1206 002c 01080000 		.word	2049
 1207 0030 FA070000 		.word	2042
 1208 0034 3F070000 		.word	1855
 1209 0038 BF080000 		.word	2239
 1210 003c 480A0000 		.word	2632
 1211 0040 46080000 		.word	2118
 1212 0044 9D020000 		.word	669
 1213 0048 FA0F0000 		.word	4090
 1214 004c 44000000 		.word	68
 1215 0050 1B060000 		.word	1563
 1216 0054 FB0F0000 		.word	4091
 1217 0058 00000000 		.word	0
 1218 005c 790A0000 		.word	2681
 1219 0060 F80F0000 		.word	4088
 1220 0064 1E030000 		.word	798
 1221 0068 FB040000 		.word	1275
 1222 006c D4080000 		.word	2260
 1223 0070 73010000 		.word	371
 1224 0074 99050000 		.word	1433
 1225 0078 3D050000 		.word	1341
 1226 007c F3050000 		.word	1523
 1227 0080 38080000 		.word	2104
 1228 0084 1B0E0000 		.word	3611
 1229 0088 DA0F0000 		.word	4058
 1230 008c 290F0000 		.word	3881
 1231 0090 460A0000 		.word	2630
 1232 0094 8C080000 		.word	2188
 1233 0098 A6060000 		.word	1702
 1234 009c 02000000 		.word	2
 1235 00a0 00000000 		.word	0
 1236 00a4 9F030000 		.word	927
 1237 00a8 1A090000 		.word	2330
 1238 00ac CD090000 		.word	2509
 1239 00b0 020A0000 		.word	2562
 1240 00b4 F10C0000 		.word	3313
 1241 00b8 B40C0000 		.word	3252
 1242 00bc 020D0000 		.word	3330
 1243 00c0 DF0C0000 		.word	3295
 1244 00c4 05060000 		.word	1541
 1245 00c8 E4010000 		.word	484
 1246 00cc 38040000 		.word	1080
 1247 00d0 B0060000 		.word	1712
 1248 00d4 ED080000 		.word	2285
 1249 00d8 40090000 		.word	2368
 1250 00dc F2060000 		.word	1778
ARM GAS  C:\Users\techn\AppData\Local\Temp\ccy0OLmH.s 			page 52


 1251 00e0 15080000 		.word	2069
 1252 00e4 7E080000 		.word	2174
 1253 00e8 3C080000 		.word	2108
 1254 00ec 65090000 		.word	2405
 1255 00f0 D7080000 		.word	2263
 1256 00f4 6E080000 		.word	2158
 1257 00f8 C6080000 		.word	2246
 1258 00fc F1070000 		.word	2033
 1259 0100 B1050000 		.word	1457
 1260 0104 31040000 		.word	1073
 1261 0108 2B060000 		.word	1579
 1262 010c AA070000 		.word	1962
 1263 0110 C1080000 		.word	2241
 1264 0114 860A0000 		.word	2694
 1265 0118 8F0A0000 		.word	2703
 1266 011c 41090000 		.word	2369
 1267 0120 D5090000 		.word	2517
 1268 0124 BD090000 		.word	2493
 1269 0128 97070000 		.word	1943
 1270 012c 38060000 		.word	1592
 1271 0130 5F050000 		.word	1375
 1272 0134 4B050000 		.word	1355
 1273 0138 9C060000 		.word	1692
 1274 013c 88070000 		.word	1928
 1275 0140 93080000 		.word	2195
 1276 0144 3D0A0000 		.word	2621
 1277 0148 4E0A0000 		.word	2638
 1278 014c 02090000 		.word	2306
 1279 0150 18080000 		.word	2072
 1280 0154 62070000 		.word	1890
 1281 0158 35070000 		.word	1845
 1282 015c 8A070000 		.word	1930
 1283 0160 0D080000 		.word	2061
 1284 0164 69080000 		.word	2153
 1285 0168 BB070000 		.word	1979
 1286 016c 4B070000 		.word	1867
 1287 0170 61070000 		.word	1889
 1288 0174 50070000 		.word	1872
 1289 0178 A5070000 		.word	1957
 1290 017c EE070000 		.word	2030
 1291 0180 79080000 		.word	2169
 1292 0184 91090000 		.word	2449
 1293 0188 D1090000 		.word	2513
 1294 018c 69090000 		.word	2409
 1295 0190 63080000 		.word	2147
 1296 0194 B7060000 		.word	1719
 1297 0198 D7050000 		.word	1495
 1298 019c C4050000 		.word	1476
 1299 01a0 CD060000 		.word	1741
 1300 01a4 DF070000 		.word	2015
 1301 01a8 F8080000 		.word	2296
 1302 01ac 6B090000 		.word	2411
 1303 01b0 82090000 		.word	2434
 1304 01b4 40090000 		.word	2368
 1305 01b8 00090000 		.word	2304
 1306 01bc 88070000 		.word	1928
 1307 01c0 B3060000 		.word	1715
ARM GAS  C:\Users\techn\AppData\Local\Temp\ccy0OLmH.s 			page 53


 1308 01c4 8F060000 		.word	1679
 1309 01c8 ED060000 		.word	1773
 1310 01cc F6070000 		.word	2038
 1311 01d0 AA080000 		.word	2218
 1312 01d4 C9080000 		.word	2249
 1313 01d8 91080000 		.word	2193
 1314 01dc 0E080000 		.word	2062
 1315 01e0 9B070000 		.word	1947
 1316 01e4 5F070000 		.word	1887
 1317 01e8 59070000 		.word	1881
 1318 01ec 06080000 		.word	2054
 1319 01f0 C2080000 		.word	2242
 1320 01f4 F3080000 		.word	2291
 1321 01f8 A6080000 		.word	2214
 1322 01fc 2F080000 		.word	2095
 1323 0200 8E070000 		.word	1934
 1324 0204 1E070000 		.word	1822
 1325 0208 09070000 		.word	1801
 1326 020c 54070000 		.word	1876
 1327 0210 C3070000 		.word	1987
 1328 0214 5D080000 		.word	2141
 1329 0218 C0080000 		.word	2240
 1330 021c E1080000 		.word	2273
 1331 0220 B2080000 		.word	2226
 1332 0224 39080000 		.word	2105
 1333 0228 EA070000 		.word	2026
 1334 022c 95070000 		.word	1941
 1335 0230 4E070000 		.word	1870
 1336 0234 4C070000 		.word	1868
 1337 0238 B4070000 		.word	1972
 1338 023c 22080000 		.word	2082
 1339 0240 6D080000 		.word	2157
 1340 0244 78080000 		.word	2168
 1341 0248 44080000 		.word	2116
 1342 024c F7070000 		.word	2039
 1343 0250 A5070000 		.word	1957
 1344 0254 9E070000 		.word	1950
 1345 0258 DB070000 		.word	2011
 1346 025c 1C080000 		.word	2076
 1347 0260 4C080000 		.word	2124
 1348 0264 55080000 		.word	2133
 1349 0268 33080000 		.word	2099
 1350 026c 01080000 		.word	2049
 1351 0270 C9070000 		.word	1993
 1352 0274 A1070000 		.word	1953
 1353 0278 A5070000 		.word	1957
 1354 027c CE070000 		.word	1998
 1355 0280 11080000 		.word	2065
 1356 0284 46080000 		.word	2118
 1357 0288 3F080000 		.word	2111
 1358 028c 1F080000 		.word	2079
 1359 0290 18080000 		.word	2072
 1360 0294 0C080000 		.word	2060
 1361 0298 F0070000 		.word	2032
 1362 029c DA070000 		.word	2010
 1363 02a0 BE070000 		.word	1982
 1364 02a4 CC070000 		.word	1996
ARM GAS  C:\Users\techn\AppData\Local\Temp\ccy0OLmH.s 			page 54


 1365 02a8 E5070000 		.word	2021
 1366 02ac FA070000 		.word	2042
 1367 02b0 10080000 		.word	2064
 1368 02b4 33080000 		.word	2099
 1369 02b8 4A080000 		.word	2122
 1370 02bc 44080000 		.word	2116
 1371 02c0 24080000 		.word	2084
 1372 02c4 EB070000 		.word	2027
 1373 02c8 C0070000 		.word	1984
 1374 02cc B8070000 		.word	1976
 1375 02d0 C3070000 		.word	1987
 1376 02d4 E2070000 		.word	2018
 1377 02d8 00080000 		.word	2048
 1378 02dc 1B080000 		.word	2075
 1379 02e0 27080000 		.word	2087
 1380 02e4 1F080000 		.word	2079
 1381 02e8 0B080000 		.word	2059
 1382 02ec 03080000 		.word	2051
 1383 02f0 F4070000 		.word	2036
 1384 02f4 F0070000 		.word	2032
 1385 02f8 FE070000 		.word	2046
 1386 02fc 0E080000 		.word	2062
 1387 0300 37080000 		.word	2103
 1388 0304 03080000 		.word	2051
 1389 0308 0F070000 		.word	1807
 1390 030c B9070000 		.word	1977
 1391 0310 BA060000 		.word	1722
 1392 0314 B8090000 		.word	2488
 1393 0318 E2090000 		.word	2530
 1394 031c 530A0000 		.word	2643
 1395 0320 00000000 		.word	0
 1396 0324 F40F0000 		.word	4084
 1397 0328 82070000 		.word	1922
 1398 032c 08000000 		.word	8
 1399 0330 FB0F0000 		.word	4091
 1400 0334 0F0C0000 		.word	3087
 1401 0338 5B020000 		.word	603
 1402 033c ED0A0000 		.word	2797
 1403 0340 68030000 		.word	872
 1404 0344 DF010000 		.word	479
 1405 0348 33070000 		.word	1843
 1406 034c DC060000 		.word	1756
 1407 0350 23070000 		.word	1827
 1408 0354 720B0000 		.word	2930
 1409 0358 340F0000 		.word	3892
 1410 035c FF0F0000 		.word	4095
 1411 0360 D70C0000 		.word	3287
 1412 0364 80080000 		.word	2176
 1413 0368 18090000 		.word	2328
 1414 036c 50000000 		.word	80
 1415 0370 00000000 		.word	0
 1416 0374 06000000 		.word	6
 1417 0378 AF060000 		.word	1711
 1418 037c 5F0A0000 		.word	2655
 1419 0380 66090000 		.word	2406
 1420 0384 FE0A0000 		.word	2814
 1421 0388 480D0000 		.word	3400
ARM GAS  C:\Users\techn\AppData\Local\Temp\ccy0OLmH.s 			page 55


 1422 038c 8C0C0000 		.word	3212
 1423 0390 AC0D0000 		.word	3500
 1424 0394 6D0A0000 		.word	2669
 1425 0398 FA020000 		.word	762
 1426 039c 8F020000 		.word	655
 1427 03a0 A2050000 		.word	1442
 1428 03a4 91070000 		.word	1937
 1429 03a8 29090000 		.word	2345
 1430 03ac FE070000 		.word	2046
 1431 03b0 54070000 		.word	1876
 1432 03b4 A7080000 		.word	2215
 1433 03b8 24080000 		.word	2084
 1434 03bc D0080000 		.word	2256
 1435 03c0 71090000 		.word	2417
 1436 03c4 91080000 		.word	2193
 1437 03c8 80080000 		.word	2176
 1438 03cc 92080000 		.word	2194
 1439 03d0 13070000 		.word	1811
 1440 03d4 94040000 		.word	1172
 1441 03d8 ED040000 		.word	1261
 1442 03dc 10070000 		.word	1808
 1443 03e0 EF070000 		.word	2031
 1444 03e4 A9090000 		.word	2473
 1445 03e8 F80A0000 		.word	2808
 1446 03ec E3090000 		.word	2531
 1447 03f0 5A090000 		.word	2394
 1448 03f4 0A0A0000 		.word	2570
 1449 03f8 C2080000 		.word	2242
 1450 03fc CD060000 		.word	1741
 1451 0400 CB050000 		.word	1483
 1452 0404 17050000 		.word	1303
 1453 0408 D0050000 		.word	1488
 1454 040c 25070000 		.word	1829
 1455 0410 D3070000 		.word	2003
 1456 0414 6A090000 		.word	2410
 1457 0418 9B0A0000 		.word	2715
 1458 041c BE090000 		.word	2494
 1459 0420 89080000 		.word	2185
 1460 0424 BA070000 		.word	1978
 1461 0428 29070000 		.word	1833
 1462 042c 66070000 		.word	1894
 1463 0430 BB070000 		.word	1979
 1464 0434 63080000 		.word	2147
 1465 0438 2B080000 		.word	2091
 1466 043c 62070000 		.word	1890
 1467 0440 4D070000 		.word	1869
 1468 0444 59070000 		.word	1881
 1469 0448 65070000 		.word	1893
 1470 044c CD070000 		.word	1997
 1471 0450 29080000 		.word	2089
 1472 0454 08090000 		.word	2312
 1473 0458 A4090000 		.word	2468
 1474 045c 5A090000 		.word	2394
 1475 0460 31090000 		.word	2353
 1476 0464 6C070000 		.word	1900
 1477 0468 7D060000 		.word	1661
 1478 046c A4050000 		.word	1444
ARM GAS  C:\Users\techn\AppData\Local\Temp\ccy0OLmH.s 			page 56


 1479 0470 54060000 		.word	1620
 1480 0474 52070000 		.word	1874
 1481 0478 57080000 		.word	2135
 1482 047c 39090000 		.word	2361
 1483 0480 A3090000 		.word	2467
 1484 0484 53090000 		.word	2387
 1485 0488 3C090000 		.word	2364
 1486 048c 51080000 		.word	2129
 1487 0490 16070000 		.word	1814
 1488 0494 98060000 		.word	1688
 1489 0498 93060000 		.word	1683
 1490 049c 47070000 		.word	1863
 1491 04a0 6B080000 		.word	2155
 1492 04a4 D4080000 		.word	2260
 1493 04a8 B3080000 		.word	2227
 1494 04ac 58080000 		.word	2136
 1495 04b0 C0070000 		.word	1984
 1496 04b4 74070000 		.word	1908
 1497 04b8 58070000 		.word	1880
 1498 04bc 93070000 		.word	1939
 1499 04c0 72080000 		.word	2162
 1500 04c4 EB080000 		.word	2283
 1501 04c8 D8080000 		.word	2264
 1502 04cc 71080000 		.word	2161
 1503 04d0 D5070000 		.word	2005
 1504 04d4 4F070000 		.word	1871
 1505 04d8 10070000 		.word	1808
 1506 04dc 17070000 		.word	1815
 1507 04e0 87070000 		.word	1927
 1508 04e4 0C080000 		.word	2060
 1509 04e8 99080000 		.word	2201
 1510 04ec DB080000 		.word	2267
 1511 04f0 D4080000 		.word	2260
 1512 04f4 85080000 		.word	2181
 1513 04f8 0E080000 		.word	2062
 1514 04fc BA070000 		.word	1978
 1515 0500 70070000 		.word	1904
 1516 0504 3E070000 		.word	1854
 1517 0508 72070000 		.word	1906
 1518 050c E4070000 		.word	2020
 1519 0510 4F080000 		.word	2127
 1520 0514 7F080000 		.word	2175
 1521 0518 65080000 		.word	2149
 1522 051c 26080000 		.word	2086
 1523 0520 D1070000 		.word	2001
 1524 0524 95070000 		.word	1941
 1525 0528 B2070000 		.word	1970
 1526 052c F6070000 		.word	2038
 1527 0530 39080000 		.word	2105
 1528 0534 56080000 		.word	2134
 1529 0538 47080000 		.word	2119
 1530 053c 25080000 		.word	2085
 1531 0540 E7070000 		.word	2023
 1532 0544 B5070000 		.word	1973
 1533 0548 A6070000 		.word	1958
 1534 054c C1070000 		.word	1985
 1535 0550 F0070000 		.word	2032
ARM GAS  C:\Users\techn\AppData\Local\Temp\ccy0OLmH.s 			page 57


 1536 0554 30080000 		.word	2096
 1537 0558 4B080000 		.word	2123
 1538 055c 30080000 		.word	2096
 1539 0560 1A080000 		.word	2074
 1540 0564 15080000 		.word	2069
 1541 0568 01080000 		.word	2049
 1542 056c E5070000 		.word	2021
 1543 0570 CB070000 		.word	1995
 1544 0574 C3070000 		.word	1987
 1545 0578 D9070000 		.word	2009
 1546 057c EE070000 		.word	2030
 1547 0580 00080000 		.word	2048
 1548 0584 21080000 		.word	2081
 1549 0588 3C080000 		.word	2108
 1550 058c 4B080000 		.word	2123
 1551 0590 37080000 		.word	2103
 1552 0594 0C080000 		.word	2060
 1553 0598 D6070000 		.word	2006
 1554 059c B8070000 		.word	1976
 1555 05a0 BC070000 		.word	1980
 1556 05a4 D1070000 		.word	2001
 1557 05a8 EF070000 		.word	2031
 1558 05ac 09080000 		.word	2057
 1559 05b0 22080000 		.word	2082
 1560 05b4 28080000 		.word	2088
 1561 05b8 1A080000 		.word	2074
 1562 05bc 05080000 		.word	2053
 1563 05c0 F9070000 		.word	2041
 1564 05c4 EB070000 		.word	2027
 1565 05c8 F4070000 		.word	2036
 1566 05cc 0D080000 		.word	2061
 1567 05d0 25080000 		.word	2085
 1568 05d4 0F080000 		.word	2063
 1569 05d8 CB070000 		.word	1995
 1570 05dc 30030000 		.word	816
 1571 05e0 FF0F0000 		.word	4095
 1572 05e4 04000000 		.word	4
 1573 05e8 220F0000 		.word	3874
 1574 05ec CB0E0000 		.word	3787
 1575 05f0 08000000 		.word	8
 1576 05f4 ED030000 		.word	1005
 1577 05f8 ED0F0000 		.word	4077
 1578 05fc 0B000000 		.word	11
 1579 0600 57050000 		.word	1367
 1580 0604 EE0D0000 		.word	3566
 1581 0608 BC050000 		.word	1468
 1582 060c 4B070000 		.word	1867
 1583 0610 E5080000 		.word	2277
 1584 0614 250B0000 		.word	2853
 1585 0618 60090000 		.word	2400
 1586 061c D6090000 		.word	2518
 1587 0620 F4070000 		.word	2036
 1588 0624 52080000 		.word	2130
 1589 0628 75050000 		.word	1397
 1590 062c 28060000 		.word	1576
 1591 0630 6E090000 		.word	2414
 1592 0634 87080000 		.word	2183
ARM GAS  C:\Users\techn\AppData\Local\Temp\ccy0OLmH.s 			page 58


 1593 0638 11070000 		.word	1809
 1594 063c BE030000 		.word	958
 1595 0640 BE040000 		.word	1214
 1596 0644 360A0000 		.word	2614
 1597 0648 7F090000 		.word	2431
 1598 064c D8040000 		.word	1240
 1599 0650 FE090000 		.word	2558
 1600 0654 BF090000 		.word	2495
 1601 0658 A0080000 		.word	2208
 1602 065c B9060000 		.word	1721
 1603 0660 C30A0000 		.word	2755
 1604 0664 02070000 		.word	1794
 1605 0668 2A080000 		.word	2090
 1606 066c A0080000 		.word	2208
 1607 0670 DD060000 		.word	1757
 1608 0674 5C070000 		.word	1884
 1609 0678 76090000 		.word	2422
 1610 067c 6A070000 		.word	1898
 1611 0680 4D060000 		.word	1613
 1612 0684 60080000 		.word	2144
 1613 0688 D5080000 		.word	2261
 1614 068c CA060000 		.word	1738
 1615 0690 E2070000 		.word	2018
 1616 0694 54080000 		.word	2132
 1617 0698 70060000 		.word	1648
 1618 069c DD070000 		.word	2013
 1619 06a0 A10A0000 		.word	2721
 1620 06a4 2D070000 		.word	1837
 1621 06a8 C2070000 		.word	1986
 1622 06ac 6A090000 		.word	2410
 1623 06b0 60070000 		.word	1888
 1624 06b4 35080000 		.word	2101
 1625 06b8 14090000 		.word	2324
 1626 06bc 5F070000 		.word	1887
 1627 06c0 CF070000 		.word	1999
 1628 06c4 D0080000 		.word	2256
 1629 06c8 75070000 		.word	1909
 1630 06cc BD070000 		.word	1981
 1631 06d0 C5080000 		.word	2245
 1632 06d4 2D080000 		.word	2093
 1633 06d8 7C070000 		.word	1916
 1634 06dc 4A080000 		.word	2122
 1635 06e0 FE070000 		.word	2046
 1636 06e4 76070000 		.word	1910
 1637 06e8 1B080000 		.word	2075
 1638 06ec 41080000 		.word	2113
 1639 06f0 8B070000 		.word	1931
 1640 06f4 06080000 		.word	2054
 1641 06f8 2D080000 		.word	2093
 1642 06fc A8070000 		.word	1960
 1643 0700 E7070000 		.word	2023
 1644 0704 3D080000 		.word	2109
 1645 0708 05080000 		.word	2053
 1646 070c DA070000 		.word	2010
 1647 0710 12080000 		.word	2066
 1648 0714 18080000 		.word	2072
 1649 0718 DE070000 		.word	2014
ARM GAS  C:\Users\techn\AppData\Local\Temp\ccy0OLmH.s 			page 59


 1650 071c 1E080000 		.word	2078
 1651 0720 1E080000 		.word	2078
 1652 0724 D7070000 		.word	2007
 1653 0728 33080000 		.word	2099
 1654 072c 53080000 		.word	2131
 1655 0730 FC070000 		.word	2044
 1656 0734 E4070000 		.word	2020
 1657 0738 0B080000 		.word	2059
 1658 073c DE070000 		.word	2014
 1659 0740 BF070000 		.word	1983
 1660 0744 F7070000 		.word	2039
 1661 0748 DF070000 		.word	2015
 1662 074c E4070000 		.word	2020
 1663 0750 2F080000 		.word	2095
 1664 0754 23080000 		.word	2083
 1665 0758 0B080000 		.word	2059
 1666 075c 1B080000 		.word	2075
 1667 0760 3F080000 		.word	2111
 1668 0764 03080000 		.word	2051
 1669 0768 F6070000 		.word	2038
 1670 076c 02080000 		.word	2050
 1671 0770 D6070000 		.word	2006
 1672 0774 F1070000 		.word	2033
 1673 0778 02080000 		.word	2050
 1674 077c 0F080000 		.word	2063
 1675 0780 E2070000 		.word	2018
 1676 0784 F3070000 		.word	2035
 1677 0788 20080000 		.word	2080
 1678 078c EC070000 		.word	2028
 1679 0790 06080000 		.word	2054
 1680 0794 09080000 		.word	2057
 1681 0798 18080000 		.word	2072
 1682 079c FC070000 		.word	2044
 1683 07a0 2B080000 		.word	2091
 1684 07a4 F4070000 		.word	2036
 1685 07a8 13080000 		.word	2067
 1686 07ac 14080000 		.word	2068
 1687 07b0 E6070000 		.word	2022
 1688 07b4 E3070000 		.word	2019
 1689 07b8 FE070000 		.word	2046
 1690 07bc F8070000 		.word	2040
 1691 07c0 F7070000 		.word	2039
 1692 07c4 03080000 		.word	2051
 1693 07c8 0E080000 		.word	2062
 1694 07cc F0070000 		.word	2032
 1695 07d0 00080000 		.word	2048
 1696 07d4 E0070000 		.word	2016
 1697 07d8 F0070000 		.word	2032
 1698 07dc FB070000 		.word	2043
 1699 07e0 12080000 		.word	2066
 1700 07e4 FE070000 		.word	2046
 1701 07e8 FC070000 		.word	2044
 1702 07ec 06080000 		.word	2054
 1703 07f0 F8070000 		.word	2040
 1704 07f4 FA070000 		.word	2042
 1705 07f8 00080000 		.word	2048
 1706 07fc E8070000 		.word	2024
ARM GAS  C:\Users\techn\AppData\Local\Temp\ccy0OLmH.s 			page 60


 1707 0800 FD070000 		.word	2045
 1708 0804 03080000 		.word	2051
 1709 0808 03080000 		.word	2051
 1710 080c FB070000 		.word	2043
 1711 0810 FD070000 		.word	2045
 1712 0814 F9070000 		.word	2041
 1713 0818 01080000 		.word	2049
 1714 081c 08080000 		.word	2056
 1715 0820 05080000 		.word	2053
 1716 0824 FB070000 		.word	2043
 1717 0828 10080000 		.word	2064
 1718 082c 01080000 		.word	2049
 1719 0830 F8070000 		.word	2040
 1720 0834 00080000 		.word	2048
 1721 0838 05080000 		.word	2053
 1722 083c FD070000 		.word	2045
 1723 0840 FE070000 		.word	2046
 1724 0844 FF070000 		.word	2047
 1725 0848 F5070000 		.word	2037
 1726 084c FC070000 		.word	2044
 1727 0850 F9070000 		.word	2041
 1728 0854 FF070000 		.word	2047
 1729 0858 FE070000 		.word	2046
 1730 085c 04080000 		.word	2052
 1731 0860 F8070000 		.word	2040
 1732 0864 F6070000 		.word	2038
 1733 0868 03080000 		.word	2051
 1734 086c 01080000 		.word	2049
 1735 0870 F9070000 		.word	2041
 1736 0874 F3070000 		.word	2035
 1737 0878 FD070000 		.word	2045
 1738 087c 03080000 		.word	2051
 1739 0880 FC070000 		.word	2044
 1740 0884 EB070000 		.word	2027
 1741 0888 02080000 		.word	2050
 1742 088c FD070000 		.word	2045
 1743 0890 F4070000 		.word	2036
 1744 0894 FC070000 		.word	2044
 1745 0898 07080000 		.word	2055
 1746 089c 0A080000 		.word	2058
 1747 08a0 01080000 		.word	2049
 1748 08a4 F7070000 		.word	2039
 1749 08a8 1F080000 		.word	2079
 1750 08ac BE050000 		.word	1470
 1751 08b0 EF0E0000 		.word	3823
 1752 08b4 03000000 		.word	3
 1753 08b8 51040000 		.word	1105
 1754 08bc FF0F0000 		.word	4095
 1755 08c0 00000000 		.word	0
 1756 08c4 0C090000 		.word	2316
 1757 08c8 F60F0000 		.word	4086
 1758 08cc 46040000 		.word	1094
 1759 08d0 AA050000 		.word	1450
 1760 08d4 16060000 		.word	1558
 1761 08d8 97010000 		.word	407
 1762 08dc E4070000 		.word	2020
 1763 08e0 DB050000 		.word	1499
ARM GAS  C:\Users\techn\AppData\Local\Temp\ccy0OLmH.s 			page 61


 1764 08e4 99050000 		.word	1433
 1765 08e8 C4090000 		.word	2500
 1766 08ec F10D0000 		.word	3569
 1767 08f0 260F0000 		.word	3878
 1768 08f4 A40F0000 		.word	4004
 1769 08f8 B9090000 		.word	2489
 1770 08fc 7B080000 		.word	2171
 1771 0900 07050000 		.word	1287
 1772 0904 01000000 		.word	1
 1773 0908 00000000 		.word	0
 1774 090c AA040000 		.word	1194
 1775 0910 F10A0000 		.word	2801
 1776 0914 380A0000 		.word	2616
 1777 0918 0C0A0000 		.word	2572
 1778 091c 6F0D0000 		.word	3439
 1779 0920 980B0000 		.word	2968
 1780 0924 B10D0000 		.word	3505
 1781 0928 260D0000 		.word	3366
 1782 092c 3A040000 		.word	1082
 1783 0930 2E000000 		.word	46
 1784 0934 CD030000 		.word	973
 1785 0938 DD050000 		.word	1501
 1786 093c 77080000 		.word	2167
 1787 0940 D8090000 		.word	2520
 1788 0944 8F070000 		.word	1935
 1789 0948 91080000 		.word	2193
 1790 094c 26090000 		.word	2342
 1791 0950 9A090000 		.word	2458
 1792 0954 F5080000 		.word	2293
 1793 0958 11090000 		.word	2321
 1794 095c 10080000 		.word	2064
 1795 0960 37080000 		.word	2103
 1796 0964 84070000 		.word	1924
 1797 0968 29050000 		.word	1321
 1798 096c 8F030000 		.word	911
 1799 0970 A2060000 		.word	1698
 1800 0974 ED070000 		.word	2029
 1801 0978 AA0A0000 		.word	2730
 1802 097c C30C0000 		.word	3267
 1803 0980 0F0A0000 		.word	2575
 1804 0984 78080000 		.word	2168
 1805 0988 73090000 		.word	2419
 1806 098c 83080000 		.word	2179
 1807 0990 BA060000 		.word	1722
 1808 0994 77050000 		.word	1399
 1809 0998 5E050000 		.word	1374
 1810 099c C4050000 		.word	1476
 1811 09a0 40070000 		.word	1856
 1812 09a4 CE070000 		.word	1998
 1813 09a8 75080000 		.word	2165
 1814 09ac 190A0000 		.word	2585
 1815 09b0 9A0A0000 		.word	2714
 1816 09b4 82090000 		.word	2434
 1817 09b8 B7080000 		.word	2231
 1818 09bc F7060000 		.word	1783
 1819 09c0 C5060000 		.word	1733
 1820 09c4 33070000 		.word	1843
ARM GAS  C:\Users\techn\AppData\Local\Temp\ccy0OLmH.s 			page 62


 1821 09c8 2F080000 		.word	2095
 1822 09cc 1C080000 		.word	2076
 1823 09d0 30070000 		.word	1840
 1824 09d4 9B060000 		.word	1691
 1825 09d8 9D060000 		.word	1693
 1826 09dc F9070000 		.word	2041
 1827 09e0 9B090000 		.word	2459
 1828 09e4 CE090000 		.word	2510
 1829 09e8 7F090000 		.word	2431
 1830 09ec AD090000 		.word	2477
 1831 09f0 5E080000 		.word	2142
 1832 09f4 F2070000 		.word	2034
 1833 09f8 7C060000 		.word	1660
 1834 09fc 51050000 		.word	1361
 1835 0a00 F4050000 		.word	1524
 1836 0a04 0C070000 		.word	1804
 1837 0a08 F9080000 		.word	2297
 1838 0a0c 95090000 		.word	2453
 1839 0a10 A0090000 		.word	2464
 1840 0a14 EF080000 		.word	2287
 1841 0a18 E9070000 		.word	2025
 1842 0a1c 61070000 		.word	1889
 1843 0a20 26070000 		.word	1830
 1844 0a24 C2070000 		.word	1986
 1845 0a28 D0070000 		.word	2000
 1846 0a2c 25080000 		.word	2085
 1847 0a30 5E080000 		.word	2142
 1848 0a34 84080000 		.word	2180
 1849 0a38 1D080000 		.word	2077
 1850 0a3c 12080000 		.word	2066
 1851 0a40 43070000 		.word	1859
 1852 0a44 B2060000 		.word	1714
 1853 0a48 C8060000 		.word	1736
 1854 0a4c B1070000 		.word	1969
 1855 0a50 C5080000 		.word	2245
 1856 0a54 97090000 		.word	2455
 1857 0a58 F9090000 		.word	2553
 1858 0a5c C8080000 		.word	2248
 1859 0a60 BA070000 		.word	1978
 1860 0a64 04070000 		.word	1796
 1861 0a68 6C060000 		.word	1644
 1862 0a6c 0B070000 		.word	1803
 1863 0a70 6C070000 		.word	1900
 1864 0a74 3C080000 		.word	2108
 1865 0a78 B1080000 		.word	2225
 1866 0a7c 6E090000 		.word	2414
 1867 0a80 D4080000 		.word	2260
 1868 0a84 D7070000 		.word	2007
 1869 0a88 72070000 		.word	1906
 1870 0a8c 16070000 		.word	1814
 1871 0a90 46070000 		.word	1862
 1872 0a94 9A070000 		.word	1946
 1873 0a98 60080000 		.word	2144
 1874 0a9c 4E080000 		.word	2126
 1875 0aa0 37080000 		.word	2103
 1876 0aa4 A3080000 		.word	2211
 1877 0aa8 54080000 		.word	2132
ARM GAS  C:\Users\techn\AppData\Local\Temp\ccy0OLmH.s 			page 63


 1878 0aac 20080000 		.word	2080
 1879 0ab0 28070000 		.word	1832
 1880 0ab4 43070000 		.word	1859
 1881 0ab8 BE070000 		.word	1982
 1882 0abc 3E080000 		.word	2110
 1883 0ac0 16080000 		.word	2070
 1884 0ac4 2F080000 		.word	2095
 1885 0ac8 60080000 		.word	2144
 1886 0acc 80080000 		.word	2176
 1887 0ad0 FE070000 		.word	2046
 1888 0ad4 51070000 		.word	1873
 1889 0ad8 7B070000 		.word	1915
 1890 0adc BB070000 		.word	1979
 1891 0ae0 F3070000 		.word	2035
 1892 0ae4 54080000 		.word	2132
 1893 0ae8 0F080000 		.word	2063
 1894 0aec 22080000 		.word	2082
 1895 0af0 1D080000 		.word	2077
 1896 0af4 C7070000 		.word	1991
 1897 0af8 87070000 		.word	1927
 1898 0afc B1070000 		.word	1969
 1899 0b00 22080000 		.word	2082
 1900 0b04 E9070000 		.word	2025
 1901 0b08 CF070000 		.word	1999
 1902 0b0c F6070000 		.word	2038
 1903 0b10 3D080000 		.word	2109
 1904 0b14 57080000 		.word	2135
 1905 0b18 F8070000 		.word	2040
 1906 0b1c 17080000 		.word	2071
 1907 0b20 20080000 		.word	2080
 1908 0b24 CC070000 		.word	1996
 1909 0b28 89070000 		.word	1929
 1910 0b2c C0070000 		.word	1984
 1911 0b30 EC070000 		.word	2028
 1912 0b34 17080000 		.word	2071
 1913 0b38 FC070000 		.word	2044
 1914 0b3c 34080000 		.word	2100
 1915 0b40 22080000 		.word	2082
 1916 0b44 68080000 		.word	2152
 1917 0b48 FB070000 		.word	2043
 1918 0b4c E6070000 		.word	2022
 1919 0b50 DF070000 		.word	2015
 1920 0b54 C5070000 		.word	1989
 1921 0b58 C1070000 		.word	1985
 1922 0b5c 0B080000 		.word	2059
 1923 0b60 DD070000 		.word	2013
 1924 0b64 1B080000 		.word	2075
 1925 0b68 09080000 		.word	2057
 1926 0b6c 13080000 		.word	2067
 1927 0b70 E6070000 		.word	2022
 1928 0b74 F7070000 		.word	2039
 1929 0b78 2A080000 		.word	2090
 1930 0b7c 78080000 		.word	2168
 1931 0b80 1C080000 		.word	2076
 1932 0b84 27090000 		.word	2343
 1933 0b88 C4060000 		.word	1732
 1934 0b8c 39080000 		.word	2105
ARM GAS  C:\Users\techn\AppData\Local\Temp\ccy0OLmH.s 			page 64


 1935 0b90 D2080000 		.word	2258
 1936 0b94 F9060000 		.word	1785
 1937 0b98 E6080000 		.word	2278
 1938 0b9c B6070000 		.word	1974
 1939 0ba0 54080000 		.word	2132
 1940 0ba4 4D070000 		.word	1869
 1941 0ba8 96080000 		.word	2198
 1942 0bac D4080000 		.word	2260
 1943 0bb0 9E060000 		.word	1694
 1944 0bb4 EE070000 		.word	2030
 1945 0bb8 D7070000 		.word	2007
 1946 0bbc 1B080000 		.word	2075
 1947 0bc0 06070000 		.word	1798
 1948 0bc4 78070000 		.word	1912
 1949 0bc8 8A080000 		.word	2186
 1950 0bcc C7070000 		.word	1991
 1951 0bd0 69070000 		.word	1897
 1952 0bd4 2D080000 		.word	2093
 1953 0bd8 83080000 		.word	2179
 1954 0bdc 90080000 		.word	2192
 1955 0be0 97080000 		.word	2199
 1956 0be4 D3080000 		.word	2259
 1957 0be8 11070000 		.word	1809
 1958 0bec E7070000 		.word	2023
 1959 0bf0 2B080000 		.word	2091
 1960 0bf4 F0070000 		.word	2032
 1961 0bf8 2A080000 		.word	2090
 1962 0bfc 06080000 		.word	2054
 1963 0c00 B1070000 		.word	1969
 1964 0c04 0B080000 		.word	2059
 1965 0c08 2B080000 		.word	2091
 1966 0c0c 01080000 		.word	2049
 1967 0c10 67080000 		.word	2151
 1968 0c14 72070000 		.word	1906
 1969 0c18 25080000 		.word	2085
 1970 0c1c A6070000 		.word	1958
 1971 0c20 F9070000 		.word	2041
 1972 0c24 20080000 		.word	2080
 1973 0c28 E2070000 		.word	2018
 1974 0c2c 45080000 		.word	2117
 1975 0c30 66080000 		.word	2150
 1976 0c34 E2070000 		.word	2018
 1977 0c38 FB070000 		.word	2043
 1978 0c3c CE070000 		.word	1998
 1979 0c40 EF070000 		.word	2031
 1980 0c44 30080000 		.word	2096
 1981 0c48 C0070000 		.word	1984
 1982 0c4c FC070000 		.word	2044
 1983 0c50 1B080000 		.word	2075
 1984 0c54 E6070000 		.word	2022
 1985 0c58 2C080000 		.word	2092
 1986 0c5c E1070000 		.word	2017
 1987 0c60 F7070000 		.word	2039
 1988 0c64 2A080000 		.word	2090
 1989 0c68 DF070000 		.word	2015
 1990 0c6c 02080000 		.word	2050
 1991 0c70 F8070000 		.word	2040
ARM GAS  C:\Users\techn\AppData\Local\Temp\ccy0OLmH.s 			page 65


 1992 0c74 FE070000 		.word	2046
 1993 0c78 0B080000 		.word	2059
 1994 0c7c 03080000 		.word	2051
 1995 0c80 FD070000 		.word	2045
 1996 0c84 1B080000 		.word	2075
 1997 0c88 EE070000 		.word	2030
 1998 0c8c F7070000 		.word	2039
 1999 0c90 F4070000 		.word	2036
 2000 0c94 E1070000 		.word	2017
 2001 0c98 0A080000 		.word	2058
 2002 0c9c 00080000 		.word	2048
 2003 0ca0 0E080000 		.word	2062
 2004 0ca4 22080000 		.word	2082
 2005 0ca8 06080000 		.word	2054
 2006 0cac 09080000 		.word	2057
 2007 0cb0 F8070000 		.word	2040
 2008 0cb4 F1070000 		.word	2033
 2009 0cb8 F8070000 		.word	2040
 2010 0cbc FE070000 		.word	2046
 2011 0cc0 05080000 		.word	2053
 2012 0cc4 01080000 		.word	2049
 2013 0cc8 F4070000 		.word	2036
 2014 0ccc 05080000 		.word	2053
 2015 0cd0 F3070000 		.word	2035
 2016 0cd4 F2070000 		.word	2034
 2017 0cd8 FE070000 		.word	2046
 2018 0cdc C4070000 		.word	1988
 2019 0ce0 19080000 		.word	2073
 2020 0ce4 86070000 		.word	1926
 2021 0ce8 FD070000 		.word	2045
 2022 0cec 0F080000 		.word	2063
 2023 0cf0 EE070000 		.word	2030
 2024 0cf4 2A080000 		.word	2090
 2025 0cf8 FB070000 		.word	2043
 2026 0cfc 02080000 		.word	2050
 2027 0d00 FD070000 		.word	2045
 2028 0d04 06080000 		.word	2054
 2029 0d08 F3070000 		.word	2035
 2030 0d0c 35080000 		.word	2101
 2031 0d10 C5070000 		.word	1989
 2032 0d14 1F080000 		.word	2079
 2033 0d18 17080000 		.word	2071
 2034 0d1c E3070000 		.word	2019
 2035 0d20 02080000 		.word	2050
 2036 0d24 FE070000 		.word	2046
 2037 0d28 0F080000 		.word	2063
 2038 0d2c EA070000 		.word	2026
 2039 0d30 F8070000 		.word	2040
 2040 0d34 F1070000 		.word	2033
 2041 0d38 11080000 		.word	2065
 2042 0d3c F7070000 		.word	2039
 2043 0d40 06080000 		.word	2054
 2044 0d44 17080000 		.word	2071
 2045 0d48 FF070000 		.word	2047
 2046 0d4c 0F080000 		.word	2063
 2047 0d50 F8070000 		.word	2040
 2048 0d54 F5070000 		.word	2037
ARM GAS  C:\Users\techn\AppData\Local\Temp\ccy0OLmH.s 			page 66


 2049 0d58 05080000 		.word	2053
 2050 0d5c FB070000 		.word	2043
 2051 0d60 F9070000 		.word	2041
 2052 0d64 08080000 		.word	2056
 2053 0d68 EB070000 		.word	2027
 2054 0d6c 0A080000 		.word	2058
 2055 0d70 F0070000 		.word	2032
 2056 0d74 F1070000 		.word	2033
 2057 0d78 FF070000 		.word	2047
 2058 0d7c FF070000 		.word	2047
 2059 0d80 0B080000 		.word	2059
 2060 0d84 13080000 		.word	2067
 2061 0d88 0F080000 		.word	2063
 2062 0d8c 15080000 		.word	2069
 2063 0d90 04080000 		.word	2052
 2064 0d94 FC070000 		.word	2044
 2065 0d98 F8070000 		.word	2040
 2066 0d9c EF070000 		.word	2031
 2067 0da0 F2070000 		.word	2034
 2068 0da4 EE070000 		.word	2030
 2069 0da8 F7070000 		.word	2039
 2070 0dac F9070000 		.word	2041
 2071 0db0 04080000 		.word	2052
 2072 0db4 01080000 		.word	2049
 2073 0db8 06080000 		.word	2054
 2074 0dbc 05080000 		.word	2053
 2075 0dc0 06080000 		.word	2054
 2076 0dc4 05080000 		.word	2053
 2077 0dc8 03080000 		.word	2051
 2078 0dcc FD070000 		.word	2045
 2079 0dd0 03080000 		.word	2051
 2080 0dd4 FF070000 		.word	2047
 2081 0dd8 FA070000 		.word	2042
 2082 0ddc FB070000 		.word	2043
 2083 0de0 FB070000 		.word	2043
 2084 0de4 F9070000 		.word	2041
 2085 0de8 F9070000 		.word	2041
 2086 0dec 00080000 		.word	2048
 2087 0df0 FF070000 		.word	2047
 2088 0df4 04080000 		.word	2052
 2089 0df8 01080000 		.word	2049
 2090 0dfc FE070000 		.word	2046
 2091 0e00 03080000 		.word	2051
 2092 0e04 FD070000 		.word	2045
 2093 0e08 00080000 		.word	2048
 2094 0e0c FF070000 		.word	2047
 2095 0e10 01080000 		.word	2049
 2096 0e14 00080000 		.word	2048
 2097 0e18 00080000 		.word	2048
 2098 0e1c FA070000 		.word	2042
 2099 0e20 FA070000 		.word	2042
 2100 0e24 F9070000 		.word	2041
 2101 0e28 FA070000 		.word	2042
 2102 0e2c FC070000 		.word	2044
 2103 0e30 FF070000 		.word	2047
 2104 0e34 01080000 		.word	2049
 2105 0e38 08080000 		.word	2056
ARM GAS  C:\Users\techn\AppData\Local\Temp\ccy0OLmH.s 			page 67


 2106 0e3c 03080000 		.word	2051
 2107 0e40 06080000 		.word	2054
 2108 0e44 FC070000 		.word	2044
 2109 0e48 FB070000 		.word	2043
 2110 0e4c FE070000 		.word	2046
 2111 0e50 F9070000 		.word	2041
 2112 0e54 09080000 		.word	2057
 2113 0e58 19090000 		.word	2329
 2114 0e5c 11080000 		.word	2065
 2115 0e60 13070000 		.word	1811
 2116 0e64 FB080000 		.word	2299
 2117 0e68 71080000 		.word	2161
 2118 0e6c B7070000 		.word	1975
 2119 0e70 0C0A0000 		.word	2572
 2120 0e74 98070000 		.word	1944
 2121 0e78 A6090000 		.word	2470
 2122 0e7c 51080000 		.word	2129
 2123 0e80 C0050000 		.word	1472
 2124 0e84 A2070000 		.word	1954
 2125 0e88 16090000 		.word	2326
 2126 0e8c DE070000 		.word	2014
 2127 0e90 2A070000 		.word	1834
 2128 0e94 73080000 		.word	2163
 2129 0e98 E1060000 		.word	1761
 2130 0e9c 3C090000 		.word	2364
 2131 0ea0 6D070000 		.word	1901
 2132 0ea4 2A090000 		.word	2346
 2133 0ea8 87080000 		.word	2183
 2134 0eac 1F080000 		.word	2079
 2135 0eb0 9B060000 		.word	1691
 2136 0eb4 D1080000 		.word	2257
 2137 0eb8 ED060000 		.word	1773
 2138 0ebc C0060000 		.word	1728
 2139 0ec0 2D080000 		.word	2093
 2140 0ec4 B2070000 		.word	1970
 2141 0ec8 CB070000 		.word	1995
 2142 0ecc BF070000 		.word	1983
 2143 0ed0 B8070000 		.word	1976
 2144 0ed4 2B080000 		.word	2091
 2145 0ed8 81070000 		.word	1921
 2146 0edc EA070000 		.word	2026
 2147 0ee0 C5080000 		.word	2245
 2148 0ee4 B3070000 		.word	1971
 2149 0ee8 86070000 		.word	1926
 2150 0eec 6E080000 		.word	2158
 2151 0ef0 04080000 		.word	2052
 2152 0ef4 50080000 		.word	2128
 2153 0ef8 75070000 		.word	1909
 2154 0efc F6070000 		.word	2038
 2155 0f00 D8070000 		.word	2008
 2156 0f04 D6070000 		.word	2006
 2157 0f08 1D080000 		.word	2077
 2158 0f0c C6070000 		.word	1990
 2159 0f10 E5070000 		.word	2021
 2160 0f14 39080000 		.word	2105
 2161 0f18 DD070000 		.word	2013
 2162 0f1c ED070000 		.word	2029
ARM GAS  C:\Users\techn\AppData\Local\Temp\ccy0OLmH.s 			page 68


 2163 0f20 40080000 		.word	2112
 2164 0f24 12080000 		.word	2066
 2165 0f28 35080000 		.word	2101
 2166 0f2c 1B080000 		.word	2075
 2167 0f30 B6070000 		.word	1974
 2168 0f34 3E080000 		.word	2110
 2169 0f38 F8070000 		.word	2040
 2170 0f3c B4070000 		.word	1972
 2171 0f40 51080000 		.word	2129
 2172 0f44 27080000 		.word	2087
 2173 0f48 30080000 		.word	2096
 2174 0f4c 55080000 		.word	2133
 2175 0f50 0A080000 		.word	2058
 2176 0f54 F9070000 		.word	2041
 2177 0f58 F8070000 		.word	2040
 2178 0f5c FE070000 		.word	2046
 2179 0f60 24080000 		.word	2084
 2180 0f64 0B080000 		.word	2059
 2181 0f68 F5070000 		.word	2037
 2182 0f6c 0E080000 		.word	2062
 2183 0f70 EC070000 		.word	2028
 2184 0f74 08080000 		.word	2056
 2185 0f78 ED070000 		.word	2029
 2186 0f7c 05080000 		.word	2053
 2187 0f80 FE070000 		.word	2046
 2188 0f84 02080000 		.word	2050
 2189 0f88 FC070000 		.word	2044
 2190 0f8c 0A080000 		.word	2058
 2191 0f90 FF070000 		.word	2047
 2192 0f94 06080000 		.word	2054
 2193 0f98 FA070000 		.word	2042
 2194 0f9c F7070000 		.word	2039
 2195 0fa0 FA070000 		.word	2042
 2196 0fa4 FF070000 		.word	2047
 2197 0fa8 FA070000 		.word	2042
 2198 0fac FF070000 		.word	2047
 2199 0fb0 04080000 		.word	2052
 2200 0fb4 FF070000 		.word	2047
 2201 0fb8 F7070000 		.word	2039
 2202 0fbc 41080000 		.word	2113
 2203 0fc0 F8070000 		.word	2040
 2204 0fc4 15080000 		.word	2069
 2205 0fc8 00080000 		.word	2048
 2206 0fcc 1C080000 		.word	2076
 2207 0fd0 05080000 		.word	2053
 2208 0fd4 EE070000 		.word	2030
 2209 0fd8 F4070000 		.word	2036
 2210 0fdc 0D080000 		.word	2061
 2211 0fe0 F7070000 		.word	2039
 2212 0fe4 FB070000 		.word	2043
 2213 0fe8 CF070000 		.word	1999
 2214 0fec 14080000 		.word	2068
 2215 0ff0 04080000 		.word	2052
 2216 0ff4 FC070000 		.word	2044
 2217 0ff8 F3070000 		.word	2035
 2218 0ffc F1070000 		.word	2033
 2219              		.global	Guitar_LUT
ARM GAS  C:\Users\techn\AppData\Local\Temp\ccy0OLmH.s 			page 69


 2220              		.section	.rodata.Guitar_LUT,"a"
 2221              		.align	2
 2224              	Guitar_LUT:
 2225 0000 4C070000 		.word	1868
 2226 0004 4C070000 		.word	1868
 2227 0008 4C070000 		.word	1868
 2228 000c 4C070000 		.word	1868
 2229 0010 4C070000 		.word	1868
 2230 0014 4C070000 		.word	1868
 2231 0018 4C070000 		.word	1868
 2232 001c 4C070000 		.word	1868
 2233 0020 4C070000 		.word	1868
 2234 0024 4C070000 		.word	1868
 2235 0028 4C070000 		.word	1868
 2236 002c 4C070000 		.word	1868
 2237 0030 4C070000 		.word	1868
 2238 0034 4E070000 		.word	1870
 2239 0038 47070000 		.word	1863
 2240 003c 3A070000 		.word	1850
 2241 0040 DC060000 		.word	1756
 2242 0044 1E070000 		.word	1822
 2243 0048 6D070000 		.word	1901
 2244 004c BA070000 		.word	1978
 2245 0050 CE050000 		.word	1486
 2246 0054 BD080000 		.word	2237
 2247 0058 B1070000 		.word	1969
 2248 005c D3040000 		.word	1235
 2249 0060 0C0A0000 		.word	2572
 2250 0064 AA060000 		.word	1706
 2251 0068 53060000 		.word	1619
 2252 006c 560A0000 		.word	2646
 2253 0070 BB020000 		.word	699
 2254 0074 54070000 		.word	1876
 2255 0078 F50B0000 		.word	3061
 2256 007c 3A030000 		.word	826
 2257 0080 8C070000 		.word	1932
 2258 0084 A8090000 		.word	2472
 2259 0088 17050000 		.word	1303
 2260 008c 21070000 		.word	1825
 2261 0090 53070000 		.word	1875
 2262 0094 A9080000 		.word	2217
 2263 0098 68080000 		.word	2152
 2264 009c A0030000 		.word	928
 2265 00a0 D3080000 		.word	2259
 2266 00a4 69090000 		.word	2409
 2267 00a8 A4040000 		.word	1188
 2268 00ac 0B080000 		.word	2059
 2269 00b0 C8080000 		.word	2248
 2270 00b4 1F060000 		.word	1567
 2271 00b8 8C060000 		.word	1676
 2272 00bc A9060000 		.word	1705
 2273 00c0 0D090000 		.word	2317
 2274 00c4 17080000 		.word	2071
 2275 00c8 D4030000 		.word	980
 2276 00cc EB080000 		.word	2283
 2277 00d0 99090000 		.word	2457
 2278 00d4 1B040000 		.word	1051
ARM GAS  C:\Users\techn\AppData\Local\Temp\ccy0OLmH.s 			page 70


 2279 00d8 D3070000 		.word	2003
 2280 00dc B4090000 		.word	2484
 2281 00e0 6B050000 		.word	1387
 2282 00e4 D6060000 		.word	1750
 2283 00e8 1C080000 		.word	2076
 2284 00ec 56070000 		.word	1878
 2285 00f0 34080000 		.word	2100
 2286 00f4 1E050000 		.word	1310
 2287 00f8 CC070000 		.word	1996
 2288 00fc D7090000 		.word	2519
 2289 0100 5A040000 		.word	1114
 2290 0104 00070000 		.word	1792
 2291 0108 150A0000 		.word	2581
 2292 010c DA050000 		.word	1498
 2293 0110 13060000 		.word	1555
 2294 0114 20080000 		.word	2080
 2295 0118 02080000 		.word	2050
 2296 011c 9E070000 		.word	1950
 2297 0120 0D050000 		.word	1293
 2298 0124 5C080000 		.word	2140
 2299 0128 F2080000 		.word	2290
 2300 012c 40040000 		.word	1088
 2301 0130 D3070000 		.word	2003
 2302 0134 BC090000 		.word	2492
 2303 0138 89050000 		.word	1417
 2304 013c 44060000 		.word	1604
 2305 0140 11080000 		.word	2065
 2306 0144 F9070000 		.word	2041
 2307 0148 97070000 		.word	1943
 2308 014c 77050000 		.word	1399
 2309 0150 70080000 		.word	2160
 2310 0154 D8080000 		.word	2264
 2311 0158 52040000 		.word	1106
 2312 015c 04080000 		.word	2052
 2313 0160 8E090000 		.word	2446
 2314 0164 7C050000 		.word	1404
 2315 0168 A0060000 		.word	1696
 2316 016c 19080000 		.word	2073
 2317 0170 B0070000 		.word	1968
 2318 0174 8C070000 		.word	1932
 2319 0178 DF050000 		.word	1503
 2320 017c 6A080000 		.word	2154
 2321 0180 6B080000 		.word	2155
 2322 0184 C0040000 		.word	1216
 2323 0188 FE070000 		.word	2046
 2324 018c 3E090000 		.word	2366
 2325 0190 D0050000 		.word	1488
 2326 0194 AC060000 		.word	1708
 2327 0198 13080000 		.word	2067
 2328 019c BC070000 		.word	1980
 2329 01a0 F2060000 		.word	1778
 2330 01a4 33060000 		.word	1587
 2331 01a8 A1080000 		.word	2209
 2332 01ac 01080000 		.word	2049
 2333 01b0 F2040000 		.word	1266
 2334 01b4 45080000 		.word	2117
 2335 01b8 09090000 		.word	2313
ARM GAS  C:\Users\techn\AppData\Local\Temp\ccy0OLmH.s 			page 71


 2336 01bc B4050000 		.word	1460
 2337 01c0 E3060000 		.word	1763
 2338 01c4 0B080000 		.word	2059
 2339 01c8 89070000 		.word	1929
 2340 01cc 0B070000 		.word	1803
 2341 01d0 26060000 		.word	1574
 2342 01d4 97080000 		.word	2199
 2343 01d8 FE070000 		.word	2046
 2344 01dc DD040000 		.word	1245
 2345 01e0 9D080000 		.word	2205
 2346 01e4 0B090000 		.word	2315
 2347 01e8 79050000 		.word	1401
 2348 01ec 3F070000 		.word	1855
 2349 01f0 3B080000 		.word	2107
 2350 01f4 48070000 		.word	1864
 2351 01f8 FF060000 		.word	1791
 2352 01fc 84060000 		.word	1668
 2353 0200 74080000 		.word	2164
 2354 0204 A2070000 		.word	1954
 2355 0208 17050000 		.word	1303
 2356 020c AB080000 		.word	2219
 2357 0210 A8080000 		.word	2216
 2358 0214 96050000 		.word	1430
 2359 0218 6A070000 		.word	1898
 2360 021c 28080000 		.word	2088
 2361 0220 4E070000 		.word	1870
 2362 0224 D3060000 		.word	1747
 2363 0228 9E060000 		.word	1694
 2364 022c A1080000 		.word	2209
 2365 0230 5F070000 		.word	1887
 2366 0234 2A050000 		.word	1322
 2367 0238 DD080000 		.word	2269
 2368 023c 5F080000 		.word	2143
 2369 0240 76050000 		.word	1398
 2370 0244 A3070000 		.word	1955
 2371 0248 49080000 		.word	2121
 2372 024c F3060000 		.word	1779
 2373 0250 D0060000 		.word	1744
 2374 0254 F3060000 		.word	1779
 2375 0258 85080000 		.word	2181
 2376 025c 34070000 		.word	1844
 2377 0260 52050000 		.word	1362
 2378 0264 F1080000 		.word	2289
 2379 0268 36080000 		.word	2102
 2380 026c 48050000 		.word	1352
 2381 0270 DE070000 		.word	2014
 2382 0274 6F080000 		.word	2159
 2383 0278 DC060000 		.word	1756
 2384 027c CC060000 		.word	1740
 2385 0280 1C070000 		.word	1820
 2386 0284 85080000 		.word	2181
 2387 0288 09070000 		.word	1801
 2388 028c 54050000 		.word	1364
 2389 0290 18090000 		.word	2328
 2390 0294 FB070000 		.word	2043
 2391 0298 17050000 		.word	1303
 2392 029c 19080000 		.word	2073
ARM GAS  C:\Users\techn\AppData\Local\Temp\ccy0OLmH.s 			page 72


 2393 02a0 69080000 		.word	2153
 2394 02a4 A6060000 		.word	1702
 2395 02a8 EC060000 		.word	1772
 2396 02ac 3F070000 		.word	1855
 2397 02b0 7C080000 		.word	2172
 2398 02b4 FA060000 		.word	1786
 2399 02b8 91050000 		.word	1425
 2400 02bc 26090000 		.word	2342
 2401 02c0 BD070000 		.word	1981
 2402 02c4 1E050000 		.word	1310
 2403 02c8 46080000 		.word	2118
 2404 02cc 62080000 		.word	2146
 2405 02d0 68060000 		.word	1640
 2406 02d4 F7060000 		.word	1783
 2407 02d8 5F070000 		.word	1887
 2408 02dc 4F080000 		.word	2127
 2409 02e0 E2060000 		.word	1762
 2410 02e4 B4050000 		.word	1460
 2411 02e8 28090000 		.word	2344
 2412 02ec 9B070000 		.word	1947
 2413 02f0 0D050000 		.word	1293
 2414 02f4 7E080000 		.word	2174
 2415 02f8 5B080000 		.word	2139
 2416 02fc 3E060000 		.word	1598
 2417 0300 27070000 		.word	1831
 2418 0304 80070000 		.word	1920
 2419 0308 0B080000 		.word	2059
 2420 030c EB060000 		.word	1771
 2421 0310 DD050000 		.word	1501
 2422 0314 03090000 		.word	2307
 2423 0318 86070000 		.word	1926
 2424 031c 13050000 		.word	1299
 2425 0320 EB080000 		.word	2283
 2426 0324 68080000 		.word	2152
 2427 0328 CA050000 		.word	1482
 2428 032c F3060000 		.word	1779
 2429 0330 4D080000 		.word	2125
 2430 0334 C8070000 		.word	1992
 2431 0338 09090000 		.word	2313
 2432 033c 92040000 		.word	1170
 2433 0340 CF070000 		.word	1999
 2434 0344 F5070000 		.word	2037
 2435 0348 2E040000 		.word	1070
 2436 034c 73080000 		.word	2163
 2437 0350 39070000 		.word	1849
 2438 0354 BD050000 		.word	1469
 2439 0358 6C060000 		.word	1644
 2440 035c C5090000 		.word	2501
 2441 0360 9E080000 		.word	2206
 2442 0364 50070000 		.word	1872
 2443 0368 4A060000 		.word	1610
 2444 036c 83080000 		.word	2179
 2445 0370 88070000 		.word	1928
 2446 0374 4C040000 		.word	1100
 2447 0378 32090000 		.word	2354
 2448 037c 85060000 		.word	1669
 2449 0380 F8050000 		.word	1528
ARM GAS  C:\Users\techn\AppData\Local\Temp\ccy0OLmH.s 			page 73


 2450 0384 B1060000 		.word	1713
 2451 0388 EB080000 		.word	2283
 2452 038c 34080000 		.word	2100
 2453 0390 DC070000 		.word	2012
 2454 0394 32060000 		.word	1586
 2455 0398 3F090000 		.word	2367
 2456 039c F2060000 		.word	1778
 2457 03a0 BC040000 		.word	1212
 2458 03a4 F3080000 		.word	2291
 2459 03a8 34060000 		.word	1588
 2460 03ac 2D060000 		.word	1581
 2461 03b0 B6060000 		.word	1718
 2462 03b4 25090000 		.word	2341
 2463 03b8 BE070000 		.word	1982
 2464 03bc AA070000 		.word	1962
 2465 03c0 8A060000 		.word	1674
 2466 03c4 56090000 		.word	2390
 2467 03c8 3C070000 		.word	1852
 2468 03cc FC040000 		.word	1276
 2469 03d0 2B090000 		.word	2347
 2470 03d4 00060000 		.word	1536
 2471 03d8 79050000 		.word	1401
 2472 03dc 31070000 		.word	1841
 2473 03e0 F0080000 		.word	2288
 2474 03e4 44070000 		.word	1860
 2475 03e8 D1070000 		.word	2001
 2476 03ec A0060000 		.word	1696
 2477 03f0 B4090000 		.word	2484
 2478 03f4 1D070000 		.word	1821
 2479 03f8 54050000 		.word	1364
 2480 03fc EE080000 		.word	2286
 2481 0400 F8050000 		.word	1528
 2482 0404 C8050000 		.word	1480
 2483 0408 FF060000 		.word	1791
 2484 040c 24090000 		.word	2340
 2485 0410 A6060000 		.word	1702
 2486 0414 A3070000 		.word	1955
 2487 0418 09070000 		.word	1801
 2488 041c 93090000 		.word	2451
 2489 0420 3C070000 		.word	1852
 2490 0424 A3050000 		.word	1443
 2491 0428 E9080000 		.word	2281
 2492 042c 3B060000 		.word	1595
 2493 0430 A4050000 		.word	1444
 2494 0434 F2060000 		.word	1778
 2495 0438 51090000 		.word	2385
 2496 043c 9A060000 		.word	1690
 2497 0440 F3070000 		.word	2035
 2498 0444 79070000 		.word	1913
 2499 0448 FF070000 		.word	2047
 2500 044c 4E060000 		.word	1614
 2501 0450 7F050000 		.word	1407
 2502 0454 7B0B0000 		.word	2939
 2503 0458 81060000 		.word	1665
 2504 045c 2B090000 		.word	2347
 2505 0460 C4030000 		.word	964
 2506 0464 A60C0000 		.word	3238
ARM GAS  C:\Users\techn\AppData\Local\Temp\ccy0OLmH.s 			page 74


 2507 0468 1D070000 		.word	1821
 2508 046c FA010000 		.word	506
 2509 0470 23030000 		.word	803
 2510 0474 81050000 		.word	1409
 2511 0478 2D0B0000 		.word	2861
 2512 047c 2F090000 		.word	2351
 2513 0480 BF070000 		.word	1983
 2514 0484 93080000 		.word	2195
 2515 0488 790B0000 		.word	2937
 2516 048c D2050000 		.word	1490
 2517 0490 F80B0000 		.word	3064
 2518 0494 13000000 		.word	19
 2519 0498 D8000000 		.word	216
 2520 049c 2C0F0000 		.word	3884
 2521 04a0 46060000 		.word	1606
 2522 04a4 36060000 		.word	1590
 2523 04a8 8C070000 		.word	1932
 2524 04ac 00000000 		.word	0
 2525 04b0 C30A0000 		.word	2755
 2526 04b4 390B0000 		.word	2873
 2527 04b8 BE030000 		.word	958
 2528 04bc D20D0000 		.word	3538
 2529 04c0 A0010000 		.word	416
 2530 04c4 56080000 		.word	2134
 2531 04c8 490D0000 		.word	3401
 2532 04cc ED010000 		.word	493
 2533 04d0 3A0B0000 		.word	2874
 2534 04d4 82060000 		.word	1666
 2535 04d8 1E030000 		.word	798
 2536 04dc 8C060000 		.word	1676
 2537 04e0 48020000 		.word	584
 2538 04e4 AB0C0000 		.word	3243
 2539 04e8 800E0000 		.word	3712
 2540 04ec 27020000 		.word	551
 2541 04f0 31070000 		.word	1841
 2542 04f4 92060000 		.word	1682
 2543 04f8 91060000 		.word	1681
 2544 04fc 320D0000 		.word	3378
 2545 0500 FF020000 		.word	767
 2546 0504 4D030000 		.word	845
 2547 0508 A8080000 		.word	2216
 2548 050c E9020000 		.word	745
 2549 0510 FF0F0000 		.word	4095
 2550 0514 9B080000 		.word	2203
 2551 0518 9D010000 		.word	413
 2552 051c CF0A0000 		.word	2767
 2553 0520 C4020000 		.word	708
 2554 0524 EC090000 		.word	2540
 2555 0528 B5070000 		.word	1973
 2556 052c E0050000 		.word	1504
 2557 0530 D00A0000 		.word	2768
 2558 0534 DE050000 		.word	1502
 2559 0538 9B020000 		.word	667
 2560 053c D10C0000 		.word	3281
 2561 0540 14070000 		.word	1812
 2562 0544 C4040000 		.word	1220
 2563 0548 FB090000 		.word	2555
ARM GAS  C:\Users\techn\AppData\Local\Temp\ccy0OLmH.s 			page 75


 2564 054c 70000000 		.word	112
 2565 0550 420C0000 		.word	3138
 2566 0554 C3060000 		.word	1731
 2567 0558 26090000 		.word	2342
 2568 055c D00A0000 		.word	2768
 2569 0560 C8010000 		.word	456
 2570 0564 BD050000 		.word	1469
 2571 0568 0A0A0000 		.word	2570
 2572 056c 55080000 		.word	2133
 2573 0570 83050000 		.word	1411
 2574 0574 D6080000 		.word	2262
 2575 0578 89040000 		.word	1161
 2576 057c 760B0000 		.word	2934
 2577 0580 A3040000 		.word	1187
 2578 0584 81080000 		.word	2177
 2579 0588 45090000 		.word	2373
 2580 058c FC030000 		.word	1020
 2581 0590 30080000 		.word	2096
 2582 0594 A4060000 		.word	1700
 2583 0598 98070000 		.word	1944
 2584 059c 3C080000 		.word	2108
 2585 05a0 4C080000 		.word	2124
 2586 05a4 DE060000 		.word	1758
 2587 05a8 5B070000 		.word	1883
 2588 05ac 60060000 		.word	1632
 2589 05b0 49080000 		.word	2121
 2590 05b4 D9070000 		.word	2009
 2591 05b8 47060000 		.word	1607
 2592 05bc D9070000 		.word	2009
 2593 05c0 C9060000 		.word	1737
 2594 05c4 32070000 		.word	1842
 2595 05c8 21080000 		.word	2081
 2596 05cc A1060000 		.word	1697
 2597 05d0 49070000 		.word	1865
 2598 05d4 A0070000 		.word	1952
 2599 05d8 B6060000 		.word	1718
 2600 05dc D7070000 		.word	2007
 2601 05e0 52070000 		.word	1874
 2602 05e4 1E070000 		.word	1822
 2603 05e8 E5070000 		.word	2021
 2604 05ec EA060000 		.word	1770
 2605 05f0 FE060000 		.word	1790
 2606 05f4 7B070000 		.word	1915
 2607 05f8 49070000 		.word	1865
 2608 05fc 8D070000 		.word	1933
 2609 0600 13070000 		.word	1811
 2610 0604 44070000 		.word	1860
 2611 0608 A5070000 		.word	1957
 2612 060c D2060000 		.word	1746
 2613 0610 CA070000 		.word	1994
 2614 0614 70070000 		.word	1904
 2615 0618 E8060000 		.word	1768
 2616 061c 6A070000 		.word	1898
 2617 0620 17070000 		.word	1815
 2618 0624 5F070000 		.word	1887
 2619 0628 63070000 		.word	1891
 2620 062c 1E070000 		.word	1822
ARM GAS  C:\Users\techn\AppData\Local\Temp\ccy0OLmH.s 			page 76


 2621 0630 C5070000 		.word	1989
 2622 0634 4E070000 		.word	1870
 2623 0638 0E070000 		.word	1806
 2624 063c AE070000 		.word	1966
 2625 0640 EF060000 		.word	1775
 2626 0644 86070000 		.word	1926
 2627 0648 11070000 		.word	1809
 2628 064c 13070000 		.word	1811
 2629 0650 D6070000 		.word	2006
 2630 0654 BD060000 		.word	1725
 2631 0658 63070000 		.word	1891
 2632 065c D2070000 		.word	2002
 2633 0660 03070000 		.word	1795
 2634 0664 5E070000 		.word	1886
 2635 0668 60070000 		.word	1888
 2636 066c 00070000 		.word	1792
 2637 0670 AC070000 		.word	1964
 2638 0674 FF060000 		.word	1791
 2639 0678 48070000 		.word	1864
 2640 067c 8B070000 		.word	1931
 2641 0680 C0060000 		.word	1728
 2642 0684 8B070000 		.word	1931
 2643 0688 63070000 		.word	1891
 2644 068c 4F070000 		.word	1871
 2645 0690 80070000 		.word	1920
 2646 0694 1C070000 		.word	1820
 2647 0698 77070000 		.word	1911
 2648 069c 7C070000 		.word	1916
 2649 06a0 E2060000 		.word	1762
 2650 06a4 98070000 		.word	1944
 2651 06a8 50070000 		.word	1872
 2652 06ac E4060000 		.word	1764
 2653 06b0 86070000 		.word	1926
 2654 06b4 1F070000 		.word	1823
 2655 06b8 6E070000 		.word	1902
 2656 06bc 47070000 		.word	1863
 2657 06c0 3B070000 		.word	1851
 2658 06c4 AA070000 		.word	1962
 2659 06c8 24070000 		.word	1828
 2660 06cc 27070000 		.word	1831
 2661 06d0 93070000 		.word	1939
 2662 06d4 3A070000 		.word	1850
 2663 06d8 22070000 		.word	1826
 2664 06dc 21070000 		.word	1825
 2665 06e0 43070000 		.word	1859
 2666 06e4 87070000 		.word	1927
 2667 06e8 18070000 		.word	1816
 2668 06ec 6E070000 		.word	1902
 2669 06f0 72070000 		.word	1906
 2670 06f4 18070000 		.word	1816
 2671 06f8 67070000 		.word	1895
 2672 06fc 62070000 		.word	1890
 2673 0700 4D070000 		.word	1869
 2674 0704 35070000 		.word	1845
 2675 0708 14070000 		.word	1812
 2676 070c 73070000 		.word	1907
 2677 0710 58070000 		.word	1880
ARM GAS  C:\Users\techn\AppData\Local\Temp\ccy0OLmH.s 			page 77


 2678 0714 0D070000 		.word	1805
 2679 0718 80070000 		.word	1920
 2680 071c 5D070000 		.word	1885
 2681 0720 36070000 		.word	1846
 2682 0724 43070000 		.word	1859
 2683 0728 55070000 		.word	1877
 2684 072c 94070000 		.word	1940
 2685 0730 0E070000 		.word	1806
 2686 0734 4B070000 		.word	1867
 2687 0738 6D070000 		.word	1901
 2688 073c 53070000 		.word	1875
 2689 0740 22070000 		.word	1826
 2690 0744 68070000 		.word	1896
 2691 0748 32070000 		.word	1842
 2692 074c 2F070000 		.word	1839
 2693 0750 4D070000 		.word	1869
 2694 0754 4D070000 		.word	1869
 2695 0758 8E070000 		.word	1934
 2696 075c 1D070000 		.word	1821
 2697 0760 64070000 		.word	1892
 2698 0764 42070000 		.word	1858
 2699 0768 75070000 		.word	1909
 2700 076c 58070000 		.word	1880
 2701 0770 46070000 		.word	1862
 2702 0774 7C070000 		.word	1916
 2703 0778 0D070000 		.word	1805
 2704 077c 2E070000 		.word	1838
 2705 0780 75070000 		.word	1909
 2706 0784 4E070000 		.word	1870
 2707 0788 11070000 		.word	1809
 2708 078c 78070000 		.word	1912
 2709 0790 28070000 		.word	1832
 2710 0794 8F070000 		.word	1935
 2711 0798 17070000 		.word	1815
 2712 079c 64070000 		.word	1892
 2713 07a0 92070000 		.word	1938
 2714 07a4 04070000 		.word	1796
 2715 07a8 3E070000 		.word	1854
 2716 07ac 32070000 		.word	1842
 2717 07b0 52070000 		.word	1874
 2718 07b4 39070000 		.word	1849
 2719 07b8 8C070000 		.word	1932
 2720 07bc 38070000 		.word	1848
 2721 07c0 69070000 		.word	1897
 2722 07c4 0D070000 		.word	1805
 2723 07c8 97070000 		.word	1943
 2724 07cc 7A070000 		.word	1914
 2725 07d0 0D070000 		.word	1805
 2726 07d4 40070000 		.word	1856
 2727 07d8 27070000 		.word	1831
 2728 07dc 5F070000 		.word	1887
 2729 07e0 16070000 		.word	1814
 2730 07e4 71070000 		.word	1905
 2731 07e8 56070000 		.word	1878
 2732 07ec 6F070000 		.word	1903
 2733 07f0 11070000 		.word	1809
 2734 07f4 84070000 		.word	1924
ARM GAS  C:\Users\techn\AppData\Local\Temp\ccy0OLmH.s 			page 78


 2735 07f8 50070000 		.word	1872
 2736 07fc 3D070000 		.word	1853
 2737 0800 57070000 		.word	1879
 2738 0804 11070000 		.word	1809
 2739 0808 75070000 		.word	1909
 2740 080c F7060000 		.word	1783
 2741 0810 85070000 		.word	1925
 2742 0814 7A070000 		.word	1914
 2743 0818 3C070000 		.word	1852
 2744 081c 23070000 		.word	1827
 2745 0820 76070000 		.word	1910
 2746 0824 53070000 		.word	1875
 2747 0828 73070000 		.word	1907
 2748 082c 35070000 		.word	1845
 2749 0830 1F070000 		.word	1823
 2750 0834 75070000 		.word	1909
 2751 0838 D7060000 		.word	1751
 2752 083c 9C070000 		.word	1948
 2753 0840 46070000 		.word	1862
 2754 0844 1F070000 		.word	1823
 2755 0848 0A050000 		.word	1290
 2756 084c 9B070000 		.word	1947
 2757 0850 C70A0000 		.word	2759
 2758 0854 3B050000 		.word	1339
 2759 0858 4F090000 		.word	2383
 2760 085c 54050000 		.word	1364
 2761 0860 B4080000 		.word	2228
 2762 0864 A7060000 		.word	1703
 2763 0868 92060000 		.word	1682
 2764 086c 9E060000 		.word	1694
 2765 0870 83050000 		.word	1411
 2766 0874 A8090000 		.word	2472
 2767 0878 1C060000 		.word	1564
 2768 087c E8080000 		.word	2280
 2769 0880 D9060000 		.word	1753
 2770 0884 63070000 		.word	1891
 2771 0888 82060000 		.word	1666
 2772 088c 39080000 		.word	2105
 2773 0890 C9070000 		.word	1993
 2774 0894 21060000 		.word	1569
 2775 0898 09080000 		.word	2057
 2776 089c 90050000 		.word	1424
 2777 08a0 30080000 		.word	2096
 2778 08a4 06070000 		.word	1798
 2779 08a8 AF070000 		.word	1967
 2780 08ac FC060000 		.word	1788
 2781 08b0 FE070000 		.word	2046
 2782 08b4 B2060000 		.word	1714
 2783 08b8 B9080000 		.word	2233
 2784 08bc D8060000 		.word	1752
 2785 08c0 EE060000 		.word	1774
 2786 08c4 CA070000 		.word	1994
 2787 08c8 82050000 		.word	1410
 2788 08cc FE080000 		.word	2302
 2789 08d0 59060000 		.word	1625
 2790 08d4 E6070000 		.word	2022
 2791 08d8 78070000 		.word	1912
ARM GAS  C:\Users\techn\AppData\Local\Temp\ccy0OLmH.s 			page 79


 2792 08dc A4070000 		.word	1956
 2793 08e0 1E070000 		.word	1822
 2794 08e4 58080000 		.word	2136
 2795 08e8 4D060000 		.word	1613
 2796 08ec AF070000 		.word	1967
 2797 08f0 7F070000 		.word	1919
 2798 08f4 26060000 		.word	1574
 2799 08f8 DB070000 		.word	2011
 2800 08fc 86060000 		.word	1670
 2801 0900 E9070000 		.word	2025
 2802 0904 DE060000 		.word	1758
 2803 0908 8C080000 		.word	2188
 2804 090c E8060000 		.word	1768
 2805 0910 44080000 		.word	2116
 2806 0914 3D060000 		.word	1597
 2807 0918 C6070000 		.word	1990
 2808 091c F6060000 		.word	1782
 2809 0920 79060000 		.word	1657
 2810 0924 0F080000 		.word	2063
 2811 0928 1B060000 		.word	1563
 2812 092c 8A080000 		.word	2186
 2813 0930 43060000 		.word	1603
 2814 0934 AF080000 		.word	2223
 2815 0938 09070000 		.word	1801
 2816 093c AE070000 		.word	1966
 2817 0940 A7060000 		.word	1703
 2818 0944 F3070000 		.word	2035
 2819 0948 C9060000 		.word	1737
 2820 094c 05070000 		.word	1797
 2821 0950 B0070000 		.word	1968
 2822 0954 DB050000 		.word	1499
 2823 0958 33080000 		.word	2099
 2824 095c 31060000 		.word	1585
 2825 0960 06090000 		.word	2310
 2826 0964 D5060000 		.word	1749
 2827 0968 26080000 		.word	2086
 2828 096c 79060000 		.word	1657
 2829 0970 C6070000 		.word	1990
 2830 0974 37070000 		.word	1847
 2831 0978 D4060000 		.word	1748
 2832 097c B1070000 		.word	1969
 2833 0980 50060000 		.word	1616
 2834 0984 D8070000 		.word	2008
 2835 0988 D0060000 		.word	1744
 2836 098c 0E080000 		.word	2062
 2837 0990 06070000 		.word	1798
 2838 0994 83070000 		.word	1923
 2839 0998 26070000 		.word	1830
 2840 099c 5E070000 		.word	1886
 2841 09a0 5D070000 		.word	1885
 2842 09a4 28070000 		.word	1832
 2843 09a8 64070000 		.word	1892
 2844 09ac 09070000 		.word	1801
 2845 09b0 83070000 		.word	1923
 2846 09b4 1E070000 		.word	1822
 2847 09b8 85070000 		.word	1925
 2848 09bc 35070000 		.word	1845
ARM GAS  C:\Users\techn\AppData\Local\Temp\ccy0OLmH.s 			page 80


 2849 09c0 60070000 		.word	1888
 2850 09c4 3F070000 		.word	1855
 2851 09c8 4D070000 		.word	1869
 2852 09cc 40070000 		.word	1856
 2853 09d0 38070000 		.word	1848
 2854 09d4 78070000 		.word	1912
 2855 09d8 1A070000 		.word	1818
 2856 09dc 87070000 		.word	1927
 2857 09e0 2E070000 		.word	1838
 2858 09e4 63070000 		.word	1891
 2859 09e8 47070000 		.word	1863
 2860 09ec 4E070000 		.word	1870
 2861 09f0 47070000 		.word	1863
 2862 09f4 4C070000 		.word	1868
 2863 09f8 4B070000 		.word	1867
 2864 09fc 3B070000 		.word	1851
 2865 0a00 5C070000 		.word	1884
 2866 0a04 33070000 		.word	1843
 2867 0a08 76070000 		.word	1910
 2868 0a0c 23070000 		.word	1827
 2869 0a10 7A070000 		.word	1914
 2870 0a14 32070000 		.word	1842
 2871 0a18 5F070000 		.word	1887
 2872 0a1c 4E070000 		.word	1870
 2873 0a20 47070000 		.word	1863
 2874 0a24 4E070000 		.word	1870
 2875 0a28 39070000 		.word	1849
 2876 0a2c 5B070000 		.word	1883
 2877 0a30 30070000 		.word	1840
 2878 0a34 6F070000 		.word	1903
 2879 0a38 2D070000 		.word	1837
 2880 0a3c 69070000 		.word	1897
 2881 0a40 37070000 		.word	1847
 2882 0a44 62070000 		.word	1890
 2883 0a48 46070000 		.word	1862
 2884 0a4c 52070000 		.word	1874
 2885 0a50 4F070000 		.word	1871
 2886 0a54 42070000 		.word	1858
 2887 0a58 43070000 		.word	1859
 2888 0a5c 4B070000 		.word	1867
 2889 0a60 57070000 		.word	1879
 2890 0a64 33070000 		.word	1843
 2891 0a68 70070000 		.word	1904
 2892 0a6c 2E070000 		.word	1838
 2893 0a70 69070000 		.word	1897
 2894 0a74 53070000 		.word	1875
 2895 0a78 4B070000 		.word	1867
 2896 0a7c 42070000 		.word	1858
 2897 0a80 48070000 		.word	1864
 2898 0a84 48070000 		.word	1864
 2899 0a88 48070000 		.word	1864
 2900 0a8c 4D070000 		.word	1869
 2901 0a90 4A070000 		.word	1866
 2902 0a94 4F070000 		.word	1871
 2903 0a98 4B070000 		.word	1867
 2904 0a9c 5B070000 		.word	1883
 2905 0aa0 43070000 		.word	1859
ARM GAS  C:\Users\techn\AppData\Local\Temp\ccy0OLmH.s 			page 81


 2906 0aa4 5F070000 		.word	1887
 2907 0aa8 3D070000 		.word	1853
 2908 0aac 51070000 		.word	1873
 2909 0ab0 40070000 		.word	1856
 2910 0ab4 4D070000 		.word	1869
 2911 0ab8 4C070000 		.word	1868
 2912 0abc 53070000 		.word	1875
 2913 0ac0 49070000 		.word	1865
 2914 0ac4 D3070000 		.word	2003
 2915 0ac8 87060000 		.word	1671
 2916 0acc 87090000 		.word	2439
 2917 0ad0 FF050000 		.word	1535
 2918 0ad4 40040000 		.word	1088
 2919 0ad8 7A0B0000 		.word	2938
 2920 0adc 24060000 		.word	1572
 2921 0ae0 FE060000 		.word	1790
 2922 0ae4 07070000 		.word	1799
 2923 0ae8 A0040000 		.word	1184
 2924 0aec 38080000 		.word	2104
 2925 0af0 6C060000 		.word	1644
 2926 0af4 3D090000 		.word	2365
 2927 0af8 43060000 		.word	1603
 2928 0afc 28040000 		.word	1064
 2929 0b00 110A0000 		.word	2577
 2930 0b04 47040000 		.word	1095
 2931 0b08 4D0A0000 		.word	2637
 2932 0b0c 6D070000 		.word	1901
 2933 0b10 25030000 		.word	805
 2934 0b14 640A0000 		.word	2660
 2935 0b18 FC030000 		.word	1020
 2936 0b1c F00A0000 		.word	2800
 2937 0b20 04060000 		.word	1540
 2938 0b24 7D050000 		.word	1405
 2939 0b28 0F090000 		.word	2319
 2940 0b2c 98050000 		.word	1432
 2941 0b30 A30B0000 		.word	2979
 2942 0b34 AF050000 		.word	1455
 2943 0b38 5F060000 		.word	1631
 2944 0b3c 1A090000 		.word	2330
 2945 0b40 76050000 		.word	1398
 2946 0b44 980B0000 		.word	2968
 2947 0b48 DD060000 		.word	1757
 2948 0b4c 99050000 		.word	1433
 2949 0b50 9D080000 		.word	2205
 2950 0b54 26050000 		.word	1318
 2951 0b58 450A0000 		.word	2629
 2952 0b5c 75060000 		.word	1653
 2953 0b60 AA060000 		.word	1706
 2954 0b64 B5070000 		.word	1973
 2955 0b68 00040000 		.word	1024
 2956 0b6c B50A0000 		.word	2741
 2957 0b70 97050000 		.word	1431
 2958 0b74 BD070000 		.word	1981
 2959 0b78 57070000 		.word	1879
 2960 0b7c 0C040000 		.word	1036
 2961 0b80 FF090000 		.word	2559
 2962 0b84 CC050000 		.word	1484
ARM GAS  C:\Users\techn\AppData\Local\Temp\ccy0OLmH.s 			page 82


 2963 0b88 AD090000 		.word	2477
 2964 0b8c 77050000 		.word	1399
 2965 0b90 56050000 		.word	1366
 2966 0b94 32090000 		.word	2354
 2967 0b98 D4050000 		.word	1492
 2968 0b9c CE0A0000 		.word	2766
 2969 0ba0 FB050000 		.word	1531
 2970 0ba4 52050000 		.word	1362
 2971 0ba8 DA080000 		.word	2266
 2972 0bac 4C060000 		.word	1612
 2973 0bb0 DF0A0000 		.word	2783
 2974 0bb4 5E060000 		.word	1630
 2975 0bb8 CC050000 		.word	1484
 2976 0bbc 72080000 		.word	2162
 2977 0bc0 7C050000 		.word	1404
 2978 0bc4 A10A0000 		.word	2721
 2979 0bc8 7E060000 		.word	1662
 2980 0bcc 48060000 		.word	1608
 2981 0bd0 07080000 		.word	2055
 2982 0bd4 70040000 		.word	1136
 2983 0bd8 DC0A0000 		.word	2780
 2984 0bdc AF050000 		.word	1455
 2985 0be0 9D070000 		.word	1949
 2986 0be4 09070000 		.word	1801
 2987 0be8 71040000 		.word	1137
 2988 0bec 5B0A0000 		.word	2651
 2989 0bf0 9C050000 		.word	1436
 2990 0bf4 13090000 		.word	2323
 2991 0bf8 3F060000 		.word	1599
 2992 0bfc 02050000 		.word	1282
 2993 0c00 87090000 		.word	2439
 2994 0c04 99060000 		.word	1689
 2995 0c08 B6090000 		.word	2486
 2996 0c0c 51060000 		.word	1617
 2997 0c10 6D050000 		.word	1389
 2998 0c14 C3080000 		.word	2243
 2999 0c18 85060000 		.word	1669
 3000 0c1c 610A0000 		.word	2657
 3001 0c20 95060000 		.word	1685
 3002 0c24 A8050000 		.word	1448
 3003 0c28 76080000 		.word	2166
 3004 0c2c ED050000 		.word	1517
 3005 0c30 850A0000 		.word	2693
 3006 0c34 56060000 		.word	1622
 3007 0c38 52060000 		.word	1618
 3008 0c3c CB070000 		.word	1995
 3009 0c40 EC040000 		.word	1260
 3010 0c44 E50A0000 		.word	2789
 3011 0c48 28050000 		.word	1320
 3012 0c4c 8B070000 		.word	1931
 3013 0c50 11070000 		.word	1809
 3014 0c54 01050000 		.word	1281
 3015 0c58 4C0A0000 		.word	2636
 3016 0c5c AC050000 		.word	1452
 3017 0c60 38080000 		.word	2104
 3018 0c64 AB060000 		.word	1707
 3019 0c68 43050000 		.word	1347
ARM GAS  C:\Users\techn\AppData\Local\Temp\ccy0OLmH.s 			page 83


 3020 0c6c 89090000 		.word	2441
 3021 0c70 1E060000 		.word	1566
 3022 0c74 26090000 		.word	2342
 3023 0c78 7B060000 		.word	1659
 3024 0c7c 77050000 		.word	1399
 3025 0c80 74090000 		.word	2420
 3026 0c84 2E060000 		.word	1582
 3027 0c88 CB090000 		.word	2507
 3028 0c8c B3060000 		.word	1715
 3029 0c90 C5050000 		.word	1477
 3030 0c94 D8080000 		.word	2264
 3031 0c98 E4050000 		.word	1508
 3032 0c9c 5D0A0000 		.word	2653
 3033 0ca0 24060000 		.word	1572
 3034 0ca4 12060000 		.word	1554
 3035 0ca8 83080000 		.word	2179
 3036 0cac 45050000 		.word	1349
 3037 0cb0 700A0000 		.word	2672
 3038 0cb4 AA050000 		.word	1450
 3039 0cb8 CC060000 		.word	1740
 3040 0cbc 90070000 		.word	1936
 3041 0cc0 1F050000 		.word	1311
 3042 0cc4 260A0000 		.word	2598
 3043 0cc8 85050000 		.word	1413
 3044 0ccc B6070000 		.word	1974
 3045 0cd0 DC060000 		.word	1756
 3046 0cd4 45050000 		.word	1349
 3047 0cd8 E5090000 		.word	2533
 3048 0cdc D6050000 		.word	1494
 3049 0ce0 A1080000 		.word	2209
 3050 0ce4 DB060000 		.word	1755
 3051 0ce8 AA050000 		.word	1450
 3052 0cec 33090000 		.word	2355
 3053 0cf0 88060000 		.word	1672
 3054 0cf4 1D090000 		.word	2333
 3055 0cf8 C1060000 		.word	1729
 3056 0cfc BA050000 		.word	1466
 3057 0d00 1E090000 		.word	2334
 3058 0d04 25060000 		.word	1573
 3059 0d08 DE090000 		.word	2526
 3060 0d0c 85060000 		.word	1669
 3061 0d10 D0050000 		.word	1488
 3062 0d14 D6080000 		.word	2262
 3063 0d18 85050000 		.word	1413
 3064 0d1c 720A0000 		.word	2674
 3065 0d20 8C050000 		.word	1420
 3066 0d24 C0060000 		.word	1728
 3067 0d28 B2070000 		.word	1970
 3068 0d2c 59050000 		.word	1369
 3069 0d30 290A0000 		.word	2601
 3070 0d34 7C050000 		.word	1404
 3071 0d38 8B070000 		.word	1931
 3072 0d3c FD060000 		.word	1789
 3073 0d40 B7050000 		.word	1463
 3074 0d44 9D090000 		.word	2461
 3075 0d48 07060000 		.word	1543
 3076 0d4c F7070000 		.word	2039
ARM GAS  C:\Users\techn\AppData\Local\Temp\ccy0OLmH.s 			page 84


 3077 0d50 07070000 		.word	1799
 3078 0d54 99050000 		.word	1433
 3079 0d58 73090000 		.word	2419
 3080 0d5c 48060000 		.word	1608
 3081 0d60 A0080000 		.word	2208
 3082 0d64 22070000 		.word	1826
 3083 0d68 5C050000 		.word	1372
 3084 0d6c AA090000 		.word	2474
 3085 0d70 04060000 		.word	1540
 3086 0d74 B3090000 		.word	2483
 3087 0d78 6B060000 		.word	1643
 3088 0d7c E3050000 		.word	1507
 3089 0d80 DB080000 		.word	2267
 3090 0d84 AE050000 		.word	1454
 3091 0d88 2B0A0000 		.word	2603
 3092 0d8c F5050000 		.word	1525
 3093 0d90 79060000 		.word	1657
 3094 0d94 B2070000 		.word	1970
 3095 0d98 B7050000 		.word	1463
 3096 0d9c 220A0000 		.word	2594
 3097 0da0 A9050000 		.word	1449
 3098 0da4 ED060000 		.word	1773
 3099 0da8 BC070000 		.word	1980
 3100 0dac F7050000 		.word	1527
 3101 0db0 D6080000 		.word	2262
 3102 0db4 9F080000 		.word	2207
 3103 0db8 71060000 		.word	1649
 3104 0dbc FD050000 		.word	1533
 3105 0dc0 ED050000 		.word	1517
 3106 0dc4 A90A0000 		.word	2729
 3107 0dc8 60050000 		.word	1376
 3108 0dcc EB090000 		.word	2539
 3109 0dd0 1C060000 		.word	1564
 3110 0dd4 E7040000 		.word	1255
 3111 0dd8 48090000 		.word	2376
 3112 0ddc 4D070000 		.word	1869
 3113 0de0 25090000 		.word	2341
 3114 0de4 37070000 		.word	1847
 3115 0de8 62050000 		.word	1378
 3116 0dec 4E080000 		.word	2126
 3117 0df0 33060000 		.word	1587
 3118 0df4 7B0A0000 		.word	2683
 3119 0df8 96060000 		.word	1686
 3120 0dfc 1D060000 		.word	1565
 3121 0e00 DD070000 		.word	2013
 3122 0e04 1E050000 		.word	1310
 3123 0e08 7F0A0000 		.word	2687
 3124 0e0c EB050000 		.word	1515
 3125 0e10 CA070000 		.word	1994
 3126 0e14 60060000 		.word	1632
 3127 0e18 34060000 		.word	1588
 3128 0e1c E0080000 		.word	2272
 3129 0e20 1F070000 		.word	1823
 3130 0e24 AD060000 		.word	1709
 3131 0e28 1E080000 		.word	2078
 3132 0e2c 97040000 		.word	1175
 3133 0e30 A5090000 		.word	2469
ARM GAS  C:\Users\techn\AppData\Local\Temp\ccy0OLmH.s 			page 85


 3134 0e34 55060000 		.word	1621
 3135 0e38 A2080000 		.word	2210
 3136 0e3c 60060000 		.word	1632
 3137 0e40 46060000 		.word	1606
 3138 0e44 47080000 		.word	2119
 3139 0e48 DF060000 		.word	1759
 3140 0e4c 9E080000 		.word	2206
 3141 0e50 63070000 		.word	1891
 3142 0e54 04050000 		.word	1284
 3143 0e58 EF090000 		.word	2543
 3144 0e5c 14050000 		.word	1300
 3145 0e60 870A0000 		.word	2695
 3146 0e64 8D050000 		.word	1421
 3147 0e68 EA060000 		.word	1770
 3148 0e6c FB060000 		.word	1787
 3149 0e70 EC060000 		.word	1772
 3150 0e74 B5080000 		.word	2229
 3151 0e78 0B070000 		.word	1803
 3152 0e7c FF050000 		.word	1535
 3153 0e80 09080000 		.word	2057
 3154 0e84 65050000 		.word	1381
 3155 0e88 010A0000 		.word	2561
 3156 0e8c 3F060000 		.word	1599
 3157 0e90 85070000 		.word	1925
 3158 0e94 59070000 		.word	1881
 3159 0e98 DF050000 		.word	1503
 3160 0e9c 64090000 		.word	2404
 3161 0ea0 77060000 		.word	1655
 3162 0ea4 31080000 		.word	2097
 3163 0ea8 23070000 		.word	1827
 3164 0eac 06060000 		.word	1542
 3165 0eb0 DA080000 		.word	2266
 3166 0eb4 F4060000 		.word	1780
 3167 0eb8 54080000 		.word	2132
 3168 0ebc BF070000 		.word	1983
 3169 0ec0 70040000 		.word	1136
 3170 0ec4 12090000 		.word	2322
 3171 0ec8 85050000 		.word	1413
 3172 0ecc A60A0000 		.word	2726
 3173 0ed0 92070000 		.word	1938
 3174 0ed4 EF030000 		.word	1007
 3175 0ed8 F8080000 		.word	2296
 3176 0edc 01080000 		.word	2049
 3177 0ee0 19070000 		.word	1817
 3178 0ee4 7E090000 		.word	2430
 3179 0ee8 640A0000 		.word	2660
 3180 0eec EB030000 		.word	1003
 3181 0ef0 5A060000 		.word	1626
 3182 0ef4 4F090000 		.word	2383
 3183 0ef8 41050000 		.word	1345
 3184 0efc 59040000 		.word	1113
 3185 0f00 C8040000 		.word	1224
 3186 0f04 A20A0000 		.word	2722
 3187 0f08 67070000 		.word	1895
 3188 0f0c 2B000000 		.word	43
 3189 0f10 A3000000 		.word	163
 3190 0f14 57080000 		.word	2135
ARM GAS  C:\Users\techn\AppData\Local\Temp\ccy0OLmH.s 			page 86


 3191 0f18 63050000 		.word	1379
 3192 0f1c 69070000 		.word	1897
 3193 0f20 D0020000 		.word	720
 3194 0f24 56070000 		.word	1878
 3195 0f28 0E040000 		.word	1038
 3196 0f2c 63050000 		.word	1379
 3197 0f30 BC040000 		.word	1212
 3198 0f34 42030000 		.word	834
 3199 0f38 C30B0000 		.word	3011
 3200 0f3c CA080000 		.word	2250
 3201 0f40 5E080000 		.word	2142
 3202 0f44 03090000 		.word	2307
 3203 0f48 F9070000 		.word	2041
 3204 0f4c E30D0000 		.word	3555
 3205 0f50 BE080000 		.word	2238
 3206 0f54 AE070000 		.word	1966
 3207 0f58 EE070000 		.word	2030
 3208 0f5c 28070000 		.word	1832
 3209 0f60 E40C0000 		.word	3300
 3210 0f64 28060000 		.word	1576
 3211 0f68 2F070000 		.word	1839
 3212 0f6c 00060000 		.word	1536
 3213 0f70 FC050000 		.word	1532
 3214 0f74 990B0000 		.word	2969
 3215 0f78 92050000 		.word	1426
 3216 0f7c 7F060000 		.word	1663
 3217 0f80 3B070000 		.word	1851
 3218 0f84 5E050000 		.word	1374
 3219 0f88 4E0C0000 		.word	3150
 3220 0f8c B4040000 		.word	1204
 3221 0f90 C1080000 		.word	2241
 3222 0f94 4A060000 		.word	1610
 3223 0f98 0B040000 		.word	1035
 3224 0f9c 22080000 		.word	2082
 3225 0fa0 DA040000 		.word	1242
 3226 0fa4 6D070000 		.word	1901
 3227 0fa8 CC090000 		.word	2508
 3228 0fac A6020000 		.word	678
 3229 0fb0 31080000 		.word	2097
 3230 0fb4 C9020000 		.word	713
 3231 0fb8 35070000 		.word	1845
 3232 0fbc 58070000 		.word	1880
 3233 0fc0 E7040000 		.word	1255
 3234 0fc4 6E070000 		.word	1902
 3235 0fc8 73080000 		.word	2163
 3236 0fcc 26090000 		.word	2342
 3237 0fd0 5B0B0000 		.word	2907
 3238 0fd4 D1060000 		.word	1745
 3239 0fd8 83080000 		.word	2179
 3240 0fdc 2F080000 		.word	2095
 3241 0fe0 9A090000 		.word	2458
 3242 0fe4 F1070000 		.word	2033
 3243 0fe8 97070000 		.word	1943
 3244 0fec 8F050000 		.word	1423
 3245 0ff0 6C080000 		.word	2156
 3246 0ff4 97080000 		.word	2199
 3247 0ff8 97070000 		.word	1943
ARM GAS  C:\Users\techn\AppData\Local\Temp\ccy0OLmH.s 			page 87


 3248 0ffc 7D080000 		.word	2173
 3249              		.global	Piano_LUT
 3250              		.section	.rodata.Piano_LUT,"a"
 3251              		.align	2
 3254              	Piano_LUT:
 3255 0000 00090000 		.word	2304
 3256 0004 00090000 		.word	2304
 3257 0008 00090000 		.word	2304
 3258 000c 00090000 		.word	2304
 3259 0010 00090000 		.word	2304
 3260 0014 00090000 		.word	2304
 3261 0018 01090000 		.word	2305
 3262 001c 00090000 		.word	2304
 3263 0020 02090000 		.word	2306
 3264 0024 03090000 		.word	2307
 3265 0028 01090000 		.word	2305
 3266 002c 02090000 		.word	2306
 3267 0030 03090000 		.word	2307
 3268 0034 18070000 		.word	1816
 3269 0038 EF060000 		.word	1775
 3270 003c B1040000 		.word	1201
 3271 0040 84050000 		.word	1412
 3272 0044 20070000 		.word	1824
 3273 0048 00000000 		.word	0
 3274 004c 0E050000 		.word	1294
 3275 0050 BA050000 		.word	1466
 3276 0054 1E070000 		.word	1822
 3277 0058 45090000 		.word	2373
 3278 005c 67000000 		.word	103
 3279 0060 AF060000 		.word	1711
 3280 0064 43070000 		.word	1859
 3281 0068 FA080000 		.word	2298
 3282 006c 870B0000 		.word	2951
 3283 0070 6F030000 		.word	879
 3284 0074 63090000 		.word	2403
 3285 0078 910A0000 		.word	2705
 3286 007c C30B0000 		.word	3011
 3287 0080 DD0E0000 		.word	3805
 3288 0084 BB050000 		.word	1467
 3289 0088 F30A0000 		.word	2803
 3290 008c D60B0000 		.word	3030
 3291 0090 490D0000 		.word	3401
 3292 0094 FF0F0000 		.word	4095
 3293 0098 8B070000 		.word	1931
 3294 009c 360B0000 		.word	2870
 3295 00a0 180C0000 		.word	3096
 3296 00a4 F50C0000 		.word	3317
 3297 00a8 E40F0000 		.word	4068
 3298 00ac 5D070000 		.word	1885
 3299 00b0 E3090000 		.word	2531
 3300 00b4 350A0000 		.word	2613
 3301 00b8 040B0000 		.word	2820
 3302 00bc 710D0000 		.word	3441
 3303 00c0 C6060000 		.word	1734
 3304 00c4 2B080000 		.word	2091
 3305 00c8 BD080000 		.word	2237
 3306 00cc 8B080000 		.word	2187
ARM GAS  C:\Users\techn\AppData\Local\Temp\ccy0OLmH.s 			page 88


 3307 00d0 630B0000 		.word	2915
 3308 00d4 D5050000 		.word	1493
 3309 00d8 9A060000 		.word	1690
 3310 00dc 0D070000 		.word	1805
 3311 00e0 2A070000 		.word	1834
 3312 00e4 43090000 		.word	2371
 3313 00e8 F3050000 		.word	1523
 3314 00ec 33060000 		.word	1587
 3315 00f0 E5060000 		.word	1765
 3316 00f4 E4060000 		.word	1764
 3317 00f8 A0080000 		.word	2208
 3318 00fc 55060000 		.word	1621
 3319 0100 B6060000 		.word	1718
 3320 0104 8A070000 		.word	1930
 3321 0108 B6070000 		.word	1974
 3322 010c 8C080000 		.word	2188
 3323 0110 ED070000 		.word	2029
 3324 0114 FF070000 		.word	2047
 3325 0118 07090000 		.word	2311
 3326 011c 16090000 		.word	2326
 3327 0120 2E090000 		.word	2350
 3328 0124 50090000 		.word	2384
 3329 0128 62090000 		.word	2402
 3330 012c 530A0000 		.word	2643
 3331 0130 310A0000 		.word	2609
 3332 0134 3A090000 		.word	2362
 3333 0138 4A0A0000 		.word	2634
 3334 013c 680A0000 		.word	2664
 3335 0140 410B0000 		.word	2881
 3336 0144 F50A0000 		.word	2805
 3337 0148 E6080000 		.word	2278
 3338 014c 480A0000 		.word	2632
 3339 0150 2E0A0000 		.word	2606
 3340 0154 340B0000 		.word	2868
 3341 0158 EA0A0000 		.word	2794
 3342 015c 12080000 		.word	2066
 3343 0160 A8090000 		.word	2472
 3344 0164 78090000 		.word	2424
 3345 0168 4A0A0000 		.word	2634
 3346 016c 730A0000 		.word	2675
 3347 0170 FD060000 		.word	1789
 3348 0174 BA080000 		.word	2234
 3349 0178 86080000 		.word	2182
 3350 017c 9D090000 		.word	2461
 3351 0180 230A0000 		.word	2595
 3352 0184 90060000 		.word	1680
 3353 0188 49080000 		.word	2121
 3354 018c 4F080000 		.word	2127
 3355 0190 42090000 		.word	2370
 3356 0194 450A0000 		.word	2629
 3357 0198 76060000 		.word	1654
 3358 019c 10080000 		.word	2064
 3359 01a0 1D080000 		.word	2077
 3360 01a4 20090000 		.word	2336
 3361 01a8 850A0000 		.word	2693
 3362 01ac 03070000 		.word	1795
 3363 01b0 67080000 		.word	2151
ARM GAS  C:\Users\techn\AppData\Local\Temp\ccy0OLmH.s 			page 89


 3364 01b4 5D080000 		.word	2141
 3365 01b8 4A090000 		.word	2378
 3366 01bc EB0A0000 		.word	2795
 3367 01c0 A9070000 		.word	1961
 3368 01c4 BC080000 		.word	2236
 3369 01c8 8F080000 		.word	2191
 3370 01cc 72090000 		.word	2418
 3371 01d0 F50A0000 		.word	2805
 3372 01d4 47080000 		.word	2119
 3373 01d8 17090000 		.word	2327
 3374 01dc D2080000 		.word	2258
 3375 01e0 71090000 		.word	2417
 3376 01e4 DF0A0000 		.word	2783
 3377 01e8 A9080000 		.word	2217
 3378 01ec 44090000 		.word	2372
 3379 01f0 EE080000 		.word	2286
 3380 01f4 16090000 		.word	2326
 3381 01f8 570A0000 		.word	2647
 3382 01fc D7080000 		.word	2263
 3383 0200 51090000 		.word	2385
 3384 0204 FD080000 		.word	2301
 3385 0208 EA080000 		.word	2282
 3386 020c BB090000 		.word	2491
 3387 0210 D8080000 		.word	2264
 3388 0214 38090000 		.word	2360
 3389 0218 F7080000 		.word	2295
 3390 021c A6080000 		.word	2214
 3391 0220 0D090000 		.word	2317
 3392 0224 C2080000 		.word	2242
 3393 0228 2E090000 		.word	2350
 3394 022c F0080000 		.word	2288
 3395 0230 8C080000 		.word	2188
 3396 0234 6D080000 		.word	2157
 3397 0238 9A080000 		.word	2202
 3398 023c 05090000 		.word	2309
 3399 0240 1D090000 		.word	2333
 3400 0244 BE080000 		.word	2238
 3401 0248 24080000 		.word	2084
 3402 024c 98080000 		.word	2200
 3403 0250 FD080000 		.word	2301
 3404 0254 39090000 		.word	2361
 3405 0258 FD080000 		.word	2301
 3406 025c 0D080000 		.word	2061
 3407 0260 B2080000 		.word	2226
 3408 0264 01090000 		.word	2305
 3409 0268 5E090000 		.word	2398
 3410 026c 37090000 		.word	2359
 3411 0270 17080000 		.word	2071
 3412 0274 D0080000 		.word	2256
 3413 0278 F4080000 		.word	2292
 3414 027c 65090000 		.word	2405
 3415 0280 71090000 		.word	2417
 3416 0284 1E080000 		.word	2078
 3417 0288 FE080000 		.word	2302
 3418 028c 02090000 		.word	2306
 3419 0290 7C090000 		.word	2428
 3420 0294 C1090000 		.word	2497
ARM GAS  C:\Users\techn\AppData\Local\Temp\ccy0OLmH.s 			page 90


 3421 0298 54080000 		.word	2132
 3422 029c 3E090000 		.word	2366
 3423 02a0 25090000 		.word	2341
 3424 02a4 9A090000 		.word	2458
 3425 02a8 DE090000 		.word	2526
 3426 02ac 62080000 		.word	2146
 3427 02b0 38090000 		.word	2360
 3428 02b4 F2080000 		.word	2290
 3429 02b8 60090000 		.word	2400
 3430 02bc BB090000 		.word	2491
 3431 02c0 5B080000 		.word	2139
 3432 02c4 37090000 		.word	2359
 3433 02c8 EA080000 		.word	2282
 3434 02cc 27090000 		.word	2343
 3435 02d0 80090000 		.word	2432
 3436 02d4 60080000 		.word	2144
 3437 02d8 14090000 		.word	2324
 3438 02dc CE080000 		.word	2254
 3439 02e0 FF080000 		.word	2303
 3440 02e4 3F090000 		.word	2367
 3441 02e8 71080000 		.word	2161
 3442 02ec 01090000 		.word	2305
 3443 02f0 EB080000 		.word	2283
 3444 02f4 11090000 		.word	2321
 3445 02f8 08090000 		.word	2312
 3446 02fc 85080000 		.word	2181
 3447 0300 EA080000 		.word	2282
 3448 0304 04090000 		.word	2308
 3449 0308 2E090000 		.word	2350
 3450 030c 09090000 		.word	2313
 3451 0310 AE080000 		.word	2222
 3452 0314 F5080000 		.word	2293
 3453 0318 03090000 		.word	2307
 3454 031c 1A090000 		.word	2330
 3455 0320 FA080000 		.word	2298
 3456 0324 C9080000 		.word	2249
 3457 0328 01090000 		.word	2305
 3458 032c 24090000 		.word	2340
 3459 0330 0D090000 		.word	2317
 3460 0334 E0080000 		.word	2272
 3461 0338 D7080000 		.word	2263
 3462 033c FF080000 		.word	2303
 3463 0340 2D090000 		.word	2349
 3464 0344 1C090000 		.word	2332
 3465 0348 DD080000 		.word	2269
 3466 034c EB080000 		.word	2283
 3467 0350 F2080000 		.word	2290
 3468 0354 28090000 		.word	2344
 3469 0358 11090000 		.word	2321
 3470 035c DB080000 		.word	2267
 3471 0360 FF080000 		.word	2303
 3472 0364 01090000 		.word	2305
 3473 0368 42090000 		.word	2370
 3474 036c 29090000 		.word	2345
 3475 0370 F4080000 		.word	2292
 3476 0374 19090000 		.word	2329
 3477 0378 0B090000 		.word	2315
ARM GAS  C:\Users\techn\AppData\Local\Temp\ccy0OLmH.s 			page 91


 3478 037c 55090000 		.word	2389
 3479 0380 37090000 		.word	2359
 3480 0384 EE080000 		.word	2286
 3481 0388 07090000 		.word	2311
 3482 038c F5080000 		.word	2293
 3483 0390 38090000 		.word	2360
 3484 0394 15090000 		.word	2325
 3485 0398 CD080000 		.word	2253
 3486 039c DE080000 		.word	2270
 3487 03a0 CB080000 		.word	2251
 3488 03a4 24090000 		.word	2340
 3489 03a8 09090000 		.word	2313
 3490 03ac B1080000 		.word	2225
 3491 03b0 D1080000 		.word	2257
 3492 03b4 BB080000 		.word	2235
 3493 03b8 12090000 		.word	2322
 3494 03bc 13090000 		.word	2323
 3495 03c0 CB080000 		.word	2251
 3496 03c4 DC080000 		.word	2268
 3497 03c8 D7080000 		.word	2263
 3498 03cc 1D090000 		.word	2333
 3499 03d0 1D090000 		.word	2333
 3500 03d4 DA080000 		.word	2266
 3501 03d8 ED080000 		.word	2285
 3502 03dc EC080000 		.word	2284
 3503 03e0 3A090000 		.word	2362
 3504 03e4 2F090000 		.word	2351
 3505 03e8 FA080000 		.word	2298
 3506 03ec FD080000 		.word	2301
 3507 03f0 0A090000 		.word	2314
 3508 03f4 39090000 		.word	2361
 3509 03f8 35090000 		.word	2357
 3510 03fc F4080000 		.word	2292
 3511 0400 F9080000 		.word	2297
 3512 0404 F9080000 		.word	2297
 3513 0408 1B090000 		.word	2331
 3514 040c 30090000 		.word	2352
 3515 0410 F3080000 		.word	2291
 3516 0414 F4080000 		.word	2292
 3517 0418 EF080000 		.word	2287
 3518 041c 0D090000 		.word	2317
 3519 0420 27090000 		.word	2343
 3520 0424 FE080000 		.word	2302
 3521 0428 FE080000 		.word	2302
 3522 042c D6080000 		.word	2262
 3523 0430 E1080000 		.word	2273
 3524 0434 0C090000 		.word	2316
 3525 0438 E5080000 		.word	2277
 3526 043c FF080000 		.word	2303
 3527 0440 D2080000 		.word	2258
 3528 0444 DD080000 		.word	2269
 3529 0448 0A090000 		.word	2314
 3530 044c E8080000 		.word	2280
 3531 0450 09090000 		.word	2313
 3532 0454 E0080000 		.word	2272
 3533 0458 D9080000 		.word	2265
 3534 045c 02090000 		.word	2306
ARM GAS  C:\Users\techn\AppData\Local\Temp\ccy0OLmH.s 			page 92


 3535 0460 DE080000 		.word	2270
 3536 0464 09090000 		.word	2313
 3537 0468 E0080000 		.word	2272
 3538 046c E7080000 		.word	2279
 3539 0470 09090000 		.word	2313
 3540 0474 02090000 		.word	2306
 3541 0478 2D090000 		.word	2349
 3542 047c 09090000 		.word	2313
 3543 0480 02090000 		.word	2306
 3544 0484 14090000 		.word	2324
 3545 0488 0C090000 		.word	2316
 3546 048c 36090000 		.word	2358
 3547 0490 20090000 		.word	2336
 3548 0494 1D090000 		.word	2333
 3549 0498 22090000 		.word	2338
 3550 049c 1E090000 		.word	2334
 3551 04a0 37090000 		.word	2359
 3552 04a4 24090000 		.word	2340
 3553 04a8 1C090000 		.word	2332
 3554 04ac 1A090000 		.word	2330
 3555 04b0 0E090000 		.word	2318
 3556 04b4 15090000 		.word	2325
 3557 04b8 1C090000 		.word	2332
 3558 04bc 12090000 		.word	2322
 3559 04c0 03090000 		.word	2307
 3560 04c4 02090000 		.word	2306
 3561 04c8 E6080000 		.word	2278
 3562 04cc F4080000 		.word	2292
 3563 04d0 E2080000 		.word	2274
 3564 04d4 E8080000 		.word	2280
 3565 04d8 01090000 		.word	2305
 3566 04dc DB080000 		.word	2267
 3567 04e0 E6080000 		.word	2278
 3568 04e4 D7080000 		.word	2263
 3569 04e8 FB070000 		.word	2043
 3570 04ec 80080000 		.word	2176
 3571 04f0 C1080000 		.word	2241
 3572 04f4 EF080000 		.word	2287
 3573 04f8 D5080000 		.word	2261
 3574 04fc C7070000 		.word	1991
 3575 0500 C6080000 		.word	2246
 3576 0504 EF080000 		.word	2287
 3577 0508 27090000 		.word	2343
 3578 050c 73090000 		.word	2419
 3579 0510 0D080000 		.word	2061
 3580 0514 0D090000 		.word	2317
 3581 0518 3D090000 		.word	2365
 3582 051c 76090000 		.word	2422
 3583 0520 BA090000 		.word	2490
 3584 0524 AD080000 		.word	2221
 3585 0528 58090000 		.word	2392
 3586 052c 8F090000 		.word	2447
 3587 0530 A9090000 		.word	2473
 3588 0534 F3090000 		.word	2547
 3589 0538 C6080000 		.word	2246
 3590 053c 43090000 		.word	2371
 3591 0540 6B090000 		.word	2411
ARM GAS  C:\Users\techn\AppData\Local\Temp\ccy0OLmH.s 			page 93


 3592 0544 A5090000 		.word	2469
 3593 0548 D3090000 		.word	2515
 3594 054c F4080000 		.word	2292
 3595 0550 1D090000 		.word	2333
 3596 0554 30090000 		.word	2352
 3597 0558 63090000 		.word	2403
 3598 055c 9D090000 		.word	2461
 3599 0560 C9080000 		.word	2249
 3600 0564 D7080000 		.word	2263
 3601 0568 D9080000 		.word	2265
 3602 056c FF080000 		.word	2303
 3603 0570 3A090000 		.word	2362
 3604 0574 BF080000 		.word	2239
 3605 0578 AF080000 		.word	2223
 3606 057c A4080000 		.word	2212
 3607 0580 A9080000 		.word	2217
 3608 0584 E4080000 		.word	2276
 3609 0588 94080000 		.word	2196
 3610 058c 97080000 		.word	2199
 3611 0590 92080000 		.word	2194
 3612 0594 92080000 		.word	2194
 3613 0598 BA080000 		.word	2234
 3614 059c B4080000 		.word	2228
 3615 05a0 BE080000 		.word	2238
 3616 05a4 C5080000 		.word	2245
 3617 05a8 C9080000 		.word	2249
 3618 05ac C1080000 		.word	2241
 3619 05b0 EE080000 		.word	2286
 3620 05b4 03090000 		.word	2307
 3621 05b8 19090000 		.word	2329
 3622 05bc 00090000 		.word	2304
 3623 05c0 DD080000 		.word	2269
 3624 05c4 2A090000 		.word	2346
 3625 05c8 43090000 		.word	2371
 3626 05cc 4B090000 		.word	2379
 3627 05d0 3A090000 		.word	2362
 3628 05d4 E0080000 		.word	2272
 3629 05d8 2C090000 		.word	2348
 3630 05dc 55090000 		.word	2389
 3631 05e0 5F090000 		.word	2399
 3632 05e4 49090000 		.word	2377
 3633 05e8 D7080000 		.word	2263
 3634 05ec 26090000 		.word	2342
 3635 05f0 55090000 		.word	2389
 3636 05f4 68090000 		.word	2408
 3637 05f8 6E090000 		.word	2414
 3638 05fc CB080000 		.word	2251
 3639 0600 08090000 		.word	2312
 3640 0604 31090000 		.word	2353
 3641 0608 50090000 		.word	2384
 3642 060c 6E090000 		.word	2414
 3643 0610 B8080000 		.word	2232
 3644 0614 E0080000 		.word	2272
 3645 0618 FF080000 		.word	2303
 3646 061c 20090000 		.word	2336
 3647 0620 66090000 		.word	2406
 3648 0624 B0080000 		.word	2224
ARM GAS  C:\Users\techn\AppData\Local\Temp\ccy0OLmH.s 			page 94


 3649 0628 DB080000 		.word	2267
 3650 062c EE080000 		.word	2286
 3651 0630 08090000 		.word	2312
 3652 0634 50090000 		.word	2384
 3653 0638 AF080000 		.word	2223
 3654 063c DE080000 		.word	2270
 3655 0640 E4080000 		.word	2276
 3656 0644 FC080000 		.word	2300
 3657 0648 42090000 		.word	2370
 3658 064c B6080000 		.word	2230
 3659 0650 D1080000 		.word	2257
 3660 0654 DB080000 		.word	2267
 3661 0658 E9080000 		.word	2281
 3662 065c 2B090000 		.word	2347
 3663 0660 C8080000 		.word	2248
 3664 0664 ED080000 		.word	2285
 3665 0668 EC080000 		.word	2284
 3666 066c F8080000 		.word	2296
 3667 0670 27090000 		.word	2343
 3668 0674 D7080000 		.word	2263
 3669 0678 FF080000 		.word	2303
 3670 067c FD080000 		.word	2301
 3671 0680 01090000 		.word	2305
 3672 0684 11090000 		.word	2321
 3673 0688 E7080000 		.word	2279
 3674 068c 0C090000 		.word	2316
 3675 0690 07090000 		.word	2311
 3676 0694 0A090000 		.word	2314
 3677 0698 06090000 		.word	2310
 3678 069c F5080000 		.word	2293
 3679 06a0 06090000 		.word	2310
 3680 06a4 08090000 		.word	2312
 3681 06a8 07090000 		.word	2311
 3682 06ac F3080000 		.word	2291
 3683 06b0 FB080000 		.word	2299
 3684 06b4 FA080000 		.word	2298
 3685 06b8 FF080000 		.word	2303
 3686 06bc 0A090000 		.word	2314
 3687 06c0 F5080000 		.word	2293
 3688 06c4 0C090000 		.word	2316
 3689 06c8 FC080000 		.word	2300
 3690 06cc F7080000 		.word	2295
 3691 06d0 FB080000 		.word	2299
 3692 06d4 E6080000 		.word	2278
 3693 06d8 14090000 		.word	2324
 3694 06dc FC080000 		.word	2300
 3695 06e0 FC080000 		.word	2300
 3696 06e4 F1080000 		.word	2289
 3697 06e8 D3080000 		.word	2259
 3698 06ec 19090000 		.word	2329
 3699 06f0 01090000 		.word	2305
 3700 06f4 02090000 		.word	2306
 3701 06f8 FB080000 		.word	2299
 3702 06fc CF080000 		.word	2255
 3703 0700 1E090000 		.word	2334
 3704 0704 0A090000 		.word	2314
 3705 0708 11090000 		.word	2321
ARM GAS  C:\Users\techn\AppData\Local\Temp\ccy0OLmH.s 			page 95


 3706 070c 0D090000 		.word	2317
 3707 0710 D9080000 		.word	2265
 3708 0714 24090000 		.word	2340
 3709 0718 16090000 		.word	2326
 3710 071c 22090000 		.word	2338
 3711 0720 22090000 		.word	2338
 3712 0724 E4080000 		.word	2276
 3713 0728 2F090000 		.word	2351
 3714 072c 25090000 		.word	2341
 3715 0730 30090000 		.word	2352
 3716 0734 35090000 		.word	2357
 3717 0738 EE080000 		.word	2286
 3718 073c 26090000 		.word	2342
 3719 0740 1C090000 		.word	2332
 3720 0744 C1070000 		.word	1985
 3721 0748 C5070000 		.word	1989
 3722 074c 4B090000 		.word	2379
 3723 0750 84070000 		.word	1924
 3724 0754 E40C0000 		.word	3300
 3725 0758 E5030000 		.word	997
 3726 075c DD070000 		.word	2013
 3727 0760 4F070000 		.word	1871
 3728 0764 4A0A0000 		.word	2634
 3729 0768 C00E0000 		.word	3776
 3730 076c 59060000 		.word	1625
 3731 0770 E2090000 		.word	2530
 3732 0774 08080000 		.word	2056
 3733 0778 A00A0000 		.word	2720
 3734 077c D90A0000 		.word	2777
 3735 0780 83050000 		.word	1411
 3736 0784 0D070000 		.word	1805
 3737 0788 08070000 		.word	1800
 3738 078c 7F0A0000 		.word	2687
 3739 0790 AB090000 		.word	2475
 3740 0794 71090000 		.word	2417
 3741 0798 80080000 		.word	2176
 3742 079c 500A0000 		.word	2640
 3743 07a0 530B0000 		.word	2899
 3744 07a4 21080000 		.word	2081
 3745 07a8 A6090000 		.word	2470
 3746 07ac 2A060000 		.word	1578
 3747 07b0 44090000 		.word	2372
 3748 07b4 FF070000 		.word	2047
 3749 07b8 23070000 		.word	1827
 3750 07bc EA0A0000 		.word	2794
 3751 07c0 C5070000 		.word	1989
 3752 07c4 9D0B0000 		.word	2973
 3753 07c8 9F080000 		.word	2207
 3754 07cc 28090000 		.word	2344
 3755 07d0 660B0000 		.word	2918
 3756 07d4 4A080000 		.word	2122
 3757 07d8 70090000 		.word	2416
 3758 07dc BE050000 		.word	1470
 3759 07e0 DF070000 		.word	2015
 3760 07e4 D2090000 		.word	2514
 3761 07e8 A6090000 		.word	2470
 3762 07ec 1A090000 		.word	2330
ARM GAS  C:\Users\techn\AppData\Local\Temp\ccy0OLmH.s 			page 96


 3763 07f0 9A070000 		.word	1946
 3764 07f4 810A0000 		.word	2689
 3765 07f8 160B0000 		.word	2838
 3766 07fc 640B0000 		.word	2916
 3767 0800 4D070000 		.word	1869
 3768 0804 13070000 		.word	1811
 3769 0808 C5080000 		.word	2245
 3770 080c DB080000 		.word	2267
 3771 0810 5D0A0000 		.word	2653
 3772 0814 D3050000 		.word	1491
 3773 0818 9E080000 		.word	2206
 3774 081c 420A0000 		.word	2626
 3775 0820 C00A0000 		.word	2752
 3776 0824 700B0000 		.word	2928
 3777 0828 08070000 		.word	1800
 3778 082c 7F090000 		.word	2431
 3779 0830 21090000 		.word	2337
 3780 0834 1F090000 		.word	2335
 3781 0838 71080000 		.word	2161
 3782 083c 54060000 		.word	1620
 3783 0840 E6080000 		.word	2278
 3784 0844 1F090000 		.word	2335
 3785 0848 FD090000 		.word	2557
 3786 084c 21090000 		.word	2337
 3787 0850 A5090000 		.word	2469
 3788 0854 2C0A0000 		.word	2604
 3789 0858 DF090000 		.word	2527
 3790 085c C9080000 		.word	2249
 3791 0860 49070000 		.word	1865
 3792 0864 44090000 		.word	2372
 3793 0868 02080000 		.word	2050
 3794 086c 82080000 		.word	2178
 3795 0870 07080000 		.word	2055
 3796 0874 8B080000 		.word	2187
 3797 0878 110B0000 		.word	2833
 3798 087c E2080000 		.word	2274
 3799 0880 FC090000 		.word	2556
 3800 0884 67090000 		.word	2407
 3801 0888 F6080000 		.word	2294
 3802 088c D0090000 		.word	2512
 3803 0890 71070000 		.word	1905
 3804 0894 02080000 		.word	2050
 3805 0898 F3070000 		.word	2035
 3806 089c B3080000 		.word	2227
 3807 08a0 97090000 		.word	2455
 3808 08a4 2A090000 		.word	2346
 3809 08a8 63090000 		.word	2403
 3810 08ac A5090000 		.word	2469
 3811 08b0 F7090000 		.word	2551
 3812 08b4 7B090000 		.word	2427
 3813 08b8 80090000 		.word	2432
 3814 08bc B7070000 		.word	1975
 3815 08c0 3A080000 		.word	2106
 3816 08c4 7F080000 		.word	2175
 3817 08c8 74080000 		.word	2164
 3818 08cc EF090000 		.word	2543
 3819 08d0 36080000 		.word	2102
ARM GAS  C:\Users\techn\AppData\Local\Temp\ccy0OLmH.s 			page 97


 3820 08d4 AB090000 		.word	2475
 3821 08d8 A9090000 		.word	2473
 3822 08dc 9C090000 		.word	2460
 3823 08e0 840A0000 		.word	2692
 3824 08e4 35080000 		.word	2101
 3825 08e8 9D080000 		.word	2205
 3826 08ec 24080000 		.word	2084
 3827 08f0 6A080000 		.word	2154
 3828 08f4 4F090000 		.word	2383
 3829 08f8 69080000 		.word	2153
 3830 08fc EF080000 		.word	2287
 3831 0900 47090000 		.word	2375
 3832 0904 B7090000 		.word	2487
 3833 0908 1A0A0000 		.word	2586
 3834 090c 99090000 		.word	2457
 3835 0910 7F080000 		.word	2175
 3836 0914 80080000 		.word	2176
 3837 0918 6E080000 		.word	2158
 3838 091c 90080000 		.word	2192
 3839 0920 EB080000 		.word	2283
 3840 0924 00080000 		.word	2048
 3841 0928 17090000 		.word	2327
 3842 092c 62090000 		.word	2402
 3843 0930 87090000 		.word	2439
 3844 0934 410A0000 		.word	2625
 3845 0938 D6080000 		.word	2262
 3846 093c 25090000 		.word	2341
 3847 0940 CC080000 		.word	2252
 3848 0944 8D080000 		.word	2189
 3849 0948 05090000 		.word	2309
 3850 094c 25080000 		.word	2085
 3851 0950 7F080000 		.word	2175
 3852 0954 F6080000 		.word	2294
 3853 0958 EF080000 		.word	2287
 3854 095c AE090000 		.word	2478
 3855 0960 87090000 		.word	2439
 3856 0964 26090000 		.word	2342
 3857 0968 7C090000 		.word	2428
 3858 096c D3080000 		.word	2259
 3859 0970 0E090000 		.word	2318
 3860 0974 F0080000 		.word	2288
 3861 0978 1A080000 		.word	2074
 3862 097c DB080000 		.word	2267
 3863 0980 7B080000 		.word	2171
 3864 0984 1A090000 		.word	2330
 3865 0988 B1090000 		.word	2481
 3866 098c F7080000 		.word	2295
 3867 0990 97090000 		.word	2455
 3868 0994 22090000 		.word	2338
 3869 0998 35090000 		.word	2357
 3870 099c 4A050000 		.word	1354
 3871 09a0 0C080000 		.word	2060
 3872 09a4 90080000 		.word	2192
 3873 09a8 45090000 		.word	2373
 3874 09ac 1F0D0000 		.word	3359
 3875 09b0 D6050000 		.word	1494
 3876 09b4 59080000 		.word	2137
ARM GAS  C:\Users\techn\AppData\Local\Temp\ccy0OLmH.s 			page 98


 3877 09b8 130A0000 		.word	2579
 3878 09bc 070A0000 		.word	2567
 3879 09c0 4E0E0000 		.word	3662
 3880 09c4 78070000 		.word	1912
 3881 09c8 03090000 		.word	2307
 3882 09cc 020A0000 		.word	2562
 3883 09d0 050A0000 		.word	2565
 3884 09d4 EC0C0000 		.word	3308
 3885 09d8 13080000 		.word	2067
 3886 09dc 40090000 		.word	2368
 3887 09e0 2B0A0000 		.word	2603
 3888 09e4 E8090000 		.word	2536
 3889 09e8 D90C0000 		.word	3289
 3890 09ec F6070000 		.word	2038
 3891 09f0 BF080000 		.word	2239
 3892 09f4 71090000 		.word	2417
 3893 09f8 37090000 		.word	2359
 3894 09fc 980B0000 		.word	2968
 3895 0a00 16080000 		.word	2070
 3896 0a04 77080000 		.word	2167
 3897 0a08 D6080000 		.word	2262
 3898 0a0c 3F080000 		.word	2111
 3899 0a10 A40A0000 		.word	2724
 3900 0a14 70070000 		.word	1904
 3901 0a18 0E080000 		.word	2062
 3902 0a1c 66080000 		.word	2150
 3903 0a20 B5070000 		.word	1973
 3904 0a24 E4090000 		.word	2532
 3905 0a28 9A070000 		.word	1946
 3906 0a2c A3080000 		.word	2211
 3907 0a30 AB080000 		.word	2219
 3908 0a34 F6070000 		.word	2038
 3909 0a38 74090000 		.word	2420
 3910 0a3c 88070000 		.word	1928
 3911 0a40 8A080000 		.word	2186
 3912 0a44 5B080000 		.word	2139
 3913 0a48 2B080000 		.word	2091
 3914 0a4c D5080000 		.word	2261
 3915 0a50 20080000 		.word	2080
 3916 0a54 18090000 		.word	2328
 3917 0a58 00090000 		.word	2304
 3918 0a5c 42090000 		.word	2370
 3919 0a60 0D090000 		.word	2317
 3920 0a64 EA080000 		.word	2282
 3921 0a68 77090000 		.word	2423
 3922 0a6c 3C090000 		.word	2364
 3923 0a70 BA090000 		.word	2490
 3924 0a74 98080000 		.word	2200
 3925 0a78 31090000 		.word	2353
 3926 0a7c BB090000 		.word	2491
 3927 0a80 80090000 		.word	2432
 3928 0a84 610A0000 		.word	2657
 3929 0a88 8E080000 		.word	2190
 3930 0a8c 91090000 		.word	2449
 3931 0a90 D6090000 		.word	2518
 3932 0a94 9D090000 		.word	2461
 3933 0a98 610A0000 		.word	2657
ARM GAS  C:\Users\techn\AppData\Local\Temp\ccy0OLmH.s 			page 99


 3934 0a9c 0A080000 		.word	2058
 3935 0aa0 56090000 		.word	2390
 3936 0aa4 7A090000 		.word	2426
 3937 0aa8 64090000 		.word	2404
 3938 0aac 6F0A0000 		.word	2671
 3939 0ab0 D3070000 		.word	2003
 3940 0ab4 F7080000 		.word	2295
 3941 0ab8 07090000 		.word	2311
 3942 0abc 31090000 		.word	2353
 3943 0ac0 260A0000 		.word	2598
 3944 0ac4 BC070000 		.word	1980
 3945 0ac8 9A080000 		.word	2202
 3946 0acc BD080000 		.word	2237
 3947 0ad0 F1080000 		.word	2289
 3948 0ad4 ED090000 		.word	2541
 3949 0ad8 AF070000 		.word	1967
 3950 0adc 1E080000 		.word	2078
 3951 0ae0 57080000 		.word	2135
 3952 0ae4 9A080000 		.word	2202
 3953 0ae8 AE090000 		.word	2478
 3954 0aec CA070000 		.word	1994
 3955 0af0 2F080000 		.word	2095
 3956 0af4 7F080000 		.word	2175
 3957 0af8 C2080000 		.word	2242
 3958 0afc 190A0000 		.word	2585
 3959 0b00 10080000 		.word	2064
 3960 0b04 57080000 		.word	2135
 3961 0b08 A0080000 		.word	2208
 3962 0b0c C3080000 		.word	2243
 3963 0b10 460A0000 		.word	2630
 3964 0b14 39080000 		.word	2105
 3965 0b18 CE080000 		.word	2254
 3966 0b1c C4080000 		.word	2244
 3967 0b20 02090000 		.word	2306
 3968 0b24 8C0A0000 		.word	2700
 3969 0b28 A5080000 		.word	2213
 3970 0b2c 48090000 		.word	2376
 3971 0b30 EC080000 		.word	2284
 3972 0b34 25090000 		.word	2341
 3973 0b38 7E0A0000 		.word	2686
 3974 0b3c B4080000 		.word	2228
 3975 0b40 75090000 		.word	2421
 3976 0b44 ED080000 		.word	2285
 3977 0b48 13090000 		.word	2323
 3978 0b4c 4B0A0000 		.word	2635
 3979 0b50 F4080000 		.word	2292
 3980 0b54 C3090000 		.word	2499
 3981 0b58 38090000 		.word	2360
 3982 0b5c 20090000 		.word	2336
 3983 0b60 BB090000 		.word	2491
 3984 0b64 DB080000 		.word	2267
 3985 0b68 98090000 		.word	2456
 3986 0b6c DC080000 		.word	2268
 3987 0b70 DB080000 		.word	2267
 3988 0b74 F8080000 		.word	2296
 3989 0b78 87080000 		.word	2183
 3990 0b7c 1F090000 		.word	2335
ARM GAS  C:\Users\techn\AppData\Local\Temp\ccy0OLmH.s 			page 100


 3991 0b80 9E080000 		.word	2206
 3992 0b84 EA080000 		.word	2282
 3993 0b88 93080000 		.word	2195
 3994 0b8c BF080000 		.word	2239
 3995 0b90 16090000 		.word	2326
 3996 0b94 B7080000 		.word	2231
 3997 0b98 F0080000 		.word	2288
 3998 0b9c 1E080000 		.word	2078
 3999 0ba0 99080000 		.word	2201
 4000 0ba4 AC080000 		.word	2220
 4001 0ba8 AC080000 		.word	2220
 4002 0bac F7080000 		.word	2295
 4003 0bb0 FD070000 		.word	2045
 4004 0bb4 B1080000 		.word	2225
 4005 0bb8 DB080000 		.word	2267
 4006 0bbc 13090000 		.word	2323
 4007 0bc0 69090000 		.word	2409
 4008 0bc4 58080000 		.word	2136
 4009 0bc8 ED080000 		.word	2285
 4010 0bcc 01090000 		.word	2305
 4011 0bd0 2F090000 		.word	2351
 4012 0bd4 9C090000 		.word	2460
 4013 0bd8 73080000 		.word	2163
 4014 0bdc EA080000 		.word	2282
 4015 0be0 22090000 		.word	2338
 4016 0be4 50090000 		.word	2384
 4017 0be8 050A0000 		.word	2565
 4018 0bec BF080000 		.word	2239
 4019 0bf0 FE080000 		.word	2302
 4020 0bf4 42090000 		.word	2370
 4021 0bf8 0E090000 		.word	2318
 4022 0bfc 690A0000 		.word	2665
 4023 0c00 BF080000 		.word	2239
 4024 0c04 58090000 		.word	2392
 4025 0c08 8D090000 		.word	2445
 4026 0c0c AF070000 		.word	1967
 4027 0c10 E1090000 		.word	2529
 4028 0c14 FA070000 		.word	2042
 4029 0c18 8B090000 		.word	2443
 4030 0c1c 09080000 		.word	2057
 4031 0c20 16090000 		.word	2326
 4032 0c24 BE080000 		.word	2238
 4033 0c28 680A0000 		.word	2664
 4034 0c2c D0070000 		.word	2000
 4035 0c30 1C0A0000 		.word	2588
 4036 0c34 EC060000 		.word	1772
 4037 0c38 850A0000 		.word	2693
 4038 0c3c CB070000 		.word	1995
 4039 0c40 FD080000 		.word	2301
 4040 0c44 FF070000 		.word	2047
 4041 0c48 44080000 		.word	2116
 4042 0c4c B8090000 		.word	2488
 4043 0c50 5D080000 		.word	2141
 4044 0c54 EA090000 		.word	2538
 4045 0c58 FF070000 		.word	2047
 4046 0c5c F5090000 		.word	2549
 4047 0c60 2E080000 		.word	2094
ARM GAS  C:\Users\techn\AppData\Local\Temp\ccy0OLmH.s 			page 101


 4048 0c64 FB090000 		.word	2555
 4049 0c68 13080000 		.word	2067
 4050 0c6c 9B090000 		.word	2459
 4051 0c70 F9070000 		.word	2041
 4052 0c74 A7090000 		.word	2471
 4053 0c78 5F080000 		.word	2143
 4054 0c7c 370A0000 		.word	2615
 4055 0c80 86080000 		.word	2182
 4056 0c84 E7090000 		.word	2535
 4057 0c88 EC080000 		.word	2284
 4058 0c8c 44090000 		.word	2372
 4059 0c90 C5090000 		.word	2501
 4060 0c94 6C080000 		.word	2156
 4061 0c98 320A0000 		.word	2610
 4062 0c9c 65070000 		.word	1893
 4063 0ca0 EF090000 		.word	2543
 4064 0ca4 DF070000 		.word	2015
 4065 0ca8 810A0000 		.word	2689
 4066 0cac 4D080000 		.word	2125
 4067 0cb0 D6090000 		.word	2518
 4068 0cb4 F3070000 		.word	2035
 4069 0cb8 FB090000 		.word	2555
 4070 0cbc D8080000 		.word	2264
 4071 0cc0 75090000 		.word	2421
 4072 0cc4 5D080000 		.word	2141
 4073 0cc8 2D080000 		.word	2093
 4074 0ccc 6A090000 		.word	2410
 4075 0cd0 72080000 		.word	2162
 4076 0cd4 0E0A0000 		.word	2574
 4077 0cd8 B6070000 		.word	1974
 4078 0cdc 8A090000 		.word	2442
 4079 0ce0 2D080000 		.word	2093
 4080 0ce4 4F0A0000 		.word	2639
 4081 0ce8 3E080000 		.word	2110
 4082 0cec 93090000 		.word	2451
 4083 0cf0 8B070000 		.word	1931
 4084 0cf4 B8090000 		.word	2488
 4085 0cf8 67080000 		.word	2151
 4086 0cfc A6090000 		.word	2470
 4087 0d00 98080000 		.word	2200
 4088 0d04 C2080000 		.word	2242
 4089 0d08 A0090000 		.word	2464
 4090 0d0c 84080000 		.word	2180
 4091 0d10 420A0000 		.word	2626
 4092 0d14 07080000 		.word	2055
 4093 0d18 DB090000 		.word	2523
 4094 0d1c F6070000 		.word	2038
 4095 0d20 D4090000 		.word	2516
 4096 0d24 CF080000 		.word	2255
 4097 0d28 3A090000 		.word	2362
 4098 0d2c B5080000 		.word	2229
 4099 0d30 19090000 		.word	2329
 4100 0d34 09090000 		.word	2313
 4101 0d38 83090000 		.word	2435
 4102 0d3c F7080000 		.word	2295
 4103 0d40 12090000 		.word	2322
 4104 0d44 CC080000 		.word	2252
ARM GAS  C:\Users\techn\AppData\Local\Temp\ccy0OLmH.s 			page 102


 4105 0d48 F9080000 		.word	2297
 4106 0d4c 11090000 		.word	2321
 4107 0d50 26090000 		.word	2342
 4108 0d54 45060000 		.word	1605
 4109 0d58 23060000 		.word	1571
 4110 0d5c FA060000 		.word	1786
 4111 0d60 3D0A0000 		.word	2621
 4112 0d64 9E0F0000 		.word	3998
 4113 0d68 8D090000 		.word	2445
 4114 0d6c 050A0000 		.word	2565
 4115 0d70 DE060000 		.word	1758
 4116 0d74 230B0000 		.word	2851
 4117 0d78 DA040000 		.word	1242
 4118 0d7c F4090000 		.word	2548
 4119 0d80 440A0000 		.word	2628
 4120 0d84 BA090000 		.word	2490
 4121 0d88 05080000 		.word	2053
 4122 0d8c 33070000 		.word	1843
 4123 0d90 D1080000 		.word	2257
 4124 0d94 96090000 		.word	2454
 4125 0d98 1F0E0000 		.word	3615
 4126 0d9c B3070000 		.word	1971
 4127 0da0 0C090000 		.word	2316
 4128 0da4 4D070000 		.word	1869
 4129 0da8 1E080000 		.word	2078
 4130 0dac 0B060000 		.word	1547
 4131 0db0 9A090000 		.word	2458
 4132 0db4 CE0A0000 		.word	2766
 4133 0db8 170A0000 		.word	2583
 4134 0dbc 030B0000 		.word	2819
 4135 0dc0 C6060000 		.word	1734
 4136 0dc4 68080000 		.word	2152
 4137 0dc8 C0080000 		.word	2240
 4138 0dcc DF0B0000 		.word	3039
 4139 0dd0 62070000 		.word	1890
 4140 0dd4 63090000 		.word	2403
 4141 0dd8 C8070000 		.word	1992
 4142 0ddc F8070000 		.word	2040
 4143 0de0 44080000 		.word	2116
 4144 0de4 37090000 		.word	2359
 4145 0de8 6A0A0000 		.word	2666
 4146 0dec 3D0A0000 		.word	2621
 4147 0df0 E40B0000 		.word	3044
 4148 0df4 8D060000 		.word	1677
 4149 0df8 4A080000 		.word	2122
 4150 0dfc 4D080000 		.word	2125
 4151 0e00 0D0A0000 		.word	2573
 4152 0e04 2E080000 		.word	2094
 4153 0e08 BB090000 		.word	2491
 4154 0e0c 81080000 		.word	2177
 4155 0e10 85080000 		.word	2181
 4156 0e14 A9090000 		.word	2473
 4157 0e18 6A080000 		.word	2154
 4158 0e1c 4E0A0000 		.word	2638
 4159 0e20 080A0000 		.word	2568
 4160 0e24 600B0000 		.word	2912
 4161 0e28 8C060000 		.word	1676
ARM GAS  C:\Users\techn\AppData\Local\Temp\ccy0OLmH.s 			page 103


 4162 0e2c 0E080000 		.word	2062
 4163 0e30 98070000 		.word	1944
 4164 0e34 0A090000 		.word	2314
 4165 0e38 66090000 		.word	2406
 4166 0e3c E1090000 		.word	2529
 4167 0e40 3A090000 		.word	2362
 4168 0e44 22090000 		.word	2338
 4169 0e48 F7090000 		.word	2551
 4170 0e4c 7E070000 		.word	1918
 4171 0e50 AF080000 		.word	2223
 4172 0e54 480A0000 		.word	2632
 4173 0e58 F70B0000 		.word	3063
 4174 0e5c 63080000 		.word	2147
 4175 0e60 78080000 		.word	2168
 4176 0e64 F9050000 		.word	1529
 4177 0e68 CE070000 		.word	1998
 4178 0e6c AE0A0000 		.word	2734
 4179 0e70 320B0000 		.word	2866
 4180 0e74 CA0B0000 		.word	3018
 4181 0e78 4D090000 		.word	2381
 4182 0e7c C3080000 		.word	2243
 4183 0e80 5B050000 		.word	1371
 4184 0e84 15080000 		.word	2069
 4185 0e88 8A090000 		.word	2442
 4186 0e8c DF0A0000 		.word	2783
 4187 0e90 DF090000 		.word	2527
 4188 0e94 0E090000 		.word	2318
 4189 0e98 21070000 		.word	1825
 4190 0e9c EB070000 		.word	2027
 4191 0ea0 E9090000 		.word	2537
 4192 0ea4 6B090000 		.word	2411
 4193 0ea8 2B0B0000 		.word	2859
 4194 0eac EC090000 		.word	2540
 4195 0eb0 FB080000 		.word	2299
 4196 0eb4 85050000 		.word	1413
 4197 0eb8 50070000 		.word	1872
 4198 0ebc FE070000 		.word	2046
 4199 0ec0 420A0000 		.word	2626
 4200 0ec4 9E0B0000 		.word	2974
 4201 0ec8 71090000 		.word	2417
 4202 0ecc 60080000 		.word	2144
 4203 0ed0 7A070000 		.word	1914
 4204 0ed4 16090000 		.word	2326
 4205 0ed8 30080000 		.word	2096
 4206 0edc B00A0000 		.word	2736
 4207 0ee0 0B0A0000 		.word	2571
 4208 0ee4 0F090000 		.word	2319
 4209 0ee8 FD060000 		.word	1789
 4210 0eec 13070000 		.word	1811
 4211 0ef0 A1070000 		.word	1953
 4212 0ef4 FC090000 		.word	2556
 4213 0ef8 F50B0000 		.word	3061
 4214 0efc F4090000 		.word	2548
 4215 0f00 4A090000 		.word	2378
 4216 0f04 D1070000 		.word	2001
 4217 0f08 27080000 		.word	2087
 4218 0f0c 91070000 		.word	1937
ARM GAS  C:\Users\techn\AppData\Local\Temp\ccy0OLmH.s 			page 104


 4219 0f10 5A0A0000 		.word	2650
 4220 0f14 7A090000 		.word	2426
 4221 0f18 F9090000 		.word	2553
 4222 0f1c DF080000 		.word	2271
 4223 0f20 B9070000 		.word	1977
 4224 0f24 05080000 		.word	2053
 4225 0f28 38090000 		.word	2360
 4226 0f2c 7E0B0000 		.word	2942
 4227 0f30 AC090000 		.word	2476
 4228 0f34 0A0A0000 		.word	2570
 4229 0f38 15080000 		.word	2069
 4230 0f3c 2C070000 		.word	1836
 4231 0f40 11070000 		.word	1809
 4232 0f44 66090000 		.word	2406
 4233 0f48 C7090000 		.word	2503
 4234 0f4c C40A0000 		.word	2756
 4235 0f50 B2090000 		.word	2482
 4236 0f54 CB070000 		.word	1995
 4237 0f58 ED070000 		.word	2029
 4238 0f5c C4080000 		.word	2244
 4239 0f60 A80A0000 		.word	2728
 4240 0f64 FC080000 		.word	2300
 4241 0f68 150A0000 		.word	2581
 4242 0f6c F6070000 		.word	2038
 4243 0f70 A2070000 		.word	1954
 4244 0f74 F9070000 		.word	2041
 4245 0f78 81080000 		.word	2177
 4246 0f7c AB090000 		.word	2475
 4247 0f80 650A0000 		.word	2661
 4248 0f84 360A0000 		.word	2614
 4249 0f88 90080000 		.word	2192
 4250 0f8c B6080000 		.word	2230
 4251 0f90 9F080000 		.word	2207
 4252 0f94 2C090000 		.word	2348
 4253 0f98 72080000 		.word	2162
 4254 0f9c 93090000 		.word	2451
 4255 0fa0 63080000 		.word	2147
 4256 0fa4 05090000 		.word	2309
 4257 0fa8 04090000 		.word	2308
 4258 0fac D2080000 		.word	2258
 4259 0fb0 4B090000 		.word	2379
 4260 0fb4 A2090000 		.word	2466
 4261 0fb8 E8090000 		.word	2536
 4262 0fbc 71080000 		.word	2161
 4263 0fc0 F7080000 		.word	2295
 4264 0fc4 72080000 		.word	2162
 4265 0fc8 D5080000 		.word	2261
 4266 0fcc C9080000 		.word	2249
 4267 0fd0 2C090000 		.word	2348
 4268 0fd4 F1080000 		.word	2289
 4269 0fd8 73090000 		.word	2419
 4270 0fdc 59090000 		.word	2393
 4271 0fe0 CE080000 		.word	2254
 4272 0fe4 00090000 		.word	2304
 4273 0fe8 46090000 		.word	2374
 4274 0fec 66090000 		.word	2406
 4275 0ff0 9F080000 		.word	2207
ARM GAS  C:\Users\techn\AppData\Local\Temp\ccy0OLmH.s 			page 105


 4276 0ff4 07090000 		.word	2311
 4277 0ff8 64080000 		.word	2148
 4278 0ffc E6080000 		.word	2278
 4279              		.global	Triangle_LUT
 4280              		.section	.rodata.Triangle_LUT,"a"
 4281              		.align	2
 4284              	Triangle_LUT:
 4285 0000 00000000 		.word	0
 4286 0004 08000000 		.word	8
 4287 0008 10000000 		.word	16
 4288 000c 18000000 		.word	24
 4289 0010 20000000 		.word	32
 4290 0014 28000000 		.word	40
 4291 0018 30000000 		.word	48
 4292 001c 38000000 		.word	56
 4293 0020 40000000 		.word	64
 4294 0024 48000000 		.word	72
 4295 0028 50000000 		.word	80
 4296 002c 58000000 		.word	88
 4297 0030 60000000 		.word	96
 4298 0034 68000000 		.word	104
 4299 0038 70000000 		.word	112
 4300 003c 78000000 		.word	120
 4301 0040 80000000 		.word	128
 4302 0044 88000000 		.word	136
 4303 0048 90000000 		.word	144
 4304 004c 98000000 		.word	152
 4305 0050 A0000000 		.word	160
 4306 0054 A8000000 		.word	168
 4307 0058 B0000000 		.word	176
 4308 005c B8000000 		.word	184
 4309 0060 C0000000 		.word	192
 4310 0064 C8000000 		.word	200
 4311 0068 D0000000 		.word	208
 4312 006c D8000000 		.word	216
 4313 0070 E0000000 		.word	224
 4314 0074 E8000000 		.word	232
 4315 0078 F0000000 		.word	240
 4316 007c F8000000 		.word	248
 4317 0080 00010000 		.word	256
 4318 0084 08010000 		.word	264
 4319 0088 10010000 		.word	272
 4320 008c 18010000 		.word	280
 4321 0090 20010000 		.word	288
 4322 0094 28010000 		.word	296
 4323 0098 30010000 		.word	304
 4324 009c 38010000 		.word	312
 4325 00a0 40010000 		.word	320
 4326 00a4 48010000 		.word	328
 4327 00a8 50010000 		.word	336
 4328 00ac 58010000 		.word	344
 4329 00b0 60010000 		.word	352
 4330 00b4 68010000 		.word	360
 4331 00b8 70010000 		.word	368
 4332 00bc 78010000 		.word	376
 4333 00c0 80010000 		.word	384
 4334 00c4 88010000 		.word	392
ARM GAS  C:\Users\techn\AppData\Local\Temp\ccy0OLmH.s 			page 106


 4335 00c8 90010000 		.word	400
 4336 00cc 98010000 		.word	408
 4337 00d0 A0010000 		.word	416
 4338 00d4 A8010000 		.word	424
 4339 00d8 B0010000 		.word	432
 4340 00dc B8010000 		.word	440
 4341 00e0 C0010000 		.word	448
 4342 00e4 C8010000 		.word	456
 4343 00e8 D0010000 		.word	464
 4344 00ec D8010000 		.word	472
 4345 00f0 E0010000 		.word	480
 4346 00f4 E8010000 		.word	488
 4347 00f8 F0010000 		.word	496
 4348 00fc F8010000 		.word	504
 4349 0100 00020000 		.word	512
 4350 0104 08020000 		.word	520
 4351 0108 10020000 		.word	528
 4352 010c 18020000 		.word	536
 4353 0110 20020000 		.word	544
 4354 0114 28020000 		.word	552
 4355 0118 30020000 		.word	560
 4356 011c 38020000 		.word	568
 4357 0120 40020000 		.word	576
 4358 0124 48020000 		.word	584
 4359 0128 50020000 		.word	592
 4360 012c 58020000 		.word	600
 4361 0130 60020000 		.word	608
 4362 0134 68020000 		.word	616
 4363 0138 70020000 		.word	624
 4364 013c 78020000 		.word	632
 4365 0140 80020000 		.word	640
 4366 0144 88020000 		.word	648
 4367 0148 90020000 		.word	656
 4368 014c 98020000 		.word	664
 4369 0150 A0020000 		.word	672
 4370 0154 A8020000 		.word	680
 4371 0158 B0020000 		.word	688
 4372 015c B8020000 		.word	696
 4373 0160 C0020000 		.word	704
 4374 0164 C8020000 		.word	712
 4375 0168 D0020000 		.word	720
 4376 016c D8020000 		.word	728
 4377 0170 E0020000 		.word	736
 4378 0174 E8020000 		.word	744
 4379 0178 F0020000 		.word	752
 4380 017c F8020000 		.word	760
 4381 0180 00030000 		.word	768
 4382 0184 08030000 		.word	776
 4383 0188 10030000 		.word	784
 4384 018c 18030000 		.word	792
 4385 0190 20030000 		.word	800
 4386 0194 28030000 		.word	808
 4387 0198 30030000 		.word	816
 4388 019c 38030000 		.word	824
 4389 01a0 40030000 		.word	832
 4390 01a4 48030000 		.word	840
 4391 01a8 50030000 		.word	848
ARM GAS  C:\Users\techn\AppData\Local\Temp\ccy0OLmH.s 			page 107


 4392 01ac 58030000 		.word	856
 4393 01b0 60030000 		.word	864
 4394 01b4 68030000 		.word	872
 4395 01b8 70030000 		.word	880
 4396 01bc 78030000 		.word	888
 4397 01c0 80030000 		.word	896
 4398 01c4 88030000 		.word	904
 4399 01c8 90030000 		.word	912
 4400 01cc 98030000 		.word	920
 4401 01d0 A0030000 		.word	928
 4402 01d4 A8030000 		.word	936
 4403 01d8 B0030000 		.word	944
 4404 01dc B8030000 		.word	952
 4405 01e0 C0030000 		.word	960
 4406 01e4 C8030000 		.word	968
 4407 01e8 D0030000 		.word	976
 4408 01ec D8030000 		.word	984
 4409 01f0 E0030000 		.word	992
 4410 01f4 E8030000 		.word	1000
 4411 01f8 F0030000 		.word	1008
 4412 01fc F8030000 		.word	1016
 4413 0200 00040000 		.word	1024
 4414 0204 08040000 		.word	1032
 4415 0208 10040000 		.word	1040
 4416 020c 18040000 		.word	1048
 4417 0210 20040000 		.word	1056
 4418 0214 28040000 		.word	1064
 4419 0218 30040000 		.word	1072
 4420 021c 38040000 		.word	1080
 4421 0220 40040000 		.word	1088
 4422 0224 48040000 		.word	1096
 4423 0228 50040000 		.word	1104
 4424 022c 58040000 		.word	1112
 4425 0230 60040000 		.word	1120
 4426 0234 68040000 		.word	1128
 4427 0238 70040000 		.word	1136
 4428 023c 78040000 		.word	1144
 4429 0240 80040000 		.word	1152
 4430 0244 88040000 		.word	1160
 4431 0248 90040000 		.word	1168
 4432 024c 98040000 		.word	1176
 4433 0250 A0040000 		.word	1184
 4434 0254 A8040000 		.word	1192
 4435 0258 B0040000 		.word	1200
 4436 025c B8040000 		.word	1208
 4437 0260 C0040000 		.word	1216
 4438 0264 C8040000 		.word	1224
 4439 0268 D0040000 		.word	1232
 4440 026c D8040000 		.word	1240
 4441 0270 E0040000 		.word	1248
 4442 0274 E8040000 		.word	1256
 4443 0278 F0040000 		.word	1264
 4444 027c F8040000 		.word	1272
 4445 0280 00050000 		.word	1280
 4446 0284 08050000 		.word	1288
 4447 0288 10050000 		.word	1296
 4448 028c 18050000 		.word	1304
ARM GAS  C:\Users\techn\AppData\Local\Temp\ccy0OLmH.s 			page 108


 4449 0290 20050000 		.word	1312
 4450 0294 28050000 		.word	1320
 4451 0298 30050000 		.word	1328
 4452 029c 38050000 		.word	1336
 4453 02a0 40050000 		.word	1344
 4454 02a4 48050000 		.word	1352
 4455 02a8 50050000 		.word	1360
 4456 02ac 58050000 		.word	1368
 4457 02b0 60050000 		.word	1376
 4458 02b4 68050000 		.word	1384
 4459 02b8 70050000 		.word	1392
 4460 02bc 78050000 		.word	1400
 4461 02c0 80050000 		.word	1408
 4462 02c4 88050000 		.word	1416
 4463 02c8 90050000 		.word	1424
 4464 02cc 98050000 		.word	1432
 4465 02d0 A0050000 		.word	1440
 4466 02d4 A8050000 		.word	1448
 4467 02d8 B0050000 		.word	1456
 4468 02dc B8050000 		.word	1464
 4469 02e0 C0050000 		.word	1472
 4470 02e4 C8050000 		.word	1480
 4471 02e8 D0050000 		.word	1488
 4472 02ec D8050000 		.word	1496
 4473 02f0 E0050000 		.word	1504
 4474 02f4 E8050000 		.word	1512
 4475 02f8 F0050000 		.word	1520
 4476 02fc F8050000 		.word	1528
 4477 0300 00060000 		.word	1536
 4478 0304 08060000 		.word	1544
 4479 0308 10060000 		.word	1552
 4480 030c 18060000 		.word	1560
 4481 0310 20060000 		.word	1568
 4482 0314 28060000 		.word	1576
 4483 0318 30060000 		.word	1584
 4484 031c 38060000 		.word	1592
 4485 0320 40060000 		.word	1600
 4486 0324 48060000 		.word	1608
 4487 0328 50060000 		.word	1616
 4488 032c 58060000 		.word	1624
 4489 0330 60060000 		.word	1632
 4490 0334 68060000 		.word	1640
 4491 0338 70060000 		.word	1648
 4492 033c 78060000 		.word	1656
 4493 0340 80060000 		.word	1664
 4494 0344 88060000 		.word	1672
 4495 0348 90060000 		.word	1680
 4496 034c 98060000 		.word	1688
 4497 0350 A0060000 		.word	1696
 4498 0354 A8060000 		.word	1704
 4499 0358 B0060000 		.word	1712
 4500 035c B8060000 		.word	1720
 4501 0360 C0060000 		.word	1728
 4502 0364 C8060000 		.word	1736
 4503 0368 D0060000 		.word	1744
 4504 036c D8060000 		.word	1752
 4505 0370 E0060000 		.word	1760
ARM GAS  C:\Users\techn\AppData\Local\Temp\ccy0OLmH.s 			page 109


 4506 0374 E8060000 		.word	1768
 4507 0378 F0060000 		.word	1776
 4508 037c F8060000 		.word	1784
 4509 0380 00070000 		.word	1792
 4510 0384 08070000 		.word	1800
 4511 0388 10070000 		.word	1808
 4512 038c 18070000 		.word	1816
 4513 0390 20070000 		.word	1824
 4514 0394 28070000 		.word	1832
 4515 0398 30070000 		.word	1840
 4516 039c 38070000 		.word	1848
 4517 03a0 40070000 		.word	1856
 4518 03a4 48070000 		.word	1864
 4519 03a8 50070000 		.word	1872
 4520 03ac 58070000 		.word	1880
 4521 03b0 60070000 		.word	1888
 4522 03b4 68070000 		.word	1896
 4523 03b8 70070000 		.word	1904
 4524 03bc 78070000 		.word	1912
 4525 03c0 80070000 		.word	1920
 4526 03c4 88070000 		.word	1928
 4527 03c8 90070000 		.word	1936
 4528 03cc 98070000 		.word	1944
 4529 03d0 A0070000 		.word	1952
 4530 03d4 A8070000 		.word	1960
 4531 03d8 B0070000 		.word	1968
 4532 03dc B8070000 		.word	1976
 4533 03e0 C0070000 		.word	1984
 4534 03e4 C8070000 		.word	1992
 4535 03e8 D0070000 		.word	2000
 4536 03ec D8070000 		.word	2008
 4537 03f0 E0070000 		.word	2016
 4538 03f4 E8070000 		.word	2024
 4539 03f8 F0070000 		.word	2032
 4540 03fc F8070000 		.word	2040
 4541 0400 00080000 		.word	2048
 4542 0404 07080000 		.word	2055
 4543 0408 0F080000 		.word	2063
 4544 040c 17080000 		.word	2071
 4545 0410 1F080000 		.word	2079
 4546 0414 27080000 		.word	2087
 4547 0418 2F080000 		.word	2095
 4548 041c 37080000 		.word	2103
 4549 0420 3F080000 		.word	2111
 4550 0424 47080000 		.word	2119
 4551 0428 4F080000 		.word	2127
 4552 042c 57080000 		.word	2135
 4553 0430 5F080000 		.word	2143
 4554 0434 67080000 		.word	2151
 4555 0438 6F080000 		.word	2159
 4556 043c 77080000 		.word	2167
 4557 0440 7F080000 		.word	2175
 4558 0444 87080000 		.word	2183
 4559 0448 8F080000 		.word	2191
 4560 044c 97080000 		.word	2199
 4561 0450 9F080000 		.word	2207
 4562 0454 A7080000 		.word	2215
ARM GAS  C:\Users\techn\AppData\Local\Temp\ccy0OLmH.s 			page 110


 4563 0458 AF080000 		.word	2223
 4564 045c B7080000 		.word	2231
 4565 0460 BF080000 		.word	2239
 4566 0464 C7080000 		.word	2247
 4567 0468 CF080000 		.word	2255
 4568 046c D7080000 		.word	2263
 4569 0470 DF080000 		.word	2271
 4570 0474 E7080000 		.word	2279
 4571 0478 EF080000 		.word	2287
 4572 047c F7080000 		.word	2295
 4573 0480 FF080000 		.word	2303
 4574 0484 07090000 		.word	2311
 4575 0488 0F090000 		.word	2319
 4576 048c 17090000 		.word	2327
 4577 0490 1F090000 		.word	2335
 4578 0494 27090000 		.word	2343
 4579 0498 2F090000 		.word	2351
 4580 049c 37090000 		.word	2359
 4581 04a0 3F090000 		.word	2367
 4582 04a4 47090000 		.word	2375
 4583 04a8 4F090000 		.word	2383
 4584 04ac 57090000 		.word	2391
 4585 04b0 5F090000 		.word	2399
 4586 04b4 67090000 		.word	2407
 4587 04b8 6F090000 		.word	2415
 4588 04bc 77090000 		.word	2423
 4589 04c0 7F090000 		.word	2431
 4590 04c4 87090000 		.word	2439
 4591 04c8 8F090000 		.word	2447
 4592 04cc 97090000 		.word	2455
 4593 04d0 9F090000 		.word	2463
 4594 04d4 A7090000 		.word	2471
 4595 04d8 AF090000 		.word	2479
 4596 04dc B7090000 		.word	2487
 4597 04e0 BF090000 		.word	2495
 4598 04e4 C7090000 		.word	2503
 4599 04e8 CF090000 		.word	2511
 4600 04ec D7090000 		.word	2519
 4601 04f0 DF090000 		.word	2527
 4602 04f4 E7090000 		.word	2535
 4603 04f8 EF090000 		.word	2543
 4604 04fc F7090000 		.word	2551
 4605 0500 FF090000 		.word	2559
 4606 0504 070A0000 		.word	2567
 4607 0508 0F0A0000 		.word	2575
 4608 050c 170A0000 		.word	2583
 4609 0510 1F0A0000 		.word	2591
 4610 0514 270A0000 		.word	2599
 4611 0518 2F0A0000 		.word	2607
 4612 051c 370A0000 		.word	2615
 4613 0520 3F0A0000 		.word	2623
 4614 0524 470A0000 		.word	2631
 4615 0528 4F0A0000 		.word	2639
 4616 052c 570A0000 		.word	2647
 4617 0530 5F0A0000 		.word	2655
 4618 0534 670A0000 		.word	2663
 4619 0538 6F0A0000 		.word	2671
ARM GAS  C:\Users\techn\AppData\Local\Temp\ccy0OLmH.s 			page 111


 4620 053c 770A0000 		.word	2679
 4621 0540 7F0A0000 		.word	2687
 4622 0544 870A0000 		.word	2695
 4623 0548 8F0A0000 		.word	2703
 4624 054c 970A0000 		.word	2711
 4625 0550 9F0A0000 		.word	2719
 4626 0554 A70A0000 		.word	2727
 4627 0558 AF0A0000 		.word	2735
 4628 055c B70A0000 		.word	2743
 4629 0560 BF0A0000 		.word	2751
 4630 0564 C70A0000 		.word	2759
 4631 0568 CF0A0000 		.word	2767
 4632 056c D70A0000 		.word	2775
 4633 0570 DF0A0000 		.word	2783
 4634 0574 E70A0000 		.word	2791
 4635 0578 EF0A0000 		.word	2799
 4636 057c F70A0000 		.word	2807
 4637 0580 FF0A0000 		.word	2815
 4638 0584 070B0000 		.word	2823
 4639 0588 0F0B0000 		.word	2831
 4640 058c 170B0000 		.word	2839
 4641 0590 1F0B0000 		.word	2847
 4642 0594 270B0000 		.word	2855
 4643 0598 2F0B0000 		.word	2863
 4644 059c 370B0000 		.word	2871
 4645 05a0 3F0B0000 		.word	2879
 4646 05a4 470B0000 		.word	2887
 4647 05a8 4F0B0000 		.word	2895
 4648 05ac 570B0000 		.word	2903
 4649 05b0 5F0B0000 		.word	2911
 4650 05b4 670B0000 		.word	2919
 4651 05b8 6F0B0000 		.word	2927
 4652 05bc 770B0000 		.word	2935
 4653 05c0 7F0B0000 		.word	2943
 4654 05c4 870B0000 		.word	2951
 4655 05c8 8F0B0000 		.word	2959
 4656 05cc 970B0000 		.word	2967
 4657 05d0 9F0B0000 		.word	2975
 4658 05d4 A70B0000 		.word	2983
 4659 05d8 AF0B0000 		.word	2991
 4660 05dc B70B0000 		.word	2999
 4661 05e0 BF0B0000 		.word	3007
 4662 05e4 C70B0000 		.word	3015
 4663 05e8 CF0B0000 		.word	3023
 4664 05ec D70B0000 		.word	3031
 4665 05f0 DF0B0000 		.word	3039
 4666 05f4 E70B0000 		.word	3047
 4667 05f8 EF0B0000 		.word	3055
 4668 05fc F70B0000 		.word	3063
 4669 0600 FF0B0000 		.word	3071
 4670 0604 070C0000 		.word	3079
 4671 0608 0F0C0000 		.word	3087
 4672 060c 170C0000 		.word	3095
 4673 0610 1F0C0000 		.word	3103
 4674 0614 270C0000 		.word	3111
 4675 0618 2F0C0000 		.word	3119
 4676 061c 370C0000 		.word	3127
ARM GAS  C:\Users\techn\AppData\Local\Temp\ccy0OLmH.s 			page 112


 4677 0620 3F0C0000 		.word	3135
 4678 0624 470C0000 		.word	3143
 4679 0628 4F0C0000 		.word	3151
 4680 062c 570C0000 		.word	3159
 4681 0630 5F0C0000 		.word	3167
 4682 0634 670C0000 		.word	3175
 4683 0638 6F0C0000 		.word	3183
 4684 063c 770C0000 		.word	3191
 4685 0640 7F0C0000 		.word	3199
 4686 0644 870C0000 		.word	3207
 4687 0648 8F0C0000 		.word	3215
 4688 064c 970C0000 		.word	3223
 4689 0650 9F0C0000 		.word	3231
 4690 0654 A70C0000 		.word	3239
 4691 0658 AF0C0000 		.word	3247
 4692 065c B70C0000 		.word	3255
 4693 0660 BF0C0000 		.word	3263
 4694 0664 C70C0000 		.word	3271
 4695 0668 CF0C0000 		.word	3279
 4696 066c D70C0000 		.word	3287
 4697 0670 DF0C0000 		.word	3295
 4698 0674 E70C0000 		.word	3303
 4699 0678 EF0C0000 		.word	3311
 4700 067c F70C0000 		.word	3319
 4701 0680 FF0C0000 		.word	3327
 4702 0684 070D0000 		.word	3335
 4703 0688 0F0D0000 		.word	3343
 4704 068c 170D0000 		.word	3351
 4705 0690 1F0D0000 		.word	3359
 4706 0694 270D0000 		.word	3367
 4707 0698 2F0D0000 		.word	3375
 4708 069c 370D0000 		.word	3383
 4709 06a0 3F0D0000 		.word	3391
 4710 06a4 470D0000 		.word	3399
 4711 06a8 4F0D0000 		.word	3407
 4712 06ac 570D0000 		.word	3415
 4713 06b0 5F0D0000 		.word	3423
 4714 06b4 670D0000 		.word	3431
 4715 06b8 6F0D0000 		.word	3439
 4716 06bc 770D0000 		.word	3447
 4717 06c0 7F0D0000 		.word	3455
 4718 06c4 870D0000 		.word	3463
 4719 06c8 8F0D0000 		.word	3471
 4720 06cc 970D0000 		.word	3479
 4721 06d0 9F0D0000 		.word	3487
 4722 06d4 A70D0000 		.word	3495
 4723 06d8 AF0D0000 		.word	3503
 4724 06dc B70D0000 		.word	3511
 4725 06e0 BF0D0000 		.word	3519
 4726 06e4 C70D0000 		.word	3527
 4727 06e8 CF0D0000 		.word	3535
 4728 06ec D70D0000 		.word	3543
 4729 06f0 DF0D0000 		.word	3551
 4730 06f4 E70D0000 		.word	3559
 4731 06f8 EF0D0000 		.word	3567
 4732 06fc F70D0000 		.word	3575
 4733 0700 FF0D0000 		.word	3583
ARM GAS  C:\Users\techn\AppData\Local\Temp\ccy0OLmH.s 			page 113


 4734 0704 070E0000 		.word	3591
 4735 0708 0F0E0000 		.word	3599
 4736 070c 170E0000 		.word	3607
 4737 0710 1F0E0000 		.word	3615
 4738 0714 270E0000 		.word	3623
 4739 0718 2F0E0000 		.word	3631
 4740 071c 370E0000 		.word	3639
 4741 0720 3F0E0000 		.word	3647
 4742 0724 470E0000 		.word	3655
 4743 0728 4F0E0000 		.word	3663
 4744 072c 570E0000 		.word	3671
 4745 0730 5F0E0000 		.word	3679
 4746 0734 670E0000 		.word	3687
 4747 0738 6F0E0000 		.word	3695
 4748 073c 770E0000 		.word	3703
 4749 0740 7F0E0000 		.word	3711
 4750 0744 870E0000 		.word	3719
 4751 0748 8F0E0000 		.word	3727
 4752 074c 970E0000 		.word	3735
 4753 0750 9F0E0000 		.word	3743
 4754 0754 A70E0000 		.word	3751
 4755 0758 AF0E0000 		.word	3759
 4756 075c B70E0000 		.word	3767
 4757 0760 BF0E0000 		.word	3775
 4758 0764 C70E0000 		.word	3783
 4759 0768 CF0E0000 		.word	3791
 4760 076c D70E0000 		.word	3799
 4761 0770 DF0E0000 		.word	3807
 4762 0774 E70E0000 		.word	3815
 4763 0778 EF0E0000 		.word	3823
 4764 077c F70E0000 		.word	3831
 4765 0780 FF0E0000 		.word	3839
 4766 0784 070F0000 		.word	3847
 4767 0788 0F0F0000 		.word	3855
 4768 078c 170F0000 		.word	3863
 4769 0790 1F0F0000 		.word	3871
 4770 0794 270F0000 		.word	3879
 4771 0798 2F0F0000 		.word	3887
 4772 079c 370F0000 		.word	3895
 4773 07a0 3F0F0000 		.word	3903
 4774 07a4 470F0000 		.word	3911
 4775 07a8 4F0F0000 		.word	3919
 4776 07ac 570F0000 		.word	3927
 4777 07b0 5F0F0000 		.word	3935
 4778 07b4 670F0000 		.word	3943
 4779 07b8 6F0F0000 		.word	3951
 4780 07bc 770F0000 		.word	3959
 4781 07c0 7F0F0000 		.word	3967
 4782 07c4 870F0000 		.word	3975
 4783 07c8 8F0F0000 		.word	3983
 4784 07cc 970F0000 		.word	3991
 4785 07d0 9F0F0000 		.word	3999
 4786 07d4 A70F0000 		.word	4007
 4787 07d8 AF0F0000 		.word	4015
 4788 07dc B70F0000 		.word	4023
 4789 07e0 BF0F0000 		.word	4031
 4790 07e4 C70F0000 		.word	4039
ARM GAS  C:\Users\techn\AppData\Local\Temp\ccy0OLmH.s 			page 114


 4791 07e8 CF0F0000 		.word	4047
 4792 07ec D70F0000 		.word	4055
 4793 07f0 DF0F0000 		.word	4063
 4794 07f4 E70F0000 		.word	4071
 4795 07f8 EF0F0000 		.word	4079
 4796 07fc F70F0000 		.word	4087
 4797 0800 FF0F0000 		.word	4095
 4798 0804 F70F0000 		.word	4087
 4799 0808 EF0F0000 		.word	4079
 4800 080c E70F0000 		.word	4071
 4801 0810 DF0F0000 		.word	4063
 4802 0814 D70F0000 		.word	4055
 4803 0818 CF0F0000 		.word	4047
 4804 081c C70F0000 		.word	4039
 4805 0820 BF0F0000 		.word	4031
 4806 0824 B70F0000 		.word	4023
 4807 0828 AF0F0000 		.word	4015
 4808 082c A70F0000 		.word	4007
 4809 0830 9F0F0000 		.word	3999
 4810 0834 970F0000 		.word	3991
 4811 0838 8F0F0000 		.word	3983
 4812 083c 870F0000 		.word	3975
 4813 0840 7F0F0000 		.word	3967
 4814 0844 770F0000 		.word	3959
 4815 0848 6F0F0000 		.word	3951
 4816 084c 670F0000 		.word	3943
 4817 0850 5F0F0000 		.word	3935
 4818 0854 570F0000 		.word	3927
 4819 0858 4F0F0000 		.word	3919
 4820 085c 470F0000 		.word	3911
 4821 0860 3F0F0000 		.word	3903
 4822 0864 370F0000 		.word	3895
 4823 0868 2F0F0000 		.word	3887
 4824 086c 270F0000 		.word	3879
 4825 0870 1F0F0000 		.word	3871
 4826 0874 170F0000 		.word	3863
 4827 0878 0F0F0000 		.word	3855
 4828 087c 070F0000 		.word	3847
 4829 0880 FF0E0000 		.word	3839
 4830 0884 F70E0000 		.word	3831
 4831 0888 EF0E0000 		.word	3823
 4832 088c E70E0000 		.word	3815
 4833 0890 DF0E0000 		.word	3807
 4834 0894 D70E0000 		.word	3799
 4835 0898 CF0E0000 		.word	3791
 4836 089c C70E0000 		.word	3783
 4837 08a0 BF0E0000 		.word	3775
 4838 08a4 B70E0000 		.word	3767
 4839 08a8 AF0E0000 		.word	3759
 4840 08ac A70E0000 		.word	3751
 4841 08b0 9F0E0000 		.word	3743
 4842 08b4 970E0000 		.word	3735
 4843 08b8 8F0E0000 		.word	3727
 4844 08bc 870E0000 		.word	3719
 4845 08c0 7F0E0000 		.word	3711
 4846 08c4 770E0000 		.word	3703
 4847 08c8 6F0E0000 		.word	3695
ARM GAS  C:\Users\techn\AppData\Local\Temp\ccy0OLmH.s 			page 115


 4848 08cc 670E0000 		.word	3687
 4849 08d0 5F0E0000 		.word	3679
 4850 08d4 570E0000 		.word	3671
 4851 08d8 4F0E0000 		.word	3663
 4852 08dc 470E0000 		.word	3655
 4853 08e0 3F0E0000 		.word	3647
 4854 08e4 370E0000 		.word	3639
 4855 08e8 2F0E0000 		.word	3631
 4856 08ec 270E0000 		.word	3623
 4857 08f0 1F0E0000 		.word	3615
 4858 08f4 170E0000 		.word	3607
 4859 08f8 0F0E0000 		.word	3599
 4860 08fc 070E0000 		.word	3591
 4861 0900 FF0D0000 		.word	3583
 4862 0904 F70D0000 		.word	3575
 4863 0908 EF0D0000 		.word	3567
 4864 090c E70D0000 		.word	3559
 4865 0910 DF0D0000 		.word	3551
 4866 0914 D70D0000 		.word	3543
 4867 0918 CF0D0000 		.word	3535
 4868 091c C70D0000 		.word	3527
 4869 0920 BF0D0000 		.word	3519
 4870 0924 B70D0000 		.word	3511
 4871 0928 AF0D0000 		.word	3503
 4872 092c A70D0000 		.word	3495
 4873 0930 9F0D0000 		.word	3487
 4874 0934 970D0000 		.word	3479
 4875 0938 8F0D0000 		.word	3471
 4876 093c 870D0000 		.word	3463
 4877 0940 7F0D0000 		.word	3455
 4878 0944 770D0000 		.word	3447
 4879 0948 6F0D0000 		.word	3439
 4880 094c 670D0000 		.word	3431
 4881 0950 5F0D0000 		.word	3423
 4882 0954 570D0000 		.word	3415
 4883 0958 4F0D0000 		.word	3407
 4884 095c 470D0000 		.word	3399
 4885 0960 3F0D0000 		.word	3391
 4886 0964 370D0000 		.word	3383
 4887 0968 2F0D0000 		.word	3375
 4888 096c 270D0000 		.word	3367
 4889 0970 1F0D0000 		.word	3359
 4890 0974 170D0000 		.word	3351
 4891 0978 0F0D0000 		.word	3343
 4892 097c 070D0000 		.word	3335
 4893 0980 FF0C0000 		.word	3327
 4894 0984 F70C0000 		.word	3319
 4895 0988 EF0C0000 		.word	3311
 4896 098c E70C0000 		.word	3303
 4897 0990 DF0C0000 		.word	3295
 4898 0994 D70C0000 		.word	3287
 4899 0998 CF0C0000 		.word	3279
 4900 099c C70C0000 		.word	3271
 4901 09a0 BF0C0000 		.word	3263
 4902 09a4 B70C0000 		.word	3255
 4903 09a8 AF0C0000 		.word	3247
 4904 09ac A70C0000 		.word	3239
ARM GAS  C:\Users\techn\AppData\Local\Temp\ccy0OLmH.s 			page 116


 4905 09b0 9F0C0000 		.word	3231
 4906 09b4 970C0000 		.word	3223
 4907 09b8 8F0C0000 		.word	3215
 4908 09bc 870C0000 		.word	3207
 4909 09c0 7F0C0000 		.word	3199
 4910 09c4 770C0000 		.word	3191
 4911 09c8 6F0C0000 		.word	3183
 4912 09cc 670C0000 		.word	3175
 4913 09d0 5F0C0000 		.word	3167
 4914 09d4 570C0000 		.word	3159
 4915 09d8 4F0C0000 		.word	3151
 4916 09dc 470C0000 		.word	3143
 4917 09e0 3F0C0000 		.word	3135
 4918 09e4 370C0000 		.word	3127
 4919 09e8 2F0C0000 		.word	3119
 4920 09ec 270C0000 		.word	3111
 4921 09f0 1F0C0000 		.word	3103
 4922 09f4 170C0000 		.word	3095
 4923 09f8 0F0C0000 		.word	3087
 4924 09fc 070C0000 		.word	3079
 4925 0a00 FF0B0000 		.word	3071
 4926 0a04 F70B0000 		.word	3063
 4927 0a08 EF0B0000 		.word	3055
 4928 0a0c E70B0000 		.word	3047
 4929 0a10 DF0B0000 		.word	3039
 4930 0a14 D70B0000 		.word	3031
 4931 0a18 CF0B0000 		.word	3023
 4932 0a1c C70B0000 		.word	3015
 4933 0a20 BF0B0000 		.word	3007
 4934 0a24 B70B0000 		.word	2999
 4935 0a28 AF0B0000 		.word	2991
 4936 0a2c A70B0000 		.word	2983
 4937 0a30 9F0B0000 		.word	2975
 4938 0a34 970B0000 		.word	2967
 4939 0a38 8F0B0000 		.word	2959
 4940 0a3c 870B0000 		.word	2951
 4941 0a40 7F0B0000 		.word	2943
 4942 0a44 770B0000 		.word	2935
 4943 0a48 6F0B0000 		.word	2927
 4944 0a4c 670B0000 		.word	2919
 4945 0a50 5F0B0000 		.word	2911
 4946 0a54 570B0000 		.word	2903
 4947 0a58 4F0B0000 		.word	2895
 4948 0a5c 470B0000 		.word	2887
 4949 0a60 3F0B0000 		.word	2879
 4950 0a64 370B0000 		.word	2871
 4951 0a68 2F0B0000 		.word	2863
 4952 0a6c 270B0000 		.word	2855
 4953 0a70 1F0B0000 		.word	2847
 4954 0a74 170B0000 		.word	2839
 4955 0a78 0F0B0000 		.word	2831
 4956 0a7c 070B0000 		.word	2823
 4957 0a80 FF0A0000 		.word	2815
 4958 0a84 F70A0000 		.word	2807
 4959 0a88 EF0A0000 		.word	2799
 4960 0a8c E70A0000 		.word	2791
 4961 0a90 DF0A0000 		.word	2783
ARM GAS  C:\Users\techn\AppData\Local\Temp\ccy0OLmH.s 			page 117


 4962 0a94 D70A0000 		.word	2775
 4963 0a98 CF0A0000 		.word	2767
 4964 0a9c C70A0000 		.word	2759
 4965 0aa0 BF0A0000 		.word	2751
 4966 0aa4 B70A0000 		.word	2743
 4967 0aa8 AF0A0000 		.word	2735
 4968 0aac A70A0000 		.word	2727
 4969 0ab0 9F0A0000 		.word	2719
 4970 0ab4 970A0000 		.word	2711
 4971 0ab8 8F0A0000 		.word	2703
 4972 0abc 870A0000 		.word	2695
 4973 0ac0 7F0A0000 		.word	2687
 4974 0ac4 770A0000 		.word	2679
 4975 0ac8 6F0A0000 		.word	2671
 4976 0acc 670A0000 		.word	2663
 4977 0ad0 5F0A0000 		.word	2655
 4978 0ad4 570A0000 		.word	2647
 4979 0ad8 4F0A0000 		.word	2639
 4980 0adc 470A0000 		.word	2631
 4981 0ae0 3F0A0000 		.word	2623
 4982 0ae4 370A0000 		.word	2615
 4983 0ae8 2F0A0000 		.word	2607
 4984 0aec 270A0000 		.word	2599
 4985 0af0 1F0A0000 		.word	2591
 4986 0af4 170A0000 		.word	2583
 4987 0af8 0F0A0000 		.word	2575
 4988 0afc 070A0000 		.word	2567
 4989 0b00 FF090000 		.word	2559
 4990 0b04 F7090000 		.word	2551
 4991 0b08 EF090000 		.word	2543
 4992 0b0c E7090000 		.word	2535
 4993 0b10 DF090000 		.word	2527
 4994 0b14 D7090000 		.word	2519
 4995 0b18 CF090000 		.word	2511
 4996 0b1c C7090000 		.word	2503
 4997 0b20 BF090000 		.word	2495
 4998 0b24 B7090000 		.word	2487
 4999 0b28 AF090000 		.word	2479
 5000 0b2c A7090000 		.word	2471
 5001 0b30 9F090000 		.word	2463
 5002 0b34 97090000 		.word	2455
 5003 0b38 8F090000 		.word	2447
 5004 0b3c 87090000 		.word	2439
 5005 0b40 7F090000 		.word	2431
 5006 0b44 77090000 		.word	2423
 5007 0b48 6F090000 		.word	2415
 5008 0b4c 67090000 		.word	2407
 5009 0b50 5F090000 		.word	2399
 5010 0b54 57090000 		.word	2391
 5011 0b58 4F090000 		.word	2383
 5012 0b5c 47090000 		.word	2375
 5013 0b60 3F090000 		.word	2367
 5014 0b64 37090000 		.word	2359
 5015 0b68 2F090000 		.word	2351
 5016 0b6c 27090000 		.word	2343
 5017 0b70 1F090000 		.word	2335
 5018 0b74 17090000 		.word	2327
ARM GAS  C:\Users\techn\AppData\Local\Temp\ccy0OLmH.s 			page 118


 5019 0b78 0F090000 		.word	2319
 5020 0b7c 07090000 		.word	2311
 5021 0b80 FF080000 		.word	2303
 5022 0b84 F7080000 		.word	2295
 5023 0b88 EF080000 		.word	2287
 5024 0b8c E7080000 		.word	2279
 5025 0b90 DF080000 		.word	2271
 5026 0b94 D7080000 		.word	2263
 5027 0b98 CF080000 		.word	2255
 5028 0b9c C7080000 		.word	2247
 5029 0ba0 BF080000 		.word	2239
 5030 0ba4 B7080000 		.word	2231
 5031 0ba8 AF080000 		.word	2223
 5032 0bac A7080000 		.word	2215
 5033 0bb0 9F080000 		.word	2207
 5034 0bb4 97080000 		.word	2199
 5035 0bb8 8F080000 		.word	2191
 5036 0bbc 87080000 		.word	2183
 5037 0bc0 7F080000 		.word	2175
 5038 0bc4 77080000 		.word	2167
 5039 0bc8 6F080000 		.word	2159
 5040 0bcc 67080000 		.word	2151
 5041 0bd0 5F080000 		.word	2143
 5042 0bd4 57080000 		.word	2135
 5043 0bd8 4F080000 		.word	2127
 5044 0bdc 47080000 		.word	2119
 5045 0be0 3F080000 		.word	2111
 5046 0be4 37080000 		.word	2103
 5047 0be8 2F080000 		.word	2095
 5048 0bec 27080000 		.word	2087
 5049 0bf0 1F080000 		.word	2079
 5050 0bf4 17080000 		.word	2071
 5051 0bf8 0F080000 		.word	2063
 5052 0bfc 07080000 		.word	2055
 5053 0c00 00080000 		.word	2048
 5054 0c04 F8070000 		.word	2040
 5055 0c08 F0070000 		.word	2032
 5056 0c0c E8070000 		.word	2024
 5057 0c10 E0070000 		.word	2016
 5058 0c14 D8070000 		.word	2008
 5059 0c18 D0070000 		.word	2000
 5060 0c1c C8070000 		.word	1992
 5061 0c20 C0070000 		.word	1984
 5062 0c24 B8070000 		.word	1976
 5063 0c28 B0070000 		.word	1968
 5064 0c2c A8070000 		.word	1960
 5065 0c30 A0070000 		.word	1952
 5066 0c34 98070000 		.word	1944
 5067 0c38 90070000 		.word	1936
 5068 0c3c 88070000 		.word	1928
 5069 0c40 80070000 		.word	1920
 5070 0c44 78070000 		.word	1912
 5071 0c48 70070000 		.word	1904
 5072 0c4c 68070000 		.word	1896
 5073 0c50 60070000 		.word	1888
 5074 0c54 58070000 		.word	1880
 5075 0c58 50070000 		.word	1872
ARM GAS  C:\Users\techn\AppData\Local\Temp\ccy0OLmH.s 			page 119


 5076 0c5c 48070000 		.word	1864
 5077 0c60 40070000 		.word	1856
 5078 0c64 38070000 		.word	1848
 5079 0c68 30070000 		.word	1840
 5080 0c6c 28070000 		.word	1832
 5081 0c70 20070000 		.word	1824
 5082 0c74 18070000 		.word	1816
 5083 0c78 10070000 		.word	1808
 5084 0c7c 08070000 		.word	1800
 5085 0c80 00070000 		.word	1792
 5086 0c84 F8060000 		.word	1784
 5087 0c88 F0060000 		.word	1776
 5088 0c8c E8060000 		.word	1768
 5089 0c90 E0060000 		.word	1760
 5090 0c94 D8060000 		.word	1752
 5091 0c98 D0060000 		.word	1744
 5092 0c9c C8060000 		.word	1736
 5093 0ca0 C0060000 		.word	1728
 5094 0ca4 B8060000 		.word	1720
 5095 0ca8 B0060000 		.word	1712
 5096 0cac A8060000 		.word	1704
 5097 0cb0 A0060000 		.word	1696
 5098 0cb4 98060000 		.word	1688
 5099 0cb8 90060000 		.word	1680
 5100 0cbc 88060000 		.word	1672
 5101 0cc0 80060000 		.word	1664
 5102 0cc4 78060000 		.word	1656
 5103 0cc8 70060000 		.word	1648
 5104 0ccc 68060000 		.word	1640
 5105 0cd0 60060000 		.word	1632
 5106 0cd4 58060000 		.word	1624
 5107 0cd8 50060000 		.word	1616
 5108 0cdc 48060000 		.word	1608
 5109 0ce0 40060000 		.word	1600
 5110 0ce4 38060000 		.word	1592
 5111 0ce8 30060000 		.word	1584
 5112 0cec 28060000 		.word	1576
 5113 0cf0 20060000 		.word	1568
 5114 0cf4 18060000 		.word	1560
 5115 0cf8 10060000 		.word	1552
 5116 0cfc 08060000 		.word	1544
 5117 0d00 00060000 		.word	1536
 5118 0d04 F8050000 		.word	1528
 5119 0d08 F0050000 		.word	1520
 5120 0d0c E8050000 		.word	1512
 5121 0d10 E0050000 		.word	1504
 5122 0d14 D8050000 		.word	1496
 5123 0d18 D0050000 		.word	1488
 5124 0d1c C8050000 		.word	1480
 5125 0d20 C0050000 		.word	1472
 5126 0d24 B8050000 		.word	1464
 5127 0d28 B0050000 		.word	1456
 5128 0d2c A8050000 		.word	1448
 5129 0d30 A0050000 		.word	1440
 5130 0d34 98050000 		.word	1432
 5131 0d38 90050000 		.word	1424
 5132 0d3c 88050000 		.word	1416
ARM GAS  C:\Users\techn\AppData\Local\Temp\ccy0OLmH.s 			page 120


 5133 0d40 80050000 		.word	1408
 5134 0d44 78050000 		.word	1400
 5135 0d48 70050000 		.word	1392
 5136 0d4c 68050000 		.word	1384
 5137 0d50 60050000 		.word	1376
 5138 0d54 58050000 		.word	1368
 5139 0d58 50050000 		.word	1360
 5140 0d5c 48050000 		.word	1352
 5141 0d60 40050000 		.word	1344
 5142 0d64 38050000 		.word	1336
 5143 0d68 30050000 		.word	1328
 5144 0d6c 28050000 		.word	1320
 5145 0d70 20050000 		.word	1312
 5146 0d74 18050000 		.word	1304
 5147 0d78 10050000 		.word	1296
 5148 0d7c 08050000 		.word	1288
 5149 0d80 00050000 		.word	1280
 5150 0d84 F8040000 		.word	1272
 5151 0d88 F0040000 		.word	1264
 5152 0d8c E8040000 		.word	1256
 5153 0d90 E0040000 		.word	1248
 5154 0d94 D8040000 		.word	1240
 5155 0d98 D0040000 		.word	1232
 5156 0d9c C8040000 		.word	1224
 5157 0da0 C0040000 		.word	1216
 5158 0da4 B8040000 		.word	1208
 5159 0da8 B0040000 		.word	1200
 5160 0dac A8040000 		.word	1192
 5161 0db0 A0040000 		.word	1184
 5162 0db4 98040000 		.word	1176
 5163 0db8 90040000 		.word	1168
 5164 0dbc 88040000 		.word	1160
 5165 0dc0 80040000 		.word	1152
 5166 0dc4 78040000 		.word	1144
 5167 0dc8 70040000 		.word	1136
 5168 0dcc 68040000 		.word	1128
 5169 0dd0 60040000 		.word	1120
 5170 0dd4 58040000 		.word	1112
 5171 0dd8 50040000 		.word	1104
 5172 0ddc 48040000 		.word	1096
 5173 0de0 40040000 		.word	1088
 5174 0de4 38040000 		.word	1080
 5175 0de8 30040000 		.word	1072
 5176 0dec 28040000 		.word	1064
 5177 0df0 20040000 		.word	1056
 5178 0df4 18040000 		.word	1048
 5179 0df8 10040000 		.word	1040
 5180 0dfc 08040000 		.word	1032
 5181 0e00 00040000 		.word	1024
 5182 0e04 F8030000 		.word	1016
 5183 0e08 F0030000 		.word	1008
 5184 0e0c E8030000 		.word	1000
 5185 0e10 E0030000 		.word	992
 5186 0e14 D8030000 		.word	984
 5187 0e18 D0030000 		.word	976
 5188 0e1c C8030000 		.word	968
 5189 0e20 C0030000 		.word	960
ARM GAS  C:\Users\techn\AppData\Local\Temp\ccy0OLmH.s 			page 121


 5190 0e24 B8030000 		.word	952
 5191 0e28 B0030000 		.word	944
 5192 0e2c A8030000 		.word	936
 5193 0e30 A0030000 		.word	928
 5194 0e34 98030000 		.word	920
 5195 0e38 90030000 		.word	912
 5196 0e3c 88030000 		.word	904
 5197 0e40 80030000 		.word	896
 5198 0e44 78030000 		.word	888
 5199 0e48 70030000 		.word	880
 5200 0e4c 68030000 		.word	872
 5201 0e50 60030000 		.word	864
 5202 0e54 58030000 		.word	856
 5203 0e58 50030000 		.word	848
 5204 0e5c 48030000 		.word	840
 5205 0e60 40030000 		.word	832
 5206 0e64 38030000 		.word	824
 5207 0e68 30030000 		.word	816
 5208 0e6c 28030000 		.word	808
 5209 0e70 20030000 		.word	800
 5210 0e74 18030000 		.word	792
 5211 0e78 10030000 		.word	784
 5212 0e7c 08030000 		.word	776
 5213 0e80 00030000 		.word	768
 5214 0e84 F8020000 		.word	760
 5215 0e88 F0020000 		.word	752
 5216 0e8c E8020000 		.word	744
 5217 0e90 E0020000 		.word	736
 5218 0e94 D8020000 		.word	728
 5219 0e98 D0020000 		.word	720
 5220 0e9c C8020000 		.word	712
 5221 0ea0 C0020000 		.word	704
 5222 0ea4 B8020000 		.word	696
 5223 0ea8 B0020000 		.word	688
 5224 0eac A8020000 		.word	680
 5225 0eb0 A0020000 		.word	672
 5226 0eb4 98020000 		.word	664
 5227 0eb8 90020000 		.word	656
 5228 0ebc 88020000 		.word	648
 5229 0ec0 80020000 		.word	640
 5230 0ec4 78020000 		.word	632
 5231 0ec8 70020000 		.word	624
 5232 0ecc 68020000 		.word	616
 5233 0ed0 60020000 		.word	608
 5234 0ed4 58020000 		.word	600
 5235 0ed8 50020000 		.word	592
 5236 0edc 48020000 		.word	584
 5237 0ee0 40020000 		.word	576
 5238 0ee4 38020000 		.word	568
 5239 0ee8 30020000 		.word	560
 5240 0eec 28020000 		.word	552
 5241 0ef0 20020000 		.word	544
 5242 0ef4 18020000 		.word	536
 5243 0ef8 10020000 		.word	528
 5244 0efc 08020000 		.word	520
 5245 0f00 00020000 		.word	512
 5246 0f04 F8010000 		.word	504
ARM GAS  C:\Users\techn\AppData\Local\Temp\ccy0OLmH.s 			page 122


 5247 0f08 F0010000 		.word	496
 5248 0f0c E8010000 		.word	488
 5249 0f10 E0010000 		.word	480
 5250 0f14 D8010000 		.word	472
 5251 0f18 D0010000 		.word	464
 5252 0f1c C8010000 		.word	456
 5253 0f20 C0010000 		.word	448
 5254 0f24 B8010000 		.word	440
 5255 0f28 B0010000 		.word	432
 5256 0f2c A8010000 		.word	424
 5257 0f30 A0010000 		.word	416
 5258 0f34 98010000 		.word	408
 5259 0f38 90010000 		.word	400
 5260 0f3c 88010000 		.word	392
 5261 0f40 80010000 		.word	384
 5262 0f44 78010000 		.word	376
 5263 0f48 70010000 		.word	368
 5264 0f4c 68010000 		.word	360
 5265 0f50 60010000 		.word	352
 5266 0f54 58010000 		.word	344
 5267 0f58 50010000 		.word	336
 5268 0f5c 48010000 		.word	328
 5269 0f60 40010000 		.word	320
 5270 0f64 38010000 		.word	312
 5271 0f68 30010000 		.word	304
 5272 0f6c 28010000 		.word	296
 5273 0f70 20010000 		.word	288
 5274 0f74 18010000 		.word	280
 5275 0f78 10010000 		.word	272
 5276 0f7c 08010000 		.word	264
 5277 0f80 00010000 		.word	256
 5278 0f84 F8000000 		.word	248
 5279 0f88 F0000000 		.word	240
 5280 0f8c E8000000 		.word	232
 5281 0f90 E0000000 		.word	224
 5282 0f94 D8000000 		.word	216
 5283 0f98 D0000000 		.word	208
 5284 0f9c C8000000 		.word	200
 5285 0fa0 C0000000 		.word	192
 5286 0fa4 B8000000 		.word	184
 5287 0fa8 B0000000 		.word	176
 5288 0fac A8000000 		.word	168
 5289 0fb0 A0000000 		.word	160
 5290 0fb4 98000000 		.word	152
 5291 0fb8 90000000 		.word	144
 5292 0fbc 88000000 		.word	136
 5293 0fc0 80000000 		.word	128
 5294 0fc4 78000000 		.word	120
 5295 0fc8 70000000 		.word	112
 5296 0fcc 68000000 		.word	104
 5297 0fd0 60000000 		.word	96
 5298 0fd4 58000000 		.word	88
 5299 0fd8 50000000 		.word	80
 5300 0fdc 48000000 		.word	72
 5301 0fe0 40000000 		.word	64
 5302 0fe4 38000000 		.word	56
 5303 0fe8 30000000 		.word	48
ARM GAS  C:\Users\techn\AppData\Local\Temp\ccy0OLmH.s 			page 123


 5304 0fec 28000000 		.word	40
 5305 0ff0 20000000 		.word	32
 5306 0ff4 18000000 		.word	24
 5307 0ff8 10000000 		.word	16
 5308 0ffc 08000000 		.word	8
 5309              		.global	Saw_LUT
 5310              		.section	.rodata.Saw_LUT,"a"
 5311              		.align	2
 5314              	Saw_LUT:
 5315 0000 00000000 		.word	0
 5316 0004 04000000 		.word	4
 5317 0008 08000000 		.word	8
 5318 000c 0C000000 		.word	12
 5319 0010 10000000 		.word	16
 5320 0014 14000000 		.word	20
 5321 0018 18000000 		.word	24
 5322 001c 1C000000 		.word	28
 5323 0020 20000000 		.word	32
 5324 0024 24000000 		.word	36
 5325 0028 28000000 		.word	40
 5326 002c 2C000000 		.word	44
 5327 0030 30000000 		.word	48
 5328 0034 34000000 		.word	52
 5329 0038 38000000 		.word	56
 5330 003c 3C000000 		.word	60
 5331 0040 40000000 		.word	64
 5332 0044 44000000 		.word	68
 5333 0048 48000000 		.word	72
 5334 004c 4C000000 		.word	76
 5335 0050 50000000 		.word	80
 5336 0054 54000000 		.word	84
 5337 0058 58000000 		.word	88
 5338 005c 5C000000 		.word	92
 5339 0060 60000000 		.word	96
 5340 0064 64000000 		.word	100
 5341 0068 68000000 		.word	104
 5342 006c 6C000000 		.word	108
 5343 0070 70000000 		.word	112
 5344 0074 74000000 		.word	116
 5345 0078 78000000 		.word	120
 5346 007c 7C000000 		.word	124
 5347 0080 80000000 		.word	128
 5348 0084 84000000 		.word	132
 5349 0088 88000000 		.word	136
 5350 008c 8C000000 		.word	140
 5351 0090 90000000 		.word	144
 5352 0094 94000000 		.word	148
 5353 0098 98000000 		.word	152
 5354 009c 9C000000 		.word	156
 5355 00a0 A0000000 		.word	160
 5356 00a4 A4000000 		.word	164
 5357 00a8 A8000000 		.word	168
 5358 00ac AC000000 		.word	172
 5359 00b0 B0000000 		.word	176
 5360 00b4 B4000000 		.word	180
 5361 00b8 B8000000 		.word	184
 5362 00bc BC000000 		.word	188
ARM GAS  C:\Users\techn\AppData\Local\Temp\ccy0OLmH.s 			page 124


 5363 00c0 C0000000 		.word	192
 5364 00c4 C4000000 		.word	196
 5365 00c8 C8000000 		.word	200
 5366 00cc CC000000 		.word	204
 5367 00d0 D0000000 		.word	208
 5368 00d4 D4000000 		.word	212
 5369 00d8 D8000000 		.word	216
 5370 00dc DC000000 		.word	220
 5371 00e0 E0000000 		.word	224
 5372 00e4 E4000000 		.word	228
 5373 00e8 E8000000 		.word	232
 5374 00ec EC000000 		.word	236
 5375 00f0 F0000000 		.word	240
 5376 00f4 F4000000 		.word	244
 5377 00f8 F8000000 		.word	248
 5378 00fc FC000000 		.word	252
 5379 0100 00010000 		.word	256
 5380 0104 04010000 		.word	260
 5381 0108 08010000 		.word	264
 5382 010c 0C010000 		.word	268
 5383 0110 10010000 		.word	272
 5384 0114 14010000 		.word	276
 5385 0118 18010000 		.word	280
 5386 011c 1C010000 		.word	284
 5387 0120 20010000 		.word	288
 5388 0124 24010000 		.word	292
 5389 0128 28010000 		.word	296
 5390 012c 2C010000 		.word	300
 5391 0130 30010000 		.word	304
 5392 0134 34010000 		.word	308
 5393 0138 38010000 		.word	312
 5394 013c 3C010000 		.word	316
 5395 0140 40010000 		.word	320
 5396 0144 44010000 		.word	324
 5397 0148 48010000 		.word	328
 5398 014c 4C010000 		.word	332
 5399 0150 50010000 		.word	336
 5400 0154 54010000 		.word	340
 5401 0158 58010000 		.word	344
 5402 015c 5C010000 		.word	348
 5403 0160 60010000 		.word	352
 5404 0164 64010000 		.word	356
 5405 0168 68010000 		.word	360
 5406 016c 6C010000 		.word	364
 5407 0170 70010000 		.word	368
 5408 0174 74010000 		.word	372
 5409 0178 78010000 		.word	376
 5410 017c 7C010000 		.word	380
 5411 0180 80010000 		.word	384
 5412 0184 84010000 		.word	388
 5413 0188 88010000 		.word	392
 5414 018c 8C010000 		.word	396
 5415 0190 90010000 		.word	400
 5416 0194 94010000 		.word	404
 5417 0198 98010000 		.word	408
 5418 019c 9C010000 		.word	412
 5419 01a0 A0010000 		.word	416
ARM GAS  C:\Users\techn\AppData\Local\Temp\ccy0OLmH.s 			page 125


 5420 01a4 A4010000 		.word	420
 5421 01a8 A8010000 		.word	424
 5422 01ac AC010000 		.word	428
 5423 01b0 B0010000 		.word	432
 5424 01b4 B4010000 		.word	436
 5425 01b8 B8010000 		.word	440
 5426 01bc BC010000 		.word	444
 5427 01c0 C0010000 		.word	448
 5428 01c4 C4010000 		.word	452
 5429 01c8 C8010000 		.word	456
 5430 01cc CC010000 		.word	460
 5431 01d0 D0010000 		.word	464
 5432 01d4 D4010000 		.word	468
 5433 01d8 D8010000 		.word	472
 5434 01dc DC010000 		.word	476
 5435 01e0 E0010000 		.word	480
 5436 01e4 E4010000 		.word	484
 5437 01e8 E8010000 		.word	488
 5438 01ec EC010000 		.word	492
 5439 01f0 F0010000 		.word	496
 5440 01f4 F4010000 		.word	500
 5441 01f8 F8010000 		.word	504
 5442 01fc FC010000 		.word	508
 5443 0200 00020000 		.word	512
 5444 0204 04020000 		.word	516
 5445 0208 08020000 		.word	520
 5446 020c 0C020000 		.word	524
 5447 0210 10020000 		.word	528
 5448 0214 14020000 		.word	532
 5449 0218 18020000 		.word	536
 5450 021c 1C020000 		.word	540
 5451 0220 20020000 		.word	544
 5452 0224 24020000 		.word	548
 5453 0228 28020000 		.word	552
 5454 022c 2C020000 		.word	556
 5455 0230 30020000 		.word	560
 5456 0234 34020000 		.word	564
 5457 0238 38020000 		.word	568
 5458 023c 3C020000 		.word	572
 5459 0240 40020000 		.word	576
 5460 0244 44020000 		.word	580
 5461 0248 48020000 		.word	584
 5462 024c 4C020000 		.word	588
 5463 0250 50020000 		.word	592
 5464 0254 54020000 		.word	596
 5465 0258 58020000 		.word	600
 5466 025c 5C020000 		.word	604
 5467 0260 60020000 		.word	608
 5468 0264 64020000 		.word	612
 5469 0268 68020000 		.word	616
 5470 026c 6C020000 		.word	620
 5471 0270 70020000 		.word	624
 5472 0274 74020000 		.word	628
 5473 0278 78020000 		.word	632
 5474 027c 7C020000 		.word	636
 5475 0280 80020000 		.word	640
 5476 0284 84020000 		.word	644
ARM GAS  C:\Users\techn\AppData\Local\Temp\ccy0OLmH.s 			page 126


 5477 0288 88020000 		.word	648
 5478 028c 8C020000 		.word	652
 5479 0290 90020000 		.word	656
 5480 0294 94020000 		.word	660
 5481 0298 98020000 		.word	664
 5482 029c 9C020000 		.word	668
 5483 02a0 A0020000 		.word	672
 5484 02a4 A4020000 		.word	676
 5485 02a8 A8020000 		.word	680
 5486 02ac AC020000 		.word	684
 5487 02b0 B0020000 		.word	688
 5488 02b4 B4020000 		.word	692
 5489 02b8 B8020000 		.word	696
 5490 02bc BC020000 		.word	700
 5491 02c0 C0020000 		.word	704
 5492 02c4 C4020000 		.word	708
 5493 02c8 C8020000 		.word	712
 5494 02cc CC020000 		.word	716
 5495 02d0 D0020000 		.word	720
 5496 02d4 D4020000 		.word	724
 5497 02d8 D8020000 		.word	728
 5498 02dc DC020000 		.word	732
 5499 02e0 E0020000 		.word	736
 5500 02e4 E4020000 		.word	740
 5501 02e8 E8020000 		.word	744
 5502 02ec EC020000 		.word	748
 5503 02f0 F0020000 		.word	752
 5504 02f4 F4020000 		.word	756
 5505 02f8 F8020000 		.word	760
 5506 02fc FC020000 		.word	764
 5507 0300 00030000 		.word	768
 5508 0304 04030000 		.word	772
 5509 0308 08030000 		.word	776
 5510 030c 0C030000 		.word	780
 5511 0310 10030000 		.word	784
 5512 0314 14030000 		.word	788
 5513 0318 18030000 		.word	792
 5514 031c 1C030000 		.word	796
 5515 0320 20030000 		.word	800
 5516 0324 24030000 		.word	804
 5517 0328 28030000 		.word	808
 5518 032c 2C030000 		.word	812
 5519 0330 30030000 		.word	816
 5520 0334 34030000 		.word	820
 5521 0338 38030000 		.word	824
 5522 033c 3C030000 		.word	828
 5523 0340 40030000 		.word	832
 5524 0344 44030000 		.word	836
 5525 0348 48030000 		.word	840
 5526 034c 4C030000 		.word	844
 5527 0350 50030000 		.word	848
 5528 0354 54030000 		.word	852
 5529 0358 58030000 		.word	856
 5530 035c 5C030000 		.word	860
 5531 0360 60030000 		.word	864
 5532 0364 64030000 		.word	868
 5533 0368 68030000 		.word	872
ARM GAS  C:\Users\techn\AppData\Local\Temp\ccy0OLmH.s 			page 127


 5534 036c 6C030000 		.word	876
 5535 0370 70030000 		.word	880
 5536 0374 74030000 		.word	884
 5537 0378 78030000 		.word	888
 5538 037c 7C030000 		.word	892
 5539 0380 80030000 		.word	896
 5540 0384 84030000 		.word	900
 5541 0388 88030000 		.word	904
 5542 038c 8C030000 		.word	908
 5543 0390 90030000 		.word	912
 5544 0394 94030000 		.word	916
 5545 0398 98030000 		.word	920
 5546 039c 9C030000 		.word	924
 5547 03a0 A0030000 		.word	928
 5548 03a4 A4030000 		.word	932
 5549 03a8 A8030000 		.word	936
 5550 03ac AC030000 		.word	940
 5551 03b0 B0030000 		.word	944
 5552 03b4 B4030000 		.word	948
 5553 03b8 B8030000 		.word	952
 5554 03bc BC030000 		.word	956
 5555 03c0 C0030000 		.word	960
 5556 03c4 C4030000 		.word	964
 5557 03c8 C8030000 		.word	968
 5558 03cc CC030000 		.word	972
 5559 03d0 D0030000 		.word	976
 5560 03d4 D4030000 		.word	980
 5561 03d8 D8030000 		.word	984
 5562 03dc DC030000 		.word	988
 5563 03e0 E0030000 		.word	992
 5564 03e4 E4030000 		.word	996
 5565 03e8 E8030000 		.word	1000
 5566 03ec EC030000 		.word	1004
 5567 03f0 F0030000 		.word	1008
 5568 03f4 F4030000 		.word	1012
 5569 03f8 F8030000 		.word	1016
 5570 03fc FC030000 		.word	1020
 5571 0400 00040000 		.word	1024
 5572 0404 04040000 		.word	1028
 5573 0408 08040000 		.word	1032
 5574 040c 0C040000 		.word	1036
 5575 0410 10040000 		.word	1040
 5576 0414 14040000 		.word	1044
 5577 0418 18040000 		.word	1048
 5578 041c 1C040000 		.word	1052
 5579 0420 20040000 		.word	1056
 5580 0424 24040000 		.word	1060
 5581 0428 28040000 		.word	1064
 5582 042c 2C040000 		.word	1068
 5583 0430 30040000 		.word	1072
 5584 0434 34040000 		.word	1076
 5585 0438 38040000 		.word	1080
 5586 043c 3C040000 		.word	1084
 5587 0440 40040000 		.word	1088
 5588 0444 44040000 		.word	1092
 5589 0448 48040000 		.word	1096
 5590 044c 4C040000 		.word	1100
ARM GAS  C:\Users\techn\AppData\Local\Temp\ccy0OLmH.s 			page 128


 5591 0450 50040000 		.word	1104
 5592 0454 54040000 		.word	1108
 5593 0458 58040000 		.word	1112
 5594 045c 5C040000 		.word	1116
 5595 0460 60040000 		.word	1120
 5596 0464 64040000 		.word	1124
 5597 0468 68040000 		.word	1128
 5598 046c 6C040000 		.word	1132
 5599 0470 70040000 		.word	1136
 5600 0474 74040000 		.word	1140
 5601 0478 78040000 		.word	1144
 5602 047c 7C040000 		.word	1148
 5603 0480 80040000 		.word	1152
 5604 0484 84040000 		.word	1156
 5605 0488 88040000 		.word	1160
 5606 048c 8C040000 		.word	1164
 5607 0490 90040000 		.word	1168
 5608 0494 94040000 		.word	1172
 5609 0498 98040000 		.word	1176
 5610 049c 9C040000 		.word	1180
 5611 04a0 A0040000 		.word	1184
 5612 04a4 A4040000 		.word	1188
 5613 04a8 A8040000 		.word	1192
 5614 04ac AC040000 		.word	1196
 5615 04b0 B0040000 		.word	1200
 5616 04b4 B4040000 		.word	1204
 5617 04b8 B8040000 		.word	1208
 5618 04bc BC040000 		.word	1212
 5619 04c0 C0040000 		.word	1216
 5620 04c4 C4040000 		.word	1220
 5621 04c8 C8040000 		.word	1224
 5622 04cc CC040000 		.word	1228
 5623 04d0 D0040000 		.word	1232
 5624 04d4 D4040000 		.word	1236
 5625 04d8 D8040000 		.word	1240
 5626 04dc DC040000 		.word	1244
 5627 04e0 E0040000 		.word	1248
 5628 04e4 E4040000 		.word	1252
 5629 04e8 E8040000 		.word	1256
 5630 04ec EC040000 		.word	1260
 5631 04f0 F0040000 		.word	1264
 5632 04f4 F4040000 		.word	1268
 5633 04f8 F8040000 		.word	1272
 5634 04fc FC040000 		.word	1276
 5635 0500 00050000 		.word	1280
 5636 0504 04050000 		.word	1284
 5637 0508 08050000 		.word	1288
 5638 050c 0C050000 		.word	1292
 5639 0510 10050000 		.word	1296
 5640 0514 14050000 		.word	1300
 5641 0518 18050000 		.word	1304
 5642 051c 1C050000 		.word	1308
 5643 0520 20050000 		.word	1312
 5644 0524 24050000 		.word	1316
 5645 0528 28050000 		.word	1320
 5646 052c 2C050000 		.word	1324
 5647 0530 30050000 		.word	1328
ARM GAS  C:\Users\techn\AppData\Local\Temp\ccy0OLmH.s 			page 129


 5648 0534 34050000 		.word	1332
 5649 0538 38050000 		.word	1336
 5650 053c 3C050000 		.word	1340
 5651 0540 40050000 		.word	1344
 5652 0544 44050000 		.word	1348
 5653 0548 48050000 		.word	1352
 5654 054c 4C050000 		.word	1356
 5655 0550 50050000 		.word	1360
 5656 0554 54050000 		.word	1364
 5657 0558 58050000 		.word	1368
 5658 055c 5C050000 		.word	1372
 5659 0560 60050000 		.word	1376
 5660 0564 64050000 		.word	1380
 5661 0568 68050000 		.word	1384
 5662 056c 6C050000 		.word	1388
 5663 0570 70050000 		.word	1392
 5664 0574 74050000 		.word	1396
 5665 0578 78050000 		.word	1400
 5666 057c 7C050000 		.word	1404
 5667 0580 80050000 		.word	1408
 5668 0584 84050000 		.word	1412
 5669 0588 88050000 		.word	1416
 5670 058c 8C050000 		.word	1420
 5671 0590 90050000 		.word	1424
 5672 0594 94050000 		.word	1428
 5673 0598 98050000 		.word	1432
 5674 059c 9C050000 		.word	1436
 5675 05a0 A0050000 		.word	1440
 5676 05a4 A4050000 		.word	1444
 5677 05a8 A8050000 		.word	1448
 5678 05ac AC050000 		.word	1452
 5679 05b0 B0050000 		.word	1456
 5680 05b4 B4050000 		.word	1460
 5681 05b8 B8050000 		.word	1464
 5682 05bc BC050000 		.word	1468
 5683 05c0 C0050000 		.word	1472
 5684 05c4 C4050000 		.word	1476
 5685 05c8 C8050000 		.word	1480
 5686 05cc CC050000 		.word	1484
 5687 05d0 D0050000 		.word	1488
 5688 05d4 D4050000 		.word	1492
 5689 05d8 D8050000 		.word	1496
 5690 05dc DC050000 		.word	1500
 5691 05e0 E0050000 		.word	1504
 5692 05e4 E4050000 		.word	1508
 5693 05e8 E8050000 		.word	1512
 5694 05ec EC050000 		.word	1516
 5695 05f0 F0050000 		.word	1520
 5696 05f4 F4050000 		.word	1524
 5697 05f8 F8050000 		.word	1528
 5698 05fc FC050000 		.word	1532
 5699 0600 00060000 		.word	1536
 5700 0604 04060000 		.word	1540
 5701 0608 08060000 		.word	1544
 5702 060c 0C060000 		.word	1548
 5703 0610 10060000 		.word	1552
 5704 0614 14060000 		.word	1556
ARM GAS  C:\Users\techn\AppData\Local\Temp\ccy0OLmH.s 			page 130


 5705 0618 18060000 		.word	1560
 5706 061c 1C060000 		.word	1564
 5707 0620 20060000 		.word	1568
 5708 0624 24060000 		.word	1572
 5709 0628 28060000 		.word	1576
 5710 062c 2C060000 		.word	1580
 5711 0630 30060000 		.word	1584
 5712 0634 34060000 		.word	1588
 5713 0638 38060000 		.word	1592
 5714 063c 3C060000 		.word	1596
 5715 0640 40060000 		.word	1600
 5716 0644 44060000 		.word	1604
 5717 0648 48060000 		.word	1608
 5718 064c 4C060000 		.word	1612
 5719 0650 50060000 		.word	1616
 5720 0654 54060000 		.word	1620
 5721 0658 58060000 		.word	1624
 5722 065c 5C060000 		.word	1628
 5723 0660 60060000 		.word	1632
 5724 0664 64060000 		.word	1636
 5725 0668 68060000 		.word	1640
 5726 066c 6C060000 		.word	1644
 5727 0670 70060000 		.word	1648
 5728 0674 74060000 		.word	1652
 5729 0678 78060000 		.word	1656
 5730 067c 7C060000 		.word	1660
 5731 0680 80060000 		.word	1664
 5732 0684 84060000 		.word	1668
 5733 0688 88060000 		.word	1672
 5734 068c 8C060000 		.word	1676
 5735 0690 90060000 		.word	1680
 5736 0694 94060000 		.word	1684
 5737 0698 98060000 		.word	1688
 5738 069c 9C060000 		.word	1692
 5739 06a0 A0060000 		.word	1696
 5740 06a4 A4060000 		.word	1700
 5741 06a8 A8060000 		.word	1704
 5742 06ac AC060000 		.word	1708
 5743 06b0 B0060000 		.word	1712
 5744 06b4 B4060000 		.word	1716
 5745 06b8 B8060000 		.word	1720
 5746 06bc BC060000 		.word	1724
 5747 06c0 C0060000 		.word	1728
 5748 06c4 C4060000 		.word	1732
 5749 06c8 C8060000 		.word	1736
 5750 06cc CC060000 		.word	1740
 5751 06d0 D0060000 		.word	1744
 5752 06d4 D4060000 		.word	1748
 5753 06d8 D8060000 		.word	1752
 5754 06dc DC060000 		.word	1756
 5755 06e0 E0060000 		.word	1760
 5756 06e4 E4060000 		.word	1764
 5757 06e8 E8060000 		.word	1768
 5758 06ec EC060000 		.word	1772
 5759 06f0 F0060000 		.word	1776
 5760 06f4 F4060000 		.word	1780
 5761 06f8 F8060000 		.word	1784
ARM GAS  C:\Users\techn\AppData\Local\Temp\ccy0OLmH.s 			page 131


 5762 06fc FC060000 		.word	1788
 5763 0700 00070000 		.word	1792
 5764 0704 04070000 		.word	1796
 5765 0708 08070000 		.word	1800
 5766 070c 0C070000 		.word	1804
 5767 0710 10070000 		.word	1808
 5768 0714 14070000 		.word	1812
 5769 0718 18070000 		.word	1816
 5770 071c 1C070000 		.word	1820
 5771 0720 20070000 		.word	1824
 5772 0724 24070000 		.word	1828
 5773 0728 28070000 		.word	1832
 5774 072c 2C070000 		.word	1836
 5775 0730 30070000 		.word	1840
 5776 0734 34070000 		.word	1844
 5777 0738 38070000 		.word	1848
 5778 073c 3C070000 		.word	1852
 5779 0740 40070000 		.word	1856
 5780 0744 44070000 		.word	1860
 5781 0748 48070000 		.word	1864
 5782 074c 4C070000 		.word	1868
 5783 0750 50070000 		.word	1872
 5784 0754 54070000 		.word	1876
 5785 0758 58070000 		.word	1880
 5786 075c 5C070000 		.word	1884
 5787 0760 60070000 		.word	1888
 5788 0764 64070000 		.word	1892
 5789 0768 68070000 		.word	1896
 5790 076c 6C070000 		.word	1900
 5791 0770 70070000 		.word	1904
 5792 0774 74070000 		.word	1908
 5793 0778 78070000 		.word	1912
 5794 077c 7C070000 		.word	1916
 5795 0780 80070000 		.word	1920
 5796 0784 84070000 		.word	1924
 5797 0788 88070000 		.word	1928
 5798 078c 8C070000 		.word	1932
 5799 0790 90070000 		.word	1936
 5800 0794 94070000 		.word	1940
 5801 0798 98070000 		.word	1944
 5802 079c 9C070000 		.word	1948
 5803 07a0 A0070000 		.word	1952
 5804 07a4 A4070000 		.word	1956
 5805 07a8 A8070000 		.word	1960
 5806 07ac AC070000 		.word	1964
 5807 07b0 B0070000 		.word	1968
 5808 07b4 B4070000 		.word	1972
 5809 07b8 B8070000 		.word	1976
 5810 07bc BC070000 		.word	1980
 5811 07c0 C0070000 		.word	1984
 5812 07c4 C4070000 		.word	1988
 5813 07c8 C8070000 		.word	1992
 5814 07cc CC070000 		.word	1996
 5815 07d0 D0070000 		.word	2000
 5816 07d4 D4070000 		.word	2004
 5817 07d8 D8070000 		.word	2008
 5818 07dc DC070000 		.word	2012
ARM GAS  C:\Users\techn\AppData\Local\Temp\ccy0OLmH.s 			page 132


 5819 07e0 E0070000 		.word	2016
 5820 07e4 E4070000 		.word	2020
 5821 07e8 E8070000 		.word	2024
 5822 07ec EC070000 		.word	2028
 5823 07f0 F0070000 		.word	2032
 5824 07f4 F4070000 		.word	2036
 5825 07f8 F8070000 		.word	2040
 5826 07fc FC070000 		.word	2044
 5827 0800 00080000 		.word	2048
 5828 0804 03080000 		.word	2051
 5829 0808 07080000 		.word	2055
 5830 080c 0B080000 		.word	2059
 5831 0810 0F080000 		.word	2063
 5832 0814 13080000 		.word	2067
 5833 0818 17080000 		.word	2071
 5834 081c 1B080000 		.word	2075
 5835 0820 1F080000 		.word	2079
 5836 0824 23080000 		.word	2083
 5837 0828 27080000 		.word	2087
 5838 082c 2B080000 		.word	2091
 5839 0830 2F080000 		.word	2095
 5840 0834 33080000 		.word	2099
 5841 0838 37080000 		.word	2103
 5842 083c 3B080000 		.word	2107
 5843 0840 3F080000 		.word	2111
 5844 0844 43080000 		.word	2115
 5845 0848 47080000 		.word	2119
 5846 084c 4B080000 		.word	2123
 5847 0850 4F080000 		.word	2127
 5848 0854 53080000 		.word	2131
 5849 0858 57080000 		.word	2135
 5850 085c 5B080000 		.word	2139
 5851 0860 5F080000 		.word	2143
 5852 0864 63080000 		.word	2147
 5853 0868 67080000 		.word	2151
 5854 086c 6B080000 		.word	2155
 5855 0870 6F080000 		.word	2159
 5856 0874 73080000 		.word	2163
 5857 0878 77080000 		.word	2167
 5858 087c 7B080000 		.word	2171
 5859 0880 7F080000 		.word	2175
 5860 0884 83080000 		.word	2179
 5861 0888 87080000 		.word	2183
 5862 088c 8B080000 		.word	2187
 5863 0890 8F080000 		.word	2191
 5864 0894 93080000 		.word	2195
 5865 0898 97080000 		.word	2199
 5866 089c 9B080000 		.word	2203
 5867 08a0 9F080000 		.word	2207
 5868 08a4 A3080000 		.word	2211
 5869 08a8 A7080000 		.word	2215
 5870 08ac AB080000 		.word	2219
 5871 08b0 AF080000 		.word	2223
 5872 08b4 B3080000 		.word	2227
 5873 08b8 B7080000 		.word	2231
 5874 08bc BB080000 		.word	2235
 5875 08c0 BF080000 		.word	2239
ARM GAS  C:\Users\techn\AppData\Local\Temp\ccy0OLmH.s 			page 133


 5876 08c4 C3080000 		.word	2243
 5877 08c8 C7080000 		.word	2247
 5878 08cc CB080000 		.word	2251
 5879 08d0 CF080000 		.word	2255
 5880 08d4 D3080000 		.word	2259
 5881 08d8 D7080000 		.word	2263
 5882 08dc DB080000 		.word	2267
 5883 08e0 DF080000 		.word	2271
 5884 08e4 E3080000 		.word	2275
 5885 08e8 E7080000 		.word	2279
 5886 08ec EB080000 		.word	2283
 5887 08f0 EF080000 		.word	2287
 5888 08f4 F3080000 		.word	2291
 5889 08f8 F7080000 		.word	2295
 5890 08fc FB080000 		.word	2299
 5891 0900 FF080000 		.word	2303
 5892 0904 03090000 		.word	2307
 5893 0908 07090000 		.word	2311
 5894 090c 0B090000 		.word	2315
 5895 0910 0F090000 		.word	2319
 5896 0914 13090000 		.word	2323
 5897 0918 17090000 		.word	2327
 5898 091c 1B090000 		.word	2331
 5899 0920 1F090000 		.word	2335
 5900 0924 23090000 		.word	2339
 5901 0928 27090000 		.word	2343
 5902 092c 2B090000 		.word	2347
 5903 0930 2F090000 		.word	2351
 5904 0934 33090000 		.word	2355
 5905 0938 37090000 		.word	2359
 5906 093c 3B090000 		.word	2363
 5907 0940 3F090000 		.word	2367
 5908 0944 43090000 		.word	2371
 5909 0948 47090000 		.word	2375
 5910 094c 4B090000 		.word	2379
 5911 0950 4F090000 		.word	2383
 5912 0954 53090000 		.word	2387
 5913 0958 57090000 		.word	2391
 5914 095c 5B090000 		.word	2395
 5915 0960 5F090000 		.word	2399
 5916 0964 63090000 		.word	2403
 5917 0968 67090000 		.word	2407
 5918 096c 6B090000 		.word	2411
 5919 0970 6F090000 		.word	2415
 5920 0974 73090000 		.word	2419
 5921 0978 77090000 		.word	2423
 5922 097c 7B090000 		.word	2427
 5923 0980 7F090000 		.word	2431
 5924 0984 83090000 		.word	2435
 5925 0988 87090000 		.word	2439
 5926 098c 8B090000 		.word	2443
 5927 0990 8F090000 		.word	2447
 5928 0994 93090000 		.word	2451
 5929 0998 97090000 		.word	2455
 5930 099c 9B090000 		.word	2459
 5931 09a0 9F090000 		.word	2463
 5932 09a4 A3090000 		.word	2467
ARM GAS  C:\Users\techn\AppData\Local\Temp\ccy0OLmH.s 			page 134


 5933 09a8 A7090000 		.word	2471
 5934 09ac AB090000 		.word	2475
 5935 09b0 AF090000 		.word	2479
 5936 09b4 B3090000 		.word	2483
 5937 09b8 B7090000 		.word	2487
 5938 09bc BB090000 		.word	2491
 5939 09c0 BF090000 		.word	2495
 5940 09c4 C3090000 		.word	2499
 5941 09c8 C7090000 		.word	2503
 5942 09cc CB090000 		.word	2507
 5943 09d0 CF090000 		.word	2511
 5944 09d4 D3090000 		.word	2515
 5945 09d8 D7090000 		.word	2519
 5946 09dc DB090000 		.word	2523
 5947 09e0 DF090000 		.word	2527
 5948 09e4 E3090000 		.word	2531
 5949 09e8 E7090000 		.word	2535
 5950 09ec EB090000 		.word	2539
 5951 09f0 EF090000 		.word	2543
 5952 09f4 F3090000 		.word	2547
 5953 09f8 F7090000 		.word	2551
 5954 09fc FB090000 		.word	2555
 5955 0a00 FF090000 		.word	2559
 5956 0a04 030A0000 		.word	2563
 5957 0a08 070A0000 		.word	2567
 5958 0a0c 0B0A0000 		.word	2571
 5959 0a10 0F0A0000 		.word	2575
 5960 0a14 130A0000 		.word	2579
 5961 0a18 170A0000 		.word	2583
 5962 0a1c 1B0A0000 		.word	2587
 5963 0a20 1F0A0000 		.word	2591
 5964 0a24 230A0000 		.word	2595
 5965 0a28 270A0000 		.word	2599
 5966 0a2c 2B0A0000 		.word	2603
 5967 0a30 2F0A0000 		.word	2607
 5968 0a34 330A0000 		.word	2611
 5969 0a38 370A0000 		.word	2615
 5970 0a3c 3B0A0000 		.word	2619
 5971 0a40 3F0A0000 		.word	2623
 5972 0a44 430A0000 		.word	2627
 5973 0a48 470A0000 		.word	2631
 5974 0a4c 4B0A0000 		.word	2635
 5975 0a50 4F0A0000 		.word	2639
 5976 0a54 530A0000 		.word	2643
 5977 0a58 570A0000 		.word	2647
 5978 0a5c 5B0A0000 		.word	2651
 5979 0a60 5F0A0000 		.word	2655
 5980 0a64 630A0000 		.word	2659
 5981 0a68 670A0000 		.word	2663
 5982 0a6c 6B0A0000 		.word	2667
 5983 0a70 6F0A0000 		.word	2671
 5984 0a74 730A0000 		.word	2675
 5985 0a78 770A0000 		.word	2679
 5986 0a7c 7B0A0000 		.word	2683
 5987 0a80 7F0A0000 		.word	2687
 5988 0a84 830A0000 		.word	2691
 5989 0a88 870A0000 		.word	2695
ARM GAS  C:\Users\techn\AppData\Local\Temp\ccy0OLmH.s 			page 135


 5990 0a8c 8B0A0000 		.word	2699
 5991 0a90 8F0A0000 		.word	2703
 5992 0a94 930A0000 		.word	2707
 5993 0a98 970A0000 		.word	2711
 5994 0a9c 9B0A0000 		.word	2715
 5995 0aa0 9F0A0000 		.word	2719
 5996 0aa4 A30A0000 		.word	2723
 5997 0aa8 A70A0000 		.word	2727
 5998 0aac AB0A0000 		.word	2731
 5999 0ab0 AF0A0000 		.word	2735
 6000 0ab4 B30A0000 		.word	2739
 6001 0ab8 B70A0000 		.word	2743
 6002 0abc BB0A0000 		.word	2747
 6003 0ac0 BF0A0000 		.word	2751
 6004 0ac4 C30A0000 		.word	2755
 6005 0ac8 C70A0000 		.word	2759
 6006 0acc CB0A0000 		.word	2763
 6007 0ad0 CF0A0000 		.word	2767
 6008 0ad4 D30A0000 		.word	2771
 6009 0ad8 D70A0000 		.word	2775
 6010 0adc DB0A0000 		.word	2779
 6011 0ae0 DF0A0000 		.word	2783
 6012 0ae4 E30A0000 		.word	2787
 6013 0ae8 E70A0000 		.word	2791
 6014 0aec EB0A0000 		.word	2795
 6015 0af0 EF0A0000 		.word	2799
 6016 0af4 F30A0000 		.word	2803
 6017 0af8 F70A0000 		.word	2807
 6018 0afc FB0A0000 		.word	2811
 6019 0b00 FF0A0000 		.word	2815
 6020 0b04 030B0000 		.word	2819
 6021 0b08 070B0000 		.word	2823
 6022 0b0c 0B0B0000 		.word	2827
 6023 0b10 0F0B0000 		.word	2831
 6024 0b14 130B0000 		.word	2835
 6025 0b18 170B0000 		.word	2839
 6026 0b1c 1B0B0000 		.word	2843
 6027 0b20 1F0B0000 		.word	2847
 6028 0b24 230B0000 		.word	2851
 6029 0b28 270B0000 		.word	2855
 6030 0b2c 2B0B0000 		.word	2859
 6031 0b30 2F0B0000 		.word	2863
 6032 0b34 330B0000 		.word	2867
 6033 0b38 370B0000 		.word	2871
 6034 0b3c 3B0B0000 		.word	2875
 6035 0b40 3F0B0000 		.word	2879
 6036 0b44 430B0000 		.word	2883
 6037 0b48 470B0000 		.word	2887
 6038 0b4c 4B0B0000 		.word	2891
 6039 0b50 4F0B0000 		.word	2895
 6040 0b54 530B0000 		.word	2899
 6041 0b58 570B0000 		.word	2903
 6042 0b5c 5B0B0000 		.word	2907
 6043 0b60 5F0B0000 		.word	2911
 6044 0b64 630B0000 		.word	2915
 6045 0b68 670B0000 		.word	2919
 6046 0b6c 6B0B0000 		.word	2923
ARM GAS  C:\Users\techn\AppData\Local\Temp\ccy0OLmH.s 			page 136


 6047 0b70 6F0B0000 		.word	2927
 6048 0b74 730B0000 		.word	2931
 6049 0b78 770B0000 		.word	2935
 6050 0b7c 7B0B0000 		.word	2939
 6051 0b80 7F0B0000 		.word	2943
 6052 0b84 830B0000 		.word	2947
 6053 0b88 870B0000 		.word	2951
 6054 0b8c 8B0B0000 		.word	2955
 6055 0b90 8F0B0000 		.word	2959
 6056 0b94 930B0000 		.word	2963
 6057 0b98 970B0000 		.word	2967
 6058 0b9c 9B0B0000 		.word	2971
 6059 0ba0 9F0B0000 		.word	2975
 6060 0ba4 A30B0000 		.word	2979
 6061 0ba8 A70B0000 		.word	2983
 6062 0bac AB0B0000 		.word	2987
 6063 0bb0 AF0B0000 		.word	2991
 6064 0bb4 B30B0000 		.word	2995
 6065 0bb8 B70B0000 		.word	2999
 6066 0bbc BB0B0000 		.word	3003
 6067 0bc0 BF0B0000 		.word	3007
 6068 0bc4 C30B0000 		.word	3011
 6069 0bc8 C70B0000 		.word	3015
 6070 0bcc CB0B0000 		.word	3019
 6071 0bd0 CF0B0000 		.word	3023
 6072 0bd4 D30B0000 		.word	3027
 6073 0bd8 D70B0000 		.word	3031
 6074 0bdc DB0B0000 		.word	3035
 6075 0be0 DF0B0000 		.word	3039
 6076 0be4 E30B0000 		.word	3043
 6077 0be8 E70B0000 		.word	3047
 6078 0bec EB0B0000 		.word	3051
 6079 0bf0 EF0B0000 		.word	3055
 6080 0bf4 F30B0000 		.word	3059
 6081 0bf8 F70B0000 		.word	3063
 6082 0bfc FB0B0000 		.word	3067
 6083 0c00 FF0B0000 		.word	3071
 6084 0c04 030C0000 		.word	3075
 6085 0c08 070C0000 		.word	3079
 6086 0c0c 0B0C0000 		.word	3083
 6087 0c10 0F0C0000 		.word	3087
 6088 0c14 130C0000 		.word	3091
 6089 0c18 170C0000 		.word	3095
 6090 0c1c 1B0C0000 		.word	3099
 6091 0c20 1F0C0000 		.word	3103
 6092 0c24 230C0000 		.word	3107
 6093 0c28 270C0000 		.word	3111
 6094 0c2c 2B0C0000 		.word	3115
 6095 0c30 2F0C0000 		.word	3119
 6096 0c34 330C0000 		.word	3123
 6097 0c38 370C0000 		.word	3127
 6098 0c3c 3B0C0000 		.word	3131
 6099 0c40 3F0C0000 		.word	3135
 6100 0c44 430C0000 		.word	3139
 6101 0c48 470C0000 		.word	3143
 6102 0c4c 4B0C0000 		.word	3147
 6103 0c50 4F0C0000 		.word	3151
ARM GAS  C:\Users\techn\AppData\Local\Temp\ccy0OLmH.s 			page 137


 6104 0c54 530C0000 		.word	3155
 6105 0c58 570C0000 		.word	3159
 6106 0c5c 5B0C0000 		.word	3163
 6107 0c60 5F0C0000 		.word	3167
 6108 0c64 630C0000 		.word	3171
 6109 0c68 670C0000 		.word	3175
 6110 0c6c 6B0C0000 		.word	3179
 6111 0c70 6F0C0000 		.word	3183
 6112 0c74 730C0000 		.word	3187
 6113 0c78 770C0000 		.word	3191
 6114 0c7c 7B0C0000 		.word	3195
 6115 0c80 7F0C0000 		.word	3199
 6116 0c84 830C0000 		.word	3203
 6117 0c88 870C0000 		.word	3207
 6118 0c8c 8B0C0000 		.word	3211
 6119 0c90 8F0C0000 		.word	3215
 6120 0c94 930C0000 		.word	3219
 6121 0c98 970C0000 		.word	3223
 6122 0c9c 9B0C0000 		.word	3227
 6123 0ca0 9F0C0000 		.word	3231
 6124 0ca4 A30C0000 		.word	3235
 6125 0ca8 A70C0000 		.word	3239
 6126 0cac AB0C0000 		.word	3243
 6127 0cb0 AF0C0000 		.word	3247
 6128 0cb4 B30C0000 		.word	3251
 6129 0cb8 B70C0000 		.word	3255
 6130 0cbc BB0C0000 		.word	3259
 6131 0cc0 BF0C0000 		.word	3263
 6132 0cc4 C30C0000 		.word	3267
 6133 0cc8 C70C0000 		.word	3271
 6134 0ccc CB0C0000 		.word	3275
 6135 0cd0 CF0C0000 		.word	3279
 6136 0cd4 D30C0000 		.word	3283
 6137 0cd8 D70C0000 		.word	3287
 6138 0cdc DB0C0000 		.word	3291
 6139 0ce0 DF0C0000 		.word	3295
 6140 0ce4 E30C0000 		.word	3299
 6141 0ce8 E70C0000 		.word	3303
 6142 0cec EB0C0000 		.word	3307
 6143 0cf0 EF0C0000 		.word	3311
 6144 0cf4 F30C0000 		.word	3315
 6145 0cf8 F70C0000 		.word	3319
 6146 0cfc FB0C0000 		.word	3323
 6147 0d00 FF0C0000 		.word	3327
 6148 0d04 030D0000 		.word	3331
 6149 0d08 070D0000 		.word	3335
 6150 0d0c 0B0D0000 		.word	3339
 6151 0d10 0F0D0000 		.word	3343
 6152 0d14 130D0000 		.word	3347
 6153 0d18 170D0000 		.word	3351
 6154 0d1c 1B0D0000 		.word	3355
 6155 0d20 1F0D0000 		.word	3359
 6156 0d24 230D0000 		.word	3363
 6157 0d28 270D0000 		.word	3367
 6158 0d2c 2B0D0000 		.word	3371
 6159 0d30 2F0D0000 		.word	3375
 6160 0d34 330D0000 		.word	3379
ARM GAS  C:\Users\techn\AppData\Local\Temp\ccy0OLmH.s 			page 138


 6161 0d38 370D0000 		.word	3383
 6162 0d3c 3B0D0000 		.word	3387
 6163 0d40 3F0D0000 		.word	3391
 6164 0d44 430D0000 		.word	3395
 6165 0d48 470D0000 		.word	3399
 6166 0d4c 4B0D0000 		.word	3403
 6167 0d50 4F0D0000 		.word	3407
 6168 0d54 530D0000 		.word	3411
 6169 0d58 570D0000 		.word	3415
 6170 0d5c 5B0D0000 		.word	3419
 6171 0d60 5F0D0000 		.word	3423
 6172 0d64 630D0000 		.word	3427
 6173 0d68 670D0000 		.word	3431
 6174 0d6c 6B0D0000 		.word	3435
 6175 0d70 6F0D0000 		.word	3439
 6176 0d74 730D0000 		.word	3443
 6177 0d78 770D0000 		.word	3447
 6178 0d7c 7B0D0000 		.word	3451
 6179 0d80 7F0D0000 		.word	3455
 6180 0d84 830D0000 		.word	3459
 6181 0d88 870D0000 		.word	3463
 6182 0d8c 8B0D0000 		.word	3467
 6183 0d90 8F0D0000 		.word	3471
 6184 0d94 930D0000 		.word	3475
 6185 0d98 970D0000 		.word	3479
 6186 0d9c 9B0D0000 		.word	3483
 6187 0da0 9F0D0000 		.word	3487
 6188 0da4 A30D0000 		.word	3491
 6189 0da8 A70D0000 		.word	3495
 6190 0dac AB0D0000 		.word	3499
 6191 0db0 AF0D0000 		.word	3503
 6192 0db4 B30D0000 		.word	3507
 6193 0db8 B70D0000 		.word	3511
 6194 0dbc BB0D0000 		.word	3515
 6195 0dc0 BF0D0000 		.word	3519
 6196 0dc4 C30D0000 		.word	3523
 6197 0dc8 C70D0000 		.word	3527
 6198 0dcc CB0D0000 		.word	3531
 6199 0dd0 CF0D0000 		.word	3535
 6200 0dd4 D30D0000 		.word	3539
 6201 0dd8 D70D0000 		.word	3543
 6202 0ddc DB0D0000 		.word	3547
 6203 0de0 DF0D0000 		.word	3551
 6204 0de4 E30D0000 		.word	3555
 6205 0de8 E70D0000 		.word	3559
 6206 0dec EB0D0000 		.word	3563
 6207 0df0 EF0D0000 		.word	3567
 6208 0df4 F30D0000 		.word	3571
 6209 0df8 F70D0000 		.word	3575
 6210 0dfc FB0D0000 		.word	3579
 6211 0e00 FF0D0000 		.word	3583
 6212 0e04 030E0000 		.word	3587
 6213 0e08 070E0000 		.word	3591
 6214 0e0c 0B0E0000 		.word	3595
 6215 0e10 0F0E0000 		.word	3599
 6216 0e14 130E0000 		.word	3603
 6217 0e18 170E0000 		.word	3607
ARM GAS  C:\Users\techn\AppData\Local\Temp\ccy0OLmH.s 			page 139


 6218 0e1c 1B0E0000 		.word	3611
 6219 0e20 1F0E0000 		.word	3615
 6220 0e24 230E0000 		.word	3619
 6221 0e28 270E0000 		.word	3623
 6222 0e2c 2B0E0000 		.word	3627
 6223 0e30 2F0E0000 		.word	3631
 6224 0e34 330E0000 		.word	3635
 6225 0e38 370E0000 		.word	3639
 6226 0e3c 3B0E0000 		.word	3643
 6227 0e40 3F0E0000 		.word	3647
 6228 0e44 430E0000 		.word	3651
 6229 0e48 470E0000 		.word	3655
 6230 0e4c 4B0E0000 		.word	3659
 6231 0e50 4F0E0000 		.word	3663
 6232 0e54 530E0000 		.word	3667
 6233 0e58 570E0000 		.word	3671
 6234 0e5c 5B0E0000 		.word	3675
 6235 0e60 5F0E0000 		.word	3679
 6236 0e64 630E0000 		.word	3683
 6237 0e68 670E0000 		.word	3687
 6238 0e6c 6B0E0000 		.word	3691
 6239 0e70 6F0E0000 		.word	3695
 6240 0e74 730E0000 		.word	3699
 6241 0e78 770E0000 		.word	3703
 6242 0e7c 7B0E0000 		.word	3707
 6243 0e80 7F0E0000 		.word	3711
 6244 0e84 830E0000 		.word	3715
 6245 0e88 870E0000 		.word	3719
 6246 0e8c 8B0E0000 		.word	3723
 6247 0e90 8F0E0000 		.word	3727
 6248 0e94 930E0000 		.word	3731
 6249 0e98 970E0000 		.word	3735
 6250 0e9c 9B0E0000 		.word	3739
 6251 0ea0 9F0E0000 		.word	3743
 6252 0ea4 A30E0000 		.word	3747
 6253 0ea8 A70E0000 		.word	3751
 6254 0eac AB0E0000 		.word	3755
 6255 0eb0 AF0E0000 		.word	3759
 6256 0eb4 B30E0000 		.word	3763
 6257 0eb8 B70E0000 		.word	3767
 6258 0ebc BB0E0000 		.word	3771
 6259 0ec0 BF0E0000 		.word	3775
 6260 0ec4 C30E0000 		.word	3779
 6261 0ec8 C70E0000 		.word	3783
 6262 0ecc CB0E0000 		.word	3787
 6263 0ed0 CF0E0000 		.word	3791
 6264 0ed4 D30E0000 		.word	3795
 6265 0ed8 D70E0000 		.word	3799
 6266 0edc DB0E0000 		.word	3803
 6267 0ee0 DF0E0000 		.word	3807
 6268 0ee4 E30E0000 		.word	3811
 6269 0ee8 E70E0000 		.word	3815
 6270 0eec EB0E0000 		.word	3819
 6271 0ef0 EF0E0000 		.word	3823
 6272 0ef4 F30E0000 		.word	3827
 6273 0ef8 F70E0000 		.word	3831
 6274 0efc FB0E0000 		.word	3835
ARM GAS  C:\Users\techn\AppData\Local\Temp\ccy0OLmH.s 			page 140


 6275 0f00 FF0E0000 		.word	3839
 6276 0f04 030F0000 		.word	3843
 6277 0f08 070F0000 		.word	3847
 6278 0f0c 0B0F0000 		.word	3851
 6279 0f10 0F0F0000 		.word	3855
 6280 0f14 130F0000 		.word	3859
 6281 0f18 170F0000 		.word	3863
 6282 0f1c 1B0F0000 		.word	3867
 6283 0f20 1F0F0000 		.word	3871
 6284 0f24 230F0000 		.word	3875
 6285 0f28 270F0000 		.word	3879
 6286 0f2c 2B0F0000 		.word	3883
 6287 0f30 2F0F0000 		.word	3887
 6288 0f34 330F0000 		.word	3891
 6289 0f38 370F0000 		.word	3895
 6290 0f3c 3B0F0000 		.word	3899
 6291 0f40 3F0F0000 		.word	3903
 6292 0f44 430F0000 		.word	3907
 6293 0f48 470F0000 		.word	3911
 6294 0f4c 4B0F0000 		.word	3915
 6295 0f50 4F0F0000 		.word	3919
 6296 0f54 530F0000 		.word	3923
 6297 0f58 570F0000 		.word	3927
 6298 0f5c 5B0F0000 		.word	3931
 6299 0f60 5F0F0000 		.word	3935
 6300 0f64 630F0000 		.word	3939
 6301 0f68 670F0000 		.word	3943
 6302 0f6c 6B0F0000 		.word	3947
 6303 0f70 6F0F0000 		.word	3951
 6304 0f74 730F0000 		.word	3955
 6305 0f78 770F0000 		.word	3959
 6306 0f7c 7B0F0000 		.word	3963
 6307 0f80 7F0F0000 		.word	3967
 6308 0f84 830F0000 		.word	3971
 6309 0f88 870F0000 		.word	3975
 6310 0f8c 8B0F0000 		.word	3979
 6311 0f90 8F0F0000 		.word	3983
 6312 0f94 930F0000 		.word	3987
 6313 0f98 970F0000 		.word	3991
 6314 0f9c 9B0F0000 		.word	3995
 6315 0fa0 9F0F0000 		.word	3999
 6316 0fa4 A30F0000 		.word	4003
 6317 0fa8 A70F0000 		.word	4007
 6318 0fac AB0F0000 		.word	4011
 6319 0fb0 AF0F0000 		.word	4015
 6320 0fb4 B30F0000 		.word	4019
 6321 0fb8 B70F0000 		.word	4023
 6322 0fbc BB0F0000 		.word	4027
 6323 0fc0 BF0F0000 		.word	4031
 6324 0fc4 C30F0000 		.word	4035
 6325 0fc8 C70F0000 		.word	4039
 6326 0fcc CB0F0000 		.word	4043
 6327 0fd0 CF0F0000 		.word	4047
 6328 0fd4 D30F0000 		.word	4051
 6329 0fd8 D70F0000 		.word	4055
 6330 0fdc DB0F0000 		.word	4059
 6331 0fe0 DF0F0000 		.word	4063
ARM GAS  C:\Users\techn\AppData\Local\Temp\ccy0OLmH.s 			page 141


 6332 0fe4 E30F0000 		.word	4067
 6333 0fe8 E70F0000 		.word	4071
 6334 0fec EB0F0000 		.word	4075
 6335 0ff0 EF0F0000 		.word	4079
 6336 0ff4 F30F0000 		.word	4083
 6337 0ff8 F70F0000 		.word	4087
 6338 0ffc FB0F0000 		.word	4091
 6339              		.global	Sin_LUT
 6340              		.section	.rodata.Sin_LUT,"a"
 6341              		.align	2
 6344              	Sin_LUT:
 6345 0000 00080000 		.word	2048
 6346 0004 0C080000 		.word	2060
 6347 0008 19080000 		.word	2073
 6348 000c 25080000 		.word	2085
 6349 0010 32080000 		.word	2098
 6350 0014 3E080000 		.word	2110
 6351 0018 4B080000 		.word	2123
 6352 001c 57080000 		.word	2135
 6353 0020 64080000 		.word	2148
 6354 0024 71080000 		.word	2161
 6355 0028 7D080000 		.word	2173
 6356 002c 8A080000 		.word	2186
 6357 0030 96080000 		.word	2198
 6358 0034 A3080000 		.word	2211
 6359 0038 AF080000 		.word	2223
 6360 003c BC080000 		.word	2236
 6361 0040 C8080000 		.word	2248
 6362 0044 D5080000 		.word	2261
 6363 0048 E1080000 		.word	2273
 6364 004c EE080000 		.word	2286
 6365 0050 FA080000 		.word	2298
 6366 0054 07090000 		.word	2311
 6367 0058 13090000 		.word	2323
 6368 005c 1F090000 		.word	2335
 6369 0060 2C090000 		.word	2348
 6370 0064 38090000 		.word	2360
 6371 0068 45090000 		.word	2373
 6372 006c 51090000 		.word	2385
 6373 0070 5E090000 		.word	2398
 6374 0074 6A090000 		.word	2410
 6375 0078 76090000 		.word	2422
 6376 007c 83090000 		.word	2435
 6377 0080 8F090000 		.word	2447
 6378 0084 9B090000 		.word	2459
 6379 0088 A8090000 		.word	2472
 6380 008c B4090000 		.word	2484
 6381 0090 C0090000 		.word	2496
 6382 0094 CC090000 		.word	2508
 6383 0098 D9090000 		.word	2521
 6384 009c E5090000 		.word	2533
 6385 00a0 F1090000 		.word	2545
 6386 00a4 FD090000 		.word	2557
 6387 00a8 090A0000 		.word	2569
 6388 00ac 150A0000 		.word	2581
 6389 00b0 220A0000 		.word	2594
 6390 00b4 2E0A0000 		.word	2606
ARM GAS  C:\Users\techn\AppData\Local\Temp\ccy0OLmH.s 			page 142


 6391 00b8 3A0A0000 		.word	2618
 6392 00bc 460A0000 		.word	2630
 6393 00c0 520A0000 		.word	2642
 6394 00c4 5E0A0000 		.word	2654
 6395 00c8 6A0A0000 		.word	2666
 6396 00cc 760A0000 		.word	2678
 6397 00d0 820A0000 		.word	2690
 6398 00d4 8E0A0000 		.word	2702
 6399 00d8 9A0A0000 		.word	2714
 6400 00dc A50A0000 		.word	2725
 6401 00e0 B10A0000 		.word	2737
 6402 00e4 BD0A0000 		.word	2749
 6403 00e8 C90A0000 		.word	2761
 6404 00ec D50A0000 		.word	2773
 6405 00f0 E00A0000 		.word	2784
 6406 00f4 EC0A0000 		.word	2796
 6407 00f8 F80A0000 		.word	2808
 6408 00fc 030B0000 		.word	2819
 6409 0100 0F0B0000 		.word	2831
 6410 0104 1B0B0000 		.word	2843
 6411 0108 260B0000 		.word	2854
 6412 010c 320B0000 		.word	2866
 6413 0110 3D0B0000 		.word	2877
 6414 0114 490B0000 		.word	2889
 6415 0118 540B0000 		.word	2900
 6416 011c 600B0000 		.word	2912
 6417 0120 6B0B0000 		.word	2923
 6418 0124 760B0000 		.word	2934
 6419 0128 820B0000 		.word	2946
 6420 012c 8D0B0000 		.word	2957
 6421 0130 980B0000 		.word	2968
 6422 0134 A30B0000 		.word	2979
 6423 0138 AE0B0000 		.word	2990
 6424 013c BA0B0000 		.word	3002
 6425 0140 C50B0000 		.word	3013
 6426 0144 D00B0000 		.word	3024
 6427 0148 DB0B0000 		.word	3035
 6428 014c E60B0000 		.word	3046
 6429 0150 F10B0000 		.word	3057
 6430 0154 FC0B0000 		.word	3068
 6431 0158 060C0000 		.word	3078
 6432 015c 110C0000 		.word	3089
 6433 0160 1C0C0000 		.word	3100
 6434 0164 270C0000 		.word	3111
 6435 0168 320C0000 		.word	3122
 6436 016c 3C0C0000 		.word	3132
 6437 0170 470C0000 		.word	3143
 6438 0174 520C0000 		.word	3154
 6439 0178 5C0C0000 		.word	3164
 6440 017c 670C0000 		.word	3175
 6441 0180 710C0000 		.word	3185
 6442 0184 7B0C0000 		.word	3195
 6443 0188 860C0000 		.word	3206
 6444 018c 900C0000 		.word	3216
 6445 0190 9A0C0000 		.word	3226
 6446 0194 A50C0000 		.word	3237
 6447 0198 AF0C0000 		.word	3247
ARM GAS  C:\Users\techn\AppData\Local\Temp\ccy0OLmH.s 			page 143


 6448 019c B90C0000 		.word	3257
 6449 01a0 C30C0000 		.word	3267
 6450 01a4 CD0C0000 		.word	3277
 6451 01a8 D70C0000 		.word	3287
 6452 01ac E10C0000 		.word	3297
 6453 01b0 EB0C0000 		.word	3307
 6454 01b4 F50C0000 		.word	3317
 6455 01b8 FF0C0000 		.word	3327
 6456 01bc 090D0000 		.word	3337
 6457 01c0 120D0000 		.word	3346
 6458 01c4 1C0D0000 		.word	3356
 6459 01c8 260D0000 		.word	3366
 6460 01cc 2F0D0000 		.word	3375
 6461 01d0 390D0000 		.word	3385
 6462 01d4 420D0000 		.word	3394
 6463 01d8 4C0D0000 		.word	3404
 6464 01dc 550D0000 		.word	3413
 6465 01e0 5F0D0000 		.word	3423
 6466 01e4 680D0000 		.word	3432
 6467 01e8 710D0000 		.word	3441
 6468 01ec 7A0D0000 		.word	3450
 6469 01f0 830D0000 		.word	3459
 6470 01f4 8C0D0000 		.word	3468
 6471 01f8 950D0000 		.word	3477
 6472 01fc 9E0D0000 		.word	3486
 6473 0200 A70D0000 		.word	3495
 6474 0204 B00D0000 		.word	3504
 6475 0208 B90D0000 		.word	3513
 6476 020c C20D0000 		.word	3522
 6477 0210 CA0D0000 		.word	3530
 6478 0214 D30D0000 		.word	3539
 6479 0218 DC0D0000 		.word	3548
 6480 021c E40D0000 		.word	3556
 6481 0220 ED0D0000 		.word	3565
 6482 0224 F50D0000 		.word	3573
 6483 0228 FD0D0000 		.word	3581
 6484 022c 060E0000 		.word	3590
 6485 0230 0E0E0000 		.word	3598
 6486 0234 160E0000 		.word	3606
 6487 0238 1E0E0000 		.word	3614
 6488 023c 260E0000 		.word	3622
 6489 0240 2E0E0000 		.word	3630
 6490 0244 360E0000 		.word	3638
 6491 0248 3E0E0000 		.word	3646
 6492 024c 460E0000 		.word	3654
 6493 0250 4E0E0000 		.word	3662
 6494 0254 550E0000 		.word	3669
 6495 0258 5D0E0000 		.word	3677
 6496 025c 650E0000 		.word	3685
 6497 0260 6C0E0000 		.word	3692
 6498 0264 740E0000 		.word	3700
 6499 0268 7B0E0000 		.word	3707
 6500 026c 820E0000 		.word	3714
 6501 0270 8A0E0000 		.word	3722
 6502 0274 910E0000 		.word	3729
 6503 0278 980E0000 		.word	3736
 6504 027c 9F0E0000 		.word	3743
ARM GAS  C:\Users\techn\AppData\Local\Temp\ccy0OLmH.s 			page 144


 6505 0280 A60E0000 		.word	3750
 6506 0284 AD0E0000 		.word	3757
 6507 0288 B40E0000 		.word	3764
 6508 028c BB0E0000 		.word	3771
 6509 0290 C10E0000 		.word	3777
 6510 0294 C80E0000 		.word	3784
 6511 0298 CF0E0000 		.word	3791
 6512 029c D50E0000 		.word	3797
 6513 02a0 DC0E0000 		.word	3804
 6514 02a4 E20E0000 		.word	3810
 6515 02a8 E80E0000 		.word	3816
 6516 02ac EF0E0000 		.word	3823
 6517 02b0 F50E0000 		.word	3829
 6518 02b4 FB0E0000 		.word	3835
 6519 02b8 010F0000 		.word	3841
 6520 02bc 070F0000 		.word	3847
 6521 02c0 0D0F0000 		.word	3853
 6522 02c4 130F0000 		.word	3859
 6523 02c8 190F0000 		.word	3865
 6524 02cc 1F0F0000 		.word	3871
 6525 02d0 240F0000 		.word	3876
 6526 02d4 2A0F0000 		.word	3882
 6527 02d8 300F0000 		.word	3888
 6528 02dc 350F0000 		.word	3893
 6529 02e0 3A0F0000 		.word	3898
 6530 02e4 400F0000 		.word	3904
 6531 02e8 450F0000 		.word	3909
 6532 02ec 4A0F0000 		.word	3914
 6533 02f0 4F0F0000 		.word	3919
 6534 02f4 540F0000 		.word	3924
 6535 02f8 590F0000 		.word	3929
 6536 02fc 5E0F0000 		.word	3934
 6537 0300 630F0000 		.word	3939
 6538 0304 680F0000 		.word	3944
 6539 0308 6D0F0000 		.word	3949
 6540 030c 710F0000 		.word	3953
 6541 0310 760F0000 		.word	3958
 6542 0314 7A0F0000 		.word	3962
 6543 0318 7F0F0000 		.word	3967
 6544 031c 830F0000 		.word	3971
 6545 0320 870F0000 		.word	3975
 6546 0324 8C0F0000 		.word	3980
 6547 0328 900F0000 		.word	3984
 6548 032c 940F0000 		.word	3988
 6549 0330 980F0000 		.word	3992
 6550 0334 9C0F0000 		.word	3996
 6551 0338 9F0F0000 		.word	3999
 6552 033c A30F0000 		.word	4003
 6553 0340 A70F0000 		.word	4007
 6554 0344 AA0F0000 		.word	4010
 6555 0348 AE0F0000 		.word	4014
 6556 034c B10F0000 		.word	4017
 6557 0350 B50F0000 		.word	4021
 6558 0354 B80F0000 		.word	4024
 6559 0358 BB0F0000 		.word	4027
 6560 035c BF0F0000 		.word	4031
 6561 0360 C20F0000 		.word	4034
ARM GAS  C:\Users\techn\AppData\Local\Temp\ccy0OLmH.s 			page 145


 6562 0364 C50F0000 		.word	4037
 6563 0368 C80F0000 		.word	4040
 6564 036c CA0F0000 		.word	4042
 6565 0370 CD0F0000 		.word	4045
 6566 0374 D00F0000 		.word	4048
 6567 0378 D30F0000 		.word	4051
 6568 037c D50F0000 		.word	4053
 6569 0380 D80F0000 		.word	4056
 6570 0384 DA0F0000 		.word	4058
 6571 0388 DC0F0000 		.word	4060
 6572 038c DF0F0000 		.word	4063
 6573 0390 E10F0000 		.word	4065
 6574 0394 E30F0000 		.word	4067
 6575 0398 E50F0000 		.word	4069
 6576 039c E70F0000 		.word	4071
 6577 03a0 E90F0000 		.word	4073
 6578 03a4 EB0F0000 		.word	4075
 6579 03a8 EC0F0000 		.word	4076
 6580 03ac EE0F0000 		.word	4078
 6581 03b0 F00F0000 		.word	4080
 6582 03b4 F10F0000 		.word	4081
 6583 03b8 F30F0000 		.word	4083
 6584 03bc F40F0000 		.word	4084
 6585 03c0 F50F0000 		.word	4085
 6586 03c4 F60F0000 		.word	4086
 6587 03c8 F70F0000 		.word	4087
 6588 03cc F80F0000 		.word	4088
 6589 03d0 F90F0000 		.word	4089
 6590 03d4 FA0F0000 		.word	4090
 6591 03d8 FB0F0000 		.word	4091
 6592 03dc FC0F0000 		.word	4092
 6593 03e0 FD0F0000 		.word	4093
 6594 03e4 FD0F0000 		.word	4093
 6595 03e8 FE0F0000 		.word	4094
 6596 03ec FE0F0000 		.word	4094
 6597 03f0 FE0F0000 		.word	4094
 6598 03f4 FF0F0000 		.word	4095
 6599 03f8 FF0F0000 		.word	4095
 6600 03fc FF0F0000 		.word	4095
 6601 0400 FF0F0000 		.word	4095
 6602 0404 FF0F0000 		.word	4095
 6603 0408 FF0F0000 		.word	4095
 6604 040c FF0F0000 		.word	4095
 6605 0410 FE0F0000 		.word	4094
 6606 0414 FE0F0000 		.word	4094
 6607 0418 FE0F0000 		.word	4094
 6608 041c FD0F0000 		.word	4093
 6609 0420 FD0F0000 		.word	4093
 6610 0424 FC0F0000 		.word	4092
 6611 0428 FB0F0000 		.word	4091
 6612 042c FA0F0000 		.word	4090
 6613 0430 F90F0000 		.word	4089
 6614 0434 F80F0000 		.word	4088
 6615 0438 F70F0000 		.word	4087
 6616 043c F60F0000 		.word	4086
 6617 0440 F50F0000 		.word	4085
 6618 0444 F40F0000 		.word	4084
ARM GAS  C:\Users\techn\AppData\Local\Temp\ccy0OLmH.s 			page 146


 6619 0448 F30F0000 		.word	4083
 6620 044c F10F0000 		.word	4081
 6621 0450 F00F0000 		.word	4080
 6622 0454 EE0F0000 		.word	4078
 6623 0458 EC0F0000 		.word	4076
 6624 045c EB0F0000 		.word	4075
 6625 0460 E90F0000 		.word	4073
 6626 0464 E70F0000 		.word	4071
 6627 0468 E50F0000 		.word	4069
 6628 046c E30F0000 		.word	4067
 6629 0470 E10F0000 		.word	4065
 6630 0474 DF0F0000 		.word	4063
 6631 0478 DC0F0000 		.word	4060
 6632 047c DA0F0000 		.word	4058
 6633 0480 D80F0000 		.word	4056
 6634 0484 D50F0000 		.word	4053
 6635 0488 D30F0000 		.word	4051
 6636 048c D00F0000 		.word	4048
 6637 0490 CD0F0000 		.word	4045
 6638 0494 CA0F0000 		.word	4042
 6639 0498 C80F0000 		.word	4040
 6640 049c C50F0000 		.word	4037
 6641 04a0 C20F0000 		.word	4034
 6642 04a4 BF0F0000 		.word	4031
 6643 04a8 BB0F0000 		.word	4027
 6644 04ac B80F0000 		.word	4024
 6645 04b0 B50F0000 		.word	4021
 6646 04b4 B10F0000 		.word	4017
 6647 04b8 AE0F0000 		.word	4014
 6648 04bc AA0F0000 		.word	4010
 6649 04c0 A70F0000 		.word	4007
 6650 04c4 A30F0000 		.word	4003
 6651 04c8 9F0F0000 		.word	3999
 6652 04cc 9C0F0000 		.word	3996
 6653 04d0 980F0000 		.word	3992
 6654 04d4 940F0000 		.word	3988
 6655 04d8 900F0000 		.word	3984
 6656 04dc 8C0F0000 		.word	3980
 6657 04e0 870F0000 		.word	3975
 6658 04e4 830F0000 		.word	3971
 6659 04e8 7F0F0000 		.word	3967
 6660 04ec 7A0F0000 		.word	3962
 6661 04f0 760F0000 		.word	3958
 6662 04f4 710F0000 		.word	3953
 6663 04f8 6D0F0000 		.word	3949
 6664 04fc 680F0000 		.word	3944
 6665 0500 630F0000 		.word	3939
 6666 0504 5E0F0000 		.word	3934
 6667 0508 590F0000 		.word	3929
 6668 050c 540F0000 		.word	3924
 6669 0510 4F0F0000 		.word	3919
 6670 0514 4A0F0000 		.word	3914
 6671 0518 450F0000 		.word	3909
 6672 051c 400F0000 		.word	3904
 6673 0520 3A0F0000 		.word	3898
 6674 0524 350F0000 		.word	3893
 6675 0528 300F0000 		.word	3888
ARM GAS  C:\Users\techn\AppData\Local\Temp\ccy0OLmH.s 			page 147


 6676 052c 2A0F0000 		.word	3882
 6677 0530 240F0000 		.word	3876
 6678 0534 1F0F0000 		.word	3871
 6679 0538 190F0000 		.word	3865
 6680 053c 130F0000 		.word	3859
 6681 0540 0D0F0000 		.word	3853
 6682 0544 070F0000 		.word	3847
 6683 0548 010F0000 		.word	3841
 6684 054c FB0E0000 		.word	3835
 6685 0550 F50E0000 		.word	3829
 6686 0554 EF0E0000 		.word	3823
 6687 0558 E80E0000 		.word	3816
 6688 055c E20E0000 		.word	3810
 6689 0560 DC0E0000 		.word	3804
 6690 0564 D50E0000 		.word	3797
 6691 0568 CF0E0000 		.word	3791
 6692 056c C80E0000 		.word	3784
 6693 0570 C10E0000 		.word	3777
 6694 0574 BB0E0000 		.word	3771
 6695 0578 B40E0000 		.word	3764
 6696 057c AD0E0000 		.word	3757
 6697 0580 A60E0000 		.word	3750
 6698 0584 9F0E0000 		.word	3743
 6699 0588 980E0000 		.word	3736
 6700 058c 910E0000 		.word	3729
 6701 0590 8A0E0000 		.word	3722
 6702 0594 820E0000 		.word	3714
 6703 0598 7B0E0000 		.word	3707
 6704 059c 740E0000 		.word	3700
 6705 05a0 6C0E0000 		.word	3692
 6706 05a4 650E0000 		.word	3685
 6707 05a8 5D0E0000 		.word	3677
 6708 05ac 550E0000 		.word	3669
 6709 05b0 4E0E0000 		.word	3662
 6710 05b4 460E0000 		.word	3654
 6711 05b8 3E0E0000 		.word	3646
 6712 05bc 360E0000 		.word	3638
 6713 05c0 2E0E0000 		.word	3630
 6714 05c4 260E0000 		.word	3622
 6715 05c8 1E0E0000 		.word	3614
 6716 05cc 160E0000 		.word	3606
 6717 05d0 0E0E0000 		.word	3598
 6718 05d4 060E0000 		.word	3590
 6719 05d8 FD0D0000 		.word	3581
 6720 05dc F50D0000 		.word	3573
 6721 05e0 ED0D0000 		.word	3565
 6722 05e4 E40D0000 		.word	3556
 6723 05e8 DC0D0000 		.word	3548
 6724 05ec D30D0000 		.word	3539
 6725 05f0 CA0D0000 		.word	3530
 6726 05f4 C20D0000 		.word	3522
 6727 05f8 B90D0000 		.word	3513
 6728 05fc B00D0000 		.word	3504
 6729 0600 A70D0000 		.word	3495
 6730 0604 9E0D0000 		.word	3486
 6731 0608 950D0000 		.word	3477
 6732 060c 8C0D0000 		.word	3468
ARM GAS  C:\Users\techn\AppData\Local\Temp\ccy0OLmH.s 			page 148


 6733 0610 830D0000 		.word	3459
 6734 0614 7A0D0000 		.word	3450
 6735 0618 710D0000 		.word	3441
 6736 061c 680D0000 		.word	3432
 6737 0620 5F0D0000 		.word	3423
 6738 0624 550D0000 		.word	3413
 6739 0628 4C0D0000 		.word	3404
 6740 062c 420D0000 		.word	3394
 6741 0630 390D0000 		.word	3385
 6742 0634 2F0D0000 		.word	3375
 6743 0638 260D0000 		.word	3366
 6744 063c 1C0D0000 		.word	3356
 6745 0640 120D0000 		.word	3346
 6746 0644 090D0000 		.word	3337
 6747 0648 FF0C0000 		.word	3327
 6748 064c F50C0000 		.word	3317
 6749 0650 EB0C0000 		.word	3307
 6750 0654 E10C0000 		.word	3297
 6751 0658 D70C0000 		.word	3287
 6752 065c CD0C0000 		.word	3277
 6753 0660 C30C0000 		.word	3267
 6754 0664 B90C0000 		.word	3257
 6755 0668 AF0C0000 		.word	3247
 6756 066c A50C0000 		.word	3237
 6757 0670 9A0C0000 		.word	3226
 6758 0674 900C0000 		.word	3216
 6759 0678 860C0000 		.word	3206
 6760 067c 7B0C0000 		.word	3195
 6761 0680 710C0000 		.word	3185
 6762 0684 670C0000 		.word	3175
 6763 0688 5C0C0000 		.word	3164
 6764 068c 520C0000 		.word	3154
 6765 0690 470C0000 		.word	3143
 6766 0694 3C0C0000 		.word	3132
 6767 0698 320C0000 		.word	3122
 6768 069c 270C0000 		.word	3111
 6769 06a0 1C0C0000 		.word	3100
 6770 06a4 110C0000 		.word	3089
 6771 06a8 060C0000 		.word	3078
 6772 06ac FC0B0000 		.word	3068
 6773 06b0 F10B0000 		.word	3057
 6774 06b4 E60B0000 		.word	3046
 6775 06b8 DB0B0000 		.word	3035
 6776 06bc D00B0000 		.word	3024
 6777 06c0 C50B0000 		.word	3013
 6778 06c4 BA0B0000 		.word	3002
 6779 06c8 AE0B0000 		.word	2990
 6780 06cc A30B0000 		.word	2979
 6781 06d0 980B0000 		.word	2968
 6782 06d4 8D0B0000 		.word	2957
 6783 06d8 820B0000 		.word	2946
 6784 06dc 760B0000 		.word	2934
 6785 06e0 6B0B0000 		.word	2923
 6786 06e4 600B0000 		.word	2912
 6787 06e8 540B0000 		.word	2900
 6788 06ec 490B0000 		.word	2889
 6789 06f0 3D0B0000 		.word	2877
ARM GAS  C:\Users\techn\AppData\Local\Temp\ccy0OLmH.s 			page 149


 6790 06f4 320B0000 		.word	2866
 6791 06f8 260B0000 		.word	2854
 6792 06fc 1B0B0000 		.word	2843
 6793 0700 0F0B0000 		.word	2831
 6794 0704 030B0000 		.word	2819
 6795 0708 F80A0000 		.word	2808
 6796 070c EC0A0000 		.word	2796
 6797 0710 E00A0000 		.word	2784
 6798 0714 D50A0000 		.word	2773
 6799 0718 C90A0000 		.word	2761
 6800 071c BD0A0000 		.word	2749
 6801 0720 B10A0000 		.word	2737
 6802 0724 A50A0000 		.word	2725
 6803 0728 9A0A0000 		.word	2714
 6804 072c 8E0A0000 		.word	2702
 6805 0730 820A0000 		.word	2690
 6806 0734 760A0000 		.word	2678
 6807 0738 6A0A0000 		.word	2666
 6808 073c 5E0A0000 		.word	2654
 6809 0740 520A0000 		.word	2642
 6810 0744 460A0000 		.word	2630
 6811 0748 3A0A0000 		.word	2618
 6812 074c 2E0A0000 		.word	2606
 6813 0750 220A0000 		.word	2594
 6814 0754 150A0000 		.word	2581
 6815 0758 090A0000 		.word	2569
 6816 075c FD090000 		.word	2557
 6817 0760 F1090000 		.word	2545
 6818 0764 E5090000 		.word	2533
 6819 0768 D9090000 		.word	2521
 6820 076c CC090000 		.word	2508
 6821 0770 C0090000 		.word	2496
 6822 0774 B4090000 		.word	2484
 6823 0778 A8090000 		.word	2472
 6824 077c 9B090000 		.word	2459
 6825 0780 8F090000 		.word	2447
 6826 0784 83090000 		.word	2435
 6827 0788 76090000 		.word	2422
 6828 078c 6A090000 		.word	2410
 6829 0790 5E090000 		.word	2398
 6830 0794 51090000 		.word	2385
 6831 0798 45090000 		.word	2373
 6832 079c 38090000 		.word	2360
 6833 07a0 2C090000 		.word	2348
 6834 07a4 1F090000 		.word	2335
 6835 07a8 13090000 		.word	2323
 6836 07ac 07090000 		.word	2311
 6837 07b0 FA080000 		.word	2298
 6838 07b4 EE080000 		.word	2286
 6839 07b8 E1080000 		.word	2273
 6840 07bc D5080000 		.word	2261
 6841 07c0 C8080000 		.word	2248
 6842 07c4 BC080000 		.word	2236
 6843 07c8 AF080000 		.word	2223
 6844 07cc A3080000 		.word	2211
 6845 07d0 96080000 		.word	2198
 6846 07d4 8A080000 		.word	2186
ARM GAS  C:\Users\techn\AppData\Local\Temp\ccy0OLmH.s 			page 150


 6847 07d8 7D080000 		.word	2173
 6848 07dc 71080000 		.word	2161
 6849 07e0 64080000 		.word	2148
 6850 07e4 57080000 		.word	2135
 6851 07e8 4B080000 		.word	2123
 6852 07ec 3E080000 		.word	2110
 6853 07f0 32080000 		.word	2098
 6854 07f4 25080000 		.word	2085
 6855 07f8 19080000 		.word	2073
 6856 07fc 0C080000 		.word	2060
 6857 0800 00080000 		.word	2048
 6858 0804 F3070000 		.word	2035
 6859 0808 E6070000 		.word	2022
 6860 080c DA070000 		.word	2010
 6861 0810 CD070000 		.word	1997
 6862 0814 C1070000 		.word	1985
 6863 0818 B4070000 		.word	1972
 6864 081c A8070000 		.word	1960
 6865 0820 9B070000 		.word	1947
 6866 0824 8E070000 		.word	1934
 6867 0828 82070000 		.word	1922
 6868 082c 75070000 		.word	1909
 6869 0830 69070000 		.word	1897
 6870 0834 5C070000 		.word	1884
 6871 0838 50070000 		.word	1872
 6872 083c 43070000 		.word	1859
 6873 0840 37070000 		.word	1847
 6874 0844 2A070000 		.word	1834
 6875 0848 1E070000 		.word	1822
 6876 084c 11070000 		.word	1809
 6877 0850 05070000 		.word	1797
 6878 0854 F8060000 		.word	1784
 6879 0858 EC060000 		.word	1772
 6880 085c E0060000 		.word	1760
 6881 0860 D3060000 		.word	1747
 6882 0864 C7060000 		.word	1735
 6883 0868 BA060000 		.word	1722
 6884 086c AE060000 		.word	1710
 6885 0870 A1060000 		.word	1697
 6886 0874 95060000 		.word	1685
 6887 0878 89060000 		.word	1673
 6888 087c 7C060000 		.word	1660
 6889 0880 70060000 		.word	1648
 6890 0884 64060000 		.word	1636
 6891 0888 57060000 		.word	1623
 6892 088c 4B060000 		.word	1611
 6893 0890 3F060000 		.word	1599
 6894 0894 33060000 		.word	1587
 6895 0898 26060000 		.word	1574
 6896 089c 1A060000 		.word	1562
 6897 08a0 0E060000 		.word	1550
 6898 08a4 02060000 		.word	1538
 6899 08a8 F6050000 		.word	1526
 6900 08ac EA050000 		.word	1514
 6901 08b0 DD050000 		.word	1501
 6902 08b4 D1050000 		.word	1489
 6903 08b8 C5050000 		.word	1477
ARM GAS  C:\Users\techn\AppData\Local\Temp\ccy0OLmH.s 			page 151


 6904 08bc B9050000 		.word	1465
 6905 08c0 AD050000 		.word	1453
 6906 08c4 A1050000 		.word	1441
 6907 08c8 95050000 		.word	1429
 6908 08cc 89050000 		.word	1417
 6909 08d0 7D050000 		.word	1405
 6910 08d4 71050000 		.word	1393
 6911 08d8 65050000 		.word	1381
 6912 08dc 5A050000 		.word	1370
 6913 08e0 4E050000 		.word	1358
 6914 08e4 42050000 		.word	1346
 6915 08e8 36050000 		.word	1334
 6916 08ec 2A050000 		.word	1322
 6917 08f0 1F050000 		.word	1311
 6918 08f4 13050000 		.word	1299
 6919 08f8 07050000 		.word	1287
 6920 08fc FC040000 		.word	1276
 6921 0900 F0040000 		.word	1264
 6922 0904 E4040000 		.word	1252
 6923 0908 D9040000 		.word	1241
 6924 090c CD040000 		.word	1229
 6925 0910 C2040000 		.word	1218
 6926 0914 B6040000 		.word	1206
 6927 0918 AB040000 		.word	1195
 6928 091c 9F040000 		.word	1183
 6929 0920 94040000 		.word	1172
 6930 0924 89040000 		.word	1161
 6931 0928 7D040000 		.word	1149
 6932 092c 72040000 		.word	1138
 6933 0930 67040000 		.word	1127
 6934 0934 5C040000 		.word	1116
 6935 0938 51040000 		.word	1105
 6936 093c 45040000 		.word	1093
 6937 0940 3A040000 		.word	1082
 6938 0944 2F040000 		.word	1071
 6939 0948 24040000 		.word	1060
 6940 094c 19040000 		.word	1049
 6941 0950 0E040000 		.word	1038
 6942 0954 03040000 		.word	1027
 6943 0958 F9030000 		.word	1017
 6944 095c EE030000 		.word	1006
 6945 0960 E3030000 		.word	995
 6946 0964 D8030000 		.word	984
 6947 0968 CD030000 		.word	973
 6948 096c C3030000 		.word	963
 6949 0970 B8030000 		.word	952
 6950 0974 AD030000 		.word	941
 6951 0978 A3030000 		.word	931
 6952 097c 98030000 		.word	920
 6953 0980 8E030000 		.word	910
 6954 0984 84030000 		.word	900
 6955 0988 79030000 		.word	889
 6956 098c 6F030000 		.word	879
 6957 0990 65030000 		.word	869
 6958 0994 5A030000 		.word	858
 6959 0998 50030000 		.word	848
 6960 099c 46030000 		.word	838
ARM GAS  C:\Users\techn\AppData\Local\Temp\ccy0OLmH.s 			page 152


 6961 09a0 3C030000 		.word	828
 6962 09a4 32030000 		.word	818
 6963 09a8 28030000 		.word	808
 6964 09ac 1E030000 		.word	798
 6965 09b0 14030000 		.word	788
 6966 09b4 0A030000 		.word	778
 6967 09b8 00030000 		.word	768
 6968 09bc F6020000 		.word	758
 6969 09c0 ED020000 		.word	749
 6970 09c4 E3020000 		.word	739
 6971 09c8 D9020000 		.word	729
 6972 09cc D0020000 		.word	720
 6973 09d0 C6020000 		.word	710
 6974 09d4 BD020000 		.word	701
 6975 09d8 B3020000 		.word	691
 6976 09dc AA020000 		.word	682
 6977 09e0 A0020000 		.word	672
 6978 09e4 97020000 		.word	663
 6979 09e8 8E020000 		.word	654
 6980 09ec 85020000 		.word	645
 6981 09f0 7C020000 		.word	636
 6982 09f4 73020000 		.word	627
 6983 09f8 6A020000 		.word	618
 6984 09fc 61020000 		.word	609
 6985 0a00 58020000 		.word	600
 6986 0a04 4F020000 		.word	591
 6987 0a08 46020000 		.word	582
 6988 0a0c 3D020000 		.word	573
 6989 0a10 35020000 		.word	565
 6990 0a14 2C020000 		.word	556
 6991 0a18 23020000 		.word	547
 6992 0a1c 1B020000 		.word	539
 6993 0a20 12020000 		.word	530
 6994 0a24 0A020000 		.word	522
 6995 0a28 02020000 		.word	514
 6996 0a2c F9010000 		.word	505
 6997 0a30 F1010000 		.word	497
 6998 0a34 E9010000 		.word	489
 6999 0a38 E1010000 		.word	481
 7000 0a3c D9010000 		.word	473
 7001 0a40 D1010000 		.word	465
 7002 0a44 C9010000 		.word	457
 7003 0a48 C1010000 		.word	449
 7004 0a4c B9010000 		.word	441
 7005 0a50 B1010000 		.word	433
 7006 0a54 AA010000 		.word	426
 7007 0a58 A2010000 		.word	418
 7008 0a5c 9A010000 		.word	410
 7009 0a60 93010000 		.word	403
 7010 0a64 8B010000 		.word	395
 7011 0a68 84010000 		.word	388
 7012 0a6c 7D010000 		.word	381
 7013 0a70 75010000 		.word	373
 7014 0a74 6E010000 		.word	366
 7015 0a78 67010000 		.word	359
 7016 0a7c 60010000 		.word	352
 7017 0a80 59010000 		.word	345
ARM GAS  C:\Users\techn\AppData\Local\Temp\ccy0OLmH.s 			page 153


 7018 0a84 52010000 		.word	338
 7019 0a88 4B010000 		.word	331
 7020 0a8c 44010000 		.word	324
 7021 0a90 3E010000 		.word	318
 7022 0a94 37010000 		.word	311
 7023 0a98 30010000 		.word	304
 7024 0a9c 2A010000 		.word	298
 7025 0aa0 23010000 		.word	291
 7026 0aa4 1D010000 		.word	285
 7027 0aa8 17010000 		.word	279
 7028 0aac 10010000 		.word	272
 7029 0ab0 0A010000 		.word	266
 7030 0ab4 04010000 		.word	260
 7031 0ab8 FE000000 		.word	254
 7032 0abc F8000000 		.word	248
 7033 0ac0 F2000000 		.word	242
 7034 0ac4 EC000000 		.word	236
 7035 0ac8 E6000000 		.word	230
 7036 0acc E0000000 		.word	224
 7037 0ad0 DB000000 		.word	219
 7038 0ad4 D5000000 		.word	213
 7039 0ad8 CF000000 		.word	207
 7040 0adc CA000000 		.word	202
 7041 0ae0 C5000000 		.word	197
 7042 0ae4 BF000000 		.word	191
 7043 0ae8 BA000000 		.word	186
 7044 0aec B5000000 		.word	181
 7045 0af0 B0000000 		.word	176
 7046 0af4 AB000000 		.word	171
 7047 0af8 A6000000 		.word	166
 7048 0afc A1000000 		.word	161
 7049 0b00 9C000000 		.word	156
 7050 0b04 97000000 		.word	151
 7051 0b08 92000000 		.word	146
 7052 0b0c 8E000000 		.word	142
 7053 0b10 89000000 		.word	137
 7054 0b14 85000000 		.word	133
 7055 0b18 80000000 		.word	128
 7056 0b1c 7C000000 		.word	124
 7057 0b20 78000000 		.word	120
 7058 0b24 73000000 		.word	115
 7059 0b28 6F000000 		.word	111
 7060 0b2c 6B000000 		.word	107
 7061 0b30 67000000 		.word	103
 7062 0b34 63000000 		.word	99
 7063 0b38 60000000 		.word	96
 7064 0b3c 5C000000 		.word	92
 7065 0b40 58000000 		.word	88
 7066 0b44 55000000 		.word	85
 7067 0b48 51000000 		.word	81
 7068 0b4c 4E000000 		.word	78
 7069 0b50 4A000000 		.word	74
 7070 0b54 47000000 		.word	71
 7071 0b58 44000000 		.word	68
 7072 0b5c 40000000 		.word	64
 7073 0b60 3D000000 		.word	61
 7074 0b64 3A000000 		.word	58
ARM GAS  C:\Users\techn\AppData\Local\Temp\ccy0OLmH.s 			page 154


 7075 0b68 37000000 		.word	55
 7076 0b6c 35000000 		.word	53
 7077 0b70 32000000 		.word	50
 7078 0b74 2F000000 		.word	47
 7079 0b78 2C000000 		.word	44
 7080 0b7c 2A000000 		.word	42
 7081 0b80 27000000 		.word	39
 7082 0b84 25000000 		.word	37
 7083 0b88 23000000 		.word	35
 7084 0b8c 20000000 		.word	32
 7085 0b90 1E000000 		.word	30
 7086 0b94 1C000000 		.word	28
 7087 0b98 1A000000 		.word	26
 7088 0b9c 18000000 		.word	24
 7089 0ba0 16000000 		.word	22
 7090 0ba4 14000000 		.word	20
 7091 0ba8 13000000 		.word	19
 7092 0bac 11000000 		.word	17
 7093 0bb0 0F000000 		.word	15
 7094 0bb4 0E000000 		.word	14
 7095 0bb8 0C000000 		.word	12
 7096 0bbc 0B000000 		.word	11
 7097 0bc0 0A000000 		.word	10
 7098 0bc4 09000000 		.word	9
 7099 0bc8 08000000 		.word	8
 7100 0bcc 07000000 		.word	7
 7101 0bd0 06000000 		.word	6
 7102 0bd4 05000000 		.word	5
 7103 0bd8 04000000 		.word	4
 7104 0bdc 03000000 		.word	3
 7105 0be0 02000000 		.word	2
 7106 0be4 02000000 		.word	2
 7107 0be8 01000000 		.word	1
 7108 0bec 01000000 		.word	1
 7109 0bf0 01000000 		.word	1
 7110 0bf4 00000000 		.word	0
 7111 0bf8 00000000 		.word	0
 7112 0bfc 00000000 		.word	0
 7113 0c00 00000000 		.word	0
 7114 0c04 00000000 		.word	0
 7115 0c08 00000000 		.word	0
 7116 0c0c 00000000 		.word	0
 7117 0c10 01000000 		.word	1
 7118 0c14 01000000 		.word	1
 7119 0c18 01000000 		.word	1
 7120 0c1c 02000000 		.word	2
 7121 0c20 02000000 		.word	2
 7122 0c24 03000000 		.word	3
 7123 0c28 04000000 		.word	4
 7124 0c2c 05000000 		.word	5
 7125 0c30 06000000 		.word	6
 7126 0c34 07000000 		.word	7
 7127 0c38 08000000 		.word	8
 7128 0c3c 09000000 		.word	9
 7129 0c40 0A000000 		.word	10
 7130 0c44 0B000000 		.word	11
 7131 0c48 0C000000 		.word	12
ARM GAS  C:\Users\techn\AppData\Local\Temp\ccy0OLmH.s 			page 155


 7132 0c4c 0E000000 		.word	14
 7133 0c50 0F000000 		.word	15
 7134 0c54 11000000 		.word	17
 7135 0c58 13000000 		.word	19
 7136 0c5c 14000000 		.word	20
 7137 0c60 16000000 		.word	22
 7138 0c64 18000000 		.word	24
 7139 0c68 1A000000 		.word	26
 7140 0c6c 1C000000 		.word	28
 7141 0c70 1E000000 		.word	30
 7142 0c74 20000000 		.word	32
 7143 0c78 23000000 		.word	35
 7144 0c7c 25000000 		.word	37
 7145 0c80 27000000 		.word	39
 7146 0c84 2A000000 		.word	42
 7147 0c88 2C000000 		.word	44
 7148 0c8c 2F000000 		.word	47
 7149 0c90 32000000 		.word	50
 7150 0c94 35000000 		.word	53
 7151 0c98 37000000 		.word	55
 7152 0c9c 3A000000 		.word	58
 7153 0ca0 3D000000 		.word	61
 7154 0ca4 40000000 		.word	64
 7155 0ca8 44000000 		.word	68
 7156 0cac 47000000 		.word	71
 7157 0cb0 4A000000 		.word	74
 7158 0cb4 4E000000 		.word	78
 7159 0cb8 51000000 		.word	81
 7160 0cbc 55000000 		.word	85
 7161 0cc0 58000000 		.word	88
 7162 0cc4 5C000000 		.word	92
 7163 0cc8 60000000 		.word	96
 7164 0ccc 63000000 		.word	99
 7165 0cd0 67000000 		.word	103
 7166 0cd4 6B000000 		.word	107
 7167 0cd8 6F000000 		.word	111
 7168 0cdc 73000000 		.word	115
 7169 0ce0 78000000 		.word	120
 7170 0ce4 7C000000 		.word	124
 7171 0ce8 80000000 		.word	128
 7172 0cec 85000000 		.word	133
 7173 0cf0 89000000 		.word	137
 7174 0cf4 8E000000 		.word	142
 7175 0cf8 92000000 		.word	146
 7176 0cfc 97000000 		.word	151
 7177 0d00 9C000000 		.word	156
 7178 0d04 A1000000 		.word	161
 7179 0d08 A6000000 		.word	166
 7180 0d0c AB000000 		.word	171
 7181 0d10 B0000000 		.word	176
 7182 0d14 B5000000 		.word	181
 7183 0d18 BA000000 		.word	186
 7184 0d1c BF000000 		.word	191
 7185 0d20 C5000000 		.word	197
 7186 0d24 CA000000 		.word	202
 7187 0d28 CF000000 		.word	207
 7188 0d2c D5000000 		.word	213
ARM GAS  C:\Users\techn\AppData\Local\Temp\ccy0OLmH.s 			page 156


 7189 0d30 DB000000 		.word	219
 7190 0d34 E0000000 		.word	224
 7191 0d38 E6000000 		.word	230
 7192 0d3c EC000000 		.word	236
 7193 0d40 F2000000 		.word	242
 7194 0d44 F8000000 		.word	248
 7195 0d48 FE000000 		.word	254
 7196 0d4c 04010000 		.word	260
 7197 0d50 0A010000 		.word	266
 7198 0d54 10010000 		.word	272
 7199 0d58 17010000 		.word	279
 7200 0d5c 1D010000 		.word	285
 7201 0d60 23010000 		.word	291
 7202 0d64 2A010000 		.word	298
 7203 0d68 30010000 		.word	304
 7204 0d6c 37010000 		.word	311
 7205 0d70 3E010000 		.word	318
 7206 0d74 44010000 		.word	324
 7207 0d78 4B010000 		.word	331
 7208 0d7c 52010000 		.word	338
 7209 0d80 59010000 		.word	345
 7210 0d84 60010000 		.word	352
 7211 0d88 67010000 		.word	359
 7212 0d8c 6E010000 		.word	366
 7213 0d90 75010000 		.word	373
 7214 0d94 7D010000 		.word	381
 7215 0d98 84010000 		.word	388
 7216 0d9c 8B010000 		.word	395
 7217 0da0 93010000 		.word	403
 7218 0da4 9A010000 		.word	410
 7219 0da8 A2010000 		.word	418
 7220 0dac AA010000 		.word	426
 7221 0db0 B1010000 		.word	433
 7222 0db4 B9010000 		.word	441
 7223 0db8 C1010000 		.word	449
 7224 0dbc C9010000 		.word	457
 7225 0dc0 D1010000 		.word	465
 7226 0dc4 D9010000 		.word	473
 7227 0dc8 E1010000 		.word	481
 7228 0dcc E9010000 		.word	489
 7229 0dd0 F1010000 		.word	497
 7230 0dd4 F9010000 		.word	505
 7231 0dd8 02020000 		.word	514
 7232 0ddc 0A020000 		.word	522
 7233 0de0 12020000 		.word	530
 7234 0de4 1B020000 		.word	539
 7235 0de8 23020000 		.word	547
 7236 0dec 2C020000 		.word	556
 7237 0df0 35020000 		.word	565
 7238 0df4 3D020000 		.word	573
 7239 0df8 46020000 		.word	582
 7240 0dfc 4F020000 		.word	591
 7241 0e00 58020000 		.word	600
 7242 0e04 61020000 		.word	609
 7243 0e08 6A020000 		.word	618
 7244 0e0c 73020000 		.word	627
 7245 0e10 7C020000 		.word	636
ARM GAS  C:\Users\techn\AppData\Local\Temp\ccy0OLmH.s 			page 157


 7246 0e14 85020000 		.word	645
 7247 0e18 8E020000 		.word	654
 7248 0e1c 97020000 		.word	663
 7249 0e20 A0020000 		.word	672
 7250 0e24 AA020000 		.word	682
 7251 0e28 B3020000 		.word	691
 7252 0e2c BD020000 		.word	701
 7253 0e30 C6020000 		.word	710
 7254 0e34 D0020000 		.word	720
 7255 0e38 D9020000 		.word	729
 7256 0e3c E3020000 		.word	739
 7257 0e40 ED020000 		.word	749
 7258 0e44 F6020000 		.word	758
 7259 0e48 00030000 		.word	768
 7260 0e4c 0A030000 		.word	778
 7261 0e50 14030000 		.word	788
 7262 0e54 1E030000 		.word	798
 7263 0e58 28030000 		.word	808
 7264 0e5c 32030000 		.word	818
 7265 0e60 3C030000 		.word	828
 7266 0e64 46030000 		.word	838
 7267 0e68 50030000 		.word	848
 7268 0e6c 5A030000 		.word	858
 7269 0e70 65030000 		.word	869
 7270 0e74 6F030000 		.word	879
 7271 0e78 79030000 		.word	889
 7272 0e7c 84030000 		.word	900
 7273 0e80 8E030000 		.word	910
 7274 0e84 98030000 		.word	920
 7275 0e88 A3030000 		.word	931
 7276 0e8c AD030000 		.word	941
 7277 0e90 B8030000 		.word	952
 7278 0e94 C3030000 		.word	963
 7279 0e98 CD030000 		.word	973
 7280 0e9c D8030000 		.word	984
 7281 0ea0 E3030000 		.word	995
 7282 0ea4 EE030000 		.word	1006
 7283 0ea8 F9030000 		.word	1017
 7284 0eac 03040000 		.word	1027
 7285 0eb0 0E040000 		.word	1038
 7286 0eb4 19040000 		.word	1049
 7287 0eb8 24040000 		.word	1060
 7288 0ebc 2F040000 		.word	1071
 7289 0ec0 3A040000 		.word	1082
 7290 0ec4 45040000 		.word	1093
 7291 0ec8 51040000 		.word	1105
 7292 0ecc 5C040000 		.word	1116
 7293 0ed0 67040000 		.word	1127
 7294 0ed4 72040000 		.word	1138
 7295 0ed8 7D040000 		.word	1149
 7296 0edc 89040000 		.word	1161
 7297 0ee0 94040000 		.word	1172
 7298 0ee4 9F040000 		.word	1183
 7299 0ee8 AB040000 		.word	1195
 7300 0eec B6040000 		.word	1206
 7301 0ef0 C2040000 		.word	1218
 7302 0ef4 CD040000 		.word	1229
ARM GAS  C:\Users\techn\AppData\Local\Temp\ccy0OLmH.s 			page 158


 7303 0ef8 D9040000 		.word	1241
 7304 0efc E4040000 		.word	1252
 7305 0f00 F0040000 		.word	1264
 7306 0f04 FC040000 		.word	1276
 7307 0f08 07050000 		.word	1287
 7308 0f0c 13050000 		.word	1299
 7309 0f10 1F050000 		.word	1311
 7310 0f14 2A050000 		.word	1322
 7311 0f18 36050000 		.word	1334
 7312 0f1c 42050000 		.word	1346
 7313 0f20 4E050000 		.word	1358
 7314 0f24 5A050000 		.word	1370
 7315 0f28 65050000 		.word	1381
 7316 0f2c 71050000 		.word	1393
 7317 0f30 7D050000 		.word	1405
 7318 0f34 89050000 		.word	1417
 7319 0f38 95050000 		.word	1429
 7320 0f3c A1050000 		.word	1441
 7321 0f40 AD050000 		.word	1453
 7322 0f44 B9050000 		.word	1465
 7323 0f48 C5050000 		.word	1477
 7324 0f4c D1050000 		.word	1489
 7325 0f50 DD050000 		.word	1501
 7326 0f54 EA050000 		.word	1514
 7327 0f58 F6050000 		.word	1526
 7328 0f5c 02060000 		.word	1538
 7329 0f60 0E060000 		.word	1550
 7330 0f64 1A060000 		.word	1562
 7331 0f68 26060000 		.word	1574
 7332 0f6c 33060000 		.word	1587
 7333 0f70 3F060000 		.word	1599
 7334 0f74 4B060000 		.word	1611
 7335 0f78 57060000 		.word	1623
 7336 0f7c 64060000 		.word	1636
 7337 0f80 70060000 		.word	1648
 7338 0f84 7C060000 		.word	1660
 7339 0f88 89060000 		.word	1673
 7340 0f8c 95060000 		.word	1685
 7341 0f90 A1060000 		.word	1697
 7342 0f94 AE060000 		.word	1710
 7343 0f98 BA060000 		.word	1722
 7344 0f9c C7060000 		.word	1735
 7345 0fa0 D3060000 		.word	1747
 7346 0fa4 E0060000 		.word	1760
 7347 0fa8 EC060000 		.word	1772
 7348 0fac F8060000 		.word	1784
 7349 0fb0 05070000 		.word	1797
 7350 0fb4 11070000 		.word	1809
 7351 0fb8 1E070000 		.word	1822
 7352 0fbc 2A070000 		.word	1834
 7353 0fc0 37070000 		.word	1847
 7354 0fc4 43070000 		.word	1859
 7355 0fc8 50070000 		.word	1872
 7356 0fcc 5C070000 		.word	1884
 7357 0fd0 69070000 		.word	1897
 7358 0fd4 75070000 		.word	1909
 7359 0fd8 82070000 		.word	1922
ARM GAS  C:\Users\techn\AppData\Local\Temp\ccy0OLmH.s 			page 159


 7360 0fdc 8E070000 		.word	1934
 7361 0fe0 9B070000 		.word	1947
 7362 0fe4 A8070000 		.word	1960
 7363 0fe8 B4070000 		.word	1972
 7364 0fec C1070000 		.word	1985
 7365 0ff0 CD070000 		.word	1997
 7366 0ff4 DA070000 		.word	2010
 7367 0ff8 E6070000 		.word	2022
 7368 0ffc F3070000 		.word	2035
 7369              		.global	hdma_tim2_ch1
 7370              		.section	.bss.hdma_tim2_ch1,"aw",%nobits
 7371              		.align	2
 7374              	hdma_tim2_ch1:
 7375 0000 00000000 		.space	96
 7375      00000000 
 7375      00000000 
 7375      00000000 
 7375      00000000 
 7376              		.global	htim3
 7377              		.section	.bss.htim3,"aw",%nobits
 7378              		.align	2
 7381              	htim3:
 7382 0000 00000000 		.space	72
 7382      00000000 
 7382      00000000 
 7382      00000000 
 7382      00000000 
 7383              		.global	htim2
 7384              		.section	.bss.htim2,"aw",%nobits
 7385              		.align	2
 7388              	htim2:
 7389 0000 00000000 		.space	72
 7389      00000000 
 7389      00000000 
 7389      00000000 
 7389      00000000 
 7390              		.text
 7391              	.Letext0:
 7392              		.file 3 "Drivers/CMSIS/Device/ST/STM32F4xx/Include/stm32f446xx.h"
 7393              		.file 4 "C:\\Program Files\\STMicroelectronics\\STM32Cube\\STM32CubeIDE_1.19.0\\STM32CubeIDE\\plug
 7394              		.file 5 "C:\\Program Files\\STMicroelectronics\\STM32Cube\\STM32CubeIDE_1.19.0\\STM32CubeIDE\\plug
 7395              		.file 6 "Drivers/STM32F4xx_HAL_Driver/Inc/stm32f4xx_hal_def.h"
 7396              		.file 7 "Drivers/STM32F4xx_HAL_Driver/Inc/stm32f4xx_hal_rcc_ex.h"
 7397              		.file 8 "Drivers/STM32F4xx_HAL_Driver/Inc/stm32f4xx_hal_rcc.h"
 7398              		.file 9 "Drivers/STM32F4xx_HAL_Driver/Inc/stm32f4xx_hal_gpio.h"
 7399              		.file 10 "Drivers/STM32F4xx_HAL_Driver/Inc/stm32f4xx_hal_dma.h"
 7400              		.file 11 "Drivers/STM32F4xx_HAL_Driver/Inc/stm32f4xx_hal_tim.h"
 7401              		.file 12 "Core/Inc/main.h"
 7402              		.file 13 "Drivers/STM32F4xx_HAL_Driver/Inc/stm32f4xx_hal_tim_ex.h"
 7403              		.file 14 "Drivers/STM32F4xx_HAL_Driver/Inc/stm32f4xx_hal_cortex.h"
 7404              		.file 15 "Core/Inc/lcd_stm32f4.h"
 7405              		.file 16 "Drivers/STM32F4xx_HAL_Driver/Inc/stm32f4xx_hal.h"
 7406              		.file 17 "<built-in>"
ARM GAS  C:\Users\techn\AppData\Local\Temp\ccy0OLmH.s 			page 160


DEFINED SYMBOLS
                            *ABS*:00000000 main.c
C:\Users\techn\AppData\Local\Temp\ccy0OLmH.s:21     .text.MX_GPIO_Init:00000000 $t
C:\Users\techn\AppData\Local\Temp\ccy0OLmH.s:26     .text.MX_GPIO_Init:00000000 MX_GPIO_Init
C:\Users\techn\AppData\Local\Temp\ccy0OLmH.s:192    .text.MX_GPIO_Init:000000d4 $d
C:\Users\techn\AppData\Local\Temp\ccy0OLmH.s:200    .text.MX_DMA_Init:00000000 $t
C:\Users\techn\AppData\Local\Temp\ccy0OLmH.s:205    .text.MX_DMA_Init:00000000 MX_DMA_Init
C:\Users\techn\AppData\Local\Temp\ccy0OLmH.s:254    .text.MX_DMA_Init:00000030 $d
C:\Users\techn\AppData\Local\Temp\ccy0OLmH.s:259    .rodata.EXTI0_IRQHandler.str1.4:00000000 $d
C:\Users\techn\AppData\Local\Temp\ccy0OLmH.s:278    .text.EXTI0_IRQHandler:00000000 $t
C:\Users\techn\AppData\Local\Temp\ccy0OLmH.s:284    .text.EXTI0_IRQHandler:00000000 EXTI0_IRQHandler
C:\Users\techn\AppData\Local\Temp\ccy0OLmH.s:349    .text.EXTI0_IRQHandler:00000054 $d
C:\Users\techn\AppData\Local\Temp\ccy0OLmH.s:355    .text.EXTI0_IRQHandler:0000005a $t
C:\Users\techn\AppData\Local\Temp\ccy0OLmH.s:459    .text.EXTI0_IRQHandler:000000f8 $d
C:\Users\techn\AppData\Local\Temp\ccy0OLmH.s:1187   .bss.prev_tick:00000000 prev_tick
C:\Users\techn\AppData\Local\Temp\ccy0OLmH.s:7388   .bss.htim2:00000000 htim2
C:\Users\techn\AppData\Local\Temp\ccy0OLmH.s:7374   .bss.hdma_tim2_ch1:00000000 hdma_tim2_ch1
C:\Users\techn\AppData\Local\Temp\ccy0OLmH.s:1180   .bss.waveform:00000000 waveform
C:\Users\techn\AppData\Local\Temp\ccy0OLmH.s:1166   .data.DestAddress:00000000 DestAddress
C:\Users\techn\AppData\Local\Temp\ccy0OLmH.s:6344   .rodata.Sin_LUT:00000000 Sin_LUT
C:\Users\techn\AppData\Local\Temp\ccy0OLmH.s:5314   .rodata.Saw_LUT:00000000 Saw_LUT
C:\Users\techn\AppData\Local\Temp\ccy0OLmH.s:4284   .rodata.Triangle_LUT:00000000 Triangle_LUT
C:\Users\techn\AppData\Local\Temp\ccy0OLmH.s:3254   .rodata.Piano_LUT:00000000 Piano_LUT
C:\Users\techn\AppData\Local\Temp\ccy0OLmH.s:2224   .rodata.Guitar_LUT:00000000 Guitar_LUT
C:\Users\techn\AppData\Local\Temp\ccy0OLmH.s:1194   .rodata.Drum_LUT:00000000 Drum_LUT
C:\Users\techn\AppData\Local\Temp\ccy0OLmH.s:482    .text.Error_Handler:00000000 $t
C:\Users\techn\AppData\Local\Temp\ccy0OLmH.s:488    .text.Error_Handler:00000000 Error_Handler
C:\Users\techn\AppData\Local\Temp\ccy0OLmH.s:520    .text.MX_TIM2_Init:00000000 $t
C:\Users\techn\AppData\Local\Temp\ccy0OLmH.s:525    .text.MX_TIM2_Init:00000000 MX_TIM2_Init
C:\Users\techn\AppData\Local\Temp\ccy0OLmH.s:753    .text.MX_TIM2_Init:000000f8 $d
C:\Users\techn\AppData\Local\Temp\ccy0OLmH.s:1173   .data.TIM2_Ticks:00000000 TIM2_Ticks
C:\Users\techn\AppData\Local\Temp\ccy0OLmH.s:762    .text.MX_TIM3_Init:00000000 $t
C:\Users\techn\AppData\Local\Temp\ccy0OLmH.s:767    .text.MX_TIM3_Init:00000000 MX_TIM3_Init
C:\Users\techn\AppData\Local\Temp\ccy0OLmH.s:920    .text.MX_TIM3_Init:0000009c $d
C:\Users\techn\AppData\Local\Temp\ccy0OLmH.s:7381   .bss.htim3:00000000 htim3
C:\Users\techn\AppData\Local\Temp\ccy0OLmH.s:926    .text.SystemClock_Config:00000000 $t
C:\Users\techn\AppData\Local\Temp\ccy0OLmH.s:932    .text.SystemClock_Config:00000000 SystemClock_Config
C:\Users\techn\AppData\Local\Temp\ccy0OLmH.s:1061   .text.SystemClock_Config:00000084 $d
C:\Users\techn\AppData\Local\Temp\ccy0OLmH.s:1067   .text.main:00000000 $t
C:\Users\techn\AppData\Local\Temp\ccy0OLmH.s:1073   .text.main:00000000 main
C:\Users\techn\AppData\Local\Temp\ccy0OLmH.s:1151   .text.main:00000060 $d
C:\Users\techn\AppData\Local\Temp\ccy0OLmH.s:1163   .data.DestAddress:00000000 $d
C:\Users\techn\AppData\Local\Temp\ccy0OLmH.s:1170   .data.TIM2_Ticks:00000000 $d
C:\Users\techn\AppData\Local\Temp\ccy0OLmH.s:1177   .bss.waveform:00000000 $d
C:\Users\techn\AppData\Local\Temp\ccy0OLmH.s:1184   .bss.prev_tick:00000000 $d
C:\Users\techn\AppData\Local\Temp\ccy0OLmH.s:1191   .rodata.Drum_LUT:00000000 $d
C:\Users\techn\AppData\Local\Temp\ccy0OLmH.s:2221   .rodata.Guitar_LUT:00000000 $d
C:\Users\techn\AppData\Local\Temp\ccy0OLmH.s:3251   .rodata.Piano_LUT:00000000 $d
C:\Users\techn\AppData\Local\Temp\ccy0OLmH.s:4281   .rodata.Triangle_LUT:00000000 $d
C:\Users\techn\AppData\Local\Temp\ccy0OLmH.s:5311   .rodata.Saw_LUT:00000000 $d
C:\Users\techn\AppData\Local\Temp\ccy0OLmH.s:6341   .rodata.Sin_LUT:00000000 $d
C:\Users\techn\AppData\Local\Temp\ccy0OLmH.s:7371   .bss.hdma_tim2_ch1:00000000 $d
C:\Users\techn\AppData\Local\Temp\ccy0OLmH.s:7378   .bss.htim3:00000000 $d
C:\Users\techn\AppData\Local\Temp\ccy0OLmH.s:7385   .bss.htim2:00000000 $d

UNDEFINED SYMBOLS
HAL_GPIO_Init
ARM GAS  C:\Users\techn\AppData\Local\Temp\ccy0OLmH.s 			page 161


HAL_GPIO_WritePin
HAL_NVIC_SetPriority
HAL_NVIC_EnableIRQ
HAL_GetTick
HAL_GPIO_EXTI_IRQHandler
HAL_DMA_Abort_IT
HAL_DMA_Start_IT
lcd_update_line
HAL_TIM_Base_Init
HAL_TIM_ConfigClockSource
HAL_TIM_OC_Init
HAL_TIMEx_MasterConfigSynchronization
HAL_TIM_OC_ConfigChannel
HAL_DMA_Init
HAL_TIM_PWM_Init
HAL_TIM_PWM_ConfigChannel
HAL_TIM_MspPostInit
memset
HAL_RCC_OscConfig
HAL_RCC_ClockConfig
HAL_Init
HAL_TIM_PWM_Start
HAL_TIM_OC_Start
init_LCD
lcd_command
