ARM GAS  C:\Users\techn\AppData\Local\Temp\cc085Qaf.s 			page 1


   1              		.cpu cortex-m4
   2              		.arch armv7e-m
   3              		.fpu softvfp
   4              		.eabi_attribute 20, 1
   5              		.eabi_attribute 21, 1
   6              		.eabi_attribute 23, 3
   7              		.eabi_attribute 24, 1
   8              		.eabi_attribute 25, 1
   9              		.eabi_attribute 26, 1
  10              		.eabi_attribute 30, 1
  11              		.eabi_attribute 34, 1
  12              		.eabi_attribute 18, 4
  13              		.file	"main.c"
  14              		.text
  15              	.Ltext0:
  16              		.cfi_sections	.debug_frame
  17              		.file 1 "Core/Src/main.c"
  18              		.section	.text.MX_GPIO_Init,"ax",%progbits
  19              		.align	1
  20              		.syntax unified
  21              		.thumb
  22              		.thumb_func
  24              	MX_GPIO_Init:
  25              	.LFB136:
   1:Core/Src/main.c **** /* USER CODE BEGIN Header */
   2:Core/Src/main.c **** /**
   3:Core/Src/main.c ****   ******************************************************************************
   4:Core/Src/main.c ****   * @file           : main.c
   5:Core/Src/main.c ****   * @brief          : Main program body
   6:Core/Src/main.c ****   ******************************************************************************
   7:Core/Src/main.c ****   * @attention
   8:Core/Src/main.c ****   *
   9:Core/Src/main.c ****   * Copyright (c) 2025 STMicroelectronics.
  10:Core/Src/main.c ****   * All rights reserved.
  11:Core/Src/main.c ****   *
  12:Core/Src/main.c ****   * This software is licensed under terms that can be found in the LICENSE file
  13:Core/Src/main.c ****   * in the root directory of this software component.
  14:Core/Src/main.c ****   * If no LICENSE file comes with this software, it is provided AS-IS.
  15:Core/Src/main.c ****   *
  16:Core/Src/main.c ****   ******************************************************************************
  17:Core/Src/main.c ****   */
  18:Core/Src/main.c **** /* USER CODE END Header */
  19:Core/Src/main.c **** /* Includes ------------------------------------------------------------------*/
  20:Core/Src/main.c **** #include "main.h"
  21:Core/Src/main.c **** 
  22:Core/Src/main.c **** /* Private includes ----------------------------------------------------------*/
  23:Core/Src/main.c **** /* USER CODE BEGIN Includes */
  24:Core/Src/main.c **** 
  25:Core/Src/main.c **** /* USER CODE END Includes */
  26:Core/Src/main.c **** 
  27:Core/Src/main.c **** /* Private typedef -----------------------------------------------------------*/
  28:Core/Src/main.c **** /* USER CODE BEGIN PTD */
  29:Core/Src/main.c **** 
  30:Core/Src/main.c **** /* USER CODE END PTD */
  31:Core/Src/main.c **** 
  32:Core/Src/main.c **** /* Private define ------------------------------------------------------------*/
  33:Core/Src/main.c **** /* USER CODE BEGIN PD */
ARM GAS  C:\Users\techn\AppData\Local\Temp\cc085Qaf.s 			page 2


  34:Core/Src/main.c **** 
  35:Core/Src/main.c **** /* USER CODE END PD */
  36:Core/Src/main.c **** 
  37:Core/Src/main.c **** /* Private macro -------------------------------------------------------------*/
  38:Core/Src/main.c **** /* USER CODE BEGIN PM */
  39:Core/Src/main.c **** 
  40:Core/Src/main.c **** /* USER CODE END PM */
  41:Core/Src/main.c **** 
  42:Core/Src/main.c **** /* Private variables ---------------------------------------------------------*/
  43:Core/Src/main.c **** 
  44:Core/Src/main.c **** /* USER CODE BEGIN PV */
  45:Core/Src/main.c **** //TODO: Define variables you think you might need
  46:Core/Src/main.c **** // - Performance timing variables (e.g execution time, throughput, pixels per second, clock cycles)
  47:Core/Src/main.c **** #define MAX_ITER 100
  48:Core/Src/main.c **** int dimensions[] = {128, 160, 192, 224, 256};
  49:Core/Src/main.c **** uint64_t checksum0;
  50:Core/Src/main.c **** uint64_t checksum1;
  51:Core/Src/main.c **** uint64_t checksum2;
  52:Core/Src/main.c **** uint64_t checksum3;
  53:Core/Src/main.c **** uint64_t checksum4;
  54:Core/Src/main.c **** int execution_time0;
  55:Core/Src/main.c **** int execution_time1;
  56:Core/Src/main.c **** int execution_time2;
  57:Core/Src/main.c **** int execution_time3;
  58:Core/Src/main.c **** int execution_time4;
  59:Core/Src/main.c **** 
  60:Core/Src/main.c **** /* USER CODE END PV */
  61:Core/Src/main.c **** 
  62:Core/Src/main.c **** /* Private function prototypes -----------------------------------------------*/
  63:Core/Src/main.c **** void SystemClock_Config(void);
  64:Core/Src/main.c **** static void MX_GPIO_Init(void);
  65:Core/Src/main.c **** /* USER CODE BEGIN PFP */
  66:Core/Src/main.c **** //TODO: Define any function prototypes you might need such as the calculate Mandelbrot function amo
  67:Core/Src/main.c **** uint64_t calculate_mandelbrot_fixed_point_arithmetic(int width, int height, int max_iterations);
  68:Core/Src/main.c **** uint64_t calculate_mandelbrot_double(int width, int height, int max_iterations);
  69:Core/Src/main.c **** 
  70:Core/Src/main.c **** /* USER CODE END PFP */
  71:Core/Src/main.c **** 
  72:Core/Src/main.c **** /* Private user code ---------------------------------------------------------*/
  73:Core/Src/main.c **** /* USER CODE BEGIN 0 */
  74:Core/Src/main.c **** 
  75:Core/Src/main.c **** /* USER CODE END 0 */
  76:Core/Src/main.c **** 
  77:Core/Src/main.c **** /**
  78:Core/Src/main.c ****   * @brief  The application entry point.
  79:Core/Src/main.c ****   * @retval int
  80:Core/Src/main.c ****   */
  81:Core/Src/main.c **** int main(void)
  82:Core/Src/main.c **** {
  83:Core/Src/main.c **** 
  84:Core/Src/main.c ****   /* USER CODE BEGIN 1 */
  85:Core/Src/main.c **** 
  86:Core/Src/main.c ****   /* USER CODE END 1 */
  87:Core/Src/main.c **** 
  88:Core/Src/main.c ****   /* MCU Configuration--------------------------------------------------------*/
  89:Core/Src/main.c **** 
  90:Core/Src/main.c ****   /* Reset of all peripherals, Initializes the Flash interface and the Systick. */
ARM GAS  C:\Users\techn\AppData\Local\Temp\cc085Qaf.s 			page 3


  91:Core/Src/main.c ****   HAL_Init();
  92:Core/Src/main.c **** 
  93:Core/Src/main.c ****   /* USER CODE BEGIN Init */
  94:Core/Src/main.c **** 
  95:Core/Src/main.c ****   /* USER CODE END Init */
  96:Core/Src/main.c **** 
  97:Core/Src/main.c ****   /* Configure the system clock */
  98:Core/Src/main.c ****   SystemClock_Config();
  99:Core/Src/main.c **** 
 100:Core/Src/main.c ****   /* USER CODE BEGIN SysInit */
 101:Core/Src/main.c **** 
 102:Core/Src/main.c ****   /* USER CODE END SysInit */
 103:Core/Src/main.c **** 
 104:Core/Src/main.c ****   /* Initialize all configured peripherals */
 105:Core/Src/main.c ****   MX_GPIO_Init();
 106:Core/Src/main.c ****   /* USER CODE BEGIN 2 */
 107:Core/Src/main.c **** 
 108:Core/Src/main.c ****   /* USER CODE END 2 */
 109:Core/Src/main.c **** 
 110:Core/Src/main.c ****   /* Infinite loop */
 111:Core/Src/main.c ****   /* USER CODE BEGIN WHILE */
 112:Core/Src/main.c **** //  while (1)
 113:Core/Src/main.c **** //  {
 114:Core/Src/main.c ****     /* USER CODE END WHILE */
 115:Core/Src/main.c **** 
 116:Core/Src/main.c ****     /* USER CODE BEGIN 3 */
 117:Core/Src/main.c ****   //TODO: Visual indicator: Turn on LED0 to signal processing start
 118:Core/Src/main.c ****   GPIOB->ODR |= 1;
 119:Core/Src/main.c **** 
 120:Core/Src/main.c ****   //TODO: Benchmark and Profile Performance
 121:Core/Src/main.c ****   int checksums[5];
 122:Core/Src/main.c ****   int execution_times[5];
 123:Core/Src/main.c ****   int start_time;
 124:Core/Src/main.c ****   int end_time;
 125:Core/Src/main.c ****   for (int i=0; i<5; i++) {
 126:Core/Src/main.c **** 	  start_time = HAL_GetTick();
 127:Core/Src/main.c **** 	  checksums[i] = calculate_mandelbrot_double(dimensions[i], dimensions[i], MAX_ITER);
 128:Core/Src/main.c **** 	  end_time = HAL_GetTick();
 129:Core/Src/main.c **** 	  execution_times[i] = end_time-start_time;
 130:Core/Src/main.c ****   }
 131:Core/Src/main.c ****   checksum0 = checksums[0];
 132:Core/Src/main.c ****   checksum1 = checksums[1];
 133:Core/Src/main.c ****   checksum2 = checksums[2];
 134:Core/Src/main.c ****   checksum3 = checksums[3];
 135:Core/Src/main.c ****   checksum4 = checksums[4];
 136:Core/Src/main.c ****   execution_time0 = execution_times[0];
 137:Core/Src/main.c ****   execution_time1 = execution_times[1];
 138:Core/Src/main.c ****   execution_time2 = execution_times[2];
 139:Core/Src/main.c ****   execution_time3 = execution_times[3];
 140:Core/Src/main.c ****   execution_time4 = execution_times[4];
 141:Core/Src/main.c **** 
 142:Core/Src/main.c ****   //TODO: Visual indicator: Turn on LED1 to signal processing start
 143:Core/Src/main.c ****   GPIOB->ODR |= 2;
 144:Core/Src/main.c **** 
 145:Core/Src/main.c ****   //TODO: Keep the LEDs ON for 2s
 146:Core/Src/main.c ****   HAL_Delay(2000);
 147:Core/Src/main.c **** 
ARM GAS  C:\Users\techn\AppData\Local\Temp\cc085Qaf.s 			page 4


 148:Core/Src/main.c ****   //TODO: Turn OFF LEDs
 149:Core/Src/main.c ****   GPIOB->ODR &= ~0xFF;
 150:Core/Src/main.c ****   while (1)//relocated by the student
 151:Core/Src/main.c ****   {//relocated by the student
 152:Core/Src/main.c **** 
 153:Core/Src/main.c ****   }
 154:Core/Src/main.c ****   /* USER CODE END 3 */
 155:Core/Src/main.c **** }
 156:Core/Src/main.c **** 
 157:Core/Src/main.c **** /**
 158:Core/Src/main.c ****   * @brief System Clock Configuration
 159:Core/Src/main.c ****   * @retval None
 160:Core/Src/main.c ****   */
 161:Core/Src/main.c **** void SystemClock_Config(void)
 162:Core/Src/main.c **** {
 163:Core/Src/main.c ****   RCC_OscInitTypeDef RCC_OscInitStruct = {0};
 164:Core/Src/main.c ****   RCC_ClkInitTypeDef RCC_ClkInitStruct = {0};
 165:Core/Src/main.c **** 
 166:Core/Src/main.c ****   /** Configure the main internal regulator output voltage
 167:Core/Src/main.c ****   */
 168:Core/Src/main.c ****   __HAL_RCC_PWR_CLK_ENABLE();
 169:Core/Src/main.c ****   __HAL_PWR_VOLTAGESCALING_CONFIG(PWR_REGULATOR_VOLTAGE_SCALE3);
 170:Core/Src/main.c **** 
 171:Core/Src/main.c ****   /** Initializes the RCC Oscillators according to the specified parameters
 172:Core/Src/main.c ****   * in the RCC_OscInitTypeDef structure.
 173:Core/Src/main.c ****   */
 174:Core/Src/main.c ****   RCC_OscInitStruct.OscillatorType = RCC_OSCILLATORTYPE_HSE;
 175:Core/Src/main.c ****   RCC_OscInitStruct.HSEState = RCC_HSE_ON;
 176:Core/Src/main.c ****   RCC_OscInitStruct.PLL.PLLState = RCC_PLL_ON;
 177:Core/Src/main.c ****   RCC_OscInitStruct.PLL.PLLSource = RCC_PLLSOURCE_HSE;
 178:Core/Src/main.c ****   RCC_OscInitStruct.PLL.PLLM = 15;
 179:Core/Src/main.c ****   RCC_OscInitStruct.PLL.PLLN = 144;
 180:Core/Src/main.c ****   RCC_OscInitStruct.PLL.PLLP = RCC_PLLP_DIV2;
 181:Core/Src/main.c ****   RCC_OscInitStruct.PLL.PLLQ = 2;
 182:Core/Src/main.c ****   RCC_OscInitStruct.PLL.PLLR = 2;
 183:Core/Src/main.c ****   if (HAL_RCC_OscConfig(&RCC_OscInitStruct) != HAL_OK)
 184:Core/Src/main.c ****   {
 185:Core/Src/main.c ****     Error_Handler();
 186:Core/Src/main.c ****   }
 187:Core/Src/main.c **** 
 188:Core/Src/main.c ****   /** Initializes the CPU, AHB and APB buses clocks
 189:Core/Src/main.c ****   */
 190:Core/Src/main.c ****   RCC_ClkInitStruct.ClockType = RCC_CLOCKTYPE_HCLK|RCC_CLOCKTYPE_SYSCLK
 191:Core/Src/main.c ****                               |RCC_CLOCKTYPE_PCLK1|RCC_CLOCKTYPE_PCLK2;
 192:Core/Src/main.c ****   RCC_ClkInitStruct.SYSCLKSource = RCC_SYSCLKSOURCE_PLLCLK;
 193:Core/Src/main.c ****   RCC_ClkInitStruct.AHBCLKDivider = RCC_SYSCLK_DIV1;
 194:Core/Src/main.c ****   RCC_ClkInitStruct.APB1CLKDivider = RCC_HCLK_DIV4;
 195:Core/Src/main.c ****   RCC_ClkInitStruct.APB2CLKDivider = RCC_HCLK_DIV2;
 196:Core/Src/main.c **** 
 197:Core/Src/main.c ****   if (HAL_RCC_ClockConfig(&RCC_ClkInitStruct, FLASH_LATENCY_3) != HAL_OK)
 198:Core/Src/main.c ****   {
 199:Core/Src/main.c ****     Error_Handler();
 200:Core/Src/main.c ****   }
 201:Core/Src/main.c **** }
 202:Core/Src/main.c **** 
 203:Core/Src/main.c **** /**
 204:Core/Src/main.c ****   * @brief GPIO Initialization Function
ARM GAS  C:\Users\techn\AppData\Local\Temp\cc085Qaf.s 			page 5


 205:Core/Src/main.c ****   * @param None
 206:Core/Src/main.c ****   * @retval None
 207:Core/Src/main.c ****   */
 208:Core/Src/main.c **** static void MX_GPIO_Init(void)
 209:Core/Src/main.c **** {
  26              		.loc 1 209 1 view -0
  27              		.cfi_startproc
  28              		@ args = 0, pretend = 0, frame = 32
  29              		@ frame_needed = 0, uses_anonymous_args = 0
  30 0000 30B5     		push	{r4, r5, lr}
  31              	.LCFI0:
  32              		.cfi_def_cfa_offset 12
  33              		.cfi_offset 4, -12
  34              		.cfi_offset 5, -8
  35              		.cfi_offset 14, -4
  36 0002 89B0     		sub	sp, sp, #36
  37              	.LCFI1:
  38              		.cfi_def_cfa_offset 48
 210:Core/Src/main.c ****   GPIO_InitTypeDef GPIO_InitStruct = {0};
  39              		.loc 1 210 3 view .LVU1
  40              		.loc 1 210 20 is_stmt 0 view .LVU2
  41 0004 0024     		movs	r4, #0
  42 0006 0394     		str	r4, [sp, #12]
  43 0008 0494     		str	r4, [sp, #16]
  44 000a 0594     		str	r4, [sp, #20]
  45 000c 0694     		str	r4, [sp, #24]
  46 000e 0794     		str	r4, [sp, #28]
 211:Core/Src/main.c ****   /* USER CODE BEGIN MX_GPIO_Init_1 */
 212:Core/Src/main.c **** 
 213:Core/Src/main.c ****   /* USER CODE END MX_GPIO_Init_1 */
 214:Core/Src/main.c **** 
 215:Core/Src/main.c ****   /* GPIO Ports Clock Enable */
 216:Core/Src/main.c ****   __HAL_RCC_GPIOC_CLK_ENABLE();
  47              		.loc 1 216 3 is_stmt 1 view .LVU3
  48              	.LBB4:
  49              		.loc 1 216 3 view .LVU4
  50 0010 0094     		str	r4, [sp]
  51              		.loc 1 216 3 view .LVU5
  52 0012 184B     		ldr	r3, .L3
  53 0014 1A6B     		ldr	r2, [r3, #48]
  54 0016 42F00402 		orr	r2, r2, #4
  55 001a 1A63     		str	r2, [r3, #48]
  56              		.loc 1 216 3 view .LVU6
  57 001c 1A6B     		ldr	r2, [r3, #48]
  58 001e 02F00402 		and	r2, r2, #4
  59 0022 0092     		str	r2, [sp]
  60              		.loc 1 216 3 view .LVU7
  61 0024 009A     		ldr	r2, [sp]
  62              	.LBE4:
  63              		.loc 1 216 3 view .LVU8
 217:Core/Src/main.c ****   __HAL_RCC_GPIOH_CLK_ENABLE();
  64              		.loc 1 217 3 view .LVU9
  65              	.LBB5:
  66              		.loc 1 217 3 view .LVU10
  67 0026 0194     		str	r4, [sp, #4]
  68              		.loc 1 217 3 view .LVU11
  69 0028 1A6B     		ldr	r2, [r3, #48]
ARM GAS  C:\Users\techn\AppData\Local\Temp\cc085Qaf.s 			page 6


  70 002a 42F08002 		orr	r2, r2, #128
  71 002e 1A63     		str	r2, [r3, #48]
  72              		.loc 1 217 3 view .LVU12
  73 0030 1A6B     		ldr	r2, [r3, #48]
  74 0032 02F08002 		and	r2, r2, #128
  75 0036 0192     		str	r2, [sp, #4]
  76              		.loc 1 217 3 view .LVU13
  77 0038 019A     		ldr	r2, [sp, #4]
  78              	.LBE5:
  79              		.loc 1 217 3 view .LVU14
 218:Core/Src/main.c ****   __HAL_RCC_GPIOB_CLK_ENABLE();
  80              		.loc 1 218 3 view .LVU15
  81              	.LBB6:
  82              		.loc 1 218 3 view .LVU16
  83 003a 0294     		str	r4, [sp, #8]
  84              		.loc 1 218 3 view .LVU17
  85 003c 1A6B     		ldr	r2, [r3, #48]
  86 003e 42F00202 		orr	r2, r2, #2
  87 0042 1A63     		str	r2, [r3, #48]
  88              		.loc 1 218 3 view .LVU18
  89 0044 1B6B     		ldr	r3, [r3, #48]
  90 0046 03F00203 		and	r3, r3, #2
  91 004a 0293     		str	r3, [sp, #8]
  92              		.loc 1 218 3 view .LVU19
  93 004c 029B     		ldr	r3, [sp, #8]
  94              	.LBE6:
  95              		.loc 1 218 3 view .LVU20
 219:Core/Src/main.c **** 
 220:Core/Src/main.c ****   /*Configure GPIO pin Output Level */
 221:Core/Src/main.c ****   HAL_GPIO_WritePin(GPIOB, GPIO_PIN_0|GPIO_PIN_1|GPIO_PIN_2|GPIO_PIN_3
  96              		.loc 1 221 3 view .LVU21
  97 004e 0A4D     		ldr	r5, .L3+4
  98 0050 2246     		mov	r2, r4
  99 0052 FF21     		movs	r1, #255
 100 0054 2846     		mov	r0, r5
 101 0056 FFF7FEFF 		bl	HAL_GPIO_WritePin
 102              	.LVL0:
 222:Core/Src/main.c ****                           |GPIO_PIN_4|GPIO_PIN_5|GPIO_PIN_6|GPIO_PIN_7, GPIO_PIN_RESET);
 223:Core/Src/main.c **** 
 224:Core/Src/main.c ****   /*Configure GPIO pins : PB0 PB1 PB2 PB3
 225:Core/Src/main.c ****                            PB4 PB5 PB6 PB7 */
 226:Core/Src/main.c ****   GPIO_InitStruct.Pin = GPIO_PIN_0|GPIO_PIN_1|GPIO_PIN_2|GPIO_PIN_3
 103              		.loc 1 226 3 view .LVU22
 104              		.loc 1 226 23 is_stmt 0 view .LVU23
 105 005a FF23     		movs	r3, #255
 106 005c 0393     		str	r3, [sp, #12]
 227:Core/Src/main.c ****                           |GPIO_PIN_4|GPIO_PIN_5|GPIO_PIN_6|GPIO_PIN_7;
 228:Core/Src/main.c ****   GPIO_InitStruct.Mode = GPIO_MODE_OUTPUT_PP;
 107              		.loc 1 228 3 is_stmt 1 view .LVU24
 108              		.loc 1 228 24 is_stmt 0 view .LVU25
 109 005e 0123     		movs	r3, #1
 110 0060 0493     		str	r3, [sp, #16]
 229:Core/Src/main.c ****   GPIO_InitStruct.Pull = GPIO_NOPULL;
 111              		.loc 1 229 3 is_stmt 1 view .LVU26
 112              		.loc 1 229 24 is_stmt 0 view .LVU27
 113 0062 0594     		str	r4, [sp, #20]
 230:Core/Src/main.c ****   GPIO_InitStruct.Speed = GPIO_SPEED_FREQ_LOW;
ARM GAS  C:\Users\techn\AppData\Local\Temp\cc085Qaf.s 			page 7


 114              		.loc 1 230 3 is_stmt 1 view .LVU28
 115              		.loc 1 230 25 is_stmt 0 view .LVU29
 116 0064 0694     		str	r4, [sp, #24]
 231:Core/Src/main.c ****   HAL_GPIO_Init(GPIOB, &GPIO_InitStruct);
 117              		.loc 1 231 3 is_stmt 1 view .LVU30
 118 0066 03A9     		add	r1, sp, #12
 119 0068 2846     		mov	r0, r5
 120 006a FFF7FEFF 		bl	HAL_GPIO_Init
 121              	.LVL1:
 232:Core/Src/main.c **** 
 233:Core/Src/main.c ****   /* USER CODE BEGIN MX_GPIO_Init_2 */
 234:Core/Src/main.c **** 
 235:Core/Src/main.c ****   /* USER CODE END MX_GPIO_Init_2 */
 236:Core/Src/main.c **** }
 122              		.loc 1 236 1 is_stmt 0 view .LVU31
 123 006e 09B0     		add	sp, sp, #36
 124              	.LCFI2:
 125              		.cfi_def_cfa_offset 12
 126              		@ sp needed
 127 0070 30BD     		pop	{r4, r5, pc}
 128              	.L4:
 129 0072 00BF     		.align	2
 130              	.L3:
 131 0074 00380240 		.word	1073887232
 132 0078 00040240 		.word	1073873920
 133              		.cfi_endproc
 134              	.LFE136:
 136              		.global	__aeabi_ldivmod
 137              		.section	.text.calculate_mandelbrot_fixed_point_arithmetic,"ax",%progbits
 138              		.align	1
 139              		.global	calculate_mandelbrot_fixed_point_arithmetic
 140              		.syntax unified
 141              		.thumb
 142              		.thumb_func
 144              	calculate_mandelbrot_fixed_point_arithmetic:
 145              	.LVL2:
 146              	.LFB137:
 237:Core/Src/main.c **** 
 238:Core/Src/main.c **** /* USER CODE BEGIN 4 */
 239:Core/Src/main.c **** //TODO: Function signatures you defined previously , implement them here
 240:Core/Src/main.c **** uint64_t calculate_mandelbrot_fixed_point_arithmetic(int width, int height, int max_iterations){
 147              		.loc 1 240 96 is_stmt 1 view -0
 148              		.cfi_startproc
 149              		@ args = 0, pretend = 0, frame = 40
 150              		@ frame_needed = 0, uses_anonymous_args = 0
 151              		.loc 1 240 96 is_stmt 0 view .LVU33
 152 0000 2DE9F04F 		push	{r4, r5, r6, r7, r8, r9, r10, fp, lr}
 153              	.LCFI3:
 154              		.cfi_def_cfa_offset 36
 155              		.cfi_offset 4, -36
 156              		.cfi_offset 5, -32
 157              		.cfi_offset 6, -28
 158              		.cfi_offset 7, -24
 159              		.cfi_offset 8, -20
 160              		.cfi_offset 9, -16
 161              		.cfi_offset 10, -12
 162              		.cfi_offset 11, -8
ARM GAS  C:\Users\techn\AppData\Local\Temp\cc085Qaf.s 			page 8


 163              		.cfi_offset 14, -4
 164 0004 8BB0     		sub	sp, sp, #44
 165              	.LCFI4:
 166              		.cfi_def_cfa_offset 80
 167 0006 8346     		mov	fp, r0
 168 0008 0991     		str	r1, [sp, #36]
 241:Core/Src/main.c ****   uint64_t mandelbrot_sum = 0;
 169              		.loc 1 241 3 is_stmt 1 view .LVU34
 170              	.LVL3:
 242:Core/Src/main.c ****     int64_t s = (1<<20); //scaling factor
 171              		.loc 1 242 5 view .LVU35
 243:Core/Src/main.c **** 
 244:Core/Src/main.c ****     int64_t x_scale = 3.5*s;
 172              		.loc 1 244 5 view .LVU36
 245:Core/Src/main.c ****     int64_t x_shift = 2.5*s;
 173              		.loc 1 245 5 view .LVU37
 246:Core/Src/main.c ****     int64_t y_scale = 2.0*s;
 174              		.loc 1 246 5 view .LVU38
 247:Core/Src/main.c ****     int64_t y_shift = 1.0*s;
 175              		.loc 1 247 5 view .LVU39
 248:Core/Src/main.c **** 
 249:Core/Src/main.c ****     for (int y=0; y<height; y++) {
 176              		.loc 1 249 5 view .LVU40
 177              	.LBB7:
 178              		.loc 1 249 10 view .LVU41
 179              		.loc 1 249 14 is_stmt 0 view .LVU42
 180 000a 4FF00009 		mov	r9, #0
 181              	.LBE7:
 241:Core/Src/main.c ****     int64_t s = (1<<20); //scaling factor
 182              		.loc 1 241 12 view .LVU43
 183 000e CDF81090 		str	r9, [sp, #16]
 184 0012 4C46     		mov	r4, r9
 185 0014 CDF81490 		str	r9, [sp, #20]
 186 0018 1746     		mov	r7, r2
 187              	.LBB14:
 188              		.loc 1 249 5 view .LVU44
 189 001a 92E0     		b	.L6
 190              	.LVL4:
 191              	.L16:
 192              	.LBB8:
 193              	.LBB9:
 194              	.LBB10:
 250:Core/Src/main.c ****     	for (int x=0; x<width; x++) {
 251:Core/Src/main.c ****     		int64_t x0 = (x_scale*x)/width-x_shift;
 252:Core/Src/main.c ****     		int64_t y0 = (y_scale*y)/height-y_shift;
 253:Core/Src/main.c ****     		int64_t xi = 0;
 254:Core/Src/main.c ****     		int64_t yi = 0;
 255:Core/Src/main.c ****     		int iteration = 0;
 256:Core/Src/main.c ****     		while (iteration<max_iterations && (xi*xi+yi*yi)/s<=(4*s)) {
 257:Core/Src/main.c ****     			int64_t temp = (xi*xi-yi*yi)/s;
 195              		.loc 1 257 16 view .LVU45
 196 001c DFF83CC1 		ldr	ip, .L19
 197 0020 11EB0C0C 		adds	ip, r1, ip
 198 0024 6146     		mov	r1, ip
 199 0026 44F1000C 		adc	ip, r4, #0
 200 002a 2BE0     		b	.L8
 201              	.LVL5:
ARM GAS  C:\Users\techn\AppData\Local\Temp\cc085Qaf.s 			page 9


 202              	.L9:
 258:Core/Src/main.c ****     			yi = 2*xi*yi/s+y0;
 203              		.loc 1 258 20 view .LVU46
 204 002c 1B0D     		lsrs	r3, r3, #20
 205 002e 43EA0533 		orr	r3, r3, r5, lsl #12
 206              		.loc 1 258 11 view .LVU47
 207 0032 039A     		ldr	r2, [sp, #12]
 208 0034 9A18     		adds	r2, r3, r2
 209 0036 4BEB2556 		adc	r6, fp, r5, asr #20
 210              	.LVL6:
 259:Core/Src/main.c ****     			xi = temp+x0;
 211              		.loc 1 259 8 is_stmt 1 view .LVU48
 212              		.loc 1 259 11 is_stmt 0 view .LVU49
 213 003a 019B     		ldr	r3, [sp, #4]
 214 003c 5B18     		adds	r3, r3, r1
 215 003e 0299     		ldr	r1, [sp, #8]
 216              	.LVL7:
 217              		.loc 1 259 11 view .LVU50
 218 0040 41EB0405 		adc	r5, r1, r4
 219              	.LVL8:
 260:Core/Src/main.c ****     			iteration++;
 220              		.loc 1 260 8 is_stmt 1 view .LVU51
 221              		.loc 1 260 17 is_stmt 0 view .LVU52
 222 0044 08F10108 		add	r8, r8, #1
 223              	.LVL9:
 224              	.L7:
 225              		.loc 1 260 17 view .LVU53
 226              	.LBE10:
 256:Core/Src/main.c ****     			int64_t temp = (xi*xi-yi*yi)/s;
 227              		.loc 1 256 39 is_stmt 1 view .LVU54
 228 0048 B845     		cmp	r8, r7
 229 004a 32DA     		bge	.L10
 256:Core/Src/main.c ****     			int64_t temp = (xi*xi-yi*yi)/s;
 230              		.loc 1 256 45 is_stmt 0 discriminator 1 view .LVU55
 231 004c 03FB05F1 		mul	r1, r3, r5
 232 0050 A3FB03CE 		umull	ip, lr, r3, r3
 233 0054 0EEB410E 		add	lr, lr, r1, lsl #1
 256:Core/Src/main.c ****     			int64_t temp = (xi*xi-yi*yi)/s;
 234              		.loc 1 256 51 discriminator 1 view .LVU56
 235 0058 02FB06F9 		mul	r9, r2, r6
 236 005c A2FB0214 		umull	r1, r4, r2, r2
 237 0060 04EB4904 		add	r4, r4, r9, lsl #1
 256:Core/Src/main.c ****     			int64_t temp = (xi*xi-yi*yi)/s;
 238              		.loc 1 256 48 discriminator 1 view .LVU57
 239 0064 1CEB010A 		adds	r10, ip, r1
 240 0068 4EEB0409 		adc	r9, lr, r4
 256:Core/Src/main.c ****     			int64_t temp = (xi*xi-yi*yi)/s;
 241              		.loc 1 256 39 discriminator 1 view .LVU58
 242 006c BAF5801F 		cmp	r10, #1048576
 243 0070 79F58060 		sbcs	r0, r9, #1024
 244 0074 1DDA     		bge	.L10
 245              	.LBB11:
 257:Core/Src/main.c ****     			yi = 2*xi*yi/s+y0;
 246              		.loc 1 257 8 is_stmt 1 view .LVU59
 257:Core/Src/main.c ****     			yi = 2*xi*yi/s+y0;
 247              		.loc 1 257 29 is_stmt 0 view .LVU60
 248 0076 BCEB0101 		subs	r1, ip, r1
ARM GAS  C:\Users\techn\AppData\Local\Temp\cc085Qaf.s 			page 10


 249 007a 6EEB0404 		sbc	r4, lr, r4
 257:Core/Src/main.c ****     			yi = 2*xi*yi/s+y0;
 250              		.loc 1 257 16 view .LVU61
 251 007e A446     		mov	ip, r4
 252 0080 002C     		cmp	r4, #0
 253 0082 CBDB     		blt	.L16
 254              	.L8:
 255 0084 090D     		lsrs	r1, r1, #20
 256 0086 4FEA2C54 		asr	r4, ip, #20
 257 008a 41EA0C31 		orr	r1, r1, ip, lsl #12
 258              	.LVL10:
 258:Core/Src/main.c ****     			xi = temp+x0;
 259              		.loc 1 258 8 is_stmt 1 view .LVU62
 258:Core/Src/main.c ****     			xi = temp+x0;
 260              		.loc 1 258 17 is_stmt 0 view .LVU63
 261 008e 03FB06F6 		mul	r6, r3, r6
 262              	.LVL11:
 258:Core/Src/main.c ****     			xi = temp+x0;
 263              		.loc 1 258 17 view .LVU64
 264 0092 02FB0566 		mla	r6, r2, r5, r6
 265 0096 A3FB0232 		umull	r3, r2, r3, r2
 266              	.LVL12:
 258:Core/Src/main.c ****     			xi = temp+x0;
 267              		.loc 1 258 17 view .LVU65
 268 009a 1644     		add	r6, r6, r2
 269 009c DB18     		adds	r3, r3, r3
 270 009e 7641     		adcs	r6, r6, r6
 258:Core/Src/main.c ****     			xi = temp+x0;
 271              		.loc 1 258 20 view .LVU66
 272 00a0 3546     		mov	r5, r6
 273 00a2 002E     		cmp	r6, #0
 274 00a4 C2DA     		bge	.L9
 275 00a6 2D4A     		ldr	r2, .L19
 276 00a8 9A18     		adds	r2, r3, r2
 277 00aa 1346     		mov	r3, r2
 278 00ac 46F10005 		adc	r5, r6, #0
 279 00b0 BCE7     		b	.L9
 280              	.LVL13:
 281              	.L10:
 258:Core/Src/main.c ****     			xi = temp+x0;
 282              		.loc 1 258 20 view .LVU67
 283              	.LBE11:
 261:Core/Src/main.c ****     		}
 262:Core/Src/main.c ****     		mandelbrot_sum += iteration;
 284              		.loc 1 262 22 view .LVU68
 285 00b2 069C     		ldr	r4, [sp, #24]
 286 00b4 DDF81CA0 		ldr	r10, [sp, #28]
 287 00b8 DDF82090 		ldr	r9, [sp, #32]
 288              		.loc 1 262 7 is_stmt 1 view .LVU69
 289              		.loc 1 262 22 is_stmt 0 view .LVU70
 290 00bc 049B     		ldr	r3, [sp, #16]
 291              	.LVL14:
 292              		.loc 1 262 22 view .LVU71
 293 00be 18EB0303 		adds	r3, r8, r3
 294 00c2 0493     		str	r3, [sp, #16]
 295              	.LVL15:
 296              		.loc 1 262 22 view .LVU72
ARM GAS  C:\Users\techn\AppData\Local\Temp\cc085Qaf.s 			page 11


 297 00c4 059B     		ldr	r3, [sp, #20]
 298 00c6 43EBE873 		adc	r3, r3, r8, asr #31
 299 00ca 0593     		str	r3, [sp, #20]
 300              	.LVL16:
 301              		.loc 1 262 22 view .LVU73
 302              	.LBE9:
 250:Core/Src/main.c ****     		int64_t x0 = (x_scale*x)/width-x_shift;
 303              		.loc 1 250 30 is_stmt 1 discriminator 2 view .LVU74
 304 00cc 0AF1010A 		add	r10, r10, #1
 305              	.LVL17:
 306              	.L13:
 250:Core/Src/main.c ****     		int64_t x0 = (x_scale*x)/width-x_shift;
 307              		.loc 1 250 21 discriminator 1 view .LVU75
 308 00d0 CA45     		cmp	r10, r9
 309 00d2 34DA     		bge	.L17
 310              	.LBB12:
 251:Core/Src/main.c ****     		int64_t y0 = (y_scale*y)/height-y_shift;
 311              		.loc 1 251 7 view .LVU76
 251:Core/Src/main.c ****     		int64_t y0 = (y_scale*y)/height-y_shift;
 312              		.loc 1 251 28 is_stmt 0 view .LVU77
 313 00d4 4FEAEA72 		asr	r2, r10, #31
 314 00d8 D300     		lsls	r3, r2, #3
 315 00da 43EA5A73 		orr	r3, r3, r10, lsr #29
 316 00de 4FEACA05 		lsl	r5, r10, #3
 317 00e2 B5EB0A05 		subs	r5, r5, r10
 318 00e6 63EB0203 		sbc	r3, r3, r2
 319 00ea D904     		lsls	r1, r3, #19
 251:Core/Src/main.c ****     		int64_t y0 = (y_scale*y)/height-y_shift;
 320              		.loc 1 251 31 view .LVU78
 321 00ec 4A46     		mov	r2, r9
 322 00ee 4FEAE973 		asr	r3, r9, #31
 323 00f2 E804     		lsls	r0, r5, #19
 324 00f4 41EA5531 		orr	r1, r1, r5, lsr #13
 325 00f8 FFF7FEFF 		bl	__aeabi_ldivmod
 326              	.LVL18:
 251:Core/Src/main.c ****     		int64_t y0 = (y_scale*y)/height-y_shift;
 327              		.loc 1 251 15 view .LVU79
 328 00fc B0F52013 		subs	r3, r0, #2621440
 329 0100 0193     		str	r3, [sp, #4]
 330 0102 61F10003 		sbc	r3, r1, #0
 331 0106 0293     		str	r3, [sp, #8]
 332              	.LVL19:
 252:Core/Src/main.c ****     		int64_t xi = 0;
 333              		.loc 1 252 7 is_stmt 1 view .LVU80
 252:Core/Src/main.c ****     		int64_t xi = 0;
 334              		.loc 1 252 28 is_stmt 0 view .LVU81
 335 0108 E117     		asrs	r1, r4, #31
 336 010a 4905     		lsls	r1, r1, #21
 252:Core/Src/main.c ****     		int64_t xi = 0;
 337              		.loc 1 252 31 view .LVU82
 338 010c 099B     		ldr	r3, [sp, #36]
 339              	.LVL20:
 252:Core/Src/main.c ****     		int64_t xi = 0;
 340              		.loc 1 252 31 view .LVU83
 341 010e 1A46     		mov	r2, r3
 342 0110 DB17     		asrs	r3, r3, #31
 343 0112 6005     		lsls	r0, r4, #21
ARM GAS  C:\Users\techn\AppData\Local\Temp\cc085Qaf.s 			page 12


 344 0114 41EAD421 		orr	r1, r1, r4, lsr #11
 345 0118 FFF7FEFF 		bl	__aeabi_ldivmod
 346              	.LVL21:
 252:Core/Src/main.c ****     		int64_t xi = 0;
 347              		.loc 1 252 15 view .LVU84
 348 011c B0F58010 		subs	r0, r0, #1048576
 349 0120 61F1000B 		sbc	fp, r1, #0
 350              	.LVL22:
 253:Core/Src/main.c ****     		int64_t yi = 0;
 351              		.loc 1 253 7 is_stmt 1 view .LVU85
 254:Core/Src/main.c ****     		int iteration = 0;
 352              		.loc 1 254 7 view .LVU86
 255:Core/Src/main.c ****     		while (iteration<max_iterations && (xi*xi+yi*yi)/s<=(4*s)) {
 353              		.loc 1 255 7 view .LVU87
 256:Core/Src/main.c ****     			int64_t temp = (xi*xi-yi*yi)/s;
 354              		.loc 1 256 7 view .LVU88
 255:Core/Src/main.c ****     		while (iteration<max_iterations && (xi*xi+yi*yi)/s<=(4*s)) {
 355              		.loc 1 255 11 is_stmt 0 view .LVU89
 356 0124 4FF00008 		mov	r8, #0
 254:Core/Src/main.c ****     		int iteration = 0;
 357              		.loc 1 254 15 view .LVU90
 358 0128 4246     		mov	r2, r8
 359 012a 4646     		mov	r6, r8
 253:Core/Src/main.c ****     		int64_t yi = 0;
 360              		.loc 1 253 15 view .LVU91
 361 012c 4346     		mov	r3, r8
 362 012e 4546     		mov	r5, r8
 363 0130 0694     		str	r4, [sp, #24]
 364 0132 CDF81CA0 		str	r10, [sp, #28]
 365 0136 CDF82090 		str	r9, [sp, #32]
 366 013a 0390     		str	r0, [sp, #12]
 256:Core/Src/main.c ****     			int64_t temp = (xi*xi-yi*yi)/s;
 367              		.loc 1 256 13 view .LVU92
 368 013c 84E7     		b	.L7
 369              	.LVL23:
 370              	.L17:
 256:Core/Src/main.c ****     			int64_t temp = (xi*xi-yi*yi)/s;
 371              		.loc 1 256 13 view .LVU93
 372              	.LBE12:
 373              	.LBE8:
 249:Core/Src/main.c ****     	for (int x=0; x<width; x++) {
 374              		.loc 1 249 30 discriminator 2 view .LVU94
 375 013e CB46     		mov	fp, r9
 249:Core/Src/main.c ****     	for (int x=0; x<width; x++) {
 376              		.loc 1 249 30 is_stmt 1 discriminator 2 view .LVU95
 377 0140 0134     		adds	r4, r4, #1
 378              	.LVL24:
 379              	.L6:
 249:Core/Src/main.c ****     	for (int x=0; x<width; x++) {
 380              		.loc 1 249 20 discriminator 1 view .LVU96
 381 0142 099B     		ldr	r3, [sp, #36]
 382 0144 9C42     		cmp	r4, r3
 383 0146 03DA     		bge	.L18
 384              	.LBB13:
 250:Core/Src/main.c ****     		int64_t x0 = (x_scale*x)/width-x_shift;
 385              		.loc 1 250 15 is_stmt 0 view .LVU97
 386 0148 4FF0000A 		mov	r10, #0
ARM GAS  C:\Users\techn\AppData\Local\Temp\cc085Qaf.s 			page 13


 387 014c D946     		mov	r9, fp
 388 014e BFE7     		b	.L13
 389              	.L18:
 390              	.LBE13:
 391              	.LBE14:
 263:Core/Src/main.c ****     	}
 264:Core/Src/main.c ****     }
 265:Core/Src/main.c **** 
 266:Core/Src/main.c ****     return mandelbrot_sum;
 267:Core/Src/main.c **** }
 392              		.loc 1 267 1 view .LVU98
 393 0150 059F     		ldr	r7, [sp, #20]
 394              	.LVL25:
 266:Core/Src/main.c **** }
 395              		.loc 1 266 5 is_stmt 1 view .LVU99
 396              		.loc 1 267 1 is_stmt 0 view .LVU100
 397 0152 0498     		ldr	r0, [sp, #16]
 398 0154 3946     		mov	r1, r7
 399 0156 0BB0     		add	sp, sp, #44
 400              	.LCFI5:
 401              		.cfi_def_cfa_offset 36
 402              		@ sp needed
 403 0158 BDE8F08F 		pop	{r4, r5, r6, r7, r8, r9, r10, fp, pc}
 404              	.LVL26:
 405              	.L20:
 406              		.loc 1 267 1 view .LVU101
 407              		.align	2
 408              	.L19:
 409 015c FFFF0F00 		.word	1048575
 410              		.cfi_endproc
 411              	.LFE137:
 413              		.global	__aeabi_i2d
 414              		.global	__aeabi_dmul
 415              		.global	__aeabi_ddiv
 416              		.global	__aeabi_dsub
 417              		.global	__aeabi_dadd
 418              		.global	__aeabi_dcmple
 419              		.section	.text.calculate_mandelbrot_double,"ax",%progbits
 420              		.align	1
 421              		.global	calculate_mandelbrot_double
 422              		.syntax unified
 423              		.thumb
 424              		.thumb_func
 426              	calculate_mandelbrot_double:
 427              	.LVL27:
 428              	.LFB138:
 268:Core/Src/main.c **** 
 269:Core/Src/main.c **** uint64_t calculate_mandelbrot_double(int width, int height, int max_iterations){
 429              		.loc 1 269 80 is_stmt 1 view -0
 430              		.cfi_startproc
 431              		@ args = 0, pretend = 0, frame = 56
 432              		@ frame_needed = 0, uses_anonymous_args = 0
 433              		.loc 1 269 80 is_stmt 0 view .LVU103
 434 0000 2DE9F04F 		push	{r4, r5, r6, r7, r8, r9, r10, fp, lr}
 435              	.LCFI6:
 436              		.cfi_def_cfa_offset 36
 437              		.cfi_offset 4, -36
ARM GAS  C:\Users\techn\AppData\Local\Temp\cc085Qaf.s 			page 14


 438              		.cfi_offset 5, -32
 439              		.cfi_offset 6, -28
 440              		.cfi_offset 7, -24
 441              		.cfi_offset 8, -20
 442              		.cfi_offset 9, -16
 443              		.cfi_offset 10, -12
 444              		.cfi_offset 11, -8
 445              		.cfi_offset 14, -4
 446 0004 8FB0     		sub	sp, sp, #60
 447              	.LCFI7:
 448              		.cfi_def_cfa_offset 96
 449 0006 0790     		str	r0, [sp, #28]
 450 0008 0C91     		str	r1, [sp, #48]
 451 000a 0D92     		str	r2, [sp, #52]
 270:Core/Src/main.c ****   uint64_t mandelbrot_sum = 0;
 452              		.loc 1 270 3 is_stmt 1 view .LVU104
 453              	.LVL28:
 271:Core/Src/main.c ****     for (int y=0; y<height; y++) {
 454              		.loc 1 271 5 view .LVU105
 455              	.LBB15:
 456              		.loc 1 271 10 view .LVU106
 457              		.loc 1 271 14 is_stmt 0 view .LVU107
 458 000c 4FF00008 		mov	r8, #0
 459              	.LBE15:
 270:Core/Src/main.c ****   uint64_t mandelbrot_sum = 0;
 460              		.loc 1 270 12 view .LVU108
 461 0010 CDF82080 		str	r8, [sp, #32]
 462 0014 CDF82480 		str	r8, [sp, #36]
 463              	.LBB21:
 464              		.loc 1 271 5 view .LVU109
 465 0018 8DE0     		b	.L22
 466              	.LVL29:
 467              	.L25:
 468              	.LBB16:
 469              	.LBB17:
 470              	.LBB18:
 272:Core/Src/main.c ****       for (int x=0; x<width; x++) {
 273:Core/Src/main.c ****     	  double x0 = 3.5*x/width-2.5;
 274:Core/Src/main.c ****     	  double y0 = 2.0*y/height-1.0;
 275:Core/Src/main.c ****     	  double xi = 0;
 276:Core/Src/main.c ****     	  double yi = 0;
 277:Core/Src/main.c ****     	  int iteration = 0;
 278:Core/Src/main.c ****     	  while (iteration<max_iterations && (xi*xi+yi*yi)<=4) {
 279:Core/Src/main.c ****     		  double temp = xi*xi-yi*yi;
 471              		.loc 1 279 9 is_stmt 1 view .LVU110
 472              		.loc 1 279 16 is_stmt 0 view .LVU111
 473 001a 5246     		mov	r2, r10
 474 001c 5B46     		mov	r3, fp
 475 001e DDE90001 		ldrd	r0, [sp]
 476 0022 FFF7FEFF 		bl	__aeabi_dsub
 477              	.LVL30:
 478 0026 8246     		mov	r10, r0
 479 0028 8B46     		mov	fp, r1
 480              	.LVL31:
 280:Core/Src/main.c ****     		  yi = 2*xi*yi+y0;
 481              		.loc 1 280 9 is_stmt 1 view .LVU112
 482              		.loc 1 280 15 is_stmt 0 view .LVU113
ARM GAS  C:\Users\techn\AppData\Local\Temp\cc085Qaf.s 			page 15


 483 002a 2246     		mov	r2, r4
 484 002c 2B46     		mov	r3, r5
 485 002e 2046     		mov	r0, r4
 486 0030 2946     		mov	r1, r5
 487 0032 FFF7FEFF 		bl	__aeabi_dadd
 488              	.LVL32:
 489              		.loc 1 280 18 view .LVU114
 490 0036 3246     		mov	r2, r6
 491 0038 3B46     		mov	r3, r7
 492 003a FFF7FEFF 		bl	__aeabi_dmul
 493              	.LVL33:
 494              		.loc 1 280 12 view .LVU115
 495 003e DDE90423 		ldrd	r2, [sp, #16]
 496 0042 FFF7FEFF 		bl	__aeabi_dadd
 497              	.LVL34:
 498 0046 0646     		mov	r6, r0
 499              	.LVL35:
 500              		.loc 1 280 12 view .LVU116
 501 0048 0F46     		mov	r7, r1
 502              	.LVL36:
 281:Core/Src/main.c ****     		  xi = temp+x0;
 503              		.loc 1 281 9 is_stmt 1 view .LVU117
 504              		.loc 1 281 12 is_stmt 0 view .LVU118
 505 004a 5246     		mov	r2, r10
 506 004c 5B46     		mov	r3, fp
 507 004e DDE90201 		ldrd	r0, [sp, #8]
 508 0052 FFF7FEFF 		bl	__aeabi_dadd
 509              	.LVL37:
 510 0056 0446     		mov	r4, r0
 511              	.LVL38:
 512              		.loc 1 281 12 view .LVU119
 513 0058 0D46     		mov	r5, r1
 514              	.LVL39:
 282:Core/Src/main.c ****     		  iteration++;
 515              		.loc 1 282 9 is_stmt 1 view .LVU120
 516              		.loc 1 282 18 is_stmt 0 view .LVU121
 517 005a 08F10108 		add	r8, r8, #1
 518              	.LVL40:
 519              	.L23:
 520              		.loc 1 282 18 view .LVU122
 521              	.LBE18:
 278:Core/Src/main.c ****     		  double temp = xi*xi-yi*yi;
 522              		.loc 1 278 40 is_stmt 1 view .LVU123
 523 005e C845     		cmp	r8, r9
 524 0060 1BDA     		bge	.L24
 278:Core/Src/main.c ****     		  double temp = xi*xi-yi*yi;
 525              		.loc 1 278 46 is_stmt 0 discriminator 1 view .LVU124
 526 0062 2246     		mov	r2, r4
 527 0064 2B46     		mov	r3, r5
 528 0066 2046     		mov	r0, r4
 529 0068 2946     		mov	r1, r5
 530 006a FFF7FEFF 		bl	__aeabi_dmul
 531              	.LVL41:
 532 006e CDE90001 		strd	r0, [sp]
 278:Core/Src/main.c ****     		  double temp = xi*xi-yi*yi;
 533              		.loc 1 278 52 discriminator 1 view .LVU125
 534 0072 3246     		mov	r2, r6
ARM GAS  C:\Users\techn\AppData\Local\Temp\cc085Qaf.s 			page 16


 535 0074 3B46     		mov	r3, r7
 536 0076 3046     		mov	r0, r6
 537 0078 3946     		mov	r1, r7
 538 007a FFF7FEFF 		bl	__aeabi_dmul
 539              	.LVL42:
 540 007e 8246     		mov	r10, r0
 541 0080 8B46     		mov	fp, r1
 278:Core/Src/main.c ****     		  double temp = xi*xi-yi*yi;
 542              		.loc 1 278 49 discriminator 1 view .LVU126
 543 0082 0246     		mov	r2, r0
 544 0084 0B46     		mov	r3, r1
 545 0086 DDE90001 		ldrd	r0, [sp]
 546 008a FFF7FEFF 		bl	__aeabi_dadd
 547              	.LVL43:
 278:Core/Src/main.c ****     		  double temp = xi*xi-yi*yi;
 548              		.loc 1 278 40 discriminator 1 view .LVU127
 549 008e 0022     		movs	r2, #0
 550 0090 314B     		ldr	r3, .L32
 551 0092 FFF7FEFF 		bl	__aeabi_dcmple
 552              	.LVL44:
 553 0096 0028     		cmp	r0, #0
 554 0098 BFD1     		bne	.L25
 555              	.L24:
 283:Core/Src/main.c ****     	  }
 284:Core/Src/main.c ****     	  mandelbrot_sum += iteration;
 556              		.loc 1 284 23 view .LVU128
 557 009a DDF82890 		ldr	r9, [sp, #40]
 558              		.loc 1 284 8 is_stmt 1 view .LVU129
 559              		.loc 1 284 23 is_stmt 0 view .LVU130
 560 009e 089B     		ldr	r3, [sp, #32]
 561 00a0 18EB0302 		adds	r2, r8, r3
 562 00a4 0892     		str	r2, [sp, #32]
 563              	.LVL45:
 564              		.loc 1 284 23 view .LVU131
 565 00a6 099B     		ldr	r3, [sp, #36]
 566 00a8 43EBE873 		adc	r3, r3, r8, asr #31
 567 00ac 0993     		str	r3, [sp, #36]
 568              	.LVL46:
 569              		.loc 1 284 23 view .LVU132
 570              	.LBE17:
 272:Core/Src/main.c ****     	  double x0 = 3.5*x/width-2.5;
 571              		.loc 1 272 31 is_stmt 1 discriminator 2 view .LVU133
 572 00ae 09F10109 		add	r9, r9, #1
 573              	.LVL47:
 574              	.L27:
 272:Core/Src/main.c ****     	  double x0 = 3.5*x/width-2.5;
 575              		.loc 1 272 22 discriminator 1 view .LVU134
 576 00b2 079B     		ldr	r3, [sp, #28]
 577 00b4 9945     		cmp	r9, r3
 578 00b6 3ADA     		bge	.L30
 579              	.LBB19:
 273:Core/Src/main.c ****     	  double y0 = 2.0*y/height-1.0;
 580              		.loc 1 273 8 view .LVU135
 273:Core/Src/main.c ****     	  double y0 = 2.0*y/height-1.0;
 581              		.loc 1 273 23 is_stmt 0 view .LVU136
 582 00b8 4846     		mov	r0, r9
 583 00ba FFF7FEFF 		bl	__aeabi_i2d
ARM GAS  C:\Users\techn\AppData\Local\Temp\cc085Qaf.s 			page 17


 584              	.LVL48:
 585 00be 0022     		movs	r2, #0
 586 00c0 264B     		ldr	r3, .L32+4
 587 00c2 FFF7FEFF 		bl	__aeabi_dmul
 588              	.LVL49:
 589 00c6 0446     		mov	r4, r0
 590 00c8 0D46     		mov	r5, r1
 273:Core/Src/main.c ****     	  double y0 = 2.0*y/height-1.0;
 591              		.loc 1 273 25 view .LVU137
 592 00ca 0798     		ldr	r0, [sp, #28]
 593 00cc FFF7FEFF 		bl	__aeabi_i2d
 594              	.LVL50:
 595 00d0 0246     		mov	r2, r0
 596 00d2 0B46     		mov	r3, r1
 597 00d4 2046     		mov	r0, r4
 598 00d6 2946     		mov	r1, r5
 599 00d8 FFF7FEFF 		bl	__aeabi_ddiv
 600              	.LVL51:
 273:Core/Src/main.c ****     	  double y0 = 2.0*y/height-1.0;
 601              		.loc 1 273 15 view .LVU138
 602 00dc 0022     		movs	r2, #0
 603 00de 204B     		ldr	r3, .L32+8
 604 00e0 FFF7FEFF 		bl	__aeabi_dsub
 605              	.LVL52:
 606 00e4 CDE90201 		strd	r0, [sp, #8]
 607              	.LVL53:
 274:Core/Src/main.c ****     	  double xi = 0;
 608              		.loc 1 274 8 is_stmt 1 view .LVU139
 274:Core/Src/main.c ****     	  double xi = 0;
 609              		.loc 1 274 23 is_stmt 0 view .LVU140
 610 00e8 0B98     		ldr	r0, [sp, #44]
 611              	.LVL54:
 274:Core/Src/main.c ****     	  double xi = 0;
 612              		.loc 1 274 23 view .LVU141
 613 00ea FFF7FEFF 		bl	__aeabi_i2d
 614              	.LVL55:
 615 00ee 0246     		mov	r2, r0
 616 00f0 0B46     		mov	r3, r1
 617 00f2 FFF7FEFF 		bl	__aeabi_dadd
 618              	.LVL56:
 619 00f6 0446     		mov	r4, r0
 620 00f8 0D46     		mov	r5, r1
 274:Core/Src/main.c ****     	  double xi = 0;
 621              		.loc 1 274 25 view .LVU142
 622 00fa 0C98     		ldr	r0, [sp, #48]
 623 00fc FFF7FEFF 		bl	__aeabi_i2d
 624              	.LVL57:
 625 0100 0246     		mov	r2, r0
 626 0102 0B46     		mov	r3, r1
 627 0104 2046     		mov	r0, r4
 628 0106 2946     		mov	r1, r5
 629 0108 FFF7FEFF 		bl	__aeabi_ddiv
 630              	.LVL58:
 274:Core/Src/main.c ****     	  double xi = 0;
 631              		.loc 1 274 15 view .LVU143
 632 010c 0022     		movs	r2, #0
 633 010e 154B     		ldr	r3, .L32+12
ARM GAS  C:\Users\techn\AppData\Local\Temp\cc085Qaf.s 			page 18


 634 0110 FFF7FEFF 		bl	__aeabi_dsub
 635              	.LVL59:
 636 0114 CDE90401 		strd	r0, [sp, #16]
 637              	.LVL60:
 275:Core/Src/main.c ****     	  double yi = 0;
 638              		.loc 1 275 8 is_stmt 1 view .LVU144
 276:Core/Src/main.c ****     	  int iteration = 0;
 639              		.loc 1 276 8 view .LVU145
 277:Core/Src/main.c ****     	  while (iteration<max_iterations && (xi*xi+yi*yi)<=4) {
 640              		.loc 1 277 8 view .LVU146
 278:Core/Src/main.c ****     		  double temp = xi*xi-yi*yi;
 641              		.loc 1 278 8 view .LVU147
 277:Core/Src/main.c ****     	  while (iteration<max_iterations && (xi*xi+yi*yi)<=4) {
 642              		.loc 1 277 12 is_stmt 0 view .LVU148
 643 0118 4FF00008 		mov	r8, #0
 276:Core/Src/main.c ****     	  int iteration = 0;
 644              		.loc 1 276 15 view .LVU149
 645 011c 0026     		movs	r6, #0
 646 011e 0027     		movs	r7, #0
 275:Core/Src/main.c ****     	  double yi = 0;
 647              		.loc 1 275 15 view .LVU150
 648 0120 3446     		mov	r4, r6
 649 0122 3D46     		mov	r5, r7
 650 0124 CDF82890 		str	r9, [sp, #40]
 651 0128 DDF83490 		ldr	r9, [sp, #52]
 652              	.LVL61:
 278:Core/Src/main.c ****     		  double temp = xi*xi-yi*yi;
 653              		.loc 1 278 14 view .LVU151
 654 012c 97E7     		b	.L23
 655              	.LVL62:
 656              	.L30:
 278:Core/Src/main.c ****     		  double temp = xi*xi-yi*yi;
 657              		.loc 1 278 14 view .LVU152
 658              	.LBE19:
 659              	.LBE16:
 271:Core/Src/main.c ****       for (int x=0; x<width; x++) {
 660              		.loc 1 271 30 discriminator 2 view .LVU153
 661 012e DDF82C80 		ldr	r8, [sp, #44]
 271:Core/Src/main.c ****       for (int x=0; x<width; x++) {
 662              		.loc 1 271 30 is_stmt 1 discriminator 2 view .LVU154
 663 0132 08F10108 		add	r8, r8, #1
 664              	.LVL63:
 665              	.L22:
 271:Core/Src/main.c ****       for (int x=0; x<width; x++) {
 666              		.loc 1 271 20 discriminator 1 view .LVU155
 667 0136 0C9B     		ldr	r3, [sp, #48]
 668 0138 9845     		cmp	r8, r3
 669 013a 05DA     		bge	.L31
 670              	.LBB20:
 272:Core/Src/main.c ****     	  double x0 = 3.5*x/width-2.5;
 671              		.loc 1 272 16 is_stmt 0 view .LVU156
 672 013c 4FF0000A 		mov	r10, #0
 673 0140 CDF82C80 		str	r8, [sp, #44]
 674 0144 D146     		mov	r9, r10
 675 0146 B4E7     		b	.L27
 676              	.L31:
 272:Core/Src/main.c ****     	  double x0 = 3.5*x/width-2.5;
ARM GAS  C:\Users\techn\AppData\Local\Temp\cc085Qaf.s 			page 19


 677              		.loc 1 272 16 view .LVU157
 678              	.LBE20:
 679              	.LBE21:
 285:Core/Src/main.c ****       }
 286:Core/Src/main.c ****     }
 287:Core/Src/main.c **** 
 288:Core/Src/main.c ****     return mandelbrot_sum;
 289:Core/Src/main.c **** }
 680              		.loc 1 289 1 view .LVU158
 681 0148 DDF82490 		ldr	r9, [sp, #36]
 288:Core/Src/main.c **** }
 682              		.loc 1 288 5 is_stmt 1 view .LVU159
 683              		.loc 1 289 1 is_stmt 0 view .LVU160
 684 014c 0898     		ldr	r0, [sp, #32]
 685 014e 4946     		mov	r1, r9
 686 0150 0FB0     		add	sp, sp, #60
 687              	.LCFI8:
 688              		.cfi_def_cfa_offset 36
 689              		@ sp needed
 690 0152 BDE8F08F 		pop	{r4, r5, r6, r7, r8, r9, r10, fp, pc}
 691              	.LVL64:
 692              	.L33:
 693              		.loc 1 289 1 view .LVU161
 694 0156 00BF     		.align	2
 695              	.L32:
 696 0158 00001040 		.word	1074790400
 697 015c 00000C40 		.word	1074528256
 698 0160 00000440 		.word	1074003968
 699 0164 0000F03F 		.word	1072693248
 700              		.cfi_endproc
 701              	.LFE138:
 703              		.section	.text.Error_Handler,"ax",%progbits
 704              		.align	1
 705              		.global	Error_Handler
 706              		.syntax unified
 707              		.thumb
 708              		.thumb_func
 710              	Error_Handler:
 711              	.LFB139:
 290:Core/Src/main.c **** 
 291:Core/Src/main.c **** /* USER CODE END 4 */
 292:Core/Src/main.c **** 
 293:Core/Src/main.c **** /**
 294:Core/Src/main.c ****   * @brief  This function is executed in case of error occurrence.
 295:Core/Src/main.c ****   * @retval None
 296:Core/Src/main.c ****   */
 297:Core/Src/main.c **** void Error_Handler(void)
 298:Core/Src/main.c **** {
 712              		.loc 1 298 1 is_stmt 1 view -0
 713              		.cfi_startproc
 714              		@ Volatile: function does not return.
 715              		@ args = 0, pretend = 0, frame = 0
 716              		@ frame_needed = 0, uses_anonymous_args = 0
 717              		@ link register save eliminated.
 299:Core/Src/main.c ****   /* USER CODE BEGIN Error_Handler_Debug */
 300:Core/Src/main.c ****   /* User can add his own implementation to report the HAL error return state */
 301:Core/Src/main.c ****   __disable_irq();
ARM GAS  C:\Users\techn\AppData\Local\Temp\cc085Qaf.s 			page 20


 718              		.loc 1 301 3 view .LVU163
 719              	.LBB22:
 720              	.LBI22:
 721              		.file 2 "Drivers/CMSIS/Include/cmsis_gcc.h"
   1:Drivers/CMSIS/Include/cmsis_gcc.h **** /**************************************************************************//**
   2:Drivers/CMSIS/Include/cmsis_gcc.h ****  * @file     cmsis_gcc.h
   3:Drivers/CMSIS/Include/cmsis_gcc.h ****  * @brief    CMSIS compiler GCC header file
   4:Drivers/CMSIS/Include/cmsis_gcc.h ****  * @version  V5.4.1
   5:Drivers/CMSIS/Include/cmsis_gcc.h ****  * @date     27. May 2021
   6:Drivers/CMSIS/Include/cmsis_gcc.h ****  ******************************************************************************/
   7:Drivers/CMSIS/Include/cmsis_gcc.h **** /*
   8:Drivers/CMSIS/Include/cmsis_gcc.h ****  * Copyright (c) 2009-2021 Arm Limited. All rights reserved.
   9:Drivers/CMSIS/Include/cmsis_gcc.h ****  *
  10:Drivers/CMSIS/Include/cmsis_gcc.h ****  * SPDX-License-Identifier: Apache-2.0
  11:Drivers/CMSIS/Include/cmsis_gcc.h ****  *
  12:Drivers/CMSIS/Include/cmsis_gcc.h ****  * Licensed under the Apache License, Version 2.0 (the License); you may
  13:Drivers/CMSIS/Include/cmsis_gcc.h ****  * not use this file except in compliance with the License.
  14:Drivers/CMSIS/Include/cmsis_gcc.h ****  * You may obtain a copy of the License at
  15:Drivers/CMSIS/Include/cmsis_gcc.h ****  *
  16:Drivers/CMSIS/Include/cmsis_gcc.h ****  * www.apache.org/licenses/LICENSE-2.0
  17:Drivers/CMSIS/Include/cmsis_gcc.h ****  *
  18:Drivers/CMSIS/Include/cmsis_gcc.h ****  * Unless required by applicable law or agreed to in writing, software
  19:Drivers/CMSIS/Include/cmsis_gcc.h ****  * distributed under the License is distributed on an AS IS BASIS, WITHOUT
  20:Drivers/CMSIS/Include/cmsis_gcc.h ****  * WARRANTIES OR CONDITIONS OF ANY KIND, either express or implied.
  21:Drivers/CMSIS/Include/cmsis_gcc.h ****  * See the License for the specific language governing permissions and
  22:Drivers/CMSIS/Include/cmsis_gcc.h ****  * limitations under the License.
  23:Drivers/CMSIS/Include/cmsis_gcc.h ****  */
  24:Drivers/CMSIS/Include/cmsis_gcc.h **** 
  25:Drivers/CMSIS/Include/cmsis_gcc.h **** #ifndef __CMSIS_GCC_H
  26:Drivers/CMSIS/Include/cmsis_gcc.h **** #define __CMSIS_GCC_H
  27:Drivers/CMSIS/Include/cmsis_gcc.h **** 
  28:Drivers/CMSIS/Include/cmsis_gcc.h **** /* ignore some GCC warnings */
  29:Drivers/CMSIS/Include/cmsis_gcc.h **** #pragma GCC diagnostic push
  30:Drivers/CMSIS/Include/cmsis_gcc.h **** #pragma GCC diagnostic ignored "-Wsign-conversion"
  31:Drivers/CMSIS/Include/cmsis_gcc.h **** #pragma GCC diagnostic ignored "-Wconversion"
  32:Drivers/CMSIS/Include/cmsis_gcc.h **** #pragma GCC diagnostic ignored "-Wunused-parameter"
  33:Drivers/CMSIS/Include/cmsis_gcc.h **** 
  34:Drivers/CMSIS/Include/cmsis_gcc.h **** /* Fallback for __has_builtin */
  35:Drivers/CMSIS/Include/cmsis_gcc.h **** #ifndef __has_builtin
  36:Drivers/CMSIS/Include/cmsis_gcc.h ****   #define __has_builtin(x) (0)
  37:Drivers/CMSIS/Include/cmsis_gcc.h **** #endif
  38:Drivers/CMSIS/Include/cmsis_gcc.h **** 
  39:Drivers/CMSIS/Include/cmsis_gcc.h **** /* CMSIS compiler specific defines */
  40:Drivers/CMSIS/Include/cmsis_gcc.h **** #ifndef   __ASM
  41:Drivers/CMSIS/Include/cmsis_gcc.h ****   #define __ASM                                  __asm
  42:Drivers/CMSIS/Include/cmsis_gcc.h **** #endif
  43:Drivers/CMSIS/Include/cmsis_gcc.h **** #ifndef   __INLINE
  44:Drivers/CMSIS/Include/cmsis_gcc.h ****   #define __INLINE                               inline
  45:Drivers/CMSIS/Include/cmsis_gcc.h **** #endif
  46:Drivers/CMSIS/Include/cmsis_gcc.h **** #ifndef   __STATIC_INLINE
  47:Drivers/CMSIS/Include/cmsis_gcc.h ****   #define __STATIC_INLINE                        static inline
  48:Drivers/CMSIS/Include/cmsis_gcc.h **** #endif
  49:Drivers/CMSIS/Include/cmsis_gcc.h **** #ifndef   __STATIC_FORCEINLINE
  50:Drivers/CMSIS/Include/cmsis_gcc.h ****   #define __STATIC_FORCEINLINE                   __attribute__((always_inline)) static inline
  51:Drivers/CMSIS/Include/cmsis_gcc.h **** #endif
  52:Drivers/CMSIS/Include/cmsis_gcc.h **** #ifndef   __NO_RETURN
  53:Drivers/CMSIS/Include/cmsis_gcc.h ****   #define __NO_RETURN                            __attribute__((__noreturn__))
ARM GAS  C:\Users\techn\AppData\Local\Temp\cc085Qaf.s 			page 21


  54:Drivers/CMSIS/Include/cmsis_gcc.h **** #endif
  55:Drivers/CMSIS/Include/cmsis_gcc.h **** #ifndef   __USED
  56:Drivers/CMSIS/Include/cmsis_gcc.h ****   #define __USED                                 __attribute__((used))
  57:Drivers/CMSIS/Include/cmsis_gcc.h **** #endif
  58:Drivers/CMSIS/Include/cmsis_gcc.h **** #ifndef   __WEAK
  59:Drivers/CMSIS/Include/cmsis_gcc.h ****   #define __WEAK                                 __attribute__((weak))
  60:Drivers/CMSIS/Include/cmsis_gcc.h **** #endif
  61:Drivers/CMSIS/Include/cmsis_gcc.h **** #ifndef   __PACKED
  62:Drivers/CMSIS/Include/cmsis_gcc.h ****   #define __PACKED                               __attribute__((packed, aligned(1)))
  63:Drivers/CMSIS/Include/cmsis_gcc.h **** #endif
  64:Drivers/CMSIS/Include/cmsis_gcc.h **** #ifndef   __PACKED_STRUCT
  65:Drivers/CMSIS/Include/cmsis_gcc.h ****   #define __PACKED_STRUCT                        struct __attribute__((packed, aligned(1)))
  66:Drivers/CMSIS/Include/cmsis_gcc.h **** #endif
  67:Drivers/CMSIS/Include/cmsis_gcc.h **** #ifndef   __PACKED_UNION
  68:Drivers/CMSIS/Include/cmsis_gcc.h ****   #define __PACKED_UNION                         union __attribute__((packed, aligned(1)))
  69:Drivers/CMSIS/Include/cmsis_gcc.h **** #endif
  70:Drivers/CMSIS/Include/cmsis_gcc.h **** #ifndef   __UNALIGNED_UINT32        /* deprecated */
  71:Drivers/CMSIS/Include/cmsis_gcc.h ****   #pragma GCC diagnostic push
  72:Drivers/CMSIS/Include/cmsis_gcc.h ****   #pragma GCC diagnostic ignored "-Wpacked"
  73:Drivers/CMSIS/Include/cmsis_gcc.h ****   #pragma GCC diagnostic ignored "-Wattributes"
  74:Drivers/CMSIS/Include/cmsis_gcc.h ****   struct __attribute__((packed)) T_UINT32 { uint32_t v; };
  75:Drivers/CMSIS/Include/cmsis_gcc.h ****   #pragma GCC diagnostic pop
  76:Drivers/CMSIS/Include/cmsis_gcc.h ****   #define __UNALIGNED_UINT32(x)                  (((struct T_UINT32 *)(x))->v)
  77:Drivers/CMSIS/Include/cmsis_gcc.h **** #endif
  78:Drivers/CMSIS/Include/cmsis_gcc.h **** #ifndef   __UNALIGNED_UINT16_WRITE
  79:Drivers/CMSIS/Include/cmsis_gcc.h ****   #pragma GCC diagnostic push
  80:Drivers/CMSIS/Include/cmsis_gcc.h ****   #pragma GCC diagnostic ignored "-Wpacked"
  81:Drivers/CMSIS/Include/cmsis_gcc.h ****   #pragma GCC diagnostic ignored "-Wattributes"
  82:Drivers/CMSIS/Include/cmsis_gcc.h ****   __PACKED_STRUCT T_UINT16_WRITE { uint16_t v; };
  83:Drivers/CMSIS/Include/cmsis_gcc.h ****   #pragma GCC diagnostic pop
  84:Drivers/CMSIS/Include/cmsis_gcc.h ****   #define __UNALIGNED_UINT16_WRITE(addr, val)    (void)((((struct T_UINT16_WRITE *)(void *)(addr))-
  85:Drivers/CMSIS/Include/cmsis_gcc.h **** #endif
  86:Drivers/CMSIS/Include/cmsis_gcc.h **** #ifndef   __UNALIGNED_UINT16_READ
  87:Drivers/CMSIS/Include/cmsis_gcc.h ****   #pragma GCC diagnostic push
  88:Drivers/CMSIS/Include/cmsis_gcc.h ****   #pragma GCC diagnostic ignored "-Wpacked"
  89:Drivers/CMSIS/Include/cmsis_gcc.h ****   #pragma GCC diagnostic ignored "-Wattributes"
  90:Drivers/CMSIS/Include/cmsis_gcc.h ****   __PACKED_STRUCT T_UINT16_READ { uint16_t v; };
  91:Drivers/CMSIS/Include/cmsis_gcc.h ****   #pragma GCC diagnostic pop
  92:Drivers/CMSIS/Include/cmsis_gcc.h ****   #define __UNALIGNED_UINT16_READ(addr)          (((const struct T_UINT16_READ *)(const void *)(add
  93:Drivers/CMSIS/Include/cmsis_gcc.h **** #endif
  94:Drivers/CMSIS/Include/cmsis_gcc.h **** #ifndef   __UNALIGNED_UINT32_WRITE
  95:Drivers/CMSIS/Include/cmsis_gcc.h ****   #pragma GCC diagnostic push
  96:Drivers/CMSIS/Include/cmsis_gcc.h ****   #pragma GCC diagnostic ignored "-Wpacked"
  97:Drivers/CMSIS/Include/cmsis_gcc.h ****   #pragma GCC diagnostic ignored "-Wattributes"
  98:Drivers/CMSIS/Include/cmsis_gcc.h ****   __PACKED_STRUCT T_UINT32_WRITE { uint32_t v; };
  99:Drivers/CMSIS/Include/cmsis_gcc.h ****   #pragma GCC diagnostic pop
 100:Drivers/CMSIS/Include/cmsis_gcc.h ****   #define __UNALIGNED_UINT32_WRITE(addr, val)    (void)((((struct T_UINT32_WRITE *)(void *)(addr))-
 101:Drivers/CMSIS/Include/cmsis_gcc.h **** #endif
 102:Drivers/CMSIS/Include/cmsis_gcc.h **** #ifndef   __UNALIGNED_UINT32_READ
 103:Drivers/CMSIS/Include/cmsis_gcc.h ****   #pragma GCC diagnostic push
 104:Drivers/CMSIS/Include/cmsis_gcc.h ****   #pragma GCC diagnostic ignored "-Wpacked"
 105:Drivers/CMSIS/Include/cmsis_gcc.h ****   #pragma GCC diagnostic ignored "-Wattributes"
 106:Drivers/CMSIS/Include/cmsis_gcc.h ****   __PACKED_STRUCT T_UINT32_READ { uint32_t v; };
 107:Drivers/CMSIS/Include/cmsis_gcc.h ****   #pragma GCC diagnostic pop
 108:Drivers/CMSIS/Include/cmsis_gcc.h ****   #define __UNALIGNED_UINT32_READ(addr)          (((const struct T_UINT32_READ *)(const void *)(add
 109:Drivers/CMSIS/Include/cmsis_gcc.h **** #endif
 110:Drivers/CMSIS/Include/cmsis_gcc.h **** #ifndef   __ALIGNED
ARM GAS  C:\Users\techn\AppData\Local\Temp\cc085Qaf.s 			page 22


 111:Drivers/CMSIS/Include/cmsis_gcc.h ****   #define __ALIGNED(x)                           __attribute__((aligned(x)))
 112:Drivers/CMSIS/Include/cmsis_gcc.h **** #endif
 113:Drivers/CMSIS/Include/cmsis_gcc.h **** #ifndef   __RESTRICT
 114:Drivers/CMSIS/Include/cmsis_gcc.h ****   #define __RESTRICT                             __restrict
 115:Drivers/CMSIS/Include/cmsis_gcc.h **** #endif
 116:Drivers/CMSIS/Include/cmsis_gcc.h **** #ifndef   __COMPILER_BARRIER
 117:Drivers/CMSIS/Include/cmsis_gcc.h ****   #define __COMPILER_BARRIER()                   __ASM volatile("":::"memory")
 118:Drivers/CMSIS/Include/cmsis_gcc.h **** #endif
 119:Drivers/CMSIS/Include/cmsis_gcc.h **** 
 120:Drivers/CMSIS/Include/cmsis_gcc.h **** /* #########################  Startup and Lowlevel Init  ######################## */
 121:Drivers/CMSIS/Include/cmsis_gcc.h **** 
 122:Drivers/CMSIS/Include/cmsis_gcc.h **** #ifndef __PROGRAM_START
 123:Drivers/CMSIS/Include/cmsis_gcc.h **** 
 124:Drivers/CMSIS/Include/cmsis_gcc.h **** /**
 125:Drivers/CMSIS/Include/cmsis_gcc.h ****   \brief   Initializes data and bss sections
 126:Drivers/CMSIS/Include/cmsis_gcc.h ****   \details This default implementations initialized all data and additional bss
 127:Drivers/CMSIS/Include/cmsis_gcc.h ****            sections relying on .copy.table and .zero.table specified properly
 128:Drivers/CMSIS/Include/cmsis_gcc.h ****            in the used linker script.
 129:Drivers/CMSIS/Include/cmsis_gcc.h **** 
 130:Drivers/CMSIS/Include/cmsis_gcc.h ****  */
 131:Drivers/CMSIS/Include/cmsis_gcc.h **** __STATIC_FORCEINLINE __NO_RETURN void __cmsis_start(void)
 132:Drivers/CMSIS/Include/cmsis_gcc.h **** {
 133:Drivers/CMSIS/Include/cmsis_gcc.h ****   extern void _start(void) __NO_RETURN;
 134:Drivers/CMSIS/Include/cmsis_gcc.h **** 
 135:Drivers/CMSIS/Include/cmsis_gcc.h ****   typedef struct {
 136:Drivers/CMSIS/Include/cmsis_gcc.h ****     uint32_t const* src;
 137:Drivers/CMSIS/Include/cmsis_gcc.h ****     uint32_t* dest;
 138:Drivers/CMSIS/Include/cmsis_gcc.h ****     uint32_t  wlen;
 139:Drivers/CMSIS/Include/cmsis_gcc.h ****   } __copy_table_t;
 140:Drivers/CMSIS/Include/cmsis_gcc.h **** 
 141:Drivers/CMSIS/Include/cmsis_gcc.h ****   typedef struct {
 142:Drivers/CMSIS/Include/cmsis_gcc.h ****     uint32_t* dest;
 143:Drivers/CMSIS/Include/cmsis_gcc.h ****     uint32_t  wlen;
 144:Drivers/CMSIS/Include/cmsis_gcc.h ****   } __zero_table_t;
 145:Drivers/CMSIS/Include/cmsis_gcc.h **** 
 146:Drivers/CMSIS/Include/cmsis_gcc.h ****   extern const __copy_table_t __copy_table_start__;
 147:Drivers/CMSIS/Include/cmsis_gcc.h ****   extern const __copy_table_t __copy_table_end__;
 148:Drivers/CMSIS/Include/cmsis_gcc.h ****   extern const __zero_table_t __zero_table_start__;
 149:Drivers/CMSIS/Include/cmsis_gcc.h ****   extern const __zero_table_t __zero_table_end__;
 150:Drivers/CMSIS/Include/cmsis_gcc.h **** 
 151:Drivers/CMSIS/Include/cmsis_gcc.h ****   for (__copy_table_t const* pTable = &__copy_table_start__; pTable < &__copy_table_end__; ++pTable
 152:Drivers/CMSIS/Include/cmsis_gcc.h ****     for(uint32_t i=0u; i<pTable->wlen; ++i) {
 153:Drivers/CMSIS/Include/cmsis_gcc.h ****       pTable->dest[i] = pTable->src[i];
 154:Drivers/CMSIS/Include/cmsis_gcc.h ****     }
 155:Drivers/CMSIS/Include/cmsis_gcc.h ****   }
 156:Drivers/CMSIS/Include/cmsis_gcc.h **** 
 157:Drivers/CMSIS/Include/cmsis_gcc.h ****   for (__zero_table_t const* pTable = &__zero_table_start__; pTable < &__zero_table_end__; ++pTable
 158:Drivers/CMSIS/Include/cmsis_gcc.h ****     for(uint32_t i=0u; i<pTable->wlen; ++i) {
 159:Drivers/CMSIS/Include/cmsis_gcc.h ****       pTable->dest[i] = 0u;
 160:Drivers/CMSIS/Include/cmsis_gcc.h ****     }
 161:Drivers/CMSIS/Include/cmsis_gcc.h ****   }
 162:Drivers/CMSIS/Include/cmsis_gcc.h **** 
 163:Drivers/CMSIS/Include/cmsis_gcc.h ****   _start();
 164:Drivers/CMSIS/Include/cmsis_gcc.h **** }
 165:Drivers/CMSIS/Include/cmsis_gcc.h **** 
 166:Drivers/CMSIS/Include/cmsis_gcc.h **** #define __PROGRAM_START           __cmsis_start
 167:Drivers/CMSIS/Include/cmsis_gcc.h **** #endif
ARM GAS  C:\Users\techn\AppData\Local\Temp\cc085Qaf.s 			page 23


 168:Drivers/CMSIS/Include/cmsis_gcc.h **** 
 169:Drivers/CMSIS/Include/cmsis_gcc.h **** #ifndef __INITIAL_SP
 170:Drivers/CMSIS/Include/cmsis_gcc.h **** #define __INITIAL_SP              __StackTop
 171:Drivers/CMSIS/Include/cmsis_gcc.h **** #endif
 172:Drivers/CMSIS/Include/cmsis_gcc.h **** 
 173:Drivers/CMSIS/Include/cmsis_gcc.h **** #ifndef __STACK_LIMIT
 174:Drivers/CMSIS/Include/cmsis_gcc.h **** #define __STACK_LIMIT             __StackLimit
 175:Drivers/CMSIS/Include/cmsis_gcc.h **** #endif
 176:Drivers/CMSIS/Include/cmsis_gcc.h **** 
 177:Drivers/CMSIS/Include/cmsis_gcc.h **** #ifndef __VECTOR_TABLE
 178:Drivers/CMSIS/Include/cmsis_gcc.h **** #define __VECTOR_TABLE            __Vectors
 179:Drivers/CMSIS/Include/cmsis_gcc.h **** #endif
 180:Drivers/CMSIS/Include/cmsis_gcc.h **** 
 181:Drivers/CMSIS/Include/cmsis_gcc.h **** #ifndef __VECTOR_TABLE_ATTRIBUTE
 182:Drivers/CMSIS/Include/cmsis_gcc.h **** #define __VECTOR_TABLE_ATTRIBUTE  __attribute__((used, section(".vectors")))
 183:Drivers/CMSIS/Include/cmsis_gcc.h **** #endif
 184:Drivers/CMSIS/Include/cmsis_gcc.h **** 
 185:Drivers/CMSIS/Include/cmsis_gcc.h **** #if defined (__ARM_FEATURE_CMSE) && (__ARM_FEATURE_CMSE == 3U)
 186:Drivers/CMSIS/Include/cmsis_gcc.h **** #ifndef __STACK_SEAL
 187:Drivers/CMSIS/Include/cmsis_gcc.h **** #define __STACK_SEAL              __StackSeal
 188:Drivers/CMSIS/Include/cmsis_gcc.h **** #endif
 189:Drivers/CMSIS/Include/cmsis_gcc.h **** 
 190:Drivers/CMSIS/Include/cmsis_gcc.h **** #ifndef __TZ_STACK_SEAL_SIZE
 191:Drivers/CMSIS/Include/cmsis_gcc.h **** #define __TZ_STACK_SEAL_SIZE      8U
 192:Drivers/CMSIS/Include/cmsis_gcc.h **** #endif
 193:Drivers/CMSIS/Include/cmsis_gcc.h **** 
 194:Drivers/CMSIS/Include/cmsis_gcc.h **** #ifndef __TZ_STACK_SEAL_VALUE
 195:Drivers/CMSIS/Include/cmsis_gcc.h **** #define __TZ_STACK_SEAL_VALUE     0xFEF5EDA5FEF5EDA5ULL
 196:Drivers/CMSIS/Include/cmsis_gcc.h **** #endif
 197:Drivers/CMSIS/Include/cmsis_gcc.h **** 
 198:Drivers/CMSIS/Include/cmsis_gcc.h **** 
 199:Drivers/CMSIS/Include/cmsis_gcc.h **** __STATIC_FORCEINLINE void __TZ_set_STACKSEAL_S (uint32_t* stackTop) {
 200:Drivers/CMSIS/Include/cmsis_gcc.h ****   *((uint64_t *)stackTop) = __TZ_STACK_SEAL_VALUE;
 201:Drivers/CMSIS/Include/cmsis_gcc.h **** }
 202:Drivers/CMSIS/Include/cmsis_gcc.h **** #endif
 203:Drivers/CMSIS/Include/cmsis_gcc.h **** 
 204:Drivers/CMSIS/Include/cmsis_gcc.h **** 
 205:Drivers/CMSIS/Include/cmsis_gcc.h **** /* ##########################  Core Instruction Access  ######################### */
 206:Drivers/CMSIS/Include/cmsis_gcc.h **** /** \defgroup CMSIS_Core_InstructionInterface CMSIS Core Instruction Interface
 207:Drivers/CMSIS/Include/cmsis_gcc.h ****   Access to dedicated instructions
 208:Drivers/CMSIS/Include/cmsis_gcc.h ****   @{
 209:Drivers/CMSIS/Include/cmsis_gcc.h **** */
 210:Drivers/CMSIS/Include/cmsis_gcc.h **** 
 211:Drivers/CMSIS/Include/cmsis_gcc.h **** /* Define macros for porting to both thumb1 and thumb2.
 212:Drivers/CMSIS/Include/cmsis_gcc.h ****  * For thumb1, use low register (r0-r7), specified by constraint "l"
 213:Drivers/CMSIS/Include/cmsis_gcc.h ****  * Otherwise, use general registers, specified by constraint "r" */
 214:Drivers/CMSIS/Include/cmsis_gcc.h **** #if defined (__thumb__) && !defined (__thumb2__)
 215:Drivers/CMSIS/Include/cmsis_gcc.h **** #define __CMSIS_GCC_OUT_REG(r) "=l" (r)
 216:Drivers/CMSIS/Include/cmsis_gcc.h **** #define __CMSIS_GCC_RW_REG(r) "+l" (r)
 217:Drivers/CMSIS/Include/cmsis_gcc.h **** #define __CMSIS_GCC_USE_REG(r) "l" (r)
 218:Drivers/CMSIS/Include/cmsis_gcc.h **** #else
 219:Drivers/CMSIS/Include/cmsis_gcc.h **** #define __CMSIS_GCC_OUT_REG(r) "=r" (r)
 220:Drivers/CMSIS/Include/cmsis_gcc.h **** #define __CMSIS_GCC_RW_REG(r) "+r" (r)
 221:Drivers/CMSIS/Include/cmsis_gcc.h **** #define __CMSIS_GCC_USE_REG(r) "r" (r)
 222:Drivers/CMSIS/Include/cmsis_gcc.h **** #endif
 223:Drivers/CMSIS/Include/cmsis_gcc.h **** 
 224:Drivers/CMSIS/Include/cmsis_gcc.h **** /**
ARM GAS  C:\Users\techn\AppData\Local\Temp\cc085Qaf.s 			page 24


 225:Drivers/CMSIS/Include/cmsis_gcc.h ****   \brief   No Operation
 226:Drivers/CMSIS/Include/cmsis_gcc.h ****   \details No Operation does nothing. This instruction can be used for code alignment purposes.
 227:Drivers/CMSIS/Include/cmsis_gcc.h ****  */
 228:Drivers/CMSIS/Include/cmsis_gcc.h **** #define __NOP()                             __ASM volatile ("nop")
 229:Drivers/CMSIS/Include/cmsis_gcc.h **** 
 230:Drivers/CMSIS/Include/cmsis_gcc.h **** /**
 231:Drivers/CMSIS/Include/cmsis_gcc.h ****   \brief   Wait For Interrupt
 232:Drivers/CMSIS/Include/cmsis_gcc.h ****   \details Wait For Interrupt is a hint instruction that suspends execution until one of a number o
 233:Drivers/CMSIS/Include/cmsis_gcc.h ****  */
 234:Drivers/CMSIS/Include/cmsis_gcc.h **** #define __WFI()                             __ASM volatile ("wfi":::"memory")
 235:Drivers/CMSIS/Include/cmsis_gcc.h **** 
 236:Drivers/CMSIS/Include/cmsis_gcc.h **** 
 237:Drivers/CMSIS/Include/cmsis_gcc.h **** /**
 238:Drivers/CMSIS/Include/cmsis_gcc.h ****   \brief   Wait For Event
 239:Drivers/CMSIS/Include/cmsis_gcc.h ****   \details Wait For Event is a hint instruction that permits the processor to enter
 240:Drivers/CMSIS/Include/cmsis_gcc.h ****            a low-power state until one of a number of events occurs.
 241:Drivers/CMSIS/Include/cmsis_gcc.h ****  */
 242:Drivers/CMSIS/Include/cmsis_gcc.h **** #define __WFE()                             __ASM volatile ("wfe":::"memory")
 243:Drivers/CMSIS/Include/cmsis_gcc.h **** 
 244:Drivers/CMSIS/Include/cmsis_gcc.h **** 
 245:Drivers/CMSIS/Include/cmsis_gcc.h **** /**
 246:Drivers/CMSIS/Include/cmsis_gcc.h ****   \brief   Send Event
 247:Drivers/CMSIS/Include/cmsis_gcc.h ****   \details Send Event is a hint instruction. It causes an event to be signaled to the CPU.
 248:Drivers/CMSIS/Include/cmsis_gcc.h ****  */
 249:Drivers/CMSIS/Include/cmsis_gcc.h **** #define __SEV()                             __ASM volatile ("sev")
 250:Drivers/CMSIS/Include/cmsis_gcc.h **** 
 251:Drivers/CMSIS/Include/cmsis_gcc.h **** 
 252:Drivers/CMSIS/Include/cmsis_gcc.h **** /**
 253:Drivers/CMSIS/Include/cmsis_gcc.h ****   \brief   Instruction Synchronization Barrier
 254:Drivers/CMSIS/Include/cmsis_gcc.h ****   \details Instruction Synchronization Barrier flushes the pipeline in the processor,
 255:Drivers/CMSIS/Include/cmsis_gcc.h ****            so that all instructions following the ISB are fetched from cache or memory,
 256:Drivers/CMSIS/Include/cmsis_gcc.h ****            after the instruction has been completed.
 257:Drivers/CMSIS/Include/cmsis_gcc.h ****  */
 258:Drivers/CMSIS/Include/cmsis_gcc.h **** __STATIC_FORCEINLINE void __ISB(void)
 259:Drivers/CMSIS/Include/cmsis_gcc.h **** {
 260:Drivers/CMSIS/Include/cmsis_gcc.h ****   __ASM volatile ("isb 0xF":::"memory");
 261:Drivers/CMSIS/Include/cmsis_gcc.h **** }
 262:Drivers/CMSIS/Include/cmsis_gcc.h **** 
 263:Drivers/CMSIS/Include/cmsis_gcc.h **** 
 264:Drivers/CMSIS/Include/cmsis_gcc.h **** /**
 265:Drivers/CMSIS/Include/cmsis_gcc.h ****   \brief   Data Synchronization Barrier
 266:Drivers/CMSIS/Include/cmsis_gcc.h ****   \details Acts as a special kind of Data Memory Barrier.
 267:Drivers/CMSIS/Include/cmsis_gcc.h ****            It completes when all explicit memory accesses before this instruction complete.
 268:Drivers/CMSIS/Include/cmsis_gcc.h ****  */
 269:Drivers/CMSIS/Include/cmsis_gcc.h **** __STATIC_FORCEINLINE void __DSB(void)
 270:Drivers/CMSIS/Include/cmsis_gcc.h **** {
 271:Drivers/CMSIS/Include/cmsis_gcc.h ****   __ASM volatile ("dsb 0xF":::"memory");
 272:Drivers/CMSIS/Include/cmsis_gcc.h **** }
 273:Drivers/CMSIS/Include/cmsis_gcc.h **** 
 274:Drivers/CMSIS/Include/cmsis_gcc.h **** 
 275:Drivers/CMSIS/Include/cmsis_gcc.h **** /**
 276:Drivers/CMSIS/Include/cmsis_gcc.h ****   \brief   Data Memory Barrier
 277:Drivers/CMSIS/Include/cmsis_gcc.h ****   \details Ensures the apparent order of the explicit memory operations before
 278:Drivers/CMSIS/Include/cmsis_gcc.h ****            and after the instruction, without ensuring their completion.
 279:Drivers/CMSIS/Include/cmsis_gcc.h ****  */
 280:Drivers/CMSIS/Include/cmsis_gcc.h **** __STATIC_FORCEINLINE void __DMB(void)
 281:Drivers/CMSIS/Include/cmsis_gcc.h **** {
ARM GAS  C:\Users\techn\AppData\Local\Temp\cc085Qaf.s 			page 25


 282:Drivers/CMSIS/Include/cmsis_gcc.h ****   __ASM volatile ("dmb 0xF":::"memory");
 283:Drivers/CMSIS/Include/cmsis_gcc.h **** }
 284:Drivers/CMSIS/Include/cmsis_gcc.h **** 
 285:Drivers/CMSIS/Include/cmsis_gcc.h **** 
 286:Drivers/CMSIS/Include/cmsis_gcc.h **** /**
 287:Drivers/CMSIS/Include/cmsis_gcc.h ****   \brief   Reverse byte order (32 bit)
 288:Drivers/CMSIS/Include/cmsis_gcc.h ****   \details Reverses the byte order in unsigned integer value. For example, 0x12345678 becomes 0x785
 289:Drivers/CMSIS/Include/cmsis_gcc.h ****   \param [in]    value  Value to reverse
 290:Drivers/CMSIS/Include/cmsis_gcc.h ****   \return               Reversed value
 291:Drivers/CMSIS/Include/cmsis_gcc.h ****  */
 292:Drivers/CMSIS/Include/cmsis_gcc.h **** __STATIC_FORCEINLINE uint32_t __REV(uint32_t value)
 293:Drivers/CMSIS/Include/cmsis_gcc.h **** {
 294:Drivers/CMSIS/Include/cmsis_gcc.h **** #if (__GNUC__ > 4) || (__GNUC__ == 4 && __GNUC_MINOR__ >= 5)
 295:Drivers/CMSIS/Include/cmsis_gcc.h ****   return __builtin_bswap32(value);
 296:Drivers/CMSIS/Include/cmsis_gcc.h **** #else
 297:Drivers/CMSIS/Include/cmsis_gcc.h ****   uint32_t result;
 298:Drivers/CMSIS/Include/cmsis_gcc.h **** 
 299:Drivers/CMSIS/Include/cmsis_gcc.h ****   __ASM ("rev %0, %1" : __CMSIS_GCC_OUT_REG (result) : __CMSIS_GCC_USE_REG (value) );
 300:Drivers/CMSIS/Include/cmsis_gcc.h ****   return result;
 301:Drivers/CMSIS/Include/cmsis_gcc.h **** #endif
 302:Drivers/CMSIS/Include/cmsis_gcc.h **** }
 303:Drivers/CMSIS/Include/cmsis_gcc.h **** 
 304:Drivers/CMSIS/Include/cmsis_gcc.h **** 
 305:Drivers/CMSIS/Include/cmsis_gcc.h **** /**
 306:Drivers/CMSIS/Include/cmsis_gcc.h ****   \brief   Reverse byte order (16 bit)
 307:Drivers/CMSIS/Include/cmsis_gcc.h ****   \details Reverses the byte order within each halfword of a word. For example, 0x12345678 becomes 
 308:Drivers/CMSIS/Include/cmsis_gcc.h ****   \param [in]    value  Value to reverse
 309:Drivers/CMSIS/Include/cmsis_gcc.h ****   \return               Reversed value
 310:Drivers/CMSIS/Include/cmsis_gcc.h ****  */
 311:Drivers/CMSIS/Include/cmsis_gcc.h **** __STATIC_FORCEINLINE uint32_t __REV16(uint32_t value)
 312:Drivers/CMSIS/Include/cmsis_gcc.h **** {
 313:Drivers/CMSIS/Include/cmsis_gcc.h ****   uint32_t result;
 314:Drivers/CMSIS/Include/cmsis_gcc.h **** 
 315:Drivers/CMSIS/Include/cmsis_gcc.h ****   __ASM ("rev16 %0, %1" : __CMSIS_GCC_OUT_REG (result) : __CMSIS_GCC_USE_REG (value) );
 316:Drivers/CMSIS/Include/cmsis_gcc.h ****   return result;
 317:Drivers/CMSIS/Include/cmsis_gcc.h **** }
 318:Drivers/CMSIS/Include/cmsis_gcc.h **** 
 319:Drivers/CMSIS/Include/cmsis_gcc.h **** 
 320:Drivers/CMSIS/Include/cmsis_gcc.h **** /**
 321:Drivers/CMSIS/Include/cmsis_gcc.h ****   \brief   Reverse byte order (16 bit)
 322:Drivers/CMSIS/Include/cmsis_gcc.h ****   \details Reverses the byte order in a 16-bit value and returns the signed 16-bit result. For exam
 323:Drivers/CMSIS/Include/cmsis_gcc.h ****   \param [in]    value  Value to reverse
 324:Drivers/CMSIS/Include/cmsis_gcc.h ****   \return               Reversed value
 325:Drivers/CMSIS/Include/cmsis_gcc.h ****  */
 326:Drivers/CMSIS/Include/cmsis_gcc.h **** __STATIC_FORCEINLINE int16_t __REVSH(int16_t value)
 327:Drivers/CMSIS/Include/cmsis_gcc.h **** {
 328:Drivers/CMSIS/Include/cmsis_gcc.h **** #if (__GNUC__ > 4) || (__GNUC__ == 4 && __GNUC_MINOR__ >= 8)
 329:Drivers/CMSIS/Include/cmsis_gcc.h ****   return (int16_t)__builtin_bswap16(value);
 330:Drivers/CMSIS/Include/cmsis_gcc.h **** #else
 331:Drivers/CMSIS/Include/cmsis_gcc.h ****   int16_t result;
 332:Drivers/CMSIS/Include/cmsis_gcc.h **** 
 333:Drivers/CMSIS/Include/cmsis_gcc.h ****   __ASM ("revsh %0, %1" : __CMSIS_GCC_OUT_REG (result) : __CMSIS_GCC_USE_REG (value) );
 334:Drivers/CMSIS/Include/cmsis_gcc.h ****   return result;
 335:Drivers/CMSIS/Include/cmsis_gcc.h **** #endif
 336:Drivers/CMSIS/Include/cmsis_gcc.h **** }
 337:Drivers/CMSIS/Include/cmsis_gcc.h **** 
 338:Drivers/CMSIS/Include/cmsis_gcc.h **** 
ARM GAS  C:\Users\techn\AppData\Local\Temp\cc085Qaf.s 			page 26


 339:Drivers/CMSIS/Include/cmsis_gcc.h **** /**
 340:Drivers/CMSIS/Include/cmsis_gcc.h ****   \brief   Rotate Right in unsigned value (32 bit)
 341:Drivers/CMSIS/Include/cmsis_gcc.h ****   \details Rotate Right (immediate) provides the value of the contents of a register rotated by a v
 342:Drivers/CMSIS/Include/cmsis_gcc.h ****   \param [in]    op1  Value to rotate
 343:Drivers/CMSIS/Include/cmsis_gcc.h ****   \param [in]    op2  Number of Bits to rotate
 344:Drivers/CMSIS/Include/cmsis_gcc.h ****   \return               Rotated value
 345:Drivers/CMSIS/Include/cmsis_gcc.h ****  */
 346:Drivers/CMSIS/Include/cmsis_gcc.h **** __STATIC_FORCEINLINE uint32_t __ROR(uint32_t op1, uint32_t op2)
 347:Drivers/CMSIS/Include/cmsis_gcc.h **** {
 348:Drivers/CMSIS/Include/cmsis_gcc.h ****   op2 %= 32U;
 349:Drivers/CMSIS/Include/cmsis_gcc.h ****   if (op2 == 0U)
 350:Drivers/CMSIS/Include/cmsis_gcc.h ****   {
 351:Drivers/CMSIS/Include/cmsis_gcc.h ****     return op1;
 352:Drivers/CMSIS/Include/cmsis_gcc.h ****   }
 353:Drivers/CMSIS/Include/cmsis_gcc.h ****   return (op1 >> op2) | (op1 << (32U - op2));
 354:Drivers/CMSIS/Include/cmsis_gcc.h **** }
 355:Drivers/CMSIS/Include/cmsis_gcc.h **** 
 356:Drivers/CMSIS/Include/cmsis_gcc.h **** 
 357:Drivers/CMSIS/Include/cmsis_gcc.h **** /**
 358:Drivers/CMSIS/Include/cmsis_gcc.h ****   \brief   Breakpoint
 359:Drivers/CMSIS/Include/cmsis_gcc.h ****   \details Causes the processor to enter Debug state.
 360:Drivers/CMSIS/Include/cmsis_gcc.h ****            Debug tools can use this to investigate system state when the instruction at a particula
 361:Drivers/CMSIS/Include/cmsis_gcc.h ****   \param [in]    value  is ignored by the processor.
 362:Drivers/CMSIS/Include/cmsis_gcc.h ****                  If required, a debugger can use it to store additional information about the break
 363:Drivers/CMSIS/Include/cmsis_gcc.h ****  */
 364:Drivers/CMSIS/Include/cmsis_gcc.h **** #define __BKPT(value)                       __ASM volatile ("bkpt "#value)
 365:Drivers/CMSIS/Include/cmsis_gcc.h **** 
 366:Drivers/CMSIS/Include/cmsis_gcc.h **** 
 367:Drivers/CMSIS/Include/cmsis_gcc.h **** /**
 368:Drivers/CMSIS/Include/cmsis_gcc.h ****   \brief   Reverse bit order of value
 369:Drivers/CMSIS/Include/cmsis_gcc.h ****   \details Reverses the bit order of the given value.
 370:Drivers/CMSIS/Include/cmsis_gcc.h ****   \param [in]    value  Value to reverse
 371:Drivers/CMSIS/Include/cmsis_gcc.h ****   \return               Reversed value
 372:Drivers/CMSIS/Include/cmsis_gcc.h ****  */
 373:Drivers/CMSIS/Include/cmsis_gcc.h **** __STATIC_FORCEINLINE uint32_t __RBIT(uint32_t value)
 374:Drivers/CMSIS/Include/cmsis_gcc.h **** {
 375:Drivers/CMSIS/Include/cmsis_gcc.h ****   uint32_t result;
 376:Drivers/CMSIS/Include/cmsis_gcc.h **** 
 377:Drivers/CMSIS/Include/cmsis_gcc.h **** #if ((defined (__ARM_ARCH_7M__      ) && (__ARM_ARCH_7M__      == 1)) || \
 378:Drivers/CMSIS/Include/cmsis_gcc.h ****      (defined (__ARM_ARCH_7EM__     ) && (__ARM_ARCH_7EM__     == 1)) || \
 379:Drivers/CMSIS/Include/cmsis_gcc.h ****      (defined (__ARM_ARCH_8M_MAIN__ ) && (__ARM_ARCH_8M_MAIN__ == 1))    )
 380:Drivers/CMSIS/Include/cmsis_gcc.h ****    __ASM ("rbit %0, %1" : "=r" (result) : "r" (value) );
 381:Drivers/CMSIS/Include/cmsis_gcc.h **** #else
 382:Drivers/CMSIS/Include/cmsis_gcc.h ****   uint32_t s = (4U /*sizeof(v)*/ * 8U) - 1U; /* extra shift needed at end */
 383:Drivers/CMSIS/Include/cmsis_gcc.h **** 
 384:Drivers/CMSIS/Include/cmsis_gcc.h ****   result = value;                      /* r will be reversed bits of v; first get LSB of v */
 385:Drivers/CMSIS/Include/cmsis_gcc.h ****   for (value >>= 1U; value != 0U; value >>= 1U)
 386:Drivers/CMSIS/Include/cmsis_gcc.h ****   {
 387:Drivers/CMSIS/Include/cmsis_gcc.h ****     result <<= 1U;
 388:Drivers/CMSIS/Include/cmsis_gcc.h ****     result |= value & 1U;
 389:Drivers/CMSIS/Include/cmsis_gcc.h ****     s--;
 390:Drivers/CMSIS/Include/cmsis_gcc.h ****   }
 391:Drivers/CMSIS/Include/cmsis_gcc.h ****   result <<= s;                        /* shift when v's highest bits are zero */
 392:Drivers/CMSIS/Include/cmsis_gcc.h **** #endif
 393:Drivers/CMSIS/Include/cmsis_gcc.h ****   return result;
 394:Drivers/CMSIS/Include/cmsis_gcc.h **** }
 395:Drivers/CMSIS/Include/cmsis_gcc.h **** 
ARM GAS  C:\Users\techn\AppData\Local\Temp\cc085Qaf.s 			page 27


 396:Drivers/CMSIS/Include/cmsis_gcc.h **** 
 397:Drivers/CMSIS/Include/cmsis_gcc.h **** /**
 398:Drivers/CMSIS/Include/cmsis_gcc.h ****   \brief   Count leading zeros
 399:Drivers/CMSIS/Include/cmsis_gcc.h ****   \details Counts the number of leading zeros of a data value.
 400:Drivers/CMSIS/Include/cmsis_gcc.h ****   \param [in]  value  Value to count the leading zeros
 401:Drivers/CMSIS/Include/cmsis_gcc.h ****   \return             number of leading zeros in value
 402:Drivers/CMSIS/Include/cmsis_gcc.h ****  */
 403:Drivers/CMSIS/Include/cmsis_gcc.h **** __STATIC_FORCEINLINE uint8_t __CLZ(uint32_t value)
 404:Drivers/CMSIS/Include/cmsis_gcc.h **** {
 405:Drivers/CMSIS/Include/cmsis_gcc.h ****   /* Even though __builtin_clz produces a CLZ instruction on ARM, formally
 406:Drivers/CMSIS/Include/cmsis_gcc.h ****      __builtin_clz(0) is undefined behaviour, so handle this case specially.
 407:Drivers/CMSIS/Include/cmsis_gcc.h ****      This guarantees ARM-compatible results if happening to compile on a non-ARM
 408:Drivers/CMSIS/Include/cmsis_gcc.h ****      target, and ensures the compiler doesn't decide to activate any
 409:Drivers/CMSIS/Include/cmsis_gcc.h ****      optimisations using the logic "value was passed to __builtin_clz, so it
 410:Drivers/CMSIS/Include/cmsis_gcc.h ****      is non-zero".
 411:Drivers/CMSIS/Include/cmsis_gcc.h ****      ARM GCC 7.3 and possibly earlier will optimise this test away, leaving a
 412:Drivers/CMSIS/Include/cmsis_gcc.h ****      single CLZ instruction.
 413:Drivers/CMSIS/Include/cmsis_gcc.h ****    */
 414:Drivers/CMSIS/Include/cmsis_gcc.h ****   if (value == 0U)
 415:Drivers/CMSIS/Include/cmsis_gcc.h ****   {
 416:Drivers/CMSIS/Include/cmsis_gcc.h ****     return 32U;
 417:Drivers/CMSIS/Include/cmsis_gcc.h ****   }
 418:Drivers/CMSIS/Include/cmsis_gcc.h ****   return __builtin_clz(value);
 419:Drivers/CMSIS/Include/cmsis_gcc.h **** }
 420:Drivers/CMSIS/Include/cmsis_gcc.h **** 
 421:Drivers/CMSIS/Include/cmsis_gcc.h **** 
 422:Drivers/CMSIS/Include/cmsis_gcc.h **** #if ((defined (__ARM_ARCH_7M__      ) && (__ARM_ARCH_7M__      == 1)) || \
 423:Drivers/CMSIS/Include/cmsis_gcc.h ****      (defined (__ARM_ARCH_7EM__     ) && (__ARM_ARCH_7EM__     == 1)) || \
 424:Drivers/CMSIS/Include/cmsis_gcc.h ****      (defined (__ARM_ARCH_8M_MAIN__ ) && (__ARM_ARCH_8M_MAIN__ == 1)) || \
 425:Drivers/CMSIS/Include/cmsis_gcc.h ****      (defined (__ARM_ARCH_8M_BASE__ ) && (__ARM_ARCH_8M_BASE__ == 1))    )
 426:Drivers/CMSIS/Include/cmsis_gcc.h **** /**
 427:Drivers/CMSIS/Include/cmsis_gcc.h ****   \brief   LDR Exclusive (8 bit)
 428:Drivers/CMSIS/Include/cmsis_gcc.h ****   \details Executes a exclusive LDR instruction for 8 bit value.
 429:Drivers/CMSIS/Include/cmsis_gcc.h ****   \param [in]    ptr  Pointer to data
 430:Drivers/CMSIS/Include/cmsis_gcc.h ****   \return             value of type uint8_t at (*ptr)
 431:Drivers/CMSIS/Include/cmsis_gcc.h ****  */
 432:Drivers/CMSIS/Include/cmsis_gcc.h **** __STATIC_FORCEINLINE uint8_t __LDREXB(volatile uint8_t *addr)
 433:Drivers/CMSIS/Include/cmsis_gcc.h **** {
 434:Drivers/CMSIS/Include/cmsis_gcc.h ****     uint32_t result;
 435:Drivers/CMSIS/Include/cmsis_gcc.h **** 
 436:Drivers/CMSIS/Include/cmsis_gcc.h **** #if (__GNUC__ > 4) || (__GNUC__ == 4 && __GNUC_MINOR__ >= 8)
 437:Drivers/CMSIS/Include/cmsis_gcc.h ****    __ASM volatile ("ldrexb %0, %1" : "=r" (result) : "Q" (*addr) );
 438:Drivers/CMSIS/Include/cmsis_gcc.h **** #else
 439:Drivers/CMSIS/Include/cmsis_gcc.h ****     /* Prior to GCC 4.8, "Q" will be expanded to [rx, #0] which is not
 440:Drivers/CMSIS/Include/cmsis_gcc.h ****        accepted by assembler. So has to use following less efficient pattern.
 441:Drivers/CMSIS/Include/cmsis_gcc.h ****     */
 442:Drivers/CMSIS/Include/cmsis_gcc.h ****    __ASM volatile ("ldrexb %0, [%1]" : "=r" (result) : "r" (addr) : "memory" );
 443:Drivers/CMSIS/Include/cmsis_gcc.h **** #endif
 444:Drivers/CMSIS/Include/cmsis_gcc.h ****    return ((uint8_t) result);    /* Add explicit type cast here */
 445:Drivers/CMSIS/Include/cmsis_gcc.h **** }
 446:Drivers/CMSIS/Include/cmsis_gcc.h **** 
 447:Drivers/CMSIS/Include/cmsis_gcc.h **** 
 448:Drivers/CMSIS/Include/cmsis_gcc.h **** /**
 449:Drivers/CMSIS/Include/cmsis_gcc.h ****   \brief   LDR Exclusive (16 bit)
 450:Drivers/CMSIS/Include/cmsis_gcc.h ****   \details Executes a exclusive LDR instruction for 16 bit values.
 451:Drivers/CMSIS/Include/cmsis_gcc.h ****   \param [in]    ptr  Pointer to data
 452:Drivers/CMSIS/Include/cmsis_gcc.h ****   \return        value of type uint16_t at (*ptr)
ARM GAS  C:\Users\techn\AppData\Local\Temp\cc085Qaf.s 			page 28


 453:Drivers/CMSIS/Include/cmsis_gcc.h ****  */
 454:Drivers/CMSIS/Include/cmsis_gcc.h **** __STATIC_FORCEINLINE uint16_t __LDREXH(volatile uint16_t *addr)
 455:Drivers/CMSIS/Include/cmsis_gcc.h **** {
 456:Drivers/CMSIS/Include/cmsis_gcc.h ****     uint32_t result;
 457:Drivers/CMSIS/Include/cmsis_gcc.h **** 
 458:Drivers/CMSIS/Include/cmsis_gcc.h **** #if (__GNUC__ > 4) || (__GNUC__ == 4 && __GNUC_MINOR__ >= 8)
 459:Drivers/CMSIS/Include/cmsis_gcc.h ****    __ASM volatile ("ldrexh %0, %1" : "=r" (result) : "Q" (*addr) );
 460:Drivers/CMSIS/Include/cmsis_gcc.h **** #else
 461:Drivers/CMSIS/Include/cmsis_gcc.h ****     /* Prior to GCC 4.8, "Q" will be expanded to [rx, #0] which is not
 462:Drivers/CMSIS/Include/cmsis_gcc.h ****        accepted by assembler. So has to use following less efficient pattern.
 463:Drivers/CMSIS/Include/cmsis_gcc.h ****     */
 464:Drivers/CMSIS/Include/cmsis_gcc.h ****    __ASM volatile ("ldrexh %0, [%1]" : "=r" (result) : "r" (addr) : "memory" );
 465:Drivers/CMSIS/Include/cmsis_gcc.h **** #endif
 466:Drivers/CMSIS/Include/cmsis_gcc.h ****    return ((uint16_t) result);    /* Add explicit type cast here */
 467:Drivers/CMSIS/Include/cmsis_gcc.h **** }
 468:Drivers/CMSIS/Include/cmsis_gcc.h **** 
 469:Drivers/CMSIS/Include/cmsis_gcc.h **** 
 470:Drivers/CMSIS/Include/cmsis_gcc.h **** /**
 471:Drivers/CMSIS/Include/cmsis_gcc.h ****   \brief   LDR Exclusive (32 bit)
 472:Drivers/CMSIS/Include/cmsis_gcc.h ****   \details Executes a exclusive LDR instruction for 32 bit values.
 473:Drivers/CMSIS/Include/cmsis_gcc.h ****   \param [in]    ptr  Pointer to data
 474:Drivers/CMSIS/Include/cmsis_gcc.h ****   \return        value of type uint32_t at (*ptr)
 475:Drivers/CMSIS/Include/cmsis_gcc.h ****  */
 476:Drivers/CMSIS/Include/cmsis_gcc.h **** __STATIC_FORCEINLINE uint32_t __LDREXW(volatile uint32_t *addr)
 477:Drivers/CMSIS/Include/cmsis_gcc.h **** {
 478:Drivers/CMSIS/Include/cmsis_gcc.h ****     uint32_t result;
 479:Drivers/CMSIS/Include/cmsis_gcc.h **** 
 480:Drivers/CMSIS/Include/cmsis_gcc.h ****    __ASM volatile ("ldrex %0, %1" : "=r" (result) : "Q" (*addr) );
 481:Drivers/CMSIS/Include/cmsis_gcc.h ****    return(result);
 482:Drivers/CMSIS/Include/cmsis_gcc.h **** }
 483:Drivers/CMSIS/Include/cmsis_gcc.h **** 
 484:Drivers/CMSIS/Include/cmsis_gcc.h **** 
 485:Drivers/CMSIS/Include/cmsis_gcc.h **** /**
 486:Drivers/CMSIS/Include/cmsis_gcc.h ****   \brief   STR Exclusive (8 bit)
 487:Drivers/CMSIS/Include/cmsis_gcc.h ****   \details Executes a exclusive STR instruction for 8 bit values.
 488:Drivers/CMSIS/Include/cmsis_gcc.h ****   \param [in]  value  Value to store
 489:Drivers/CMSIS/Include/cmsis_gcc.h ****   \param [in]    ptr  Pointer to location
 490:Drivers/CMSIS/Include/cmsis_gcc.h ****   \return          0  Function succeeded
 491:Drivers/CMSIS/Include/cmsis_gcc.h ****   \return          1  Function failed
 492:Drivers/CMSIS/Include/cmsis_gcc.h ****  */
 493:Drivers/CMSIS/Include/cmsis_gcc.h **** __STATIC_FORCEINLINE uint32_t __STREXB(uint8_t value, volatile uint8_t *addr)
 494:Drivers/CMSIS/Include/cmsis_gcc.h **** {
 495:Drivers/CMSIS/Include/cmsis_gcc.h ****    uint32_t result;
 496:Drivers/CMSIS/Include/cmsis_gcc.h **** 
 497:Drivers/CMSIS/Include/cmsis_gcc.h ****    __ASM volatile ("strexb %0, %2, %1" : "=&r" (result), "=Q" (*addr) : "r" ((uint32_t)value) );
 498:Drivers/CMSIS/Include/cmsis_gcc.h ****    return(result);
 499:Drivers/CMSIS/Include/cmsis_gcc.h **** }
 500:Drivers/CMSIS/Include/cmsis_gcc.h **** 
 501:Drivers/CMSIS/Include/cmsis_gcc.h **** 
 502:Drivers/CMSIS/Include/cmsis_gcc.h **** /**
 503:Drivers/CMSIS/Include/cmsis_gcc.h ****   \brief   STR Exclusive (16 bit)
 504:Drivers/CMSIS/Include/cmsis_gcc.h ****   \details Executes a exclusive STR instruction for 16 bit values.
 505:Drivers/CMSIS/Include/cmsis_gcc.h ****   \param [in]  value  Value to store
 506:Drivers/CMSIS/Include/cmsis_gcc.h ****   \param [in]    ptr  Pointer to location
 507:Drivers/CMSIS/Include/cmsis_gcc.h ****   \return          0  Function succeeded
 508:Drivers/CMSIS/Include/cmsis_gcc.h ****   \return          1  Function failed
 509:Drivers/CMSIS/Include/cmsis_gcc.h ****  */
ARM GAS  C:\Users\techn\AppData\Local\Temp\cc085Qaf.s 			page 29


 510:Drivers/CMSIS/Include/cmsis_gcc.h **** __STATIC_FORCEINLINE uint32_t __STREXH(uint16_t value, volatile uint16_t *addr)
 511:Drivers/CMSIS/Include/cmsis_gcc.h **** {
 512:Drivers/CMSIS/Include/cmsis_gcc.h ****    uint32_t result;
 513:Drivers/CMSIS/Include/cmsis_gcc.h **** 
 514:Drivers/CMSIS/Include/cmsis_gcc.h ****    __ASM volatile ("strexh %0, %2, %1" : "=&r" (result), "=Q" (*addr) : "r" ((uint32_t)value) );
 515:Drivers/CMSIS/Include/cmsis_gcc.h ****    return(result);
 516:Drivers/CMSIS/Include/cmsis_gcc.h **** }
 517:Drivers/CMSIS/Include/cmsis_gcc.h **** 
 518:Drivers/CMSIS/Include/cmsis_gcc.h **** 
 519:Drivers/CMSIS/Include/cmsis_gcc.h **** /**
 520:Drivers/CMSIS/Include/cmsis_gcc.h ****   \brief   STR Exclusive (32 bit)
 521:Drivers/CMSIS/Include/cmsis_gcc.h ****   \details Executes a exclusive STR instruction for 32 bit values.
 522:Drivers/CMSIS/Include/cmsis_gcc.h ****   \param [in]  value  Value to store
 523:Drivers/CMSIS/Include/cmsis_gcc.h ****   \param [in]    ptr  Pointer to location
 524:Drivers/CMSIS/Include/cmsis_gcc.h ****   \return          0  Function succeeded
 525:Drivers/CMSIS/Include/cmsis_gcc.h ****   \return          1  Function failed
 526:Drivers/CMSIS/Include/cmsis_gcc.h ****  */
 527:Drivers/CMSIS/Include/cmsis_gcc.h **** __STATIC_FORCEINLINE uint32_t __STREXW(uint32_t value, volatile uint32_t *addr)
 528:Drivers/CMSIS/Include/cmsis_gcc.h **** {
 529:Drivers/CMSIS/Include/cmsis_gcc.h ****    uint32_t result;
 530:Drivers/CMSIS/Include/cmsis_gcc.h **** 
 531:Drivers/CMSIS/Include/cmsis_gcc.h ****    __ASM volatile ("strex %0, %2, %1" : "=&r" (result), "=Q" (*addr) : "r" (value) );
 532:Drivers/CMSIS/Include/cmsis_gcc.h ****    return(result);
 533:Drivers/CMSIS/Include/cmsis_gcc.h **** }
 534:Drivers/CMSIS/Include/cmsis_gcc.h **** 
 535:Drivers/CMSIS/Include/cmsis_gcc.h **** 
 536:Drivers/CMSIS/Include/cmsis_gcc.h **** /**
 537:Drivers/CMSIS/Include/cmsis_gcc.h ****   \brief   Remove the exclusive lock
 538:Drivers/CMSIS/Include/cmsis_gcc.h ****   \details Removes the exclusive lock which is created by LDREX.
 539:Drivers/CMSIS/Include/cmsis_gcc.h ****  */
 540:Drivers/CMSIS/Include/cmsis_gcc.h **** __STATIC_FORCEINLINE void __CLREX(void)
 541:Drivers/CMSIS/Include/cmsis_gcc.h **** {
 542:Drivers/CMSIS/Include/cmsis_gcc.h ****   __ASM volatile ("clrex" ::: "memory");
 543:Drivers/CMSIS/Include/cmsis_gcc.h **** }
 544:Drivers/CMSIS/Include/cmsis_gcc.h **** 
 545:Drivers/CMSIS/Include/cmsis_gcc.h **** #endif /* ((defined (__ARM_ARCH_7M__      ) && (__ARM_ARCH_7M__      == 1)) || \
 546:Drivers/CMSIS/Include/cmsis_gcc.h ****            (defined (__ARM_ARCH_7EM__     ) && (__ARM_ARCH_7EM__     == 1)) || \
 547:Drivers/CMSIS/Include/cmsis_gcc.h ****            (defined (__ARM_ARCH_8M_MAIN__ ) && (__ARM_ARCH_8M_MAIN__ == 1)) || \
 548:Drivers/CMSIS/Include/cmsis_gcc.h ****            (defined (__ARM_ARCH_8M_BASE__ ) && (__ARM_ARCH_8M_BASE__ == 1))    ) */
 549:Drivers/CMSIS/Include/cmsis_gcc.h **** 
 550:Drivers/CMSIS/Include/cmsis_gcc.h **** 
 551:Drivers/CMSIS/Include/cmsis_gcc.h **** #if ((defined (__ARM_ARCH_7M__      ) && (__ARM_ARCH_7M__      == 1)) || \
 552:Drivers/CMSIS/Include/cmsis_gcc.h ****      (defined (__ARM_ARCH_7EM__     ) && (__ARM_ARCH_7EM__     == 1)) || \
 553:Drivers/CMSIS/Include/cmsis_gcc.h ****      (defined (__ARM_ARCH_8M_MAIN__ ) && (__ARM_ARCH_8M_MAIN__ == 1))    )
 554:Drivers/CMSIS/Include/cmsis_gcc.h **** /**
 555:Drivers/CMSIS/Include/cmsis_gcc.h ****   \brief   Signed Saturate
 556:Drivers/CMSIS/Include/cmsis_gcc.h ****   \details Saturates a signed value.
 557:Drivers/CMSIS/Include/cmsis_gcc.h ****   \param [in]  ARG1  Value to be saturated
 558:Drivers/CMSIS/Include/cmsis_gcc.h ****   \param [in]  ARG2  Bit position to saturate to (1..32)
 559:Drivers/CMSIS/Include/cmsis_gcc.h ****   \return             Saturated value
 560:Drivers/CMSIS/Include/cmsis_gcc.h ****  */
 561:Drivers/CMSIS/Include/cmsis_gcc.h **** #define __SSAT(ARG1, ARG2) \
 562:Drivers/CMSIS/Include/cmsis_gcc.h **** __extension__ \
 563:Drivers/CMSIS/Include/cmsis_gcc.h **** ({                          \
 564:Drivers/CMSIS/Include/cmsis_gcc.h ****   int32_t __RES, __ARG1 = (ARG1); \
 565:Drivers/CMSIS/Include/cmsis_gcc.h ****   __ASM volatile ("ssat %0, %1, %2" : "=r" (__RES) :  "I" (ARG2), "r" (__ARG1) : "cc" ); \
 566:Drivers/CMSIS/Include/cmsis_gcc.h ****   __RES; \
ARM GAS  C:\Users\techn\AppData\Local\Temp\cc085Qaf.s 			page 30


 567:Drivers/CMSIS/Include/cmsis_gcc.h ****  })
 568:Drivers/CMSIS/Include/cmsis_gcc.h **** 
 569:Drivers/CMSIS/Include/cmsis_gcc.h **** 
 570:Drivers/CMSIS/Include/cmsis_gcc.h **** /**
 571:Drivers/CMSIS/Include/cmsis_gcc.h ****   \brief   Unsigned Saturate
 572:Drivers/CMSIS/Include/cmsis_gcc.h ****   \details Saturates an unsigned value.
 573:Drivers/CMSIS/Include/cmsis_gcc.h ****   \param [in]  ARG1  Value to be saturated
 574:Drivers/CMSIS/Include/cmsis_gcc.h ****   \param [in]  ARG2  Bit position to saturate to (0..31)
 575:Drivers/CMSIS/Include/cmsis_gcc.h ****   \return             Saturated value
 576:Drivers/CMSIS/Include/cmsis_gcc.h ****  */
 577:Drivers/CMSIS/Include/cmsis_gcc.h **** #define __USAT(ARG1, ARG2) \
 578:Drivers/CMSIS/Include/cmsis_gcc.h **** __extension__ \
 579:Drivers/CMSIS/Include/cmsis_gcc.h **** ({                          \
 580:Drivers/CMSIS/Include/cmsis_gcc.h ****   uint32_t __RES, __ARG1 = (ARG1); \
 581:Drivers/CMSIS/Include/cmsis_gcc.h ****   __ASM volatile ("usat %0, %1, %2" : "=r" (__RES) :  "I" (ARG2), "r" (__ARG1) : "cc" ); \
 582:Drivers/CMSIS/Include/cmsis_gcc.h ****   __RES; \
 583:Drivers/CMSIS/Include/cmsis_gcc.h ****  })
 584:Drivers/CMSIS/Include/cmsis_gcc.h **** 
 585:Drivers/CMSIS/Include/cmsis_gcc.h **** 
 586:Drivers/CMSIS/Include/cmsis_gcc.h **** /**
 587:Drivers/CMSIS/Include/cmsis_gcc.h ****   \brief   Rotate Right with Extend (32 bit)
 588:Drivers/CMSIS/Include/cmsis_gcc.h ****   \details Moves each bit of a bitstring right by one bit.
 589:Drivers/CMSIS/Include/cmsis_gcc.h ****            The carry input is shifted in at the left end of the bitstring.
 590:Drivers/CMSIS/Include/cmsis_gcc.h ****   \param [in]    value  Value to rotate
 591:Drivers/CMSIS/Include/cmsis_gcc.h ****   \return               Rotated value
 592:Drivers/CMSIS/Include/cmsis_gcc.h ****  */
 593:Drivers/CMSIS/Include/cmsis_gcc.h **** __STATIC_FORCEINLINE uint32_t __RRX(uint32_t value)
 594:Drivers/CMSIS/Include/cmsis_gcc.h **** {
 595:Drivers/CMSIS/Include/cmsis_gcc.h ****   uint32_t result;
 596:Drivers/CMSIS/Include/cmsis_gcc.h **** 
 597:Drivers/CMSIS/Include/cmsis_gcc.h ****   __ASM volatile ("rrx %0, %1" : __CMSIS_GCC_OUT_REG (result) : __CMSIS_GCC_USE_REG (value) );
 598:Drivers/CMSIS/Include/cmsis_gcc.h ****   return(result);
 599:Drivers/CMSIS/Include/cmsis_gcc.h **** }
 600:Drivers/CMSIS/Include/cmsis_gcc.h **** 
 601:Drivers/CMSIS/Include/cmsis_gcc.h **** 
 602:Drivers/CMSIS/Include/cmsis_gcc.h **** /**
 603:Drivers/CMSIS/Include/cmsis_gcc.h ****   \brief   LDRT Unprivileged (8 bit)
 604:Drivers/CMSIS/Include/cmsis_gcc.h ****   \details Executes a Unprivileged LDRT instruction for 8 bit value.
 605:Drivers/CMSIS/Include/cmsis_gcc.h ****   \param [in]    ptr  Pointer to data
 606:Drivers/CMSIS/Include/cmsis_gcc.h ****   \return             value of type uint8_t at (*ptr)
 607:Drivers/CMSIS/Include/cmsis_gcc.h ****  */
 608:Drivers/CMSIS/Include/cmsis_gcc.h **** __STATIC_FORCEINLINE uint8_t __LDRBT(volatile uint8_t *ptr)
 609:Drivers/CMSIS/Include/cmsis_gcc.h **** {
 610:Drivers/CMSIS/Include/cmsis_gcc.h ****     uint32_t result;
 611:Drivers/CMSIS/Include/cmsis_gcc.h **** 
 612:Drivers/CMSIS/Include/cmsis_gcc.h **** #if (__GNUC__ > 4) || (__GNUC__ == 4 && __GNUC_MINOR__ >= 8)
 613:Drivers/CMSIS/Include/cmsis_gcc.h ****    __ASM volatile ("ldrbt %0, %1" : "=r" (result) : "Q" (*ptr) );
 614:Drivers/CMSIS/Include/cmsis_gcc.h **** #else
 615:Drivers/CMSIS/Include/cmsis_gcc.h ****     /* Prior to GCC 4.8, "Q" will be expanded to [rx, #0] which is not
 616:Drivers/CMSIS/Include/cmsis_gcc.h ****        accepted by assembler. So has to use following less efficient pattern.
 617:Drivers/CMSIS/Include/cmsis_gcc.h ****     */
 618:Drivers/CMSIS/Include/cmsis_gcc.h ****    __ASM volatile ("ldrbt %0, [%1]" : "=r" (result) : "r" (ptr) : "memory" );
 619:Drivers/CMSIS/Include/cmsis_gcc.h **** #endif
 620:Drivers/CMSIS/Include/cmsis_gcc.h ****    return ((uint8_t) result);    /* Add explicit type cast here */
 621:Drivers/CMSIS/Include/cmsis_gcc.h **** }
 622:Drivers/CMSIS/Include/cmsis_gcc.h **** 
 623:Drivers/CMSIS/Include/cmsis_gcc.h **** 
ARM GAS  C:\Users\techn\AppData\Local\Temp\cc085Qaf.s 			page 31


 624:Drivers/CMSIS/Include/cmsis_gcc.h **** /**
 625:Drivers/CMSIS/Include/cmsis_gcc.h ****   \brief   LDRT Unprivileged (16 bit)
 626:Drivers/CMSIS/Include/cmsis_gcc.h ****   \details Executes a Unprivileged LDRT instruction for 16 bit values.
 627:Drivers/CMSIS/Include/cmsis_gcc.h ****   \param [in]    ptr  Pointer to data
 628:Drivers/CMSIS/Include/cmsis_gcc.h ****   \return        value of type uint16_t at (*ptr)
 629:Drivers/CMSIS/Include/cmsis_gcc.h ****  */
 630:Drivers/CMSIS/Include/cmsis_gcc.h **** __STATIC_FORCEINLINE uint16_t __LDRHT(volatile uint16_t *ptr)
 631:Drivers/CMSIS/Include/cmsis_gcc.h **** {
 632:Drivers/CMSIS/Include/cmsis_gcc.h ****     uint32_t result;
 633:Drivers/CMSIS/Include/cmsis_gcc.h **** 
 634:Drivers/CMSIS/Include/cmsis_gcc.h **** #if (__GNUC__ > 4) || (__GNUC__ == 4 && __GNUC_MINOR__ >= 8)
 635:Drivers/CMSIS/Include/cmsis_gcc.h ****    __ASM volatile ("ldrht %0, %1" : "=r" (result) : "Q" (*ptr) );
 636:Drivers/CMSIS/Include/cmsis_gcc.h **** #else
 637:Drivers/CMSIS/Include/cmsis_gcc.h ****     /* Prior to GCC 4.8, "Q" will be expanded to [rx, #0] which is not
 638:Drivers/CMSIS/Include/cmsis_gcc.h ****        accepted by assembler. So has to use following less efficient pattern.
 639:Drivers/CMSIS/Include/cmsis_gcc.h ****     */
 640:Drivers/CMSIS/Include/cmsis_gcc.h ****    __ASM volatile ("ldrht %0, [%1]" : "=r" (result) : "r" (ptr) : "memory" );
 641:Drivers/CMSIS/Include/cmsis_gcc.h **** #endif
 642:Drivers/CMSIS/Include/cmsis_gcc.h ****    return ((uint16_t) result);    /* Add explicit type cast here */
 643:Drivers/CMSIS/Include/cmsis_gcc.h **** }
 644:Drivers/CMSIS/Include/cmsis_gcc.h **** 
 645:Drivers/CMSIS/Include/cmsis_gcc.h **** 
 646:Drivers/CMSIS/Include/cmsis_gcc.h **** /**
 647:Drivers/CMSIS/Include/cmsis_gcc.h ****   \brief   LDRT Unprivileged (32 bit)
 648:Drivers/CMSIS/Include/cmsis_gcc.h ****   \details Executes a Unprivileged LDRT instruction for 32 bit values.
 649:Drivers/CMSIS/Include/cmsis_gcc.h ****   \param [in]    ptr  Pointer to data
 650:Drivers/CMSIS/Include/cmsis_gcc.h ****   \return        value of type uint32_t at (*ptr)
 651:Drivers/CMSIS/Include/cmsis_gcc.h ****  */
 652:Drivers/CMSIS/Include/cmsis_gcc.h **** __STATIC_FORCEINLINE uint32_t __LDRT(volatile uint32_t *ptr)
 653:Drivers/CMSIS/Include/cmsis_gcc.h **** {
 654:Drivers/CMSIS/Include/cmsis_gcc.h ****     uint32_t result;
 655:Drivers/CMSIS/Include/cmsis_gcc.h **** 
 656:Drivers/CMSIS/Include/cmsis_gcc.h ****    __ASM volatile ("ldrt %0, %1" : "=r" (result) : "Q" (*ptr) );
 657:Drivers/CMSIS/Include/cmsis_gcc.h ****    return(result);
 658:Drivers/CMSIS/Include/cmsis_gcc.h **** }
 659:Drivers/CMSIS/Include/cmsis_gcc.h **** 
 660:Drivers/CMSIS/Include/cmsis_gcc.h **** 
 661:Drivers/CMSIS/Include/cmsis_gcc.h **** /**
 662:Drivers/CMSIS/Include/cmsis_gcc.h ****   \brief   STRT Unprivileged (8 bit)
 663:Drivers/CMSIS/Include/cmsis_gcc.h ****   \details Executes a Unprivileged STRT instruction for 8 bit values.
 664:Drivers/CMSIS/Include/cmsis_gcc.h ****   \param [in]  value  Value to store
 665:Drivers/CMSIS/Include/cmsis_gcc.h ****   \param [in]    ptr  Pointer to location
 666:Drivers/CMSIS/Include/cmsis_gcc.h ****  */
 667:Drivers/CMSIS/Include/cmsis_gcc.h **** __STATIC_FORCEINLINE void __STRBT(uint8_t value, volatile uint8_t *ptr)
 668:Drivers/CMSIS/Include/cmsis_gcc.h **** {
 669:Drivers/CMSIS/Include/cmsis_gcc.h ****    __ASM volatile ("strbt %1, %0" : "=Q" (*ptr) : "r" ((uint32_t)value) );
 670:Drivers/CMSIS/Include/cmsis_gcc.h **** }
 671:Drivers/CMSIS/Include/cmsis_gcc.h **** 
 672:Drivers/CMSIS/Include/cmsis_gcc.h **** 
 673:Drivers/CMSIS/Include/cmsis_gcc.h **** /**
 674:Drivers/CMSIS/Include/cmsis_gcc.h ****   \brief   STRT Unprivileged (16 bit)
 675:Drivers/CMSIS/Include/cmsis_gcc.h ****   \details Executes a Unprivileged STRT instruction for 16 bit values.
 676:Drivers/CMSIS/Include/cmsis_gcc.h ****   \param [in]  value  Value to store
 677:Drivers/CMSIS/Include/cmsis_gcc.h ****   \param [in]    ptr  Pointer to location
 678:Drivers/CMSIS/Include/cmsis_gcc.h ****  */
 679:Drivers/CMSIS/Include/cmsis_gcc.h **** __STATIC_FORCEINLINE void __STRHT(uint16_t value, volatile uint16_t *ptr)
 680:Drivers/CMSIS/Include/cmsis_gcc.h **** {
ARM GAS  C:\Users\techn\AppData\Local\Temp\cc085Qaf.s 			page 32


 681:Drivers/CMSIS/Include/cmsis_gcc.h ****    __ASM volatile ("strht %1, %0" : "=Q" (*ptr) : "r" ((uint32_t)value) );
 682:Drivers/CMSIS/Include/cmsis_gcc.h **** }
 683:Drivers/CMSIS/Include/cmsis_gcc.h **** 
 684:Drivers/CMSIS/Include/cmsis_gcc.h **** 
 685:Drivers/CMSIS/Include/cmsis_gcc.h **** /**
 686:Drivers/CMSIS/Include/cmsis_gcc.h ****   \brief   STRT Unprivileged (32 bit)
 687:Drivers/CMSIS/Include/cmsis_gcc.h ****   \details Executes a Unprivileged STRT instruction for 32 bit values.
 688:Drivers/CMSIS/Include/cmsis_gcc.h ****   \param [in]  value  Value to store
 689:Drivers/CMSIS/Include/cmsis_gcc.h ****   \param [in]    ptr  Pointer to location
 690:Drivers/CMSIS/Include/cmsis_gcc.h ****  */
 691:Drivers/CMSIS/Include/cmsis_gcc.h **** __STATIC_FORCEINLINE void __STRT(uint32_t value, volatile uint32_t *ptr)
 692:Drivers/CMSIS/Include/cmsis_gcc.h **** {
 693:Drivers/CMSIS/Include/cmsis_gcc.h ****    __ASM volatile ("strt %1, %0" : "=Q" (*ptr) : "r" (value) );
 694:Drivers/CMSIS/Include/cmsis_gcc.h **** }
 695:Drivers/CMSIS/Include/cmsis_gcc.h **** 
 696:Drivers/CMSIS/Include/cmsis_gcc.h **** #else  /* ((defined (__ARM_ARCH_7M__      ) && (__ARM_ARCH_7M__      == 1)) || \
 697:Drivers/CMSIS/Include/cmsis_gcc.h ****            (defined (__ARM_ARCH_7EM__     ) && (__ARM_ARCH_7EM__     == 1)) || \
 698:Drivers/CMSIS/Include/cmsis_gcc.h ****            (defined (__ARM_ARCH_8M_MAIN__ ) && (__ARM_ARCH_8M_MAIN__ == 1))    ) */
 699:Drivers/CMSIS/Include/cmsis_gcc.h **** 
 700:Drivers/CMSIS/Include/cmsis_gcc.h **** /**
 701:Drivers/CMSIS/Include/cmsis_gcc.h ****   \brief   Signed Saturate
 702:Drivers/CMSIS/Include/cmsis_gcc.h ****   \details Saturates a signed value.
 703:Drivers/CMSIS/Include/cmsis_gcc.h ****   \param [in]  value  Value to be saturated
 704:Drivers/CMSIS/Include/cmsis_gcc.h ****   \param [in]    sat  Bit position to saturate to (1..32)
 705:Drivers/CMSIS/Include/cmsis_gcc.h ****   \return             Saturated value
 706:Drivers/CMSIS/Include/cmsis_gcc.h ****  */
 707:Drivers/CMSIS/Include/cmsis_gcc.h **** __STATIC_FORCEINLINE int32_t __SSAT(int32_t val, uint32_t sat)
 708:Drivers/CMSIS/Include/cmsis_gcc.h **** {
 709:Drivers/CMSIS/Include/cmsis_gcc.h ****   if ((sat >= 1U) && (sat <= 32U))
 710:Drivers/CMSIS/Include/cmsis_gcc.h ****   {
 711:Drivers/CMSIS/Include/cmsis_gcc.h ****     const int32_t max = (int32_t)((1U << (sat - 1U)) - 1U);
 712:Drivers/CMSIS/Include/cmsis_gcc.h ****     const int32_t min = -1 - max ;
 713:Drivers/CMSIS/Include/cmsis_gcc.h ****     if (val > max)
 714:Drivers/CMSIS/Include/cmsis_gcc.h ****     {
 715:Drivers/CMSIS/Include/cmsis_gcc.h ****       return max;
 716:Drivers/CMSIS/Include/cmsis_gcc.h ****     }
 717:Drivers/CMSIS/Include/cmsis_gcc.h ****     else if (val < min)
 718:Drivers/CMSIS/Include/cmsis_gcc.h ****     {
 719:Drivers/CMSIS/Include/cmsis_gcc.h ****       return min;
 720:Drivers/CMSIS/Include/cmsis_gcc.h ****     }
 721:Drivers/CMSIS/Include/cmsis_gcc.h ****   }
 722:Drivers/CMSIS/Include/cmsis_gcc.h ****   return val;
 723:Drivers/CMSIS/Include/cmsis_gcc.h **** }
 724:Drivers/CMSIS/Include/cmsis_gcc.h **** 
 725:Drivers/CMSIS/Include/cmsis_gcc.h **** /**
 726:Drivers/CMSIS/Include/cmsis_gcc.h ****   \brief   Unsigned Saturate
 727:Drivers/CMSIS/Include/cmsis_gcc.h ****   \details Saturates an unsigned value.
 728:Drivers/CMSIS/Include/cmsis_gcc.h ****   \param [in]  value  Value to be saturated
 729:Drivers/CMSIS/Include/cmsis_gcc.h ****   \param [in]    sat  Bit position to saturate to (0..31)
 730:Drivers/CMSIS/Include/cmsis_gcc.h ****   \return             Saturated value
 731:Drivers/CMSIS/Include/cmsis_gcc.h ****  */
 732:Drivers/CMSIS/Include/cmsis_gcc.h **** __STATIC_FORCEINLINE uint32_t __USAT(int32_t val, uint32_t sat)
 733:Drivers/CMSIS/Include/cmsis_gcc.h **** {
 734:Drivers/CMSIS/Include/cmsis_gcc.h ****   if (sat <= 31U)
 735:Drivers/CMSIS/Include/cmsis_gcc.h ****   {
 736:Drivers/CMSIS/Include/cmsis_gcc.h ****     const uint32_t max = ((1U << sat) - 1U);
 737:Drivers/CMSIS/Include/cmsis_gcc.h ****     if (val > (int32_t)max)
ARM GAS  C:\Users\techn\AppData\Local\Temp\cc085Qaf.s 			page 33


 738:Drivers/CMSIS/Include/cmsis_gcc.h ****     {
 739:Drivers/CMSIS/Include/cmsis_gcc.h ****       return max;
 740:Drivers/CMSIS/Include/cmsis_gcc.h ****     }
 741:Drivers/CMSIS/Include/cmsis_gcc.h ****     else if (val < 0)
 742:Drivers/CMSIS/Include/cmsis_gcc.h ****     {
 743:Drivers/CMSIS/Include/cmsis_gcc.h ****       return 0U;
 744:Drivers/CMSIS/Include/cmsis_gcc.h ****     }
 745:Drivers/CMSIS/Include/cmsis_gcc.h ****   }
 746:Drivers/CMSIS/Include/cmsis_gcc.h ****   return (uint32_t)val;
 747:Drivers/CMSIS/Include/cmsis_gcc.h **** }
 748:Drivers/CMSIS/Include/cmsis_gcc.h **** 
 749:Drivers/CMSIS/Include/cmsis_gcc.h **** #endif /* ((defined (__ARM_ARCH_7M__      ) && (__ARM_ARCH_7M__      == 1)) || \
 750:Drivers/CMSIS/Include/cmsis_gcc.h ****            (defined (__ARM_ARCH_7EM__     ) && (__ARM_ARCH_7EM__     == 1)) || \
 751:Drivers/CMSIS/Include/cmsis_gcc.h ****            (defined (__ARM_ARCH_8M_MAIN__ ) && (__ARM_ARCH_8M_MAIN__ == 1))    ) */
 752:Drivers/CMSIS/Include/cmsis_gcc.h **** 
 753:Drivers/CMSIS/Include/cmsis_gcc.h **** 
 754:Drivers/CMSIS/Include/cmsis_gcc.h **** #if ((defined (__ARM_ARCH_8M_MAIN__ ) && (__ARM_ARCH_8M_MAIN__ == 1)) || \
 755:Drivers/CMSIS/Include/cmsis_gcc.h ****      (defined (__ARM_ARCH_8M_BASE__ ) && (__ARM_ARCH_8M_BASE__ == 1))    )
 756:Drivers/CMSIS/Include/cmsis_gcc.h **** /**
 757:Drivers/CMSIS/Include/cmsis_gcc.h ****   \brief   Load-Acquire (8 bit)
 758:Drivers/CMSIS/Include/cmsis_gcc.h ****   \details Executes a LDAB instruction for 8 bit value.
 759:Drivers/CMSIS/Include/cmsis_gcc.h ****   \param [in]    ptr  Pointer to data
 760:Drivers/CMSIS/Include/cmsis_gcc.h ****   \return             value of type uint8_t at (*ptr)
 761:Drivers/CMSIS/Include/cmsis_gcc.h ****  */
 762:Drivers/CMSIS/Include/cmsis_gcc.h **** __STATIC_FORCEINLINE uint8_t __LDAB(volatile uint8_t *ptr)
 763:Drivers/CMSIS/Include/cmsis_gcc.h **** {
 764:Drivers/CMSIS/Include/cmsis_gcc.h ****     uint32_t result;
 765:Drivers/CMSIS/Include/cmsis_gcc.h **** 
 766:Drivers/CMSIS/Include/cmsis_gcc.h ****    __ASM volatile ("ldab %0, %1" : "=r" (result) : "Q" (*ptr) : "memory" );
 767:Drivers/CMSIS/Include/cmsis_gcc.h ****    return ((uint8_t) result);
 768:Drivers/CMSIS/Include/cmsis_gcc.h **** }
 769:Drivers/CMSIS/Include/cmsis_gcc.h **** 
 770:Drivers/CMSIS/Include/cmsis_gcc.h **** 
 771:Drivers/CMSIS/Include/cmsis_gcc.h **** /**
 772:Drivers/CMSIS/Include/cmsis_gcc.h ****   \brief   Load-Acquire (16 bit)
 773:Drivers/CMSIS/Include/cmsis_gcc.h ****   \details Executes a LDAH instruction for 16 bit values.
 774:Drivers/CMSIS/Include/cmsis_gcc.h ****   \param [in]    ptr  Pointer to data
 775:Drivers/CMSIS/Include/cmsis_gcc.h ****   \return        value of type uint16_t at (*ptr)
 776:Drivers/CMSIS/Include/cmsis_gcc.h ****  */
 777:Drivers/CMSIS/Include/cmsis_gcc.h **** __STATIC_FORCEINLINE uint16_t __LDAH(volatile uint16_t *ptr)
 778:Drivers/CMSIS/Include/cmsis_gcc.h **** {
 779:Drivers/CMSIS/Include/cmsis_gcc.h ****     uint32_t result;
 780:Drivers/CMSIS/Include/cmsis_gcc.h **** 
 781:Drivers/CMSIS/Include/cmsis_gcc.h ****    __ASM volatile ("ldah %0, %1" : "=r" (result) : "Q" (*ptr) : "memory" );
 782:Drivers/CMSIS/Include/cmsis_gcc.h ****    return ((uint16_t) result);
 783:Drivers/CMSIS/Include/cmsis_gcc.h **** }
 784:Drivers/CMSIS/Include/cmsis_gcc.h **** 
 785:Drivers/CMSIS/Include/cmsis_gcc.h **** 
 786:Drivers/CMSIS/Include/cmsis_gcc.h **** /**
 787:Drivers/CMSIS/Include/cmsis_gcc.h ****   \brief   Load-Acquire (32 bit)
 788:Drivers/CMSIS/Include/cmsis_gcc.h ****   \details Executes a LDA instruction for 32 bit values.
 789:Drivers/CMSIS/Include/cmsis_gcc.h ****   \param [in]    ptr  Pointer to data
 790:Drivers/CMSIS/Include/cmsis_gcc.h ****   \return        value of type uint32_t at (*ptr)
 791:Drivers/CMSIS/Include/cmsis_gcc.h ****  */
 792:Drivers/CMSIS/Include/cmsis_gcc.h **** __STATIC_FORCEINLINE uint32_t __LDA(volatile uint32_t *ptr)
 793:Drivers/CMSIS/Include/cmsis_gcc.h **** {
 794:Drivers/CMSIS/Include/cmsis_gcc.h ****     uint32_t result;
ARM GAS  C:\Users\techn\AppData\Local\Temp\cc085Qaf.s 			page 34


 795:Drivers/CMSIS/Include/cmsis_gcc.h **** 
 796:Drivers/CMSIS/Include/cmsis_gcc.h ****    __ASM volatile ("lda %0, %1" : "=r" (result) : "Q" (*ptr) : "memory" );
 797:Drivers/CMSIS/Include/cmsis_gcc.h ****    return(result);
 798:Drivers/CMSIS/Include/cmsis_gcc.h **** }
 799:Drivers/CMSIS/Include/cmsis_gcc.h **** 
 800:Drivers/CMSIS/Include/cmsis_gcc.h **** 
 801:Drivers/CMSIS/Include/cmsis_gcc.h **** /**
 802:Drivers/CMSIS/Include/cmsis_gcc.h ****   \brief   Store-Release (8 bit)
 803:Drivers/CMSIS/Include/cmsis_gcc.h ****   \details Executes a STLB instruction for 8 bit values.
 804:Drivers/CMSIS/Include/cmsis_gcc.h ****   \param [in]  value  Value to store
 805:Drivers/CMSIS/Include/cmsis_gcc.h ****   \param [in]    ptr  Pointer to location
 806:Drivers/CMSIS/Include/cmsis_gcc.h ****  */
 807:Drivers/CMSIS/Include/cmsis_gcc.h **** __STATIC_FORCEINLINE void __STLB(uint8_t value, volatile uint8_t *ptr)
 808:Drivers/CMSIS/Include/cmsis_gcc.h **** {
 809:Drivers/CMSIS/Include/cmsis_gcc.h ****    __ASM volatile ("stlb %1, %0" : "=Q" (*ptr) : "r" ((uint32_t)value) : "memory" );
 810:Drivers/CMSIS/Include/cmsis_gcc.h **** }
 811:Drivers/CMSIS/Include/cmsis_gcc.h **** 
 812:Drivers/CMSIS/Include/cmsis_gcc.h **** 
 813:Drivers/CMSIS/Include/cmsis_gcc.h **** /**
 814:Drivers/CMSIS/Include/cmsis_gcc.h ****   \brief   Store-Release (16 bit)
 815:Drivers/CMSIS/Include/cmsis_gcc.h ****   \details Executes a STLH instruction for 16 bit values.
 816:Drivers/CMSIS/Include/cmsis_gcc.h ****   \param [in]  value  Value to store
 817:Drivers/CMSIS/Include/cmsis_gcc.h ****   \param [in]    ptr  Pointer to location
 818:Drivers/CMSIS/Include/cmsis_gcc.h ****  */
 819:Drivers/CMSIS/Include/cmsis_gcc.h **** __STATIC_FORCEINLINE void __STLH(uint16_t value, volatile uint16_t *ptr)
 820:Drivers/CMSIS/Include/cmsis_gcc.h **** {
 821:Drivers/CMSIS/Include/cmsis_gcc.h ****    __ASM volatile ("stlh %1, %0" : "=Q" (*ptr) : "r" ((uint32_t)value) : "memory" );
 822:Drivers/CMSIS/Include/cmsis_gcc.h **** }
 823:Drivers/CMSIS/Include/cmsis_gcc.h **** 
 824:Drivers/CMSIS/Include/cmsis_gcc.h **** 
 825:Drivers/CMSIS/Include/cmsis_gcc.h **** /**
 826:Drivers/CMSIS/Include/cmsis_gcc.h ****   \brief   Store-Release (32 bit)
 827:Drivers/CMSIS/Include/cmsis_gcc.h ****   \details Executes a STL instruction for 32 bit values.
 828:Drivers/CMSIS/Include/cmsis_gcc.h ****   \param [in]  value  Value to store
 829:Drivers/CMSIS/Include/cmsis_gcc.h ****   \param [in]    ptr  Pointer to location
 830:Drivers/CMSIS/Include/cmsis_gcc.h ****  */
 831:Drivers/CMSIS/Include/cmsis_gcc.h **** __STATIC_FORCEINLINE void __STL(uint32_t value, volatile uint32_t *ptr)
 832:Drivers/CMSIS/Include/cmsis_gcc.h **** {
 833:Drivers/CMSIS/Include/cmsis_gcc.h ****    __ASM volatile ("stl %1, %0" : "=Q" (*ptr) : "r" ((uint32_t)value) : "memory" );
 834:Drivers/CMSIS/Include/cmsis_gcc.h **** }
 835:Drivers/CMSIS/Include/cmsis_gcc.h **** 
 836:Drivers/CMSIS/Include/cmsis_gcc.h **** 
 837:Drivers/CMSIS/Include/cmsis_gcc.h **** /**
 838:Drivers/CMSIS/Include/cmsis_gcc.h ****   \brief   Load-Acquire Exclusive (8 bit)
 839:Drivers/CMSIS/Include/cmsis_gcc.h ****   \details Executes a LDAB exclusive instruction for 8 bit value.
 840:Drivers/CMSIS/Include/cmsis_gcc.h ****   \param [in]    ptr  Pointer to data
 841:Drivers/CMSIS/Include/cmsis_gcc.h ****   \return             value of type uint8_t at (*ptr)
 842:Drivers/CMSIS/Include/cmsis_gcc.h ****  */
 843:Drivers/CMSIS/Include/cmsis_gcc.h **** __STATIC_FORCEINLINE uint8_t __LDAEXB(volatile uint8_t *ptr)
 844:Drivers/CMSIS/Include/cmsis_gcc.h **** {
 845:Drivers/CMSIS/Include/cmsis_gcc.h ****     uint32_t result;
 846:Drivers/CMSIS/Include/cmsis_gcc.h **** 
 847:Drivers/CMSIS/Include/cmsis_gcc.h ****    __ASM volatile ("ldaexb %0, %1" : "=r" (result) : "Q" (*ptr) : "memory" );
 848:Drivers/CMSIS/Include/cmsis_gcc.h ****    return ((uint8_t) result);
 849:Drivers/CMSIS/Include/cmsis_gcc.h **** }
 850:Drivers/CMSIS/Include/cmsis_gcc.h **** 
 851:Drivers/CMSIS/Include/cmsis_gcc.h **** 
ARM GAS  C:\Users\techn\AppData\Local\Temp\cc085Qaf.s 			page 35


 852:Drivers/CMSIS/Include/cmsis_gcc.h **** /**
 853:Drivers/CMSIS/Include/cmsis_gcc.h ****   \brief   Load-Acquire Exclusive (16 bit)
 854:Drivers/CMSIS/Include/cmsis_gcc.h ****   \details Executes a LDAH exclusive instruction for 16 bit values.
 855:Drivers/CMSIS/Include/cmsis_gcc.h ****   \param [in]    ptr  Pointer to data
 856:Drivers/CMSIS/Include/cmsis_gcc.h ****   \return        value of type uint16_t at (*ptr)
 857:Drivers/CMSIS/Include/cmsis_gcc.h ****  */
 858:Drivers/CMSIS/Include/cmsis_gcc.h **** __STATIC_FORCEINLINE uint16_t __LDAEXH(volatile uint16_t *ptr)
 859:Drivers/CMSIS/Include/cmsis_gcc.h **** {
 860:Drivers/CMSIS/Include/cmsis_gcc.h ****     uint32_t result;
 861:Drivers/CMSIS/Include/cmsis_gcc.h **** 
 862:Drivers/CMSIS/Include/cmsis_gcc.h ****    __ASM volatile ("ldaexh %0, %1" : "=r" (result) : "Q" (*ptr) : "memory" );
 863:Drivers/CMSIS/Include/cmsis_gcc.h ****    return ((uint16_t) result);
 864:Drivers/CMSIS/Include/cmsis_gcc.h **** }
 865:Drivers/CMSIS/Include/cmsis_gcc.h **** 
 866:Drivers/CMSIS/Include/cmsis_gcc.h **** 
 867:Drivers/CMSIS/Include/cmsis_gcc.h **** /**
 868:Drivers/CMSIS/Include/cmsis_gcc.h ****   \brief   Load-Acquire Exclusive (32 bit)
 869:Drivers/CMSIS/Include/cmsis_gcc.h ****   \details Executes a LDA exclusive instruction for 32 bit values.
 870:Drivers/CMSIS/Include/cmsis_gcc.h ****   \param [in]    ptr  Pointer to data
 871:Drivers/CMSIS/Include/cmsis_gcc.h ****   \return        value of type uint32_t at (*ptr)
 872:Drivers/CMSIS/Include/cmsis_gcc.h ****  */
 873:Drivers/CMSIS/Include/cmsis_gcc.h **** __STATIC_FORCEINLINE uint32_t __LDAEX(volatile uint32_t *ptr)
 874:Drivers/CMSIS/Include/cmsis_gcc.h **** {
 875:Drivers/CMSIS/Include/cmsis_gcc.h ****     uint32_t result;
 876:Drivers/CMSIS/Include/cmsis_gcc.h **** 
 877:Drivers/CMSIS/Include/cmsis_gcc.h ****    __ASM volatile ("ldaex %0, %1" : "=r" (result) : "Q" (*ptr) : "memory" );
 878:Drivers/CMSIS/Include/cmsis_gcc.h ****    return(result);
 879:Drivers/CMSIS/Include/cmsis_gcc.h **** }
 880:Drivers/CMSIS/Include/cmsis_gcc.h **** 
 881:Drivers/CMSIS/Include/cmsis_gcc.h **** 
 882:Drivers/CMSIS/Include/cmsis_gcc.h **** /**
 883:Drivers/CMSIS/Include/cmsis_gcc.h ****   \brief   Store-Release Exclusive (8 bit)
 884:Drivers/CMSIS/Include/cmsis_gcc.h ****   \details Executes a STLB exclusive instruction for 8 bit values.
 885:Drivers/CMSIS/Include/cmsis_gcc.h ****   \param [in]  value  Value to store
 886:Drivers/CMSIS/Include/cmsis_gcc.h ****   \param [in]    ptr  Pointer to location
 887:Drivers/CMSIS/Include/cmsis_gcc.h ****   \return          0  Function succeeded
 888:Drivers/CMSIS/Include/cmsis_gcc.h ****   \return          1  Function failed
 889:Drivers/CMSIS/Include/cmsis_gcc.h ****  */
 890:Drivers/CMSIS/Include/cmsis_gcc.h **** __STATIC_FORCEINLINE uint32_t __STLEXB(uint8_t value, volatile uint8_t *ptr)
 891:Drivers/CMSIS/Include/cmsis_gcc.h **** {
 892:Drivers/CMSIS/Include/cmsis_gcc.h ****    uint32_t result;
 893:Drivers/CMSIS/Include/cmsis_gcc.h **** 
 894:Drivers/CMSIS/Include/cmsis_gcc.h ****    __ASM volatile ("stlexb %0, %2, %1" : "=&r" (result), "=Q" (*ptr) : "r" ((uint32_t)value) : "mem
 895:Drivers/CMSIS/Include/cmsis_gcc.h ****    return(result);
 896:Drivers/CMSIS/Include/cmsis_gcc.h **** }
 897:Drivers/CMSIS/Include/cmsis_gcc.h **** 
 898:Drivers/CMSIS/Include/cmsis_gcc.h **** 
 899:Drivers/CMSIS/Include/cmsis_gcc.h **** /**
 900:Drivers/CMSIS/Include/cmsis_gcc.h ****   \brief   Store-Release Exclusive (16 bit)
 901:Drivers/CMSIS/Include/cmsis_gcc.h ****   \details Executes a STLH exclusive instruction for 16 bit values.
 902:Drivers/CMSIS/Include/cmsis_gcc.h ****   \param [in]  value  Value to store
 903:Drivers/CMSIS/Include/cmsis_gcc.h ****   \param [in]    ptr  Pointer to location
 904:Drivers/CMSIS/Include/cmsis_gcc.h ****   \return          0  Function succeeded
 905:Drivers/CMSIS/Include/cmsis_gcc.h ****   \return          1  Function failed
 906:Drivers/CMSIS/Include/cmsis_gcc.h ****  */
 907:Drivers/CMSIS/Include/cmsis_gcc.h **** __STATIC_FORCEINLINE uint32_t __STLEXH(uint16_t value, volatile uint16_t *ptr)
 908:Drivers/CMSIS/Include/cmsis_gcc.h **** {
ARM GAS  C:\Users\techn\AppData\Local\Temp\cc085Qaf.s 			page 36


 909:Drivers/CMSIS/Include/cmsis_gcc.h ****    uint32_t result;
 910:Drivers/CMSIS/Include/cmsis_gcc.h **** 
 911:Drivers/CMSIS/Include/cmsis_gcc.h ****    __ASM volatile ("stlexh %0, %2, %1" : "=&r" (result), "=Q" (*ptr) : "r" ((uint32_t)value) : "mem
 912:Drivers/CMSIS/Include/cmsis_gcc.h ****    return(result);
 913:Drivers/CMSIS/Include/cmsis_gcc.h **** }
 914:Drivers/CMSIS/Include/cmsis_gcc.h **** 
 915:Drivers/CMSIS/Include/cmsis_gcc.h **** 
 916:Drivers/CMSIS/Include/cmsis_gcc.h **** /**
 917:Drivers/CMSIS/Include/cmsis_gcc.h ****   \brief   Store-Release Exclusive (32 bit)
 918:Drivers/CMSIS/Include/cmsis_gcc.h ****   \details Executes a STL exclusive instruction for 32 bit values.
 919:Drivers/CMSIS/Include/cmsis_gcc.h ****   \param [in]  value  Value to store
 920:Drivers/CMSIS/Include/cmsis_gcc.h ****   \param [in]    ptr  Pointer to location
 921:Drivers/CMSIS/Include/cmsis_gcc.h ****   \return          0  Function succeeded
 922:Drivers/CMSIS/Include/cmsis_gcc.h ****   \return          1  Function failed
 923:Drivers/CMSIS/Include/cmsis_gcc.h ****  */
 924:Drivers/CMSIS/Include/cmsis_gcc.h **** __STATIC_FORCEINLINE uint32_t __STLEX(uint32_t value, volatile uint32_t *ptr)
 925:Drivers/CMSIS/Include/cmsis_gcc.h **** {
 926:Drivers/CMSIS/Include/cmsis_gcc.h ****    uint32_t result;
 927:Drivers/CMSIS/Include/cmsis_gcc.h **** 
 928:Drivers/CMSIS/Include/cmsis_gcc.h ****    __ASM volatile ("stlex %0, %2, %1" : "=&r" (result), "=Q" (*ptr) : "r" ((uint32_t)value) : "memo
 929:Drivers/CMSIS/Include/cmsis_gcc.h ****    return(result);
 930:Drivers/CMSIS/Include/cmsis_gcc.h **** }
 931:Drivers/CMSIS/Include/cmsis_gcc.h **** 
 932:Drivers/CMSIS/Include/cmsis_gcc.h **** #endif /* ((defined (__ARM_ARCH_8M_MAIN__ ) && (__ARM_ARCH_8M_MAIN__ == 1)) || \
 933:Drivers/CMSIS/Include/cmsis_gcc.h ****            (defined (__ARM_ARCH_8M_BASE__ ) && (__ARM_ARCH_8M_BASE__ == 1))    ) */
 934:Drivers/CMSIS/Include/cmsis_gcc.h **** 
 935:Drivers/CMSIS/Include/cmsis_gcc.h **** /*@}*/ /* end of group CMSIS_Core_InstructionInterface */
 936:Drivers/CMSIS/Include/cmsis_gcc.h **** 
 937:Drivers/CMSIS/Include/cmsis_gcc.h **** 
 938:Drivers/CMSIS/Include/cmsis_gcc.h **** /* ###########################  Core Function Access  ########################### */
 939:Drivers/CMSIS/Include/cmsis_gcc.h **** /** \ingroup  CMSIS_Core_FunctionInterface
 940:Drivers/CMSIS/Include/cmsis_gcc.h ****     \defgroup CMSIS_Core_RegAccFunctions CMSIS Core Register Access Functions
 941:Drivers/CMSIS/Include/cmsis_gcc.h ****   @{
 942:Drivers/CMSIS/Include/cmsis_gcc.h ****  */
 943:Drivers/CMSIS/Include/cmsis_gcc.h **** 
 944:Drivers/CMSIS/Include/cmsis_gcc.h **** /**
 945:Drivers/CMSIS/Include/cmsis_gcc.h ****   \brief   Enable IRQ Interrupts
 946:Drivers/CMSIS/Include/cmsis_gcc.h ****   \details Enables IRQ interrupts by clearing special-purpose register PRIMASK.
 947:Drivers/CMSIS/Include/cmsis_gcc.h ****            Can only be executed in Privileged modes.
 948:Drivers/CMSIS/Include/cmsis_gcc.h ****  */
 949:Drivers/CMSIS/Include/cmsis_gcc.h **** __STATIC_FORCEINLINE void __enable_irq(void)
 950:Drivers/CMSIS/Include/cmsis_gcc.h **** {
 951:Drivers/CMSIS/Include/cmsis_gcc.h ****   __ASM volatile ("cpsie i" : : : "memory");
 952:Drivers/CMSIS/Include/cmsis_gcc.h **** }
 953:Drivers/CMSIS/Include/cmsis_gcc.h **** 
 954:Drivers/CMSIS/Include/cmsis_gcc.h **** 
 955:Drivers/CMSIS/Include/cmsis_gcc.h **** /**
 956:Drivers/CMSIS/Include/cmsis_gcc.h ****   \brief   Disable IRQ Interrupts
 957:Drivers/CMSIS/Include/cmsis_gcc.h ****   \details Disables IRQ interrupts by setting special-purpose register PRIMASK.
 958:Drivers/CMSIS/Include/cmsis_gcc.h ****            Can only be executed in Privileged modes.
 959:Drivers/CMSIS/Include/cmsis_gcc.h ****  */
 960:Drivers/CMSIS/Include/cmsis_gcc.h **** __STATIC_FORCEINLINE void __disable_irq(void)
 722              		.loc 2 960 27 view .LVU164
 723              	.LBB23:
 961:Drivers/CMSIS/Include/cmsis_gcc.h **** {
 962:Drivers/CMSIS/Include/cmsis_gcc.h ****   __ASM volatile ("cpsid i" : : : "memory");
 724              		.loc 2 962 3 view .LVU165
ARM GAS  C:\Users\techn\AppData\Local\Temp\cc085Qaf.s 			page 37


 725              		.syntax unified
 726              	@ 962 "Drivers/CMSIS/Include/cmsis_gcc.h" 1
 727 0000 72B6     		cpsid i
 728              	@ 0 "" 2
 729              		.thumb
 730              		.syntax unified
 731              	.L35:
 732              	.LBE23:
 733              	.LBE22:
 302:Core/Src/main.c ****   while (1)
 734              		.loc 1 302 3 view .LVU166
 303:Core/Src/main.c ****   {
 304:Core/Src/main.c ****   }
 735              		.loc 1 304 3 view .LVU167
 302:Core/Src/main.c ****   while (1)
 736              		.loc 1 302 9 view .LVU168
 737 0002 FEE7     		b	.L35
 738              		.cfi_endproc
 739              	.LFE139:
 741              		.section	.text.SystemClock_Config,"ax",%progbits
 742              		.align	1
 743              		.global	SystemClock_Config
 744              		.syntax unified
 745              		.thumb
 746              		.thumb_func
 748              	SystemClock_Config:
 749              	.LFB135:
 162:Core/Src/main.c ****   RCC_OscInitTypeDef RCC_OscInitStruct = {0};
 750              		.loc 1 162 1 view -0
 751              		.cfi_startproc
 752              		@ args = 0, pretend = 0, frame = 80
 753              		@ frame_needed = 0, uses_anonymous_args = 0
 754 0000 00B5     		push	{lr}
 755              	.LCFI9:
 756              		.cfi_def_cfa_offset 4
 757              		.cfi_offset 14, -4
 758 0002 95B0     		sub	sp, sp, #84
 759              	.LCFI10:
 760              		.cfi_def_cfa_offset 88
 163:Core/Src/main.c ****   RCC_ClkInitTypeDef RCC_ClkInitStruct = {0};
 761              		.loc 1 163 3 view .LVU170
 163:Core/Src/main.c ****   RCC_ClkInitTypeDef RCC_ClkInitStruct = {0};
 762              		.loc 1 163 22 is_stmt 0 view .LVU171
 763 0004 3422     		movs	r2, #52
 764 0006 0021     		movs	r1, #0
 765 0008 07A8     		add	r0, sp, #28
 766 000a FFF7FEFF 		bl	memset
 767              	.LVL65:
 164:Core/Src/main.c **** 
 768              		.loc 1 164 3 is_stmt 1 view .LVU172
 164:Core/Src/main.c **** 
 769              		.loc 1 164 22 is_stmt 0 view .LVU173
 770 000e 0023     		movs	r3, #0
 771 0010 0293     		str	r3, [sp, #8]
 772 0012 0393     		str	r3, [sp, #12]
 773 0014 0493     		str	r3, [sp, #16]
 774 0016 0593     		str	r3, [sp, #20]
ARM GAS  C:\Users\techn\AppData\Local\Temp\cc085Qaf.s 			page 38


 775 0018 0693     		str	r3, [sp, #24]
 168:Core/Src/main.c ****   __HAL_PWR_VOLTAGESCALING_CONFIG(PWR_REGULATOR_VOLTAGE_SCALE3);
 776              		.loc 1 168 3 is_stmt 1 view .LVU174
 777              	.LBB24:
 168:Core/Src/main.c ****   __HAL_PWR_VOLTAGESCALING_CONFIG(PWR_REGULATOR_VOLTAGE_SCALE3);
 778              		.loc 1 168 3 view .LVU175
 779 001a 0093     		str	r3, [sp]
 168:Core/Src/main.c ****   __HAL_PWR_VOLTAGESCALING_CONFIG(PWR_REGULATOR_VOLTAGE_SCALE3);
 780              		.loc 1 168 3 view .LVU176
 781 001c 214A     		ldr	r2, .L42
 782 001e 116C     		ldr	r1, [r2, #64]
 783 0020 41F08051 		orr	r1, r1, #268435456
 784 0024 1164     		str	r1, [r2, #64]
 168:Core/Src/main.c ****   __HAL_PWR_VOLTAGESCALING_CONFIG(PWR_REGULATOR_VOLTAGE_SCALE3);
 785              		.loc 1 168 3 view .LVU177
 786 0026 126C     		ldr	r2, [r2, #64]
 787 0028 02F08052 		and	r2, r2, #268435456
 788 002c 0092     		str	r2, [sp]
 168:Core/Src/main.c ****   __HAL_PWR_VOLTAGESCALING_CONFIG(PWR_REGULATOR_VOLTAGE_SCALE3);
 789              		.loc 1 168 3 view .LVU178
 790 002e 009A     		ldr	r2, [sp]
 791              	.LBE24:
 168:Core/Src/main.c ****   __HAL_PWR_VOLTAGESCALING_CONFIG(PWR_REGULATOR_VOLTAGE_SCALE3);
 792              		.loc 1 168 3 view .LVU179
 169:Core/Src/main.c **** 
 793              		.loc 1 169 3 view .LVU180
 794              	.LBB25:
 169:Core/Src/main.c **** 
 795              		.loc 1 169 3 view .LVU181
 796 0030 0193     		str	r3, [sp, #4]
 169:Core/Src/main.c **** 
 797              		.loc 1 169 3 view .LVU182
 798 0032 1D4A     		ldr	r2, .L42+4
 799 0034 1368     		ldr	r3, [r2]
 800 0036 23F44043 		bic	r3, r3, #49152
 801 003a 43F48043 		orr	r3, r3, #16384
 802 003e 1360     		str	r3, [r2]
 169:Core/Src/main.c **** 
 803              		.loc 1 169 3 view .LVU183
 804 0040 1368     		ldr	r3, [r2]
 805 0042 03F44043 		and	r3, r3, #49152
 806 0046 0193     		str	r3, [sp, #4]
 169:Core/Src/main.c **** 
 807              		.loc 1 169 3 view .LVU184
 808 0048 019B     		ldr	r3, [sp, #4]
 809              	.LBE25:
 169:Core/Src/main.c **** 
 810              		.loc 1 169 3 view .LVU185
 174:Core/Src/main.c ****   RCC_OscInitStruct.HSEState = RCC_HSE_ON;
 811              		.loc 1 174 3 view .LVU186
 174:Core/Src/main.c ****   RCC_OscInitStruct.HSEState = RCC_HSE_ON;
 812              		.loc 1 174 36 is_stmt 0 view .LVU187
 813 004a 0123     		movs	r3, #1
 814 004c 0793     		str	r3, [sp, #28]
 175:Core/Src/main.c ****   RCC_OscInitStruct.PLL.PLLState = RCC_PLL_ON;
 815              		.loc 1 175 3 is_stmt 1 view .LVU188
 175:Core/Src/main.c ****   RCC_OscInitStruct.PLL.PLLState = RCC_PLL_ON;
ARM GAS  C:\Users\techn\AppData\Local\Temp\cc085Qaf.s 			page 39


 816              		.loc 1 175 30 is_stmt 0 view .LVU189
 817 004e 4FF48033 		mov	r3, #65536
 818 0052 0893     		str	r3, [sp, #32]
 176:Core/Src/main.c ****   RCC_OscInitStruct.PLL.PLLSource = RCC_PLLSOURCE_HSE;
 819              		.loc 1 176 3 is_stmt 1 view .LVU190
 176:Core/Src/main.c ****   RCC_OscInitStruct.PLL.PLLSource = RCC_PLLSOURCE_HSE;
 820              		.loc 1 176 34 is_stmt 0 view .LVU191
 821 0054 0223     		movs	r3, #2
 822 0056 0D93     		str	r3, [sp, #52]
 177:Core/Src/main.c ****   RCC_OscInitStruct.PLL.PLLM = 15;
 823              		.loc 1 177 3 is_stmt 1 view .LVU192
 177:Core/Src/main.c ****   RCC_OscInitStruct.PLL.PLLM = 15;
 824              		.loc 1 177 35 is_stmt 0 view .LVU193
 825 0058 4FF48002 		mov	r2, #4194304
 826 005c 0E92     		str	r2, [sp, #56]
 178:Core/Src/main.c ****   RCC_OscInitStruct.PLL.PLLN = 144;
 827              		.loc 1 178 3 is_stmt 1 view .LVU194
 178:Core/Src/main.c ****   RCC_OscInitStruct.PLL.PLLN = 144;
 828              		.loc 1 178 30 is_stmt 0 view .LVU195
 829 005e 0F22     		movs	r2, #15
 830 0060 0F92     		str	r2, [sp, #60]
 179:Core/Src/main.c ****   RCC_OscInitStruct.PLL.PLLP = RCC_PLLP_DIV2;
 831              		.loc 1 179 3 is_stmt 1 view .LVU196
 179:Core/Src/main.c ****   RCC_OscInitStruct.PLL.PLLP = RCC_PLLP_DIV2;
 832              		.loc 1 179 30 is_stmt 0 view .LVU197
 833 0062 9022     		movs	r2, #144
 834 0064 1092     		str	r2, [sp, #64]
 180:Core/Src/main.c ****   RCC_OscInitStruct.PLL.PLLQ = 2;
 835              		.loc 1 180 3 is_stmt 1 view .LVU198
 180:Core/Src/main.c ****   RCC_OscInitStruct.PLL.PLLQ = 2;
 836              		.loc 1 180 30 is_stmt 0 view .LVU199
 837 0066 1193     		str	r3, [sp, #68]
 181:Core/Src/main.c ****   RCC_OscInitStruct.PLL.PLLR = 2;
 838              		.loc 1 181 3 is_stmt 1 view .LVU200
 181:Core/Src/main.c ****   RCC_OscInitStruct.PLL.PLLR = 2;
 839              		.loc 1 181 30 is_stmt 0 view .LVU201
 840 0068 1293     		str	r3, [sp, #72]
 182:Core/Src/main.c ****   if (HAL_RCC_OscConfig(&RCC_OscInitStruct) != HAL_OK)
 841              		.loc 1 182 3 is_stmt 1 view .LVU202
 182:Core/Src/main.c ****   if (HAL_RCC_OscConfig(&RCC_OscInitStruct) != HAL_OK)
 842              		.loc 1 182 30 is_stmt 0 view .LVU203
 843 006a 1393     		str	r3, [sp, #76]
 183:Core/Src/main.c ****   {
 844              		.loc 1 183 3 is_stmt 1 view .LVU204
 183:Core/Src/main.c ****   {
 845              		.loc 1 183 7 is_stmt 0 view .LVU205
 846 006c 07A8     		add	r0, sp, #28
 847 006e FFF7FEFF 		bl	HAL_RCC_OscConfig
 848              	.LVL66:
 183:Core/Src/main.c ****   {
 849              		.loc 1 183 6 discriminator 1 view .LVU206
 850 0072 98B9     		cbnz	r0, .L40
 190:Core/Src/main.c ****                               |RCC_CLOCKTYPE_PCLK1|RCC_CLOCKTYPE_PCLK2;
 851              		.loc 1 190 3 is_stmt 1 view .LVU207
 190:Core/Src/main.c ****                               |RCC_CLOCKTYPE_PCLK1|RCC_CLOCKTYPE_PCLK2;
 852              		.loc 1 190 31 is_stmt 0 view .LVU208
 853 0074 0F23     		movs	r3, #15
ARM GAS  C:\Users\techn\AppData\Local\Temp\cc085Qaf.s 			page 40


 854 0076 0293     		str	r3, [sp, #8]
 192:Core/Src/main.c ****   RCC_ClkInitStruct.AHBCLKDivider = RCC_SYSCLK_DIV1;
 855              		.loc 1 192 3 is_stmt 1 view .LVU209
 192:Core/Src/main.c ****   RCC_ClkInitStruct.AHBCLKDivider = RCC_SYSCLK_DIV1;
 856              		.loc 1 192 34 is_stmt 0 view .LVU210
 857 0078 0223     		movs	r3, #2
 858 007a 0393     		str	r3, [sp, #12]
 193:Core/Src/main.c ****   RCC_ClkInitStruct.APB1CLKDivider = RCC_HCLK_DIV4;
 859              		.loc 1 193 3 is_stmt 1 view .LVU211
 193:Core/Src/main.c ****   RCC_ClkInitStruct.APB1CLKDivider = RCC_HCLK_DIV4;
 860              		.loc 1 193 35 is_stmt 0 view .LVU212
 861 007c 0023     		movs	r3, #0
 862 007e 0493     		str	r3, [sp, #16]
 194:Core/Src/main.c ****   RCC_ClkInitStruct.APB2CLKDivider = RCC_HCLK_DIV2;
 863              		.loc 1 194 3 is_stmt 1 view .LVU213
 194:Core/Src/main.c ****   RCC_ClkInitStruct.APB2CLKDivider = RCC_HCLK_DIV2;
 864              		.loc 1 194 36 is_stmt 0 view .LVU214
 865 0080 4FF4A053 		mov	r3, #5120
 866 0084 0593     		str	r3, [sp, #20]
 195:Core/Src/main.c **** 
 867              		.loc 1 195 3 is_stmt 1 view .LVU215
 195:Core/Src/main.c **** 
 868              		.loc 1 195 36 is_stmt 0 view .LVU216
 869 0086 4FF48053 		mov	r3, #4096
 870 008a 0693     		str	r3, [sp, #24]
 197:Core/Src/main.c ****   {
 871              		.loc 1 197 3 is_stmt 1 view .LVU217
 197:Core/Src/main.c ****   {
 872              		.loc 1 197 7 is_stmt 0 view .LVU218
 873 008c 0321     		movs	r1, #3
 874 008e 02A8     		add	r0, sp, #8
 875 0090 FFF7FEFF 		bl	HAL_RCC_ClockConfig
 876              	.LVL67:
 197:Core/Src/main.c ****   {
 877              		.loc 1 197 6 discriminator 1 view .LVU219
 878 0094 20B9     		cbnz	r0, .L41
 201:Core/Src/main.c **** 
 879              		.loc 1 201 1 view .LVU220
 880 0096 15B0     		add	sp, sp, #84
 881              	.LCFI11:
 882              		.cfi_remember_state
 883              		.cfi_def_cfa_offset 4
 884              		@ sp needed
 885 0098 5DF804FB 		ldr	pc, [sp], #4
 886              	.L40:
 887              	.LCFI12:
 888              		.cfi_restore_state
 185:Core/Src/main.c ****   }
 889              		.loc 1 185 5 is_stmt 1 view .LVU221
 890 009c FFF7FEFF 		bl	Error_Handler
 891              	.LVL68:
 892              	.L41:
 199:Core/Src/main.c ****   }
 893              		.loc 1 199 5 view .LVU222
 894 00a0 FFF7FEFF 		bl	Error_Handler
 895              	.LVL69:
 896              	.L43:
ARM GAS  C:\Users\techn\AppData\Local\Temp\cc085Qaf.s 			page 41


 897              		.align	2
 898              	.L42:
 899 00a4 00380240 		.word	1073887232
 900 00a8 00700040 		.word	1073770496
 901              		.cfi_endproc
 902              	.LFE135:
 904              		.section	.text.main,"ax",%progbits
 905              		.align	1
 906              		.global	main
 907              		.syntax unified
 908              		.thumb
 909              		.thumb_func
 911              	main:
 912              	.LFB134:
  82:Core/Src/main.c **** 
 913              		.loc 1 82 1 view -0
 914              		.cfi_startproc
 915              		@ args = 0, pretend = 0, frame = 40
 916              		@ frame_needed = 0, uses_anonymous_args = 0
 917 0000 70B5     		push	{r4, r5, r6, lr}
 918              	.LCFI13:
 919              		.cfi_def_cfa_offset 16
 920              		.cfi_offset 4, -16
 921              		.cfi_offset 5, -12
 922              		.cfi_offset 6, -8
 923              		.cfi_offset 14, -4
 924 0002 8AB0     		sub	sp, sp, #40
 925              	.LCFI14:
 926              		.cfi_def_cfa_offset 56
  91:Core/Src/main.c **** 
 927              		.loc 1 91 3 view .LVU224
 928 0004 FFF7FEFF 		bl	HAL_Init
 929              	.LVL70:
  98:Core/Src/main.c **** 
 930              		.loc 1 98 3 view .LVU225
 931 0008 FFF7FEFF 		bl	SystemClock_Config
 932              	.LVL71:
 105:Core/Src/main.c ****   /* USER CODE BEGIN 2 */
 933              		.loc 1 105 3 view .LVU226
 934 000c FFF7FEFF 		bl	MX_GPIO_Init
 935              	.LVL72:
 118:Core/Src/main.c **** 
 936              		.loc 1 118 3 view .LVU227
 118:Core/Src/main.c **** 
 937              		.loc 1 118 8 is_stmt 0 view .LVU228
 938 0010 294A     		ldr	r2, .L49
 939 0012 5369     		ldr	r3, [r2, #20]
 118:Core/Src/main.c **** 
 940              		.loc 1 118 14 view .LVU229
 941 0014 43F00103 		orr	r3, r3, #1
 942 0018 5361     		str	r3, [r2, #20]
 121:Core/Src/main.c ****   int execution_times[5];
 943              		.loc 1 121 3 is_stmt 1 view .LVU230
 122:Core/Src/main.c ****   int start_time;
 944              		.loc 1 122 3 view .LVU231
 123:Core/Src/main.c ****   int end_time;
 945              		.loc 1 123 3 view .LVU232
ARM GAS  C:\Users\techn\AppData\Local\Temp\cc085Qaf.s 			page 42


 124:Core/Src/main.c ****   for (int i=0; i<5; i++) {
 946              		.loc 1 124 3 view .LVU233
 125:Core/Src/main.c **** 	  start_time = HAL_GetTick();
 947              		.loc 1 125 3 view .LVU234
 948              	.LBB26:
 125:Core/Src/main.c **** 	  start_time = HAL_GetTick();
 949              		.loc 1 125 8 view .LVU235
 950              	.LVL73:
 125:Core/Src/main.c **** 	  start_time = HAL_GetTick();
 951              		.loc 1 125 12 is_stmt 0 view .LVU236
 952 001a 0024     		movs	r4, #0
 125:Core/Src/main.c **** 	  start_time = HAL_GetTick();
 953              		.loc 1 125 3 view .LVU237
 954 001c 14E0     		b	.L45
 955              	.LVL74:
 956              	.L46:
 126:Core/Src/main.c **** 	  checksums[i] = calculate_mandelbrot_double(dimensions[i], dimensions[i], MAX_ITER);
 957              		.loc 1 126 4 is_stmt 1 view .LVU238
 126:Core/Src/main.c **** 	  checksums[i] = calculate_mandelbrot_double(dimensions[i], dimensions[i], MAX_ITER);
 958              		.loc 1 126 17 is_stmt 0 view .LVU239
 959 001e FFF7FEFF 		bl	HAL_GetTick
 960              	.LVL75:
 961 0022 0546     		mov	r5, r0
 962              	.LVL76:
 127:Core/Src/main.c **** 	  end_time = HAL_GetTick();
 963              		.loc 1 127 4 is_stmt 1 view .LVU240
 127:Core/Src/main.c **** 	  end_time = HAL_GetTick();
 964              		.loc 1 127 19 is_stmt 0 view .LVU241
 965 0024 254B     		ldr	r3, .L49+4
 966 0026 53F82400 		ldr	r0, [r3, r4, lsl #2]
 967              	.LVL77:
 127:Core/Src/main.c **** 	  end_time = HAL_GetTick();
 968              		.loc 1 127 19 view .LVU242
 969 002a 6422     		movs	r2, #100
 970 002c 0146     		mov	r1, r0
 971 002e FFF7FEFF 		bl	calculate_mandelbrot_double
 972              	.LVL78:
 127:Core/Src/main.c **** 	  end_time = HAL_GetTick();
 973              		.loc 1 127 17 discriminator 1 view .LVU243
 974 0032 0AAB     		add	r3, sp, #40
 975 0034 03EB8406 		add	r6, r3, r4, lsl #2
 976 0038 46F8140C 		str	r0, [r6, #-20]
 128:Core/Src/main.c **** 	  execution_times[i] = end_time-start_time;
 977              		.loc 1 128 4 is_stmt 1 view .LVU244
 128:Core/Src/main.c **** 	  execution_times[i] = end_time-start_time;
 978              		.loc 1 128 15 is_stmt 0 view .LVU245
 979 003c FFF7FEFF 		bl	HAL_GetTick
 980              	.LVL79:
 129:Core/Src/main.c ****   }
 981              		.loc 1 129 4 is_stmt 1 view .LVU246
 129:Core/Src/main.c ****   }
 982              		.loc 1 129 33 is_stmt 0 view .LVU247
 983 0040 401B     		subs	r0, r0, r5
 984              	.LVL80:
 129:Core/Src/main.c ****   }
 985              		.loc 1 129 23 view .LVU248
 986 0042 46F8280C 		str	r0, [r6, #-40]
ARM GAS  C:\Users\techn\AppData\Local\Temp\cc085Qaf.s 			page 43


 125:Core/Src/main.c **** 	  start_time = HAL_GetTick();
 987              		.loc 1 125 23 is_stmt 1 discriminator 3 view .LVU249
 988 0046 0134     		adds	r4, r4, #1
 989              	.LVL81:
 990              	.L45:
 125:Core/Src/main.c **** 	  start_time = HAL_GetTick();
 991              		.loc 1 125 18 discriminator 1 view .LVU250
 992 0048 042C     		cmp	r4, #4
 993 004a E8DD     		ble	.L46
 994              	.LBE26:
 131:Core/Src/main.c ****   checksum1 = checksums[1];
 995              		.loc 1 131 3 view .LVU251
 131:Core/Src/main.c ****   checksum1 = checksums[1];
 996              		.loc 1 131 24 is_stmt 0 view .LVU252
 997 004c 059A     		ldr	r2, [sp, #20]
 998 004e D117     		asrs	r1, r2, #31
 131:Core/Src/main.c ****   checksum1 = checksums[1];
 999              		.loc 1 131 13 view .LVU253
 1000 0050 1B4B     		ldr	r3, .L49+8
 1001 0052 1A60     		str	r2, [r3]
 1002 0054 5960     		str	r1, [r3, #4]
 132:Core/Src/main.c ****   checksum2 = checksums[2];
 1003              		.loc 1 132 3 is_stmt 1 view .LVU254
 132:Core/Src/main.c ****   checksum2 = checksums[2];
 1004              		.loc 1 132 24 is_stmt 0 view .LVU255
 1005 0056 069A     		ldr	r2, [sp, #24]
 1006 0058 D117     		asrs	r1, r2, #31
 132:Core/Src/main.c ****   checksum2 = checksums[2];
 1007              		.loc 1 132 13 view .LVU256
 1008 005a 1A4B     		ldr	r3, .L49+12
 1009 005c 1A60     		str	r2, [r3]
 1010 005e 5960     		str	r1, [r3, #4]
 133:Core/Src/main.c ****   checksum3 = checksums[3];
 1011              		.loc 1 133 3 is_stmt 1 view .LVU257
 133:Core/Src/main.c ****   checksum3 = checksums[3];
 1012              		.loc 1 133 24 is_stmt 0 view .LVU258
 1013 0060 079A     		ldr	r2, [sp, #28]
 1014 0062 D117     		asrs	r1, r2, #31
 133:Core/Src/main.c ****   checksum3 = checksums[3];
 1015              		.loc 1 133 13 view .LVU259
 1016 0064 184B     		ldr	r3, .L49+16
 1017 0066 1A60     		str	r2, [r3]
 1018 0068 5960     		str	r1, [r3, #4]
 134:Core/Src/main.c ****   checksum4 = checksums[4];
 1019              		.loc 1 134 3 is_stmt 1 view .LVU260
 134:Core/Src/main.c ****   checksum4 = checksums[4];
 1020              		.loc 1 134 24 is_stmt 0 view .LVU261
 1021 006a 089A     		ldr	r2, [sp, #32]
 1022 006c D117     		asrs	r1, r2, #31
 134:Core/Src/main.c ****   checksum4 = checksums[4];
 1023              		.loc 1 134 13 view .LVU262
 1024 006e 174B     		ldr	r3, .L49+20
 1025 0070 1A60     		str	r2, [r3]
 1026 0072 5960     		str	r1, [r3, #4]
 135:Core/Src/main.c ****   execution_time0 = execution_times[0];
 1027              		.loc 1 135 3 is_stmt 1 view .LVU263
 135:Core/Src/main.c ****   execution_time0 = execution_times[0];
ARM GAS  C:\Users\techn\AppData\Local\Temp\cc085Qaf.s 			page 44


 1028              		.loc 1 135 24 is_stmt 0 view .LVU264
 1029 0074 099A     		ldr	r2, [sp, #36]
 1030 0076 D117     		asrs	r1, r2, #31
 135:Core/Src/main.c ****   execution_time0 = execution_times[0];
 1031              		.loc 1 135 13 view .LVU265
 1032 0078 154B     		ldr	r3, .L49+24
 1033 007a 1A60     		str	r2, [r3]
 1034 007c 5960     		str	r1, [r3, #4]
 136:Core/Src/main.c ****   execution_time1 = execution_times[1];
 1035              		.loc 1 136 3 is_stmt 1 view .LVU266
 136:Core/Src/main.c ****   execution_time1 = execution_times[1];
 1036              		.loc 1 136 19 is_stmt 0 view .LVU267
 1037 007e 009A     		ldr	r2, [sp]
 1038 0080 144B     		ldr	r3, .L49+28
 1039 0082 1A60     		str	r2, [r3]
 137:Core/Src/main.c ****   execution_time2 = execution_times[2];
 1040              		.loc 1 137 3 is_stmt 1 view .LVU268
 137:Core/Src/main.c ****   execution_time2 = execution_times[2];
 1041              		.loc 1 137 19 is_stmt 0 view .LVU269
 1042 0084 019A     		ldr	r2, [sp, #4]
 1043 0086 144B     		ldr	r3, .L49+32
 1044 0088 1A60     		str	r2, [r3]
 138:Core/Src/main.c ****   execution_time3 = execution_times[3];
 1045              		.loc 1 138 3 is_stmt 1 view .LVU270
 138:Core/Src/main.c ****   execution_time3 = execution_times[3];
 1046              		.loc 1 138 19 is_stmt 0 view .LVU271
 1047 008a 029A     		ldr	r2, [sp, #8]
 1048 008c 134B     		ldr	r3, .L49+36
 1049 008e 1A60     		str	r2, [r3]
 139:Core/Src/main.c ****   execution_time4 = execution_times[4];
 1050              		.loc 1 139 3 is_stmt 1 view .LVU272
 139:Core/Src/main.c ****   execution_time4 = execution_times[4];
 1051              		.loc 1 139 19 is_stmt 0 view .LVU273
 1052 0090 039A     		ldr	r2, [sp, #12]
 1053 0092 134B     		ldr	r3, .L49+40
 1054 0094 1A60     		str	r2, [r3]
 140:Core/Src/main.c **** 
 1055              		.loc 1 140 3 is_stmt 1 view .LVU274
 140:Core/Src/main.c **** 
 1056              		.loc 1 140 19 is_stmt 0 view .LVU275
 1057 0096 049A     		ldr	r2, [sp, #16]
 1058 0098 124B     		ldr	r3, .L49+44
 1059 009a 1A60     		str	r2, [r3]
 143:Core/Src/main.c **** 
 1060              		.loc 1 143 3 is_stmt 1 view .LVU276
 143:Core/Src/main.c **** 
 1061              		.loc 1 143 8 is_stmt 0 view .LVU277
 1062 009c 064C     		ldr	r4, .L49
 1063              	.LVL82:
 143:Core/Src/main.c **** 
 1064              		.loc 1 143 8 view .LVU278
 1065 009e 6369     		ldr	r3, [r4, #20]
 143:Core/Src/main.c **** 
 1066              		.loc 1 143 14 view .LVU279
 1067 00a0 43F00203 		orr	r3, r3, #2
 1068 00a4 6361     		str	r3, [r4, #20]
 146:Core/Src/main.c **** 
ARM GAS  C:\Users\techn\AppData\Local\Temp\cc085Qaf.s 			page 45


 1069              		.loc 1 146 3 is_stmt 1 view .LVU280
 1070 00a6 4FF4FA60 		mov	r0, #2000
 1071 00aa FFF7FEFF 		bl	HAL_Delay
 1072              	.LVL83:
 149:Core/Src/main.c ****   while (1)//relocated by the student
 1073              		.loc 1 149 3 view .LVU281
 149:Core/Src/main.c ****   while (1)//relocated by the student
 1074              		.loc 1 149 8 is_stmt 0 view .LVU282
 1075 00ae 6369     		ldr	r3, [r4, #20]
 149:Core/Src/main.c ****   while (1)//relocated by the student
 1076              		.loc 1 149 14 view .LVU283
 1077 00b0 23F0FF03 		bic	r3, r3, #255
 1078 00b4 6361     		str	r3, [r4, #20]
 1079              	.L47:
 150:Core/Src/main.c ****   {//relocated by the student
 1080              		.loc 1 150 3 is_stmt 1 view .LVU284
 153:Core/Src/main.c ****   /* USER CODE END 3 */
 1081              		.loc 1 153 3 view .LVU285
 150:Core/Src/main.c ****   {//relocated by the student
 1082              		.loc 1 150 9 view .LVU286
 1083 00b6 FEE7     		b	.L47
 1084              	.L50:
 1085              		.align	2
 1086              	.L49:
 1087 00b8 00040240 		.word	1073873920
 1088 00bc 00000000 		.word	dimensions
 1089 00c0 00000000 		.word	checksum0
 1090 00c4 00000000 		.word	checksum1
 1091 00c8 00000000 		.word	checksum2
 1092 00cc 00000000 		.word	checksum3
 1093 00d0 00000000 		.word	checksum4
 1094 00d4 00000000 		.word	execution_time0
 1095 00d8 00000000 		.word	execution_time1
 1096 00dc 00000000 		.word	execution_time2
 1097 00e0 00000000 		.word	execution_time3
 1098 00e4 00000000 		.word	execution_time4
 1099              		.cfi_endproc
 1100              	.LFE134:
 1102              		.global	execution_time4
 1103              		.section	.bss.execution_time4,"aw",%nobits
 1104              		.align	2
 1107              	execution_time4:
 1108 0000 00000000 		.space	4
 1109              		.global	execution_time3
 1110              		.section	.bss.execution_time3,"aw",%nobits
 1111              		.align	2
 1114              	execution_time3:
 1115 0000 00000000 		.space	4
 1116              		.global	execution_time2
 1117              		.section	.bss.execution_time2,"aw",%nobits
 1118              		.align	2
 1121              	execution_time2:
 1122 0000 00000000 		.space	4
 1123              		.global	execution_time1
 1124              		.section	.bss.execution_time1,"aw",%nobits
 1125              		.align	2
 1128              	execution_time1:
ARM GAS  C:\Users\techn\AppData\Local\Temp\cc085Qaf.s 			page 46


 1129 0000 00000000 		.space	4
 1130              		.global	execution_time0
 1131              		.section	.bss.execution_time0,"aw",%nobits
 1132              		.align	2
 1135              	execution_time0:
 1136 0000 00000000 		.space	4
 1137              		.global	checksum4
 1138              		.section	.bss.checksum4,"aw",%nobits
 1139              		.align	3
 1142              	checksum4:
 1143 0000 00000000 		.space	8
 1143      00000000 
 1144              		.global	checksum3
 1145              		.section	.bss.checksum3,"aw",%nobits
 1146              		.align	3
 1149              	checksum3:
 1150 0000 00000000 		.space	8
 1150      00000000 
 1151              		.global	checksum2
 1152              		.section	.bss.checksum2,"aw",%nobits
 1153              		.align	3
 1156              	checksum2:
 1157 0000 00000000 		.space	8
 1157      00000000 
 1158              		.global	checksum1
 1159              		.section	.bss.checksum1,"aw",%nobits
 1160              		.align	3
 1163              	checksum1:
 1164 0000 00000000 		.space	8
 1164      00000000 
 1165              		.global	checksum0
 1166              		.section	.bss.checksum0,"aw",%nobits
 1167              		.align	3
 1170              	checksum0:
 1171 0000 00000000 		.space	8
 1171      00000000 
 1172              		.global	dimensions
 1173              		.section	.data.dimensions,"aw"
 1174              		.align	2
 1177              	dimensions:
 1178 0000 80000000 		.word	128
 1179 0004 A0000000 		.word	160
 1180 0008 C0000000 		.word	192
 1181 000c E0000000 		.word	224
 1182 0010 00010000 		.word	256
 1183              		.text
 1184              	.Letext0:
 1185              		.file 3 "C:\\Program Files\\STMicroelectronics\\STM32Cube\\STM32CubeIDE_1.19.0\\STM32CubeIDE\\plug
 1186              		.file 4 "C:\\Program Files\\STMicroelectronics\\STM32Cube\\STM32CubeIDE_1.19.0\\STM32CubeIDE\\plug
 1187              		.file 5 "Drivers/CMSIS/Device/ST/STM32F4xx/Include/stm32f446xx.h"
 1188              		.file 6 "Drivers/STM32F4xx_HAL_Driver/Inc/stm32f4xx_hal_def.h"
 1189              		.file 7 "Drivers/STM32F4xx_HAL_Driver/Inc/stm32f4xx_hal_rcc_ex.h"
 1190              		.file 8 "Drivers/STM32F4xx_HAL_Driver/Inc/stm32f4xx_hal_rcc.h"
 1191              		.file 9 "Drivers/STM32F4xx_HAL_Driver/Inc/stm32f4xx_hal_gpio.h"
 1192              		.file 10 "Drivers/STM32F4xx_HAL_Driver/Inc/stm32f4xx_hal.h"
 1193              		.file 11 "<built-in>"
ARM GAS  C:\Users\techn\AppData\Local\Temp\cc085Qaf.s 			page 47


DEFINED SYMBOLS
                            *ABS*:00000000 main.c
C:\Users\techn\AppData\Local\Temp\cc085Qaf.s:19     .text.MX_GPIO_Init:00000000 $t
C:\Users\techn\AppData\Local\Temp\cc085Qaf.s:24     .text.MX_GPIO_Init:00000000 MX_GPIO_Init
C:\Users\techn\AppData\Local\Temp\cc085Qaf.s:131    .text.MX_GPIO_Init:00000074 $d
C:\Users\techn\AppData\Local\Temp\cc085Qaf.s:138    .text.calculate_mandelbrot_fixed_point_arithmetic:00000000 $t
C:\Users\techn\AppData\Local\Temp\cc085Qaf.s:144    .text.calculate_mandelbrot_fixed_point_arithmetic:00000000 calculate_mandelbrot_fixed_point_arithmetic
C:\Users\techn\AppData\Local\Temp\cc085Qaf.s:409    .text.calculate_mandelbrot_fixed_point_arithmetic:0000015c $d
C:\Users\techn\AppData\Local\Temp\cc085Qaf.s:420    .text.calculate_mandelbrot_double:00000000 $t
C:\Users\techn\AppData\Local\Temp\cc085Qaf.s:426    .text.calculate_mandelbrot_double:00000000 calculate_mandelbrot_double
C:\Users\techn\AppData\Local\Temp\cc085Qaf.s:696    .text.calculate_mandelbrot_double:00000158 $d
C:\Users\techn\AppData\Local\Temp\cc085Qaf.s:704    .text.Error_Handler:00000000 $t
C:\Users\techn\AppData\Local\Temp\cc085Qaf.s:710    .text.Error_Handler:00000000 Error_Handler
C:\Users\techn\AppData\Local\Temp\cc085Qaf.s:742    .text.SystemClock_Config:00000000 $t
C:\Users\techn\AppData\Local\Temp\cc085Qaf.s:748    .text.SystemClock_Config:00000000 SystemClock_Config
C:\Users\techn\AppData\Local\Temp\cc085Qaf.s:899    .text.SystemClock_Config:000000a4 $d
C:\Users\techn\AppData\Local\Temp\cc085Qaf.s:905    .text.main:00000000 $t
C:\Users\techn\AppData\Local\Temp\cc085Qaf.s:911    .text.main:00000000 main
C:\Users\techn\AppData\Local\Temp\cc085Qaf.s:1087   .text.main:000000b8 $d
C:\Users\techn\AppData\Local\Temp\cc085Qaf.s:1177   .data.dimensions:00000000 dimensions
C:\Users\techn\AppData\Local\Temp\cc085Qaf.s:1170   .bss.checksum0:00000000 checksum0
C:\Users\techn\AppData\Local\Temp\cc085Qaf.s:1163   .bss.checksum1:00000000 checksum1
C:\Users\techn\AppData\Local\Temp\cc085Qaf.s:1156   .bss.checksum2:00000000 checksum2
C:\Users\techn\AppData\Local\Temp\cc085Qaf.s:1149   .bss.checksum3:00000000 checksum3
C:\Users\techn\AppData\Local\Temp\cc085Qaf.s:1142   .bss.checksum4:00000000 checksum4
C:\Users\techn\AppData\Local\Temp\cc085Qaf.s:1135   .bss.execution_time0:00000000 execution_time0
C:\Users\techn\AppData\Local\Temp\cc085Qaf.s:1128   .bss.execution_time1:00000000 execution_time1
C:\Users\techn\AppData\Local\Temp\cc085Qaf.s:1121   .bss.execution_time2:00000000 execution_time2
C:\Users\techn\AppData\Local\Temp\cc085Qaf.s:1114   .bss.execution_time3:00000000 execution_time3
C:\Users\techn\AppData\Local\Temp\cc085Qaf.s:1107   .bss.execution_time4:00000000 execution_time4
C:\Users\techn\AppData\Local\Temp\cc085Qaf.s:1104   .bss.execution_time4:00000000 $d
C:\Users\techn\AppData\Local\Temp\cc085Qaf.s:1111   .bss.execution_time3:00000000 $d
C:\Users\techn\AppData\Local\Temp\cc085Qaf.s:1118   .bss.execution_time2:00000000 $d
C:\Users\techn\AppData\Local\Temp\cc085Qaf.s:1125   .bss.execution_time1:00000000 $d
C:\Users\techn\AppData\Local\Temp\cc085Qaf.s:1132   .bss.execution_time0:00000000 $d
C:\Users\techn\AppData\Local\Temp\cc085Qaf.s:1139   .bss.checksum4:00000000 $d
C:\Users\techn\AppData\Local\Temp\cc085Qaf.s:1146   .bss.checksum3:00000000 $d
C:\Users\techn\AppData\Local\Temp\cc085Qaf.s:1153   .bss.checksum2:00000000 $d
C:\Users\techn\AppData\Local\Temp\cc085Qaf.s:1160   .bss.checksum1:00000000 $d
C:\Users\techn\AppData\Local\Temp\cc085Qaf.s:1167   .bss.checksum0:00000000 $d
C:\Users\techn\AppData\Local\Temp\cc085Qaf.s:1174   .data.dimensions:00000000 $d

UNDEFINED SYMBOLS
HAL_GPIO_WritePin
HAL_GPIO_Init
__aeabi_ldivmod
__aeabi_i2d
__aeabi_dmul
__aeabi_ddiv
__aeabi_dsub
__aeabi_dadd
__aeabi_dcmple
memset
HAL_RCC_OscConfig
HAL_RCC_ClockConfig
HAL_Init
HAL_GetTick
ARM GAS  C:\Users\techn\AppData\Local\Temp\cc085Qaf.s 			page 48


HAL_Delay
