ARM GAS  C:\Users\techn\AppData\Local\Temp\ccFAleKM.s 			page 1


   1              		.cpu cortex-m4
   2              		.arch armv7e-m
   3              		.fpu fpv4-sp-d16
   4              		.eabi_attribute 27, 1
   5              		.eabi_attribute 28, 1
   6              		.eabi_attribute 20, 1
   7              		.eabi_attribute 21, 1
   8              		.eabi_attribute 23, 3
   9              		.eabi_attribute 24, 1
  10              		.eabi_attribute 25, 1
  11              		.eabi_attribute 26, 1
  12              		.eabi_attribute 30, 2
  13              		.eabi_attribute 34, 1
  14              		.eabi_attribute 18, 4
  15              		.file	"stm32f4xx_hal_dma.c"
  16              		.text
  17              	.Ltext0:
  18              		.cfi_sections	.debug_frame
  19              		.file 1 "Drivers/STM32F4xx_HAL_Driver/Src/stm32f4xx_hal_dma.c"
  20              		.section	.text.HAL_DMA_Init,"ax",%progbits
  21              		.align	1
  22              		.p2align 2,,3
  23              		.global	HAL_DMA_Init
  24              		.syntax unified
  25              		.thumb
  26              		.thumb_func
  28              	HAL_DMA_Init:
  29              	.LVL0:
  30              	.LFB134:
   1:Drivers/STM32F4xx_HAL_Driver/Src/stm32f4xx_hal_dma.c **** /**
   2:Drivers/STM32F4xx_HAL_Driver/Src/stm32f4xx_hal_dma.c ****   ******************************************************************************
   3:Drivers/STM32F4xx_HAL_Driver/Src/stm32f4xx_hal_dma.c ****   * @file    stm32f4xx_hal_dma.c
   4:Drivers/STM32F4xx_HAL_Driver/Src/stm32f4xx_hal_dma.c ****   * @author  MCD Application Team
   5:Drivers/STM32F4xx_HAL_Driver/Src/stm32f4xx_hal_dma.c ****   * @brief   DMA HAL module driver.
   6:Drivers/STM32F4xx_HAL_Driver/Src/stm32f4xx_hal_dma.c ****   *    
   7:Drivers/STM32F4xx_HAL_Driver/Src/stm32f4xx_hal_dma.c ****   *          This file provides firmware functions to manage the following 
   8:Drivers/STM32F4xx_HAL_Driver/Src/stm32f4xx_hal_dma.c ****   *          functionalities of the Direct Memory Access (DMA) peripheral:
   9:Drivers/STM32F4xx_HAL_Driver/Src/stm32f4xx_hal_dma.c ****   *           + Initialization and de-initialization functions
  10:Drivers/STM32F4xx_HAL_Driver/Src/stm32f4xx_hal_dma.c ****   *           + IO operation functions
  11:Drivers/STM32F4xx_HAL_Driver/Src/stm32f4xx_hal_dma.c ****   *           + Peripheral State and errors functions
  12:Drivers/STM32F4xx_HAL_Driver/Src/stm32f4xx_hal_dma.c ****   @verbatim     
  13:Drivers/STM32F4xx_HAL_Driver/Src/stm32f4xx_hal_dma.c ****   ==============================================================================
  14:Drivers/STM32F4xx_HAL_Driver/Src/stm32f4xx_hal_dma.c ****                         ##### How to use this driver #####
  15:Drivers/STM32F4xx_HAL_Driver/Src/stm32f4xx_hal_dma.c ****   ==============================================================================
  16:Drivers/STM32F4xx_HAL_Driver/Src/stm32f4xx_hal_dma.c ****   [..]
  17:Drivers/STM32F4xx_HAL_Driver/Src/stm32f4xx_hal_dma.c ****    (#) Enable and configure the peripheral to be connected to the DMA Stream
  18:Drivers/STM32F4xx_HAL_Driver/Src/stm32f4xx_hal_dma.c ****        (except for internal SRAM/FLASH memories: no initialization is 
  19:Drivers/STM32F4xx_HAL_Driver/Src/stm32f4xx_hal_dma.c ****        necessary) please refer to Reference manual for connection between peripherals
  20:Drivers/STM32F4xx_HAL_Driver/Src/stm32f4xx_hal_dma.c ****        and DMA requests.
  21:Drivers/STM32F4xx_HAL_Driver/Src/stm32f4xx_hal_dma.c **** 
  22:Drivers/STM32F4xx_HAL_Driver/Src/stm32f4xx_hal_dma.c ****    (#) For a given Stream, program the required configuration through the following parameters:
  23:Drivers/STM32F4xx_HAL_Driver/Src/stm32f4xx_hal_dma.c ****        Transfer Direction, Source and Destination data formats, 
  24:Drivers/STM32F4xx_HAL_Driver/Src/stm32f4xx_hal_dma.c ****        Circular, Normal or peripheral flow control mode, Stream Priority level, 
  25:Drivers/STM32F4xx_HAL_Driver/Src/stm32f4xx_hal_dma.c ****        Source and Destination Increment mode, FIFO mode and its Threshold (if needed), 
  26:Drivers/STM32F4xx_HAL_Driver/Src/stm32f4xx_hal_dma.c ****        Burst mode for Source and/or Destination (if needed) using HAL_DMA_Init() function.
  27:Drivers/STM32F4xx_HAL_Driver/Src/stm32f4xx_hal_dma.c **** 
  28:Drivers/STM32F4xx_HAL_Driver/Src/stm32f4xx_hal_dma.c ****    -@-   Prior to HAL_DMA_Init() the clock must be enabled for DMA through the following macros:
ARM GAS  C:\Users\techn\AppData\Local\Temp\ccFAleKM.s 			page 2


  29:Drivers/STM32F4xx_HAL_Driver/Src/stm32f4xx_hal_dma.c ****          __HAL_RCC_DMA1_CLK_ENABLE() or __HAL_RCC_DMA2_CLK_ENABLE().
  30:Drivers/STM32F4xx_HAL_Driver/Src/stm32f4xx_hal_dma.c **** 
  31:Drivers/STM32F4xx_HAL_Driver/Src/stm32f4xx_hal_dma.c ****      *** Polling mode IO operation ***
  32:Drivers/STM32F4xx_HAL_Driver/Src/stm32f4xx_hal_dma.c ****      =================================
  33:Drivers/STM32F4xx_HAL_Driver/Src/stm32f4xx_hal_dma.c ****     [..]
  34:Drivers/STM32F4xx_HAL_Driver/Src/stm32f4xx_hal_dma.c ****           (+) Use HAL_DMA_Start() to start DMA transfer after the configuration of Source 
  35:Drivers/STM32F4xx_HAL_Driver/Src/stm32f4xx_hal_dma.c ****               address and destination address and the Length of data to be transferred.
  36:Drivers/STM32F4xx_HAL_Driver/Src/stm32f4xx_hal_dma.c ****           (+) Use HAL_DMA_PollForTransfer() to poll for the end of current transfer, in this  
  37:Drivers/STM32F4xx_HAL_Driver/Src/stm32f4xx_hal_dma.c ****               case a fixed Timeout can be configured by User depending from his application.
  38:Drivers/STM32F4xx_HAL_Driver/Src/stm32f4xx_hal_dma.c ****           (+) Use HAL_DMA_Abort() function to abort the current transfer.
  39:Drivers/STM32F4xx_HAL_Driver/Src/stm32f4xx_hal_dma.c **** 
  40:Drivers/STM32F4xx_HAL_Driver/Src/stm32f4xx_hal_dma.c ****      *** Interrupt mode IO operation ***
  41:Drivers/STM32F4xx_HAL_Driver/Src/stm32f4xx_hal_dma.c ****      ===================================
  42:Drivers/STM32F4xx_HAL_Driver/Src/stm32f4xx_hal_dma.c ****     [..]
  43:Drivers/STM32F4xx_HAL_Driver/Src/stm32f4xx_hal_dma.c ****           (+) Configure the DMA interrupt priority using HAL_NVIC_SetPriority()
  44:Drivers/STM32F4xx_HAL_Driver/Src/stm32f4xx_hal_dma.c ****           (+) Enable the DMA IRQ handler using HAL_NVIC_EnableIRQ() 
  45:Drivers/STM32F4xx_HAL_Driver/Src/stm32f4xx_hal_dma.c ****           (+) Use HAL_DMA_Start_IT() to start DMA transfer after the configuration of  
  46:Drivers/STM32F4xx_HAL_Driver/Src/stm32f4xx_hal_dma.c ****               Source address and destination address and the Length of data to be transferred. In t
  47:Drivers/STM32F4xx_HAL_Driver/Src/stm32f4xx_hal_dma.c ****               case the DMA interrupt is configured 
  48:Drivers/STM32F4xx_HAL_Driver/Src/stm32f4xx_hal_dma.c ****           (+) Use HAL_DMA_IRQHandler() called under DMA_IRQHandler() Interrupt subroutine
  49:Drivers/STM32F4xx_HAL_Driver/Src/stm32f4xx_hal_dma.c ****           (+) At the end of data transfer HAL_DMA_IRQHandler() function is executed and user can 
  50:Drivers/STM32F4xx_HAL_Driver/Src/stm32f4xx_hal_dma.c ****               add his own function by customization of function pointer XferCpltCallback and 
  51:Drivers/STM32F4xx_HAL_Driver/Src/stm32f4xx_hal_dma.c ****               XferErrorCallback (i.e a member of DMA handle structure).
  52:Drivers/STM32F4xx_HAL_Driver/Src/stm32f4xx_hal_dma.c ****     [..]
  53:Drivers/STM32F4xx_HAL_Driver/Src/stm32f4xx_hal_dma.c ****      (#) Use HAL_DMA_GetState() function to return the DMA state and HAL_DMA_GetError() in case of 
  54:Drivers/STM32F4xx_HAL_Driver/Src/stm32f4xx_hal_dma.c ****          detection.
  55:Drivers/STM32F4xx_HAL_Driver/Src/stm32f4xx_hal_dma.c **** 
  56:Drivers/STM32F4xx_HAL_Driver/Src/stm32f4xx_hal_dma.c ****      (#) Use HAL_DMA_Abort_IT() function to abort the current transfer
  57:Drivers/STM32F4xx_HAL_Driver/Src/stm32f4xx_hal_dma.c **** 
  58:Drivers/STM32F4xx_HAL_Driver/Src/stm32f4xx_hal_dma.c ****      -@-   In Memory-to-Memory transfer mode, Circular mode is not allowed.
  59:Drivers/STM32F4xx_HAL_Driver/Src/stm32f4xx_hal_dma.c **** 
  60:Drivers/STM32F4xx_HAL_Driver/Src/stm32f4xx_hal_dma.c ****      -@-   The FIFO is used mainly to reduce bus usage and to allow data packing/unpacking: it is
  61:Drivers/STM32F4xx_HAL_Driver/Src/stm32f4xx_hal_dma.c ****            possible to set different Data Sizes for the Peripheral and the Memory (ie. you can set
  62:Drivers/STM32F4xx_HAL_Driver/Src/stm32f4xx_hal_dma.c ****            Half-Word data size for the peripheral to access its data register and set Word data siz
  63:Drivers/STM32F4xx_HAL_Driver/Src/stm32f4xx_hal_dma.c ****            for the Memory to gain in access time. Each two half words will be packed and written in
  64:Drivers/STM32F4xx_HAL_Driver/Src/stm32f4xx_hal_dma.c ****            a single access to a Word in the Memory).
  65:Drivers/STM32F4xx_HAL_Driver/Src/stm32f4xx_hal_dma.c **** 
  66:Drivers/STM32F4xx_HAL_Driver/Src/stm32f4xx_hal_dma.c ****      -@-   When FIFO is disabled, it is not allowed to configure different Data Sizes for Source
  67:Drivers/STM32F4xx_HAL_Driver/Src/stm32f4xx_hal_dma.c ****            and Destination. In this case the Peripheral Data Size will be applied to both Source
  68:Drivers/STM32F4xx_HAL_Driver/Src/stm32f4xx_hal_dma.c ****            and Destination.
  69:Drivers/STM32F4xx_HAL_Driver/Src/stm32f4xx_hal_dma.c **** 
  70:Drivers/STM32F4xx_HAL_Driver/Src/stm32f4xx_hal_dma.c ****      *** DMA HAL driver macros list ***
  71:Drivers/STM32F4xx_HAL_Driver/Src/stm32f4xx_hal_dma.c ****      =============================================
  72:Drivers/STM32F4xx_HAL_Driver/Src/stm32f4xx_hal_dma.c ****      [..]
  73:Drivers/STM32F4xx_HAL_Driver/Src/stm32f4xx_hal_dma.c ****        Below the list of most used macros in DMA HAL driver.
  74:Drivers/STM32F4xx_HAL_Driver/Src/stm32f4xx_hal_dma.c ****        
  75:Drivers/STM32F4xx_HAL_Driver/Src/stm32f4xx_hal_dma.c ****       (+) __HAL_DMA_ENABLE: Enable the specified DMA Stream.
  76:Drivers/STM32F4xx_HAL_Driver/Src/stm32f4xx_hal_dma.c ****       (+) __HAL_DMA_DISABLE: Disable the specified DMA Stream.
  77:Drivers/STM32F4xx_HAL_Driver/Src/stm32f4xx_hal_dma.c ****       (+) __HAL_DMA_GET_IT_SOURCE: Check whether the specified DMA Stream interrupt has occurred or
  78:Drivers/STM32F4xx_HAL_Driver/Src/stm32f4xx_hal_dma.c **** 
  79:Drivers/STM32F4xx_HAL_Driver/Src/stm32f4xx_hal_dma.c ****      [..]
  80:Drivers/STM32F4xx_HAL_Driver/Src/stm32f4xx_hal_dma.c ****       (@) You can refer to the DMA HAL driver header file for more useful macros
  81:Drivers/STM32F4xx_HAL_Driver/Src/stm32f4xx_hal_dma.c **** 
  82:Drivers/STM32F4xx_HAL_Driver/Src/stm32f4xx_hal_dma.c ****   @endverbatim
  83:Drivers/STM32F4xx_HAL_Driver/Src/stm32f4xx_hal_dma.c ****   ******************************************************************************
  84:Drivers/STM32F4xx_HAL_Driver/Src/stm32f4xx_hal_dma.c ****   * @attention
  85:Drivers/STM32F4xx_HAL_Driver/Src/stm32f4xx_hal_dma.c ****   *
ARM GAS  C:\Users\techn\AppData\Local\Temp\ccFAleKM.s 			page 3


  86:Drivers/STM32F4xx_HAL_Driver/Src/stm32f4xx_hal_dma.c ****   * Copyright (c) 2017 STMicroelectronics.
  87:Drivers/STM32F4xx_HAL_Driver/Src/stm32f4xx_hal_dma.c ****   * All rights reserved.
  88:Drivers/STM32F4xx_HAL_Driver/Src/stm32f4xx_hal_dma.c ****   *
  89:Drivers/STM32F4xx_HAL_Driver/Src/stm32f4xx_hal_dma.c ****   * This software is licensed under terms that can be found in the LICENSE file in
  90:Drivers/STM32F4xx_HAL_Driver/Src/stm32f4xx_hal_dma.c ****   * the root directory of this software component.
  91:Drivers/STM32F4xx_HAL_Driver/Src/stm32f4xx_hal_dma.c ****   * If no LICENSE file comes with this software, it is provided AS-IS.
  92:Drivers/STM32F4xx_HAL_Driver/Src/stm32f4xx_hal_dma.c ****   *
  93:Drivers/STM32F4xx_HAL_Driver/Src/stm32f4xx_hal_dma.c ****   ******************************************************************************
  94:Drivers/STM32F4xx_HAL_Driver/Src/stm32f4xx_hal_dma.c ****   */ 
  95:Drivers/STM32F4xx_HAL_Driver/Src/stm32f4xx_hal_dma.c **** 
  96:Drivers/STM32F4xx_HAL_Driver/Src/stm32f4xx_hal_dma.c **** /* Includes ------------------------------------------------------------------*/
  97:Drivers/STM32F4xx_HAL_Driver/Src/stm32f4xx_hal_dma.c **** #include "stm32f4xx_hal.h"
  98:Drivers/STM32F4xx_HAL_Driver/Src/stm32f4xx_hal_dma.c **** 
  99:Drivers/STM32F4xx_HAL_Driver/Src/stm32f4xx_hal_dma.c **** /** @addtogroup STM32F4xx_HAL_Driver
 100:Drivers/STM32F4xx_HAL_Driver/Src/stm32f4xx_hal_dma.c ****   * @{
 101:Drivers/STM32F4xx_HAL_Driver/Src/stm32f4xx_hal_dma.c ****   */
 102:Drivers/STM32F4xx_HAL_Driver/Src/stm32f4xx_hal_dma.c **** 
 103:Drivers/STM32F4xx_HAL_Driver/Src/stm32f4xx_hal_dma.c **** /** @defgroup DMA DMA
 104:Drivers/STM32F4xx_HAL_Driver/Src/stm32f4xx_hal_dma.c ****   * @brief DMA HAL module driver
 105:Drivers/STM32F4xx_HAL_Driver/Src/stm32f4xx_hal_dma.c ****   * @{
 106:Drivers/STM32F4xx_HAL_Driver/Src/stm32f4xx_hal_dma.c ****   */
 107:Drivers/STM32F4xx_HAL_Driver/Src/stm32f4xx_hal_dma.c **** 
 108:Drivers/STM32F4xx_HAL_Driver/Src/stm32f4xx_hal_dma.c **** #ifdef HAL_DMA_MODULE_ENABLED
 109:Drivers/STM32F4xx_HAL_Driver/Src/stm32f4xx_hal_dma.c **** 
 110:Drivers/STM32F4xx_HAL_Driver/Src/stm32f4xx_hal_dma.c **** /* Private types -------------------------------------------------------------*/
 111:Drivers/STM32F4xx_HAL_Driver/Src/stm32f4xx_hal_dma.c **** typedef struct
 112:Drivers/STM32F4xx_HAL_Driver/Src/stm32f4xx_hal_dma.c **** {
 113:Drivers/STM32F4xx_HAL_Driver/Src/stm32f4xx_hal_dma.c ****   __IO uint32_t ISR;   /*!< DMA interrupt status register */
 114:Drivers/STM32F4xx_HAL_Driver/Src/stm32f4xx_hal_dma.c ****   __IO uint32_t Reserved0;
 115:Drivers/STM32F4xx_HAL_Driver/Src/stm32f4xx_hal_dma.c ****   __IO uint32_t IFCR;  /*!< DMA interrupt flag clear register */
 116:Drivers/STM32F4xx_HAL_Driver/Src/stm32f4xx_hal_dma.c **** } DMA_Base_Registers;
 117:Drivers/STM32F4xx_HAL_Driver/Src/stm32f4xx_hal_dma.c **** 
 118:Drivers/STM32F4xx_HAL_Driver/Src/stm32f4xx_hal_dma.c **** /* Private variables ---------------------------------------------------------*/
 119:Drivers/STM32F4xx_HAL_Driver/Src/stm32f4xx_hal_dma.c **** /* Private constants ---------------------------------------------------------*/
 120:Drivers/STM32F4xx_HAL_Driver/Src/stm32f4xx_hal_dma.c **** /** @addtogroup DMA_Private_Constants
 121:Drivers/STM32F4xx_HAL_Driver/Src/stm32f4xx_hal_dma.c ****  * @{
 122:Drivers/STM32F4xx_HAL_Driver/Src/stm32f4xx_hal_dma.c ****  */
 123:Drivers/STM32F4xx_HAL_Driver/Src/stm32f4xx_hal_dma.c ****  #define HAL_TIMEOUT_DMA_ABORT    5U  /* 5 ms */
 124:Drivers/STM32F4xx_HAL_Driver/Src/stm32f4xx_hal_dma.c **** /**
 125:Drivers/STM32F4xx_HAL_Driver/Src/stm32f4xx_hal_dma.c ****   * @}
 126:Drivers/STM32F4xx_HAL_Driver/Src/stm32f4xx_hal_dma.c ****   */
 127:Drivers/STM32F4xx_HAL_Driver/Src/stm32f4xx_hal_dma.c **** /* Private macros ------------------------------------------------------------*/
 128:Drivers/STM32F4xx_HAL_Driver/Src/stm32f4xx_hal_dma.c **** /* Private functions ---------------------------------------------------------*/
 129:Drivers/STM32F4xx_HAL_Driver/Src/stm32f4xx_hal_dma.c **** /** @addtogroup DMA_Private_Functions
 130:Drivers/STM32F4xx_HAL_Driver/Src/stm32f4xx_hal_dma.c ****   * @{
 131:Drivers/STM32F4xx_HAL_Driver/Src/stm32f4xx_hal_dma.c ****   */
 132:Drivers/STM32F4xx_HAL_Driver/Src/stm32f4xx_hal_dma.c **** static void DMA_SetConfig(DMA_HandleTypeDef *hdma, uint32_t SrcAddress, uint32_t DstAddress, uint32
 133:Drivers/STM32F4xx_HAL_Driver/Src/stm32f4xx_hal_dma.c **** static uint32_t DMA_CalcBaseAndBitshift(DMA_HandleTypeDef *hdma);
 134:Drivers/STM32F4xx_HAL_Driver/Src/stm32f4xx_hal_dma.c **** static HAL_StatusTypeDef DMA_CheckFifoParam(DMA_HandleTypeDef *hdma);
 135:Drivers/STM32F4xx_HAL_Driver/Src/stm32f4xx_hal_dma.c **** 
 136:Drivers/STM32F4xx_HAL_Driver/Src/stm32f4xx_hal_dma.c **** /**
 137:Drivers/STM32F4xx_HAL_Driver/Src/stm32f4xx_hal_dma.c ****   * @}
 138:Drivers/STM32F4xx_HAL_Driver/Src/stm32f4xx_hal_dma.c ****   */  
 139:Drivers/STM32F4xx_HAL_Driver/Src/stm32f4xx_hal_dma.c **** 
 140:Drivers/STM32F4xx_HAL_Driver/Src/stm32f4xx_hal_dma.c **** /* Exported functions ---------------------------------------------------------*/
 141:Drivers/STM32F4xx_HAL_Driver/Src/stm32f4xx_hal_dma.c **** /** @addtogroup DMA_Exported_Functions
 142:Drivers/STM32F4xx_HAL_Driver/Src/stm32f4xx_hal_dma.c ****   * @{
ARM GAS  C:\Users\techn\AppData\Local\Temp\ccFAleKM.s 			page 4


 143:Drivers/STM32F4xx_HAL_Driver/Src/stm32f4xx_hal_dma.c ****   */
 144:Drivers/STM32F4xx_HAL_Driver/Src/stm32f4xx_hal_dma.c **** 
 145:Drivers/STM32F4xx_HAL_Driver/Src/stm32f4xx_hal_dma.c **** /** @addtogroup DMA_Exported_Functions_Group1
 146:Drivers/STM32F4xx_HAL_Driver/Src/stm32f4xx_hal_dma.c ****   *
 147:Drivers/STM32F4xx_HAL_Driver/Src/stm32f4xx_hal_dma.c **** @verbatim
 148:Drivers/STM32F4xx_HAL_Driver/Src/stm32f4xx_hal_dma.c ****  ===============================================================================
 149:Drivers/STM32F4xx_HAL_Driver/Src/stm32f4xx_hal_dma.c ****              ##### Initialization and de-initialization functions  #####
 150:Drivers/STM32F4xx_HAL_Driver/Src/stm32f4xx_hal_dma.c ****  ===============================================================================
 151:Drivers/STM32F4xx_HAL_Driver/Src/stm32f4xx_hal_dma.c ****     [..]
 152:Drivers/STM32F4xx_HAL_Driver/Src/stm32f4xx_hal_dma.c ****     This section provides functions allowing to initialize the DMA Stream source
 153:Drivers/STM32F4xx_HAL_Driver/Src/stm32f4xx_hal_dma.c ****     and destination addresses, incrementation and data sizes, transfer direction, 
 154:Drivers/STM32F4xx_HAL_Driver/Src/stm32f4xx_hal_dma.c ****     circular/normal mode selection, memory-to-memory mode selection and Stream priority value.
 155:Drivers/STM32F4xx_HAL_Driver/Src/stm32f4xx_hal_dma.c ****     [..]
 156:Drivers/STM32F4xx_HAL_Driver/Src/stm32f4xx_hal_dma.c ****     The HAL_DMA_Init() function follows the DMA configuration procedures as described in
 157:Drivers/STM32F4xx_HAL_Driver/Src/stm32f4xx_hal_dma.c ****     reference manual.
 158:Drivers/STM32F4xx_HAL_Driver/Src/stm32f4xx_hal_dma.c **** 
 159:Drivers/STM32F4xx_HAL_Driver/Src/stm32f4xx_hal_dma.c **** @endverbatim
 160:Drivers/STM32F4xx_HAL_Driver/Src/stm32f4xx_hal_dma.c ****   * @{
 161:Drivers/STM32F4xx_HAL_Driver/Src/stm32f4xx_hal_dma.c ****   */
 162:Drivers/STM32F4xx_HAL_Driver/Src/stm32f4xx_hal_dma.c ****   
 163:Drivers/STM32F4xx_HAL_Driver/Src/stm32f4xx_hal_dma.c **** /**
 164:Drivers/STM32F4xx_HAL_Driver/Src/stm32f4xx_hal_dma.c ****   * @brief  Initialize the DMA according to the specified
 165:Drivers/STM32F4xx_HAL_Driver/Src/stm32f4xx_hal_dma.c ****   *         parameters in the DMA_InitTypeDef and create the associated handle.
 166:Drivers/STM32F4xx_HAL_Driver/Src/stm32f4xx_hal_dma.c ****   * @param  hdma Pointer to a DMA_HandleTypeDef structure that contains
 167:Drivers/STM32F4xx_HAL_Driver/Src/stm32f4xx_hal_dma.c ****   *               the configuration information for the specified DMA Stream.  
 168:Drivers/STM32F4xx_HAL_Driver/Src/stm32f4xx_hal_dma.c ****   * @retval HAL status
 169:Drivers/STM32F4xx_HAL_Driver/Src/stm32f4xx_hal_dma.c ****   */
 170:Drivers/STM32F4xx_HAL_Driver/Src/stm32f4xx_hal_dma.c **** HAL_StatusTypeDef HAL_DMA_Init(DMA_HandleTypeDef *hdma)
 171:Drivers/STM32F4xx_HAL_Driver/Src/stm32f4xx_hal_dma.c **** {
  31              		.loc 1 171 1 view -0
  32              		.cfi_startproc
  33              		@ args = 0, pretend = 0, frame = 0
  34              		@ frame_needed = 0, uses_anonymous_args = 0
 172:Drivers/STM32F4xx_HAL_Driver/Src/stm32f4xx_hal_dma.c ****   uint32_t tmp = 0U;
  35              		.loc 1 172 3 view .LVU1
 173:Drivers/STM32F4xx_HAL_Driver/Src/stm32f4xx_hal_dma.c ****   uint32_t tickstart = HAL_GetTick();
  36              		.loc 1 173 3 view .LVU2
 171:Drivers/STM32F4xx_HAL_Driver/Src/stm32f4xx_hal_dma.c ****   uint32_t tmp = 0U;
  37              		.loc 1 171 1 is_stmt 0 view .LVU3
  38 0000 38B5     		push	{r3, r4, r5, lr}
  39              	.LCFI0:
  40              		.cfi_def_cfa_offset 16
  41              		.cfi_offset 3, -16
  42              		.cfi_offset 4, -12
  43              		.cfi_offset 5, -8
  44              		.cfi_offset 14, -4
 171:Drivers/STM32F4xx_HAL_Driver/Src/stm32f4xx_hal_dma.c ****   uint32_t tmp = 0U;
  45              		.loc 1 171 1 view .LVU4
  46 0002 0446     		mov	r4, r0
  47              		.loc 1 173 24 view .LVU5
  48 0004 FFF7FEFF 		bl	HAL_GetTick
  49              	.LVL1:
 174:Drivers/STM32F4xx_HAL_Driver/Src/stm32f4xx_hal_dma.c ****   DMA_Base_Registers *regs;
  50              		.loc 1 174 3 is_stmt 1 view .LVU6
 175:Drivers/STM32F4xx_HAL_Driver/Src/stm32f4xx_hal_dma.c **** 
 176:Drivers/STM32F4xx_HAL_Driver/Src/stm32f4xx_hal_dma.c ****   /* Check the DMA peripheral state */
 177:Drivers/STM32F4xx_HAL_Driver/Src/stm32f4xx_hal_dma.c ****   if(hdma == NULL)
ARM GAS  C:\Users\techn\AppData\Local\Temp\ccFAleKM.s 			page 5


  51              		.loc 1 177 3 view .LVU7
  52              		.loc 1 177 5 is_stmt 0 view .LVU8
  53 0008 002C     		cmp	r4, #0
  54 000a 6BD0     		beq	.L2
 178:Drivers/STM32F4xx_HAL_Driver/Src/stm32f4xx_hal_dma.c ****   {
 179:Drivers/STM32F4xx_HAL_Driver/Src/stm32f4xx_hal_dma.c ****     return HAL_ERROR;
 180:Drivers/STM32F4xx_HAL_Driver/Src/stm32f4xx_hal_dma.c ****   }
 181:Drivers/STM32F4xx_HAL_Driver/Src/stm32f4xx_hal_dma.c **** 
 182:Drivers/STM32F4xx_HAL_Driver/Src/stm32f4xx_hal_dma.c ****   /* Check the parameters */
 183:Drivers/STM32F4xx_HAL_Driver/Src/stm32f4xx_hal_dma.c ****   assert_param(IS_DMA_STREAM_ALL_INSTANCE(hdma->Instance));
 184:Drivers/STM32F4xx_HAL_Driver/Src/stm32f4xx_hal_dma.c ****   assert_param(IS_DMA_CHANNEL(hdma->Init.Channel));
 185:Drivers/STM32F4xx_HAL_Driver/Src/stm32f4xx_hal_dma.c ****   assert_param(IS_DMA_DIRECTION(hdma->Init.Direction));
 186:Drivers/STM32F4xx_HAL_Driver/Src/stm32f4xx_hal_dma.c ****   assert_param(IS_DMA_PERIPHERAL_INC_STATE(hdma->Init.PeriphInc));
 187:Drivers/STM32F4xx_HAL_Driver/Src/stm32f4xx_hal_dma.c ****   assert_param(IS_DMA_MEMORY_INC_STATE(hdma->Init.MemInc));
 188:Drivers/STM32F4xx_HAL_Driver/Src/stm32f4xx_hal_dma.c ****   assert_param(IS_DMA_PERIPHERAL_DATA_SIZE(hdma->Init.PeriphDataAlignment));
 189:Drivers/STM32F4xx_HAL_Driver/Src/stm32f4xx_hal_dma.c ****   assert_param(IS_DMA_MEMORY_DATA_SIZE(hdma->Init.MemDataAlignment));
 190:Drivers/STM32F4xx_HAL_Driver/Src/stm32f4xx_hal_dma.c ****   assert_param(IS_DMA_MODE(hdma->Init.Mode));
 191:Drivers/STM32F4xx_HAL_Driver/Src/stm32f4xx_hal_dma.c ****   assert_param(IS_DMA_PRIORITY(hdma->Init.Priority));
 192:Drivers/STM32F4xx_HAL_Driver/Src/stm32f4xx_hal_dma.c ****   assert_param(IS_DMA_FIFO_MODE_STATE(hdma->Init.FIFOMode));
 193:Drivers/STM32F4xx_HAL_Driver/Src/stm32f4xx_hal_dma.c ****   /* Check the memory burst, peripheral burst and FIFO threshold parameters only
 194:Drivers/STM32F4xx_HAL_Driver/Src/stm32f4xx_hal_dma.c ****      when FIFO mode is enabled */
 195:Drivers/STM32F4xx_HAL_Driver/Src/stm32f4xx_hal_dma.c ****   if(hdma->Init.FIFOMode != DMA_FIFOMODE_DISABLE)
 196:Drivers/STM32F4xx_HAL_Driver/Src/stm32f4xx_hal_dma.c ****   {
 197:Drivers/STM32F4xx_HAL_Driver/Src/stm32f4xx_hal_dma.c ****     assert_param(IS_DMA_FIFO_THRESHOLD(hdma->Init.FIFOThreshold));
 198:Drivers/STM32F4xx_HAL_Driver/Src/stm32f4xx_hal_dma.c ****     assert_param(IS_DMA_MEMORY_BURST(hdma->Init.MemBurst));
 199:Drivers/STM32F4xx_HAL_Driver/Src/stm32f4xx_hal_dma.c ****     assert_param(IS_DMA_PERIPHERAL_BURST(hdma->Init.PeriphBurst));
 200:Drivers/STM32F4xx_HAL_Driver/Src/stm32f4xx_hal_dma.c ****   }
 201:Drivers/STM32F4xx_HAL_Driver/Src/stm32f4xx_hal_dma.c **** 
 202:Drivers/STM32F4xx_HAL_Driver/Src/stm32f4xx_hal_dma.c ****   /* Change DMA peripheral state */
 203:Drivers/STM32F4xx_HAL_Driver/Src/stm32f4xx_hal_dma.c ****   hdma->State = HAL_DMA_STATE_BUSY;
 204:Drivers/STM32F4xx_HAL_Driver/Src/stm32f4xx_hal_dma.c **** 
 205:Drivers/STM32F4xx_HAL_Driver/Src/stm32f4xx_hal_dma.c ****   /* Allocate lock resource */
 206:Drivers/STM32F4xx_HAL_Driver/Src/stm32f4xx_hal_dma.c ****   __HAL_UNLOCK(hdma);
 207:Drivers/STM32F4xx_HAL_Driver/Src/stm32f4xx_hal_dma.c ****   
 208:Drivers/STM32F4xx_HAL_Driver/Src/stm32f4xx_hal_dma.c ****   /* Disable the peripheral */
 209:Drivers/STM32F4xx_HAL_Driver/Src/stm32f4xx_hal_dma.c ****   __HAL_DMA_DISABLE(hdma);
  55              		.loc 1 209 3 view .LVU9
  56 000c 2368     		ldr	r3, [r4]
 206:Drivers/STM32F4xx_HAL_Driver/Src/stm32f4xx_hal_dma.c ****   
  57              		.loc 1 206 3 view .LVU10
  58 000e 0022     		movs	r2, #0
 203:Drivers/STM32F4xx_HAL_Driver/Src/stm32f4xx_hal_dma.c **** 
  59              		.loc 1 203 15 view .LVU11
  60 0010 0221     		movs	r1, #2
  61 0012 84F83510 		strb	r1, [r4, #53]
 206:Drivers/STM32F4xx_HAL_Driver/Src/stm32f4xx_hal_dma.c ****   
  62              		.loc 1 206 3 view .LVU12
  63 0016 84F83420 		strb	r2, [r4, #52]
  64              		.loc 1 209 3 view .LVU13
  65 001a 1A68     		ldr	r2, [r3]
  66 001c 22F00102 		bic	r2, r2, #1
  67 0020 0546     		mov	r5, r0
 183:Drivers/STM32F4xx_HAL_Driver/Src/stm32f4xx_hal_dma.c ****   assert_param(IS_DMA_CHANNEL(hdma->Init.Channel));
  68              		.loc 1 183 3 is_stmt 1 view .LVU14
 184:Drivers/STM32F4xx_HAL_Driver/Src/stm32f4xx_hal_dma.c ****   assert_param(IS_DMA_DIRECTION(hdma->Init.Direction));
  69              		.loc 1 184 3 view .LVU15
 185:Drivers/STM32F4xx_HAL_Driver/Src/stm32f4xx_hal_dma.c ****   assert_param(IS_DMA_PERIPHERAL_INC_STATE(hdma->Init.PeriphInc));
ARM GAS  C:\Users\techn\AppData\Local\Temp\ccFAleKM.s 			page 6


  70              		.loc 1 185 3 view .LVU16
 186:Drivers/STM32F4xx_HAL_Driver/Src/stm32f4xx_hal_dma.c ****   assert_param(IS_DMA_MEMORY_INC_STATE(hdma->Init.MemInc));
  71              		.loc 1 186 3 view .LVU17
 187:Drivers/STM32F4xx_HAL_Driver/Src/stm32f4xx_hal_dma.c ****   assert_param(IS_DMA_PERIPHERAL_DATA_SIZE(hdma->Init.PeriphDataAlignment));
  72              		.loc 1 187 3 view .LVU18
 188:Drivers/STM32F4xx_HAL_Driver/Src/stm32f4xx_hal_dma.c ****   assert_param(IS_DMA_MEMORY_DATA_SIZE(hdma->Init.MemDataAlignment));
  73              		.loc 1 188 3 view .LVU19
 189:Drivers/STM32F4xx_HAL_Driver/Src/stm32f4xx_hal_dma.c ****   assert_param(IS_DMA_MODE(hdma->Init.Mode));
  74              		.loc 1 189 3 view .LVU20
 190:Drivers/STM32F4xx_HAL_Driver/Src/stm32f4xx_hal_dma.c ****   assert_param(IS_DMA_PRIORITY(hdma->Init.Priority));
  75              		.loc 1 190 3 view .LVU21
 191:Drivers/STM32F4xx_HAL_Driver/Src/stm32f4xx_hal_dma.c ****   assert_param(IS_DMA_FIFO_MODE_STATE(hdma->Init.FIFOMode));
  76              		.loc 1 191 3 view .LVU22
 192:Drivers/STM32F4xx_HAL_Driver/Src/stm32f4xx_hal_dma.c ****   /* Check the memory burst, peripheral burst and FIFO threshold parameters only
  77              		.loc 1 192 3 view .LVU23
 195:Drivers/STM32F4xx_HAL_Driver/Src/stm32f4xx_hal_dma.c ****   {
  78              		.loc 1 195 3 view .LVU24
 197:Drivers/STM32F4xx_HAL_Driver/Src/stm32f4xx_hal_dma.c ****     assert_param(IS_DMA_MEMORY_BURST(hdma->Init.MemBurst));
  79              		.loc 1 197 5 view .LVU25
 198:Drivers/STM32F4xx_HAL_Driver/Src/stm32f4xx_hal_dma.c ****     assert_param(IS_DMA_PERIPHERAL_BURST(hdma->Init.PeriphBurst));
  80              		.loc 1 198 5 view .LVU26
 199:Drivers/STM32F4xx_HAL_Driver/Src/stm32f4xx_hal_dma.c ****   }
  81              		.loc 1 199 5 view .LVU27
 203:Drivers/STM32F4xx_HAL_Driver/Src/stm32f4xx_hal_dma.c **** 
  82              		.loc 1 203 3 view .LVU28
 206:Drivers/STM32F4xx_HAL_Driver/Src/stm32f4xx_hal_dma.c ****   
  83              		.loc 1 206 3 view .LVU29
 206:Drivers/STM32F4xx_HAL_Driver/Src/stm32f4xx_hal_dma.c ****   
  84              		.loc 1 206 3 view .LVU30
 206:Drivers/STM32F4xx_HAL_Driver/Src/stm32f4xx_hal_dma.c ****   
  85              		.loc 1 206 3 view .LVU31
  86              		.loc 1 209 3 view .LVU32
  87 0022 1A60     		str	r2, [r3]
 210:Drivers/STM32F4xx_HAL_Driver/Src/stm32f4xx_hal_dma.c ****   
 211:Drivers/STM32F4xx_HAL_Driver/Src/stm32f4xx_hal_dma.c ****   /* Check if the DMA Stream is effectively disabled */
 212:Drivers/STM32F4xx_HAL_Driver/Src/stm32f4xx_hal_dma.c ****   while((hdma->Instance->CR & DMA_SxCR_EN) != RESET)
  88              		.loc 1 212 3 view .LVU33
  89              		.loc 1 212 8 is_stmt 0 view .LVU34
  90 0024 05E0     		b	.L3
  91              	.LVL2:
  92              	.L6:
 213:Drivers/STM32F4xx_HAL_Driver/Src/stm32f4xx_hal_dma.c ****   {
 214:Drivers/STM32F4xx_HAL_Driver/Src/stm32f4xx_hal_dma.c ****     /* Check for the Timeout */
 215:Drivers/STM32F4xx_HAL_Driver/Src/stm32f4xx_hal_dma.c ****     if((HAL_GetTick() - tickstart ) > HAL_TIMEOUT_DMA_ABORT)
  93              		.loc 1 215 9 view .LVU35
  94 0026 FFF7FEFF 		bl	HAL_GetTick
  95              	.LVL3:
  96              		.loc 1 215 23 discriminator 1 view .LVU36
  97 002a 431B     		subs	r3, r0, r5
  98              		.loc 1 215 7 discriminator 1 view .LVU37
  99 002c 052B     		cmp	r3, #5
 100 002e 37D8     		bhi	.L38
 212:Drivers/STM32F4xx_HAL_Driver/Src/stm32f4xx_hal_dma.c ****   {
 101              		.loc 1 212 14 view .LVU38
 102 0030 2368     		ldr	r3, [r4]
 103              	.L3:
 104              		.loc 1 215 5 is_stmt 1 view .LVU39
ARM GAS  C:\Users\techn\AppData\Local\Temp\ccFAleKM.s 			page 7


 212:Drivers/STM32F4xx_HAL_Driver/Src/stm32f4xx_hal_dma.c ****   {
 105              		.loc 1 212 44 view .LVU40
 212:Drivers/STM32F4xx_HAL_Driver/Src/stm32f4xx_hal_dma.c ****   {
 106              		.loc 1 212 24 is_stmt 0 view .LVU41
 107 0032 1A68     		ldr	r2, [r3]
 212:Drivers/STM32F4xx_HAL_Driver/Src/stm32f4xx_hal_dma.c ****   {
 108              		.loc 1 212 44 view .LVU42
 109 0034 D107     		lsls	r1, r2, #31
 110 0036 F6D4     		bmi	.L6
 216:Drivers/STM32F4xx_HAL_Driver/Src/stm32f4xx_hal_dma.c ****     {
 217:Drivers/STM32F4xx_HAL_Driver/Src/stm32f4xx_hal_dma.c ****       /* Update error code */
 218:Drivers/STM32F4xx_HAL_Driver/Src/stm32f4xx_hal_dma.c ****       hdma->ErrorCode = HAL_DMA_ERROR_TIMEOUT;
 219:Drivers/STM32F4xx_HAL_Driver/Src/stm32f4xx_hal_dma.c ****       
 220:Drivers/STM32F4xx_HAL_Driver/Src/stm32f4xx_hal_dma.c ****       /* Change the DMA state */
 221:Drivers/STM32F4xx_HAL_Driver/Src/stm32f4xx_hal_dma.c ****       hdma->State = HAL_DMA_STATE_TIMEOUT;
 222:Drivers/STM32F4xx_HAL_Driver/Src/stm32f4xx_hal_dma.c ****       
 223:Drivers/STM32F4xx_HAL_Driver/Src/stm32f4xx_hal_dma.c ****       return HAL_TIMEOUT;
 224:Drivers/STM32F4xx_HAL_Driver/Src/stm32f4xx_hal_dma.c ****     }
 225:Drivers/STM32F4xx_HAL_Driver/Src/stm32f4xx_hal_dma.c ****   }
 226:Drivers/STM32F4xx_HAL_Driver/Src/stm32f4xx_hal_dma.c ****   
 227:Drivers/STM32F4xx_HAL_Driver/Src/stm32f4xx_hal_dma.c ****   /* Get the CR register value */
 228:Drivers/STM32F4xx_HAL_Driver/Src/stm32f4xx_hal_dma.c ****   tmp = hdma->Instance->CR;
 111              		.loc 1 228 3 is_stmt 1 view .LVU43
 229:Drivers/STM32F4xx_HAL_Driver/Src/stm32f4xx_hal_dma.c **** 
 230:Drivers/STM32F4xx_HAL_Driver/Src/stm32f4xx_hal_dma.c ****   /* Clear CHSEL, MBURST, PBURST, PL, MSIZE, PSIZE, MINC, PINC, CIRC, DIR, CT and DBM bits */
 231:Drivers/STM32F4xx_HAL_Driver/Src/stm32f4xx_hal_dma.c ****   tmp &= ((uint32_t)~(DMA_SxCR_CHSEL | DMA_SxCR_MBURST | DMA_SxCR_PBURST | \
 232:Drivers/STM32F4xx_HAL_Driver/Src/stm32f4xx_hal_dma.c ****                       DMA_SxCR_PL    | DMA_SxCR_MSIZE  | DMA_SxCR_PSIZE  | \
 233:Drivers/STM32F4xx_HAL_Driver/Src/stm32f4xx_hal_dma.c ****                       DMA_SxCR_MINC  | DMA_SxCR_PINC   | DMA_SxCR_CIRC   | \
 234:Drivers/STM32F4xx_HAL_Driver/Src/stm32f4xx_hal_dma.c ****                       DMA_SxCR_DIR   | DMA_SxCR_CT     | DMA_SxCR_DBM));
 235:Drivers/STM32F4xx_HAL_Driver/Src/stm32f4xx_hal_dma.c **** 
 236:Drivers/STM32F4xx_HAL_Driver/Src/stm32f4xx_hal_dma.c ****   /* Prepare the DMA Stream configuration */
 237:Drivers/STM32F4xx_HAL_Driver/Src/stm32f4xx_hal_dma.c ****   tmp |=  hdma->Init.Channel             | hdma->Init.Direction        |
 112              		.loc 1 237 42 is_stmt 0 view .LVU44
 113 0038 D4E90120 		ldrd	r2, r0, [r4, #4]
 114              		.loc 1 237 72 view .LVU45
 115 003c E168     		ldr	r1, [r4, #12]
 116              		.loc 1 237 42 view .LVU46
 117 003e 0243     		orrs	r2, r2, r0
 118              		.loc 1 237 72 view .LVU47
 119 0040 0A43     		orrs	r2, r2, r1
 238:Drivers/STM32F4xx_HAL_Driver/Src/stm32f4xx_hal_dma.c ****           hdma->Init.PeriphInc           | hdma->Init.MemInc           |
 120              		.loc 1 238 72 view .LVU48
 121 0042 D4E90451 		ldrd	r5, r1, [r4, #16]
 122              	.LVL4:
 239:Drivers/STM32F4xx_HAL_Driver/Src/stm32f4xx_hal_dma.c ****           hdma->Init.PeriphDataAlignment | hdma->Init.MemDataAlignment |
 123              		.loc 1 239 54 view .LVU49
 124 0046 A069     		ldr	r0, [r4, #24]
 238:Drivers/STM32F4xx_HAL_Driver/Src/stm32f4xx_hal_dma.c ****           hdma->Init.PeriphInc           | hdma->Init.MemInc           |
 125              		.loc 1 238 42 view .LVU50
 126 0048 2A43     		orrs	r2, r2, r5
 238:Drivers/STM32F4xx_HAL_Driver/Src/stm32f4xx_hal_dma.c ****           hdma->Init.PeriphInc           | hdma->Init.MemInc           |
 127              		.loc 1 238 72 view .LVU51
 128 004a 0A43     		orrs	r2, r2, r1
 129              		.loc 1 239 72 view .LVU52
 130 004c E169     		ldr	r1, [r4, #28]
 228:Drivers/STM32F4xx_HAL_Driver/Src/stm32f4xx_hal_dma.c **** 
 131              		.loc 1 228 7 view .LVU53
ARM GAS  C:\Users\techn\AppData\Local\Temp\ccFAleKM.s 			page 8


 132 004e 1D68     		ldr	r5, [r3]
 133              	.LVL5:
 231:Drivers/STM32F4xx_HAL_Driver/Src/stm32f4xx_hal_dma.c ****                       DMA_SxCR_PL    | DMA_SxCR_MSIZE  | DMA_SxCR_PSIZE  | \
 134              		.loc 1 231 3 is_stmt 1 view .LVU54
 135              		.loc 1 239 42 is_stmt 0 view .LVU55
 136 0050 0243     		orrs	r2, r2, r0
 137              		.loc 1 239 72 view .LVU56
 138 0052 0A43     		orrs	r2, r2, r1
 231:Drivers/STM32F4xx_HAL_Driver/Src/stm32f4xx_hal_dma.c ****                       DMA_SxCR_PL    | DMA_SxCR_MSIZE  | DMA_SxCR_PSIZE  | \
 139              		.loc 1 231 7 view .LVU57
 140 0054 3149     		ldr	r1, .L40
 141 0056 2940     		ands	r1, r1, r5
 142              	.LVL6:
 237:Drivers/STM32F4xx_HAL_Driver/Src/stm32f4xx_hal_dma.c ****           hdma->Init.PeriphInc           | hdma->Init.MemInc           |
 143              		.loc 1 237 3 is_stmt 1 view .LVU58
 240:Drivers/STM32F4xx_HAL_Driver/Src/stm32f4xx_hal_dma.c ****           hdma->Init.Mode                | hdma->Init.Priority;
 144              		.loc 1 240 42 is_stmt 0 view .LVU59
 145 0058 256A     		ldr	r5, [r4, #32]
 146 005a 2A43     		orrs	r2, r2, r5
 237:Drivers/STM32F4xx_HAL_Driver/Src/stm32f4xx_hal_dma.c ****           hdma->Init.PeriphInc           | hdma->Init.MemInc           |
 147              		.loc 1 237 7 view .LVU60
 148 005c 0A43     		orrs	r2, r2, r1
 149              	.LVL7:
 241:Drivers/STM32F4xx_HAL_Driver/Src/stm32f4xx_hal_dma.c **** 
 242:Drivers/STM32F4xx_HAL_Driver/Src/stm32f4xx_hal_dma.c ****   /* the Memory burst and peripheral burst are not used when the FIFO is disabled */
 243:Drivers/STM32F4xx_HAL_Driver/Src/stm32f4xx_hal_dma.c ****   if(hdma->Init.FIFOMode == DMA_FIFOMODE_ENABLE)
 150              		.loc 1 243 3 is_stmt 1 view .LVU61
 151              		.loc 1 243 16 is_stmt 0 view .LVU62
 152 005e 616A     		ldr	r1, [r4, #36]
 153              		.loc 1 243 5 view .LVU63
 154 0060 0429     		cmp	r1, #4
 155 0062 24D0     		beq	.L7
 244:Drivers/STM32F4xx_HAL_Driver/Src/stm32f4xx_hal_dma.c ****   {
 245:Drivers/STM32F4xx_HAL_Driver/Src/stm32f4xx_hal_dma.c ****     /* Get memory burst and peripheral burst */
 246:Drivers/STM32F4xx_HAL_Driver/Src/stm32f4xx_hal_dma.c ****     tmp |=  hdma->Init.MemBurst | hdma->Init.PeriphBurst;
 247:Drivers/STM32F4xx_HAL_Driver/Src/stm32f4xx_hal_dma.c ****   }
 248:Drivers/STM32F4xx_HAL_Driver/Src/stm32f4xx_hal_dma.c ****   
 249:Drivers/STM32F4xx_HAL_Driver/Src/stm32f4xx_hal_dma.c ****   /* Write to DMA Stream CR register */
 250:Drivers/STM32F4xx_HAL_Driver/Src/stm32f4xx_hal_dma.c ****   hdma->Instance->CR = tmp;  
 156              		.loc 1 250 3 is_stmt 1 view .LVU64
 157              		.loc 1 250 22 is_stmt 0 view .LVU65
 158 0064 1A60     		str	r2, [r3]
 251:Drivers/STM32F4xx_HAL_Driver/Src/stm32f4xx_hal_dma.c **** 
 252:Drivers/STM32F4xx_HAL_Driver/Src/stm32f4xx_hal_dma.c ****   /* Get the FCR register value */
 253:Drivers/STM32F4xx_HAL_Driver/Src/stm32f4xx_hal_dma.c ****   tmp = hdma->Instance->FCR;
 159              		.loc 1 253 3 is_stmt 1 view .LVU66
 160              		.loc 1 253 7 is_stmt 0 view .LVU67
 161 0066 5A69     		ldr	r2, [r3, #20]
 162              	.LVL8:
 254:Drivers/STM32F4xx_HAL_Driver/Src/stm32f4xx_hal_dma.c **** 
 255:Drivers/STM32F4xx_HAL_Driver/Src/stm32f4xx_hal_dma.c ****   /* Clear Direct mode and FIFO threshold bits */
 256:Drivers/STM32F4xx_HAL_Driver/Src/stm32f4xx_hal_dma.c ****   tmp &= (uint32_t)~(DMA_SxFCR_DMDIS | DMA_SxFCR_FTH);
 163              		.loc 1 256 3 is_stmt 1 view .LVU68
 164              		.loc 1 256 7 is_stmt 0 view .LVU69
 165 0068 22F00702 		bic	r2, r2, #7
 166              	.LVL9:
 257:Drivers/STM32F4xx_HAL_Driver/Src/stm32f4xx_hal_dma.c **** 
ARM GAS  C:\Users\techn\AppData\Local\Temp\ccFAleKM.s 			page 9


 258:Drivers/STM32F4xx_HAL_Driver/Src/stm32f4xx_hal_dma.c ****   /* Prepare the DMA Stream FIFO configuration */
 259:Drivers/STM32F4xx_HAL_Driver/Src/stm32f4xx_hal_dma.c ****   tmp |= hdma->Init.FIFOMode;
 167              		.loc 1 259 3 is_stmt 1 view .LVU70
 168              		.loc 1 259 7 is_stmt 0 view .LVU71
 169 006c 1143     		orrs	r1, r1, r2
 170              	.LVL10:
 260:Drivers/STM32F4xx_HAL_Driver/Src/stm32f4xx_hal_dma.c **** 
 261:Drivers/STM32F4xx_HAL_Driver/Src/stm32f4xx_hal_dma.c ****   /* The FIFO threshold is not used when the FIFO mode is disabled */
 262:Drivers/STM32F4xx_HAL_Driver/Src/stm32f4xx_hal_dma.c ****   if(hdma->Init.FIFOMode == DMA_FIFOMODE_ENABLE)
 171              		.loc 1 262 3 is_stmt 1 view .LVU72
 172              	.L8:
 263:Drivers/STM32F4xx_HAL_Driver/Src/stm32f4xx_hal_dma.c ****   {
 264:Drivers/STM32F4xx_HAL_Driver/Src/stm32f4xx_hal_dma.c ****     /* Get the FIFO threshold */
 265:Drivers/STM32F4xx_HAL_Driver/Src/stm32f4xx_hal_dma.c ****     tmp |= hdma->Init.FIFOThreshold;
 266:Drivers/STM32F4xx_HAL_Driver/Src/stm32f4xx_hal_dma.c ****     
 267:Drivers/STM32F4xx_HAL_Driver/Src/stm32f4xx_hal_dma.c ****     /* Check compatibility between FIFO threshold level and size of the memory burst */
 268:Drivers/STM32F4xx_HAL_Driver/Src/stm32f4xx_hal_dma.c ****     /* for INCR4, INCR8, INCR16 bursts */
 269:Drivers/STM32F4xx_HAL_Driver/Src/stm32f4xx_hal_dma.c ****     if (hdma->Init.MemBurst != DMA_MBURST_SINGLE)
 270:Drivers/STM32F4xx_HAL_Driver/Src/stm32f4xx_hal_dma.c ****     {
 271:Drivers/STM32F4xx_HAL_Driver/Src/stm32f4xx_hal_dma.c ****       if (DMA_CheckFifoParam(hdma) != HAL_OK)
 272:Drivers/STM32F4xx_HAL_Driver/Src/stm32f4xx_hal_dma.c ****       {
 273:Drivers/STM32F4xx_HAL_Driver/Src/stm32f4xx_hal_dma.c ****         /* Update error code */
 274:Drivers/STM32F4xx_HAL_Driver/Src/stm32f4xx_hal_dma.c ****         hdma->ErrorCode = HAL_DMA_ERROR_PARAM;
 275:Drivers/STM32F4xx_HAL_Driver/Src/stm32f4xx_hal_dma.c ****         
 276:Drivers/STM32F4xx_HAL_Driver/Src/stm32f4xx_hal_dma.c ****         /* Change the DMA state */
 277:Drivers/STM32F4xx_HAL_Driver/Src/stm32f4xx_hal_dma.c ****         hdma->State = HAL_DMA_STATE_READY;
 278:Drivers/STM32F4xx_HAL_Driver/Src/stm32f4xx_hal_dma.c ****         
 279:Drivers/STM32F4xx_HAL_Driver/Src/stm32f4xx_hal_dma.c ****         return HAL_ERROR; 
 280:Drivers/STM32F4xx_HAL_Driver/Src/stm32f4xx_hal_dma.c ****       }
 281:Drivers/STM32F4xx_HAL_Driver/Src/stm32f4xx_hal_dma.c ****     }
 282:Drivers/STM32F4xx_HAL_Driver/Src/stm32f4xx_hal_dma.c ****   }
 283:Drivers/STM32F4xx_HAL_Driver/Src/stm32f4xx_hal_dma.c ****   
 284:Drivers/STM32F4xx_HAL_Driver/Src/stm32f4xx_hal_dma.c ****   /* Write to DMA Stream FCR */
 285:Drivers/STM32F4xx_HAL_Driver/Src/stm32f4xx_hal_dma.c ****   hdma->Instance->FCR = tmp;
 173              		.loc 1 285 3 view .LVU73
 174              	.LBB10:
 175              	.LBB11:
 286:Drivers/STM32F4xx_HAL_Driver/Src/stm32f4xx_hal_dma.c **** 
 287:Drivers/STM32F4xx_HAL_Driver/Src/stm32f4xx_hal_dma.c ****   /* Initialize StreamBaseAddress and StreamIndex parameters to be used to calculate
 288:Drivers/STM32F4xx_HAL_Driver/Src/stm32f4xx_hal_dma.c ****      DMA steam Base Address needed by HAL_DMA_IRQHandler() and HAL_DMA_PollForTransfer() */
 289:Drivers/STM32F4xx_HAL_Driver/Src/stm32f4xx_hal_dma.c ****   regs = (DMA_Base_Registers *)DMA_CalcBaseAndBitshift(hdma);
 290:Drivers/STM32F4xx_HAL_Driver/Src/stm32f4xx_hal_dma.c ****   
 291:Drivers/STM32F4xx_HAL_Driver/Src/stm32f4xx_hal_dma.c ****   /* Clear all interrupt flags */
 292:Drivers/STM32F4xx_HAL_Driver/Src/stm32f4xx_hal_dma.c ****   regs->IFCR = 0x3FU << hdma->StreamIndex;
 293:Drivers/STM32F4xx_HAL_Driver/Src/stm32f4xx_hal_dma.c **** 
 294:Drivers/STM32F4xx_HAL_Driver/Src/stm32f4xx_hal_dma.c ****   /* Initialize the error code */
 295:Drivers/STM32F4xx_HAL_Driver/Src/stm32f4xx_hal_dma.c ****   hdma->ErrorCode = HAL_DMA_ERROR_NONE;
 296:Drivers/STM32F4xx_HAL_Driver/Src/stm32f4xx_hal_dma.c ****                                                                                      
 297:Drivers/STM32F4xx_HAL_Driver/Src/stm32f4xx_hal_dma.c ****   /* Initialize the DMA state */
 298:Drivers/STM32F4xx_HAL_Driver/Src/stm32f4xx_hal_dma.c ****   hdma->State = HAL_DMA_STATE_READY;
 299:Drivers/STM32F4xx_HAL_Driver/Src/stm32f4xx_hal_dma.c **** 
 300:Drivers/STM32F4xx_HAL_Driver/Src/stm32f4xx_hal_dma.c ****   return HAL_OK;
 301:Drivers/STM32F4xx_HAL_Driver/Src/stm32f4xx_hal_dma.c **** }
 302:Drivers/STM32F4xx_HAL_Driver/Src/stm32f4xx_hal_dma.c **** 
 303:Drivers/STM32F4xx_HAL_Driver/Src/stm32f4xx_hal_dma.c **** /**
 304:Drivers/STM32F4xx_HAL_Driver/Src/stm32f4xx_hal_dma.c ****   * @brief  DeInitializes the DMA peripheral 
 305:Drivers/STM32F4xx_HAL_Driver/Src/stm32f4xx_hal_dma.c ****   * @param  hdma pointer to a DMA_HandleTypeDef structure that contains
ARM GAS  C:\Users\techn\AppData\Local\Temp\ccFAleKM.s 			page 10


 306:Drivers/STM32F4xx_HAL_Driver/Src/stm32f4xx_hal_dma.c ****   *               the configuration information for the specified DMA Stream.  
 307:Drivers/STM32F4xx_HAL_Driver/Src/stm32f4xx_hal_dma.c ****   * @retval HAL status
 308:Drivers/STM32F4xx_HAL_Driver/Src/stm32f4xx_hal_dma.c ****   */
 309:Drivers/STM32F4xx_HAL_Driver/Src/stm32f4xx_hal_dma.c **** HAL_StatusTypeDef HAL_DMA_DeInit(DMA_HandleTypeDef *hdma)
 310:Drivers/STM32F4xx_HAL_Driver/Src/stm32f4xx_hal_dma.c **** {
 311:Drivers/STM32F4xx_HAL_Driver/Src/stm32f4xx_hal_dma.c ****   DMA_Base_Registers *regs;
 312:Drivers/STM32F4xx_HAL_Driver/Src/stm32f4xx_hal_dma.c **** 
 313:Drivers/STM32F4xx_HAL_Driver/Src/stm32f4xx_hal_dma.c ****   /* Check the DMA peripheral state */
 314:Drivers/STM32F4xx_HAL_Driver/Src/stm32f4xx_hal_dma.c ****   if(hdma == NULL)
 315:Drivers/STM32F4xx_HAL_Driver/Src/stm32f4xx_hal_dma.c ****   {
 316:Drivers/STM32F4xx_HAL_Driver/Src/stm32f4xx_hal_dma.c ****     return HAL_ERROR;
 317:Drivers/STM32F4xx_HAL_Driver/Src/stm32f4xx_hal_dma.c ****   }
 318:Drivers/STM32F4xx_HAL_Driver/Src/stm32f4xx_hal_dma.c ****   
 319:Drivers/STM32F4xx_HAL_Driver/Src/stm32f4xx_hal_dma.c ****   /* Check the DMA peripheral state */
 320:Drivers/STM32F4xx_HAL_Driver/Src/stm32f4xx_hal_dma.c ****   if(hdma->State == HAL_DMA_STATE_BUSY)
 321:Drivers/STM32F4xx_HAL_Driver/Src/stm32f4xx_hal_dma.c ****   {
 322:Drivers/STM32F4xx_HAL_Driver/Src/stm32f4xx_hal_dma.c ****     /* Return error status */
 323:Drivers/STM32F4xx_HAL_Driver/Src/stm32f4xx_hal_dma.c ****     return HAL_BUSY;
 324:Drivers/STM32F4xx_HAL_Driver/Src/stm32f4xx_hal_dma.c ****   }
 325:Drivers/STM32F4xx_HAL_Driver/Src/stm32f4xx_hal_dma.c **** 
 326:Drivers/STM32F4xx_HAL_Driver/Src/stm32f4xx_hal_dma.c ****   /* Check the parameters */
 327:Drivers/STM32F4xx_HAL_Driver/Src/stm32f4xx_hal_dma.c ****   assert_param(IS_DMA_STREAM_ALL_INSTANCE(hdma->Instance));
 328:Drivers/STM32F4xx_HAL_Driver/Src/stm32f4xx_hal_dma.c **** 
 329:Drivers/STM32F4xx_HAL_Driver/Src/stm32f4xx_hal_dma.c ****   /* Disable the selected DMA Streamx */
 330:Drivers/STM32F4xx_HAL_Driver/Src/stm32f4xx_hal_dma.c ****   __HAL_DMA_DISABLE(hdma);
 331:Drivers/STM32F4xx_HAL_Driver/Src/stm32f4xx_hal_dma.c **** 
 332:Drivers/STM32F4xx_HAL_Driver/Src/stm32f4xx_hal_dma.c ****   /* Reset DMA Streamx control register */
 333:Drivers/STM32F4xx_HAL_Driver/Src/stm32f4xx_hal_dma.c ****   hdma->Instance->CR   = 0U;
 334:Drivers/STM32F4xx_HAL_Driver/Src/stm32f4xx_hal_dma.c **** 
 335:Drivers/STM32F4xx_HAL_Driver/Src/stm32f4xx_hal_dma.c ****   /* Reset DMA Streamx number of data to transfer register */
 336:Drivers/STM32F4xx_HAL_Driver/Src/stm32f4xx_hal_dma.c ****   hdma->Instance->NDTR = 0U;
 337:Drivers/STM32F4xx_HAL_Driver/Src/stm32f4xx_hal_dma.c **** 
 338:Drivers/STM32F4xx_HAL_Driver/Src/stm32f4xx_hal_dma.c ****   /* Reset DMA Streamx peripheral address register */
 339:Drivers/STM32F4xx_HAL_Driver/Src/stm32f4xx_hal_dma.c ****   hdma->Instance->PAR  = 0U;
 340:Drivers/STM32F4xx_HAL_Driver/Src/stm32f4xx_hal_dma.c **** 
 341:Drivers/STM32F4xx_HAL_Driver/Src/stm32f4xx_hal_dma.c ****   /* Reset DMA Streamx memory 0 address register */
 342:Drivers/STM32F4xx_HAL_Driver/Src/stm32f4xx_hal_dma.c ****   hdma->Instance->M0AR = 0U;
 343:Drivers/STM32F4xx_HAL_Driver/Src/stm32f4xx_hal_dma.c ****   
 344:Drivers/STM32F4xx_HAL_Driver/Src/stm32f4xx_hal_dma.c ****   /* Reset DMA Streamx memory 1 address register */
 345:Drivers/STM32F4xx_HAL_Driver/Src/stm32f4xx_hal_dma.c ****   hdma->Instance->M1AR = 0U;
 346:Drivers/STM32F4xx_HAL_Driver/Src/stm32f4xx_hal_dma.c ****   
 347:Drivers/STM32F4xx_HAL_Driver/Src/stm32f4xx_hal_dma.c ****   /* Reset DMA Streamx FIFO control register */
 348:Drivers/STM32F4xx_HAL_Driver/Src/stm32f4xx_hal_dma.c ****   hdma->Instance->FCR  = 0x00000021U;
 349:Drivers/STM32F4xx_HAL_Driver/Src/stm32f4xx_hal_dma.c ****   
 350:Drivers/STM32F4xx_HAL_Driver/Src/stm32f4xx_hal_dma.c ****   /* Get DMA steam Base Address */  
 351:Drivers/STM32F4xx_HAL_Driver/Src/stm32f4xx_hal_dma.c ****   regs = (DMA_Base_Registers *)DMA_CalcBaseAndBitshift(hdma);
 352:Drivers/STM32F4xx_HAL_Driver/Src/stm32f4xx_hal_dma.c ****   
 353:Drivers/STM32F4xx_HAL_Driver/Src/stm32f4xx_hal_dma.c ****   /* Clean all callbacks */
 354:Drivers/STM32F4xx_HAL_Driver/Src/stm32f4xx_hal_dma.c ****   hdma->XferCpltCallback = NULL;
 355:Drivers/STM32F4xx_HAL_Driver/Src/stm32f4xx_hal_dma.c ****   hdma->XferHalfCpltCallback = NULL;
 356:Drivers/STM32F4xx_HAL_Driver/Src/stm32f4xx_hal_dma.c ****   hdma->XferM1CpltCallback = NULL;
 357:Drivers/STM32F4xx_HAL_Driver/Src/stm32f4xx_hal_dma.c ****   hdma->XferM1HalfCpltCallback = NULL;
 358:Drivers/STM32F4xx_HAL_Driver/Src/stm32f4xx_hal_dma.c ****   hdma->XferErrorCallback = NULL;
 359:Drivers/STM32F4xx_HAL_Driver/Src/stm32f4xx_hal_dma.c ****   hdma->XferAbortCallback = NULL;
 360:Drivers/STM32F4xx_HAL_Driver/Src/stm32f4xx_hal_dma.c **** 
 361:Drivers/STM32F4xx_HAL_Driver/Src/stm32f4xx_hal_dma.c ****   /* Clear all interrupt flags at correct offset within the register */
 362:Drivers/STM32F4xx_HAL_Driver/Src/stm32f4xx_hal_dma.c ****   regs->IFCR = 0x3FU << hdma->StreamIndex;
ARM GAS  C:\Users\techn\AppData\Local\Temp\ccFAleKM.s 			page 11


 363:Drivers/STM32F4xx_HAL_Driver/Src/stm32f4xx_hal_dma.c **** 
 364:Drivers/STM32F4xx_HAL_Driver/Src/stm32f4xx_hal_dma.c ****   /* Reset the error code */
 365:Drivers/STM32F4xx_HAL_Driver/Src/stm32f4xx_hal_dma.c ****   hdma->ErrorCode = HAL_DMA_ERROR_NONE;
 366:Drivers/STM32F4xx_HAL_Driver/Src/stm32f4xx_hal_dma.c **** 
 367:Drivers/STM32F4xx_HAL_Driver/Src/stm32f4xx_hal_dma.c ****   /* Reset the DMA state */
 368:Drivers/STM32F4xx_HAL_Driver/Src/stm32f4xx_hal_dma.c ****   hdma->State = HAL_DMA_STATE_RESET;
 369:Drivers/STM32F4xx_HAL_Driver/Src/stm32f4xx_hal_dma.c **** 
 370:Drivers/STM32F4xx_HAL_Driver/Src/stm32f4xx_hal_dma.c ****   /* Release Lock */
 371:Drivers/STM32F4xx_HAL_Driver/Src/stm32f4xx_hal_dma.c ****   __HAL_UNLOCK(hdma);
 372:Drivers/STM32F4xx_HAL_Driver/Src/stm32f4xx_hal_dma.c **** 
 373:Drivers/STM32F4xx_HAL_Driver/Src/stm32f4xx_hal_dma.c ****   return HAL_OK;
 374:Drivers/STM32F4xx_HAL_Driver/Src/stm32f4xx_hal_dma.c **** }
 375:Drivers/STM32F4xx_HAL_Driver/Src/stm32f4xx_hal_dma.c **** 
 376:Drivers/STM32F4xx_HAL_Driver/Src/stm32f4xx_hal_dma.c **** /**
 377:Drivers/STM32F4xx_HAL_Driver/Src/stm32f4xx_hal_dma.c ****   * @}
 378:Drivers/STM32F4xx_HAL_Driver/Src/stm32f4xx_hal_dma.c ****   */
 379:Drivers/STM32F4xx_HAL_Driver/Src/stm32f4xx_hal_dma.c **** 
 380:Drivers/STM32F4xx_HAL_Driver/Src/stm32f4xx_hal_dma.c **** /** @addtogroup DMA_Exported_Functions_Group2
 381:Drivers/STM32F4xx_HAL_Driver/Src/stm32f4xx_hal_dma.c ****   *
 382:Drivers/STM32F4xx_HAL_Driver/Src/stm32f4xx_hal_dma.c **** @verbatim   
 383:Drivers/STM32F4xx_HAL_Driver/Src/stm32f4xx_hal_dma.c ****  ===============================================================================
 384:Drivers/STM32F4xx_HAL_Driver/Src/stm32f4xx_hal_dma.c ****                       #####  IO operation functions  #####
 385:Drivers/STM32F4xx_HAL_Driver/Src/stm32f4xx_hal_dma.c ****  ===============================================================================
 386:Drivers/STM32F4xx_HAL_Driver/Src/stm32f4xx_hal_dma.c ****     [..]  This section provides functions allowing to:
 387:Drivers/STM32F4xx_HAL_Driver/Src/stm32f4xx_hal_dma.c ****       (+) Configure the source, destination address and data length and Start DMA transfer
 388:Drivers/STM32F4xx_HAL_Driver/Src/stm32f4xx_hal_dma.c ****       (+) Configure the source, destination address and data length and 
 389:Drivers/STM32F4xx_HAL_Driver/Src/stm32f4xx_hal_dma.c ****           Start DMA transfer with interrupt
 390:Drivers/STM32F4xx_HAL_Driver/Src/stm32f4xx_hal_dma.c ****       (+) Abort DMA transfer
 391:Drivers/STM32F4xx_HAL_Driver/Src/stm32f4xx_hal_dma.c ****       (+) Poll for transfer complete
 392:Drivers/STM32F4xx_HAL_Driver/Src/stm32f4xx_hal_dma.c ****       (+) Handle DMA interrupt request  
 393:Drivers/STM32F4xx_HAL_Driver/Src/stm32f4xx_hal_dma.c **** 
 394:Drivers/STM32F4xx_HAL_Driver/Src/stm32f4xx_hal_dma.c **** @endverbatim
 395:Drivers/STM32F4xx_HAL_Driver/Src/stm32f4xx_hal_dma.c ****   * @{
 396:Drivers/STM32F4xx_HAL_Driver/Src/stm32f4xx_hal_dma.c ****   */
 397:Drivers/STM32F4xx_HAL_Driver/Src/stm32f4xx_hal_dma.c **** 
 398:Drivers/STM32F4xx_HAL_Driver/Src/stm32f4xx_hal_dma.c **** /**
 399:Drivers/STM32F4xx_HAL_Driver/Src/stm32f4xx_hal_dma.c ****   * @brief  Starts the DMA Transfer.
 400:Drivers/STM32F4xx_HAL_Driver/Src/stm32f4xx_hal_dma.c ****   * @param  hdma       pointer to a DMA_HandleTypeDef structure that contains
 401:Drivers/STM32F4xx_HAL_Driver/Src/stm32f4xx_hal_dma.c ****   *                     the configuration information for the specified DMA Stream.
 402:Drivers/STM32F4xx_HAL_Driver/Src/stm32f4xx_hal_dma.c ****   * @param  SrcAddress The source memory Buffer address
 403:Drivers/STM32F4xx_HAL_Driver/Src/stm32f4xx_hal_dma.c ****   * @param  DstAddress The destination memory Buffer address
 404:Drivers/STM32F4xx_HAL_Driver/Src/stm32f4xx_hal_dma.c ****   * @param  DataLength The length of data to be transferred from source to destination
 405:Drivers/STM32F4xx_HAL_Driver/Src/stm32f4xx_hal_dma.c ****   * @retval HAL status
 406:Drivers/STM32F4xx_HAL_Driver/Src/stm32f4xx_hal_dma.c ****   */
 407:Drivers/STM32F4xx_HAL_Driver/Src/stm32f4xx_hal_dma.c **** HAL_StatusTypeDef HAL_DMA_Start(DMA_HandleTypeDef *hdma, uint32_t SrcAddress, uint32_t DstAddress, 
 408:Drivers/STM32F4xx_HAL_Driver/Src/stm32f4xx_hal_dma.c **** {
 409:Drivers/STM32F4xx_HAL_Driver/Src/stm32f4xx_hal_dma.c ****   HAL_StatusTypeDef status = HAL_OK;
 410:Drivers/STM32F4xx_HAL_Driver/Src/stm32f4xx_hal_dma.c ****   
 411:Drivers/STM32F4xx_HAL_Driver/Src/stm32f4xx_hal_dma.c ****   /* Check the parameters */
 412:Drivers/STM32F4xx_HAL_Driver/Src/stm32f4xx_hal_dma.c ****   assert_param(IS_DMA_BUFFER_SIZE(DataLength));
 413:Drivers/STM32F4xx_HAL_Driver/Src/stm32f4xx_hal_dma.c **** 
 414:Drivers/STM32F4xx_HAL_Driver/Src/stm32f4xx_hal_dma.c ****   /* Process locked */
 415:Drivers/STM32F4xx_HAL_Driver/Src/stm32f4xx_hal_dma.c ****   __HAL_LOCK(hdma);
 416:Drivers/STM32F4xx_HAL_Driver/Src/stm32f4xx_hal_dma.c **** 
 417:Drivers/STM32F4xx_HAL_Driver/Src/stm32f4xx_hal_dma.c ****   if(HAL_DMA_STATE_READY == hdma->State)
 418:Drivers/STM32F4xx_HAL_Driver/Src/stm32f4xx_hal_dma.c ****   {
 419:Drivers/STM32F4xx_HAL_Driver/Src/stm32f4xx_hal_dma.c ****     /* Change DMA peripheral state */
ARM GAS  C:\Users\techn\AppData\Local\Temp\ccFAleKM.s 			page 12


 420:Drivers/STM32F4xx_HAL_Driver/Src/stm32f4xx_hal_dma.c ****     hdma->State = HAL_DMA_STATE_BUSY;
 421:Drivers/STM32F4xx_HAL_Driver/Src/stm32f4xx_hal_dma.c ****     
 422:Drivers/STM32F4xx_HAL_Driver/Src/stm32f4xx_hal_dma.c ****     /* Initialize the error code */
 423:Drivers/STM32F4xx_HAL_Driver/Src/stm32f4xx_hal_dma.c ****     hdma->ErrorCode = HAL_DMA_ERROR_NONE;
 424:Drivers/STM32F4xx_HAL_Driver/Src/stm32f4xx_hal_dma.c ****     
 425:Drivers/STM32F4xx_HAL_Driver/Src/stm32f4xx_hal_dma.c ****     /* Configure the source, destination address and the data length */
 426:Drivers/STM32F4xx_HAL_Driver/Src/stm32f4xx_hal_dma.c ****     DMA_SetConfig(hdma, SrcAddress, DstAddress, DataLength);
 427:Drivers/STM32F4xx_HAL_Driver/Src/stm32f4xx_hal_dma.c **** 
 428:Drivers/STM32F4xx_HAL_Driver/Src/stm32f4xx_hal_dma.c ****     /* Enable the Peripheral */
 429:Drivers/STM32F4xx_HAL_Driver/Src/stm32f4xx_hal_dma.c ****     __HAL_DMA_ENABLE(hdma);
 430:Drivers/STM32F4xx_HAL_Driver/Src/stm32f4xx_hal_dma.c ****   }
 431:Drivers/STM32F4xx_HAL_Driver/Src/stm32f4xx_hal_dma.c ****   else
 432:Drivers/STM32F4xx_HAL_Driver/Src/stm32f4xx_hal_dma.c ****   {
 433:Drivers/STM32F4xx_HAL_Driver/Src/stm32f4xx_hal_dma.c ****     /* Process unlocked */
 434:Drivers/STM32F4xx_HAL_Driver/Src/stm32f4xx_hal_dma.c ****     __HAL_UNLOCK(hdma);
 435:Drivers/STM32F4xx_HAL_Driver/Src/stm32f4xx_hal_dma.c ****     
 436:Drivers/STM32F4xx_HAL_Driver/Src/stm32f4xx_hal_dma.c ****     /* Return error status */
 437:Drivers/STM32F4xx_HAL_Driver/Src/stm32f4xx_hal_dma.c ****     status = HAL_BUSY;
 438:Drivers/STM32F4xx_HAL_Driver/Src/stm32f4xx_hal_dma.c ****   } 
 439:Drivers/STM32F4xx_HAL_Driver/Src/stm32f4xx_hal_dma.c ****   return status; 
 440:Drivers/STM32F4xx_HAL_Driver/Src/stm32f4xx_hal_dma.c **** }
 441:Drivers/STM32F4xx_HAL_Driver/Src/stm32f4xx_hal_dma.c **** 
 442:Drivers/STM32F4xx_HAL_Driver/Src/stm32f4xx_hal_dma.c **** /**
 443:Drivers/STM32F4xx_HAL_Driver/Src/stm32f4xx_hal_dma.c ****   * @brief  Start the DMA Transfer with interrupt enabled.
 444:Drivers/STM32F4xx_HAL_Driver/Src/stm32f4xx_hal_dma.c ****   * @param  hdma       pointer to a DMA_HandleTypeDef structure that contains
 445:Drivers/STM32F4xx_HAL_Driver/Src/stm32f4xx_hal_dma.c ****   *                     the configuration information for the specified DMA Stream.  
 446:Drivers/STM32F4xx_HAL_Driver/Src/stm32f4xx_hal_dma.c ****   * @param  SrcAddress The source memory Buffer address
 447:Drivers/STM32F4xx_HAL_Driver/Src/stm32f4xx_hal_dma.c ****   * @param  DstAddress The destination memory Buffer address
 448:Drivers/STM32F4xx_HAL_Driver/Src/stm32f4xx_hal_dma.c ****   * @param  DataLength The length of data to be transferred from source to destination
 449:Drivers/STM32F4xx_HAL_Driver/Src/stm32f4xx_hal_dma.c ****   * @retval HAL status
 450:Drivers/STM32F4xx_HAL_Driver/Src/stm32f4xx_hal_dma.c ****   */
 451:Drivers/STM32F4xx_HAL_Driver/Src/stm32f4xx_hal_dma.c **** HAL_StatusTypeDef HAL_DMA_Start_IT(DMA_HandleTypeDef *hdma, uint32_t SrcAddress, uint32_t DstAddres
 452:Drivers/STM32F4xx_HAL_Driver/Src/stm32f4xx_hal_dma.c **** {
 453:Drivers/STM32F4xx_HAL_Driver/Src/stm32f4xx_hal_dma.c ****   HAL_StatusTypeDef status = HAL_OK;
 454:Drivers/STM32F4xx_HAL_Driver/Src/stm32f4xx_hal_dma.c **** 
 455:Drivers/STM32F4xx_HAL_Driver/Src/stm32f4xx_hal_dma.c ****   /* calculate DMA base and stream number */
 456:Drivers/STM32F4xx_HAL_Driver/Src/stm32f4xx_hal_dma.c ****   DMA_Base_Registers *regs = (DMA_Base_Registers *)hdma->StreamBaseAddress;
 457:Drivers/STM32F4xx_HAL_Driver/Src/stm32f4xx_hal_dma.c ****   
 458:Drivers/STM32F4xx_HAL_Driver/Src/stm32f4xx_hal_dma.c ****   /* Check the parameters */
 459:Drivers/STM32F4xx_HAL_Driver/Src/stm32f4xx_hal_dma.c ****   assert_param(IS_DMA_BUFFER_SIZE(DataLength));
 460:Drivers/STM32F4xx_HAL_Driver/Src/stm32f4xx_hal_dma.c ****  
 461:Drivers/STM32F4xx_HAL_Driver/Src/stm32f4xx_hal_dma.c ****   /* Process locked */
 462:Drivers/STM32F4xx_HAL_Driver/Src/stm32f4xx_hal_dma.c ****   __HAL_LOCK(hdma);
 463:Drivers/STM32F4xx_HAL_Driver/Src/stm32f4xx_hal_dma.c ****   
 464:Drivers/STM32F4xx_HAL_Driver/Src/stm32f4xx_hal_dma.c ****   if(HAL_DMA_STATE_READY == hdma->State)
 465:Drivers/STM32F4xx_HAL_Driver/Src/stm32f4xx_hal_dma.c ****   {
 466:Drivers/STM32F4xx_HAL_Driver/Src/stm32f4xx_hal_dma.c ****     /* Change DMA peripheral state */
 467:Drivers/STM32F4xx_HAL_Driver/Src/stm32f4xx_hal_dma.c ****     hdma->State = HAL_DMA_STATE_BUSY;
 468:Drivers/STM32F4xx_HAL_Driver/Src/stm32f4xx_hal_dma.c ****     
 469:Drivers/STM32F4xx_HAL_Driver/Src/stm32f4xx_hal_dma.c ****     /* Initialize the error code */
 470:Drivers/STM32F4xx_HAL_Driver/Src/stm32f4xx_hal_dma.c ****     hdma->ErrorCode = HAL_DMA_ERROR_NONE;
 471:Drivers/STM32F4xx_HAL_Driver/Src/stm32f4xx_hal_dma.c ****     
 472:Drivers/STM32F4xx_HAL_Driver/Src/stm32f4xx_hal_dma.c ****     /* Configure the source, destination address and the data length */
 473:Drivers/STM32F4xx_HAL_Driver/Src/stm32f4xx_hal_dma.c ****     DMA_SetConfig(hdma, SrcAddress, DstAddress, DataLength);
 474:Drivers/STM32F4xx_HAL_Driver/Src/stm32f4xx_hal_dma.c ****     
 475:Drivers/STM32F4xx_HAL_Driver/Src/stm32f4xx_hal_dma.c ****     /* Clear all interrupt flags at correct offset within the register */
 476:Drivers/STM32F4xx_HAL_Driver/Src/stm32f4xx_hal_dma.c ****     regs->IFCR = 0x3FU << hdma->StreamIndex;
ARM GAS  C:\Users\techn\AppData\Local\Temp\ccFAleKM.s 			page 13


 477:Drivers/STM32F4xx_HAL_Driver/Src/stm32f4xx_hal_dma.c ****     
 478:Drivers/STM32F4xx_HAL_Driver/Src/stm32f4xx_hal_dma.c ****     /* Enable Common interrupts*/
 479:Drivers/STM32F4xx_HAL_Driver/Src/stm32f4xx_hal_dma.c ****     hdma->Instance->CR  |= DMA_IT_TC | DMA_IT_TE | DMA_IT_DME;
 480:Drivers/STM32F4xx_HAL_Driver/Src/stm32f4xx_hal_dma.c ****     
 481:Drivers/STM32F4xx_HAL_Driver/Src/stm32f4xx_hal_dma.c ****     if(hdma->XferHalfCpltCallback != NULL)
 482:Drivers/STM32F4xx_HAL_Driver/Src/stm32f4xx_hal_dma.c ****     {
 483:Drivers/STM32F4xx_HAL_Driver/Src/stm32f4xx_hal_dma.c ****       hdma->Instance->CR  |= DMA_IT_HT;
 484:Drivers/STM32F4xx_HAL_Driver/Src/stm32f4xx_hal_dma.c ****     }
 485:Drivers/STM32F4xx_HAL_Driver/Src/stm32f4xx_hal_dma.c ****     
 486:Drivers/STM32F4xx_HAL_Driver/Src/stm32f4xx_hal_dma.c ****     /* Enable the Peripheral */
 487:Drivers/STM32F4xx_HAL_Driver/Src/stm32f4xx_hal_dma.c ****     __HAL_DMA_ENABLE(hdma);
 488:Drivers/STM32F4xx_HAL_Driver/Src/stm32f4xx_hal_dma.c ****   }
 489:Drivers/STM32F4xx_HAL_Driver/Src/stm32f4xx_hal_dma.c ****   else
 490:Drivers/STM32F4xx_HAL_Driver/Src/stm32f4xx_hal_dma.c ****   {
 491:Drivers/STM32F4xx_HAL_Driver/Src/stm32f4xx_hal_dma.c ****     /* Process unlocked */
 492:Drivers/STM32F4xx_HAL_Driver/Src/stm32f4xx_hal_dma.c ****     __HAL_UNLOCK(hdma);	  
 493:Drivers/STM32F4xx_HAL_Driver/Src/stm32f4xx_hal_dma.c ****     
 494:Drivers/STM32F4xx_HAL_Driver/Src/stm32f4xx_hal_dma.c ****     /* Return error status */
 495:Drivers/STM32F4xx_HAL_Driver/Src/stm32f4xx_hal_dma.c ****     status = HAL_BUSY;
 496:Drivers/STM32F4xx_HAL_Driver/Src/stm32f4xx_hal_dma.c ****   }
 497:Drivers/STM32F4xx_HAL_Driver/Src/stm32f4xx_hal_dma.c ****   
 498:Drivers/STM32F4xx_HAL_Driver/Src/stm32f4xx_hal_dma.c ****   return status;
 499:Drivers/STM32F4xx_HAL_Driver/Src/stm32f4xx_hal_dma.c **** }
 500:Drivers/STM32F4xx_HAL_Driver/Src/stm32f4xx_hal_dma.c **** 
 501:Drivers/STM32F4xx_HAL_Driver/Src/stm32f4xx_hal_dma.c **** /**
 502:Drivers/STM32F4xx_HAL_Driver/Src/stm32f4xx_hal_dma.c ****   * @brief  Aborts the DMA Transfer.
 503:Drivers/STM32F4xx_HAL_Driver/Src/stm32f4xx_hal_dma.c ****   * @param  hdma   pointer to a DMA_HandleTypeDef structure that contains
 504:Drivers/STM32F4xx_HAL_Driver/Src/stm32f4xx_hal_dma.c ****   *                 the configuration information for the specified DMA Stream.
 505:Drivers/STM32F4xx_HAL_Driver/Src/stm32f4xx_hal_dma.c ****   *                   
 506:Drivers/STM32F4xx_HAL_Driver/Src/stm32f4xx_hal_dma.c ****   * @note  After disabling a DMA Stream, a check for wait until the DMA Stream is 
 507:Drivers/STM32F4xx_HAL_Driver/Src/stm32f4xx_hal_dma.c ****   *        effectively disabled is added. If a Stream is disabled 
 508:Drivers/STM32F4xx_HAL_Driver/Src/stm32f4xx_hal_dma.c ****   *        while a data transfer is ongoing, the current data will be transferred
 509:Drivers/STM32F4xx_HAL_Driver/Src/stm32f4xx_hal_dma.c ****   *        and the Stream will be effectively disabled only after the transfer of
 510:Drivers/STM32F4xx_HAL_Driver/Src/stm32f4xx_hal_dma.c ****   *        this single data is finished.  
 511:Drivers/STM32F4xx_HAL_Driver/Src/stm32f4xx_hal_dma.c ****   * @retval HAL status
 512:Drivers/STM32F4xx_HAL_Driver/Src/stm32f4xx_hal_dma.c ****   */
 513:Drivers/STM32F4xx_HAL_Driver/Src/stm32f4xx_hal_dma.c **** HAL_StatusTypeDef HAL_DMA_Abort(DMA_HandleTypeDef *hdma)
 514:Drivers/STM32F4xx_HAL_Driver/Src/stm32f4xx_hal_dma.c **** {
 515:Drivers/STM32F4xx_HAL_Driver/Src/stm32f4xx_hal_dma.c ****   /* calculate DMA base and stream number */
 516:Drivers/STM32F4xx_HAL_Driver/Src/stm32f4xx_hal_dma.c ****   DMA_Base_Registers *regs = (DMA_Base_Registers *)hdma->StreamBaseAddress;
 517:Drivers/STM32F4xx_HAL_Driver/Src/stm32f4xx_hal_dma.c ****   
 518:Drivers/STM32F4xx_HAL_Driver/Src/stm32f4xx_hal_dma.c ****   uint32_t tickstart = HAL_GetTick();
 519:Drivers/STM32F4xx_HAL_Driver/Src/stm32f4xx_hal_dma.c ****   
 520:Drivers/STM32F4xx_HAL_Driver/Src/stm32f4xx_hal_dma.c ****   if(hdma->State != HAL_DMA_STATE_BUSY)
 521:Drivers/STM32F4xx_HAL_Driver/Src/stm32f4xx_hal_dma.c ****   {
 522:Drivers/STM32F4xx_HAL_Driver/Src/stm32f4xx_hal_dma.c ****     hdma->ErrorCode = HAL_DMA_ERROR_NO_XFER;
 523:Drivers/STM32F4xx_HAL_Driver/Src/stm32f4xx_hal_dma.c ****     
 524:Drivers/STM32F4xx_HAL_Driver/Src/stm32f4xx_hal_dma.c ****     /* Process Unlocked */
 525:Drivers/STM32F4xx_HAL_Driver/Src/stm32f4xx_hal_dma.c ****     __HAL_UNLOCK(hdma);
 526:Drivers/STM32F4xx_HAL_Driver/Src/stm32f4xx_hal_dma.c ****     
 527:Drivers/STM32F4xx_HAL_Driver/Src/stm32f4xx_hal_dma.c ****     return HAL_ERROR;
 528:Drivers/STM32F4xx_HAL_Driver/Src/stm32f4xx_hal_dma.c ****   }
 529:Drivers/STM32F4xx_HAL_Driver/Src/stm32f4xx_hal_dma.c ****   else
 530:Drivers/STM32F4xx_HAL_Driver/Src/stm32f4xx_hal_dma.c ****   {
 531:Drivers/STM32F4xx_HAL_Driver/Src/stm32f4xx_hal_dma.c ****     /* Disable all the transfer interrupts */
 532:Drivers/STM32F4xx_HAL_Driver/Src/stm32f4xx_hal_dma.c ****     hdma->Instance->CR  &= ~(DMA_IT_TC | DMA_IT_TE | DMA_IT_DME);
 533:Drivers/STM32F4xx_HAL_Driver/Src/stm32f4xx_hal_dma.c ****     hdma->Instance->FCR &= ~(DMA_IT_FE);
ARM GAS  C:\Users\techn\AppData\Local\Temp\ccFAleKM.s 			page 14


 534:Drivers/STM32F4xx_HAL_Driver/Src/stm32f4xx_hal_dma.c ****     
 535:Drivers/STM32F4xx_HAL_Driver/Src/stm32f4xx_hal_dma.c ****     if((hdma->XferHalfCpltCallback != NULL) || (hdma->XferM1HalfCpltCallback != NULL))
 536:Drivers/STM32F4xx_HAL_Driver/Src/stm32f4xx_hal_dma.c ****     {
 537:Drivers/STM32F4xx_HAL_Driver/Src/stm32f4xx_hal_dma.c ****       hdma->Instance->CR  &= ~(DMA_IT_HT);
 538:Drivers/STM32F4xx_HAL_Driver/Src/stm32f4xx_hal_dma.c ****     }
 539:Drivers/STM32F4xx_HAL_Driver/Src/stm32f4xx_hal_dma.c ****     
 540:Drivers/STM32F4xx_HAL_Driver/Src/stm32f4xx_hal_dma.c ****     /* Disable the stream */
 541:Drivers/STM32F4xx_HAL_Driver/Src/stm32f4xx_hal_dma.c ****     __HAL_DMA_DISABLE(hdma);
 542:Drivers/STM32F4xx_HAL_Driver/Src/stm32f4xx_hal_dma.c ****     
 543:Drivers/STM32F4xx_HAL_Driver/Src/stm32f4xx_hal_dma.c ****     /* Check if the DMA Stream is effectively disabled */
 544:Drivers/STM32F4xx_HAL_Driver/Src/stm32f4xx_hal_dma.c ****     while((hdma->Instance->CR & DMA_SxCR_EN) != RESET)
 545:Drivers/STM32F4xx_HAL_Driver/Src/stm32f4xx_hal_dma.c ****     {
 546:Drivers/STM32F4xx_HAL_Driver/Src/stm32f4xx_hal_dma.c ****       /* Check for the Timeout */
 547:Drivers/STM32F4xx_HAL_Driver/Src/stm32f4xx_hal_dma.c ****       if((HAL_GetTick() - tickstart ) > HAL_TIMEOUT_DMA_ABORT)
 548:Drivers/STM32F4xx_HAL_Driver/Src/stm32f4xx_hal_dma.c ****       {
 549:Drivers/STM32F4xx_HAL_Driver/Src/stm32f4xx_hal_dma.c ****         /* Update error code */
 550:Drivers/STM32F4xx_HAL_Driver/Src/stm32f4xx_hal_dma.c ****         hdma->ErrorCode = HAL_DMA_ERROR_TIMEOUT;
 551:Drivers/STM32F4xx_HAL_Driver/Src/stm32f4xx_hal_dma.c ****         
 552:Drivers/STM32F4xx_HAL_Driver/Src/stm32f4xx_hal_dma.c ****         /* Change the DMA state */
 553:Drivers/STM32F4xx_HAL_Driver/Src/stm32f4xx_hal_dma.c ****         hdma->State = HAL_DMA_STATE_TIMEOUT;
 554:Drivers/STM32F4xx_HAL_Driver/Src/stm32f4xx_hal_dma.c ****         
 555:Drivers/STM32F4xx_HAL_Driver/Src/stm32f4xx_hal_dma.c ****         /* Process Unlocked */
 556:Drivers/STM32F4xx_HAL_Driver/Src/stm32f4xx_hal_dma.c ****         __HAL_UNLOCK(hdma);
 557:Drivers/STM32F4xx_HAL_Driver/Src/stm32f4xx_hal_dma.c ****         
 558:Drivers/STM32F4xx_HAL_Driver/Src/stm32f4xx_hal_dma.c ****         return HAL_TIMEOUT;
 559:Drivers/STM32F4xx_HAL_Driver/Src/stm32f4xx_hal_dma.c ****       }
 560:Drivers/STM32F4xx_HAL_Driver/Src/stm32f4xx_hal_dma.c ****     }
 561:Drivers/STM32F4xx_HAL_Driver/Src/stm32f4xx_hal_dma.c ****     
 562:Drivers/STM32F4xx_HAL_Driver/Src/stm32f4xx_hal_dma.c ****     /* Clear all interrupt flags at correct offset within the register */
 563:Drivers/STM32F4xx_HAL_Driver/Src/stm32f4xx_hal_dma.c ****     regs->IFCR = 0x3FU << hdma->StreamIndex;
 564:Drivers/STM32F4xx_HAL_Driver/Src/stm32f4xx_hal_dma.c ****     
 565:Drivers/STM32F4xx_HAL_Driver/Src/stm32f4xx_hal_dma.c ****     /* Change the DMA state*/
 566:Drivers/STM32F4xx_HAL_Driver/Src/stm32f4xx_hal_dma.c ****     hdma->State = HAL_DMA_STATE_READY;
 567:Drivers/STM32F4xx_HAL_Driver/Src/stm32f4xx_hal_dma.c ****     
 568:Drivers/STM32F4xx_HAL_Driver/Src/stm32f4xx_hal_dma.c ****     /* Process Unlocked */
 569:Drivers/STM32F4xx_HAL_Driver/Src/stm32f4xx_hal_dma.c ****     __HAL_UNLOCK(hdma);
 570:Drivers/STM32F4xx_HAL_Driver/Src/stm32f4xx_hal_dma.c ****   }
 571:Drivers/STM32F4xx_HAL_Driver/Src/stm32f4xx_hal_dma.c ****   return HAL_OK;
 572:Drivers/STM32F4xx_HAL_Driver/Src/stm32f4xx_hal_dma.c **** }
 573:Drivers/STM32F4xx_HAL_Driver/Src/stm32f4xx_hal_dma.c **** 
 574:Drivers/STM32F4xx_HAL_Driver/Src/stm32f4xx_hal_dma.c **** /**
 575:Drivers/STM32F4xx_HAL_Driver/Src/stm32f4xx_hal_dma.c ****   * @brief  Aborts the DMA Transfer in Interrupt mode.
 576:Drivers/STM32F4xx_HAL_Driver/Src/stm32f4xx_hal_dma.c ****   * @param  hdma   pointer to a DMA_HandleTypeDef structure that contains
 577:Drivers/STM32F4xx_HAL_Driver/Src/stm32f4xx_hal_dma.c ****   *                 the configuration information for the specified DMA Stream.
 578:Drivers/STM32F4xx_HAL_Driver/Src/stm32f4xx_hal_dma.c ****   * @retval HAL status
 579:Drivers/STM32F4xx_HAL_Driver/Src/stm32f4xx_hal_dma.c ****   */
 580:Drivers/STM32F4xx_HAL_Driver/Src/stm32f4xx_hal_dma.c **** HAL_StatusTypeDef HAL_DMA_Abort_IT(DMA_HandleTypeDef *hdma)
 581:Drivers/STM32F4xx_HAL_Driver/Src/stm32f4xx_hal_dma.c **** {
 582:Drivers/STM32F4xx_HAL_Driver/Src/stm32f4xx_hal_dma.c ****   if(hdma->State != HAL_DMA_STATE_BUSY)
 583:Drivers/STM32F4xx_HAL_Driver/Src/stm32f4xx_hal_dma.c ****   {
 584:Drivers/STM32F4xx_HAL_Driver/Src/stm32f4xx_hal_dma.c ****     hdma->ErrorCode = HAL_DMA_ERROR_NO_XFER;
 585:Drivers/STM32F4xx_HAL_Driver/Src/stm32f4xx_hal_dma.c ****     return HAL_ERROR;
 586:Drivers/STM32F4xx_HAL_Driver/Src/stm32f4xx_hal_dma.c ****   }
 587:Drivers/STM32F4xx_HAL_Driver/Src/stm32f4xx_hal_dma.c ****   else
 588:Drivers/STM32F4xx_HAL_Driver/Src/stm32f4xx_hal_dma.c ****   {
 589:Drivers/STM32F4xx_HAL_Driver/Src/stm32f4xx_hal_dma.c ****     /* Set Abort State  */
 590:Drivers/STM32F4xx_HAL_Driver/Src/stm32f4xx_hal_dma.c ****     hdma->State = HAL_DMA_STATE_ABORT;
ARM GAS  C:\Users\techn\AppData\Local\Temp\ccFAleKM.s 			page 15


 591:Drivers/STM32F4xx_HAL_Driver/Src/stm32f4xx_hal_dma.c ****     
 592:Drivers/STM32F4xx_HAL_Driver/Src/stm32f4xx_hal_dma.c ****     /* Disable the stream */
 593:Drivers/STM32F4xx_HAL_Driver/Src/stm32f4xx_hal_dma.c ****     __HAL_DMA_DISABLE(hdma);
 594:Drivers/STM32F4xx_HAL_Driver/Src/stm32f4xx_hal_dma.c ****   }
 595:Drivers/STM32F4xx_HAL_Driver/Src/stm32f4xx_hal_dma.c **** 
 596:Drivers/STM32F4xx_HAL_Driver/Src/stm32f4xx_hal_dma.c ****   return HAL_OK;
 597:Drivers/STM32F4xx_HAL_Driver/Src/stm32f4xx_hal_dma.c **** }
 598:Drivers/STM32F4xx_HAL_Driver/Src/stm32f4xx_hal_dma.c **** 
 599:Drivers/STM32F4xx_HAL_Driver/Src/stm32f4xx_hal_dma.c **** /**
 600:Drivers/STM32F4xx_HAL_Driver/Src/stm32f4xx_hal_dma.c ****   * @brief  Polling for transfer complete.
 601:Drivers/STM32F4xx_HAL_Driver/Src/stm32f4xx_hal_dma.c ****   * @param  hdma          pointer to a DMA_HandleTypeDef structure that contains
 602:Drivers/STM32F4xx_HAL_Driver/Src/stm32f4xx_hal_dma.c ****   *                        the configuration information for the specified DMA Stream.
 603:Drivers/STM32F4xx_HAL_Driver/Src/stm32f4xx_hal_dma.c ****   * @param  CompleteLevel Specifies the DMA level complete.
 604:Drivers/STM32F4xx_HAL_Driver/Src/stm32f4xx_hal_dma.c ****   * @note   The polling mode is kept in this version for legacy. it is recommended to use the IT mo
 605:Drivers/STM32F4xx_HAL_Driver/Src/stm32f4xx_hal_dma.c ****   *         This model could be used for debug purpose.
 606:Drivers/STM32F4xx_HAL_Driver/Src/stm32f4xx_hal_dma.c ****   * @note   The HAL_DMA_PollForTransfer API cannot be used in circular and double buffering mode (a
 607:Drivers/STM32F4xx_HAL_Driver/Src/stm32f4xx_hal_dma.c ****   * @param  Timeout       Timeout duration.
 608:Drivers/STM32F4xx_HAL_Driver/Src/stm32f4xx_hal_dma.c ****   * @retval HAL status
 609:Drivers/STM32F4xx_HAL_Driver/Src/stm32f4xx_hal_dma.c ****   */
 610:Drivers/STM32F4xx_HAL_Driver/Src/stm32f4xx_hal_dma.c **** HAL_StatusTypeDef HAL_DMA_PollForTransfer(DMA_HandleTypeDef *hdma, HAL_DMA_LevelCompleteTypeDef Com
 611:Drivers/STM32F4xx_HAL_Driver/Src/stm32f4xx_hal_dma.c **** {
 612:Drivers/STM32F4xx_HAL_Driver/Src/stm32f4xx_hal_dma.c ****   HAL_StatusTypeDef status = HAL_OK; 
 613:Drivers/STM32F4xx_HAL_Driver/Src/stm32f4xx_hal_dma.c ****   uint32_t mask_cpltlevel;
 614:Drivers/STM32F4xx_HAL_Driver/Src/stm32f4xx_hal_dma.c ****   uint32_t tickstart = HAL_GetTick(); 
 615:Drivers/STM32F4xx_HAL_Driver/Src/stm32f4xx_hal_dma.c ****   uint32_t tmpisr;
 616:Drivers/STM32F4xx_HAL_Driver/Src/stm32f4xx_hal_dma.c ****   
 617:Drivers/STM32F4xx_HAL_Driver/Src/stm32f4xx_hal_dma.c ****   /* calculate DMA base and stream number */
 618:Drivers/STM32F4xx_HAL_Driver/Src/stm32f4xx_hal_dma.c ****   DMA_Base_Registers *regs;
 619:Drivers/STM32F4xx_HAL_Driver/Src/stm32f4xx_hal_dma.c **** 
 620:Drivers/STM32F4xx_HAL_Driver/Src/stm32f4xx_hal_dma.c ****   if(HAL_DMA_STATE_BUSY != hdma->State)
 621:Drivers/STM32F4xx_HAL_Driver/Src/stm32f4xx_hal_dma.c ****   {
 622:Drivers/STM32F4xx_HAL_Driver/Src/stm32f4xx_hal_dma.c ****     /* No transfer ongoing */
 623:Drivers/STM32F4xx_HAL_Driver/Src/stm32f4xx_hal_dma.c ****     hdma->ErrorCode = HAL_DMA_ERROR_NO_XFER;
 624:Drivers/STM32F4xx_HAL_Driver/Src/stm32f4xx_hal_dma.c ****     __HAL_UNLOCK(hdma);
 625:Drivers/STM32F4xx_HAL_Driver/Src/stm32f4xx_hal_dma.c ****     return HAL_ERROR;
 626:Drivers/STM32F4xx_HAL_Driver/Src/stm32f4xx_hal_dma.c ****   }
 627:Drivers/STM32F4xx_HAL_Driver/Src/stm32f4xx_hal_dma.c **** 
 628:Drivers/STM32F4xx_HAL_Driver/Src/stm32f4xx_hal_dma.c ****   /* Polling mode not supported in circular mode and double buffering mode */
 629:Drivers/STM32F4xx_HAL_Driver/Src/stm32f4xx_hal_dma.c ****   if ((hdma->Instance->CR & DMA_SxCR_CIRC) != RESET)
 630:Drivers/STM32F4xx_HAL_Driver/Src/stm32f4xx_hal_dma.c ****   {
 631:Drivers/STM32F4xx_HAL_Driver/Src/stm32f4xx_hal_dma.c ****     hdma->ErrorCode = HAL_DMA_ERROR_NOT_SUPPORTED;
 632:Drivers/STM32F4xx_HAL_Driver/Src/stm32f4xx_hal_dma.c ****     return HAL_ERROR;
 633:Drivers/STM32F4xx_HAL_Driver/Src/stm32f4xx_hal_dma.c ****   }
 634:Drivers/STM32F4xx_HAL_Driver/Src/stm32f4xx_hal_dma.c ****   
 635:Drivers/STM32F4xx_HAL_Driver/Src/stm32f4xx_hal_dma.c ****   /* Get the level transfer complete flag */
 636:Drivers/STM32F4xx_HAL_Driver/Src/stm32f4xx_hal_dma.c ****   if(CompleteLevel == HAL_DMA_FULL_TRANSFER)
 637:Drivers/STM32F4xx_HAL_Driver/Src/stm32f4xx_hal_dma.c ****   {
 638:Drivers/STM32F4xx_HAL_Driver/Src/stm32f4xx_hal_dma.c ****     /* Transfer Complete flag */
 639:Drivers/STM32F4xx_HAL_Driver/Src/stm32f4xx_hal_dma.c ****     mask_cpltlevel = DMA_FLAG_TCIF0_4 << hdma->StreamIndex;
 640:Drivers/STM32F4xx_HAL_Driver/Src/stm32f4xx_hal_dma.c ****   }
 641:Drivers/STM32F4xx_HAL_Driver/Src/stm32f4xx_hal_dma.c ****   else
 642:Drivers/STM32F4xx_HAL_Driver/Src/stm32f4xx_hal_dma.c ****   {
 643:Drivers/STM32F4xx_HAL_Driver/Src/stm32f4xx_hal_dma.c ****     /* Half Transfer Complete flag */
 644:Drivers/STM32F4xx_HAL_Driver/Src/stm32f4xx_hal_dma.c ****     mask_cpltlevel = DMA_FLAG_HTIF0_4 << hdma->StreamIndex;
 645:Drivers/STM32F4xx_HAL_Driver/Src/stm32f4xx_hal_dma.c ****   }
 646:Drivers/STM32F4xx_HAL_Driver/Src/stm32f4xx_hal_dma.c ****   
 647:Drivers/STM32F4xx_HAL_Driver/Src/stm32f4xx_hal_dma.c ****   regs = (DMA_Base_Registers *)hdma->StreamBaseAddress;
ARM GAS  C:\Users\techn\AppData\Local\Temp\ccFAleKM.s 			page 16


 648:Drivers/STM32F4xx_HAL_Driver/Src/stm32f4xx_hal_dma.c ****   tmpisr = regs->ISR;
 649:Drivers/STM32F4xx_HAL_Driver/Src/stm32f4xx_hal_dma.c ****   
 650:Drivers/STM32F4xx_HAL_Driver/Src/stm32f4xx_hal_dma.c ****   while(((tmpisr & mask_cpltlevel) == RESET) && ((hdma->ErrorCode & HAL_DMA_ERROR_TE) == RESET))
 651:Drivers/STM32F4xx_HAL_Driver/Src/stm32f4xx_hal_dma.c ****   {
 652:Drivers/STM32F4xx_HAL_Driver/Src/stm32f4xx_hal_dma.c ****     /* Check for the Timeout (Not applicable in circular mode)*/
 653:Drivers/STM32F4xx_HAL_Driver/Src/stm32f4xx_hal_dma.c ****     if(Timeout != HAL_MAX_DELAY)
 654:Drivers/STM32F4xx_HAL_Driver/Src/stm32f4xx_hal_dma.c ****     {
 655:Drivers/STM32F4xx_HAL_Driver/Src/stm32f4xx_hal_dma.c ****       if((Timeout == 0U)||((HAL_GetTick() - tickstart ) > Timeout))
 656:Drivers/STM32F4xx_HAL_Driver/Src/stm32f4xx_hal_dma.c ****       {
 657:Drivers/STM32F4xx_HAL_Driver/Src/stm32f4xx_hal_dma.c ****         /* Update error code */
 658:Drivers/STM32F4xx_HAL_Driver/Src/stm32f4xx_hal_dma.c ****         hdma->ErrorCode = HAL_DMA_ERROR_TIMEOUT;
 659:Drivers/STM32F4xx_HAL_Driver/Src/stm32f4xx_hal_dma.c ****         
 660:Drivers/STM32F4xx_HAL_Driver/Src/stm32f4xx_hal_dma.c ****         /* Change the DMA state */
 661:Drivers/STM32F4xx_HAL_Driver/Src/stm32f4xx_hal_dma.c ****         hdma->State = HAL_DMA_STATE_READY;
 662:Drivers/STM32F4xx_HAL_Driver/Src/stm32f4xx_hal_dma.c ****         
 663:Drivers/STM32F4xx_HAL_Driver/Src/stm32f4xx_hal_dma.c ****         /* Process Unlocked */
 664:Drivers/STM32F4xx_HAL_Driver/Src/stm32f4xx_hal_dma.c ****         __HAL_UNLOCK(hdma);
 665:Drivers/STM32F4xx_HAL_Driver/Src/stm32f4xx_hal_dma.c ****         
 666:Drivers/STM32F4xx_HAL_Driver/Src/stm32f4xx_hal_dma.c ****         return HAL_TIMEOUT;
 667:Drivers/STM32F4xx_HAL_Driver/Src/stm32f4xx_hal_dma.c ****       }
 668:Drivers/STM32F4xx_HAL_Driver/Src/stm32f4xx_hal_dma.c ****     }
 669:Drivers/STM32F4xx_HAL_Driver/Src/stm32f4xx_hal_dma.c **** 
 670:Drivers/STM32F4xx_HAL_Driver/Src/stm32f4xx_hal_dma.c ****     /* Get the ISR register value */
 671:Drivers/STM32F4xx_HAL_Driver/Src/stm32f4xx_hal_dma.c ****     tmpisr = regs->ISR;
 672:Drivers/STM32F4xx_HAL_Driver/Src/stm32f4xx_hal_dma.c **** 
 673:Drivers/STM32F4xx_HAL_Driver/Src/stm32f4xx_hal_dma.c ****     if((tmpisr & (DMA_FLAG_TEIF0_4 << hdma->StreamIndex)) != RESET)
 674:Drivers/STM32F4xx_HAL_Driver/Src/stm32f4xx_hal_dma.c ****     {
 675:Drivers/STM32F4xx_HAL_Driver/Src/stm32f4xx_hal_dma.c ****       /* Update error code */
 676:Drivers/STM32F4xx_HAL_Driver/Src/stm32f4xx_hal_dma.c ****       hdma->ErrorCode |= HAL_DMA_ERROR_TE;
 677:Drivers/STM32F4xx_HAL_Driver/Src/stm32f4xx_hal_dma.c ****       
 678:Drivers/STM32F4xx_HAL_Driver/Src/stm32f4xx_hal_dma.c ****       /* Clear the transfer error flag */
 679:Drivers/STM32F4xx_HAL_Driver/Src/stm32f4xx_hal_dma.c ****       regs->IFCR = DMA_FLAG_TEIF0_4 << hdma->StreamIndex;
 680:Drivers/STM32F4xx_HAL_Driver/Src/stm32f4xx_hal_dma.c ****     }
 681:Drivers/STM32F4xx_HAL_Driver/Src/stm32f4xx_hal_dma.c ****     
 682:Drivers/STM32F4xx_HAL_Driver/Src/stm32f4xx_hal_dma.c ****     if((tmpisr & (DMA_FLAG_FEIF0_4 << hdma->StreamIndex)) != RESET)
 683:Drivers/STM32F4xx_HAL_Driver/Src/stm32f4xx_hal_dma.c ****     {
 684:Drivers/STM32F4xx_HAL_Driver/Src/stm32f4xx_hal_dma.c ****       /* Update error code */
 685:Drivers/STM32F4xx_HAL_Driver/Src/stm32f4xx_hal_dma.c ****       hdma->ErrorCode |= HAL_DMA_ERROR_FE;
 686:Drivers/STM32F4xx_HAL_Driver/Src/stm32f4xx_hal_dma.c ****       
 687:Drivers/STM32F4xx_HAL_Driver/Src/stm32f4xx_hal_dma.c ****       /* Clear the FIFO error flag */
 688:Drivers/STM32F4xx_HAL_Driver/Src/stm32f4xx_hal_dma.c ****       regs->IFCR = DMA_FLAG_FEIF0_4 << hdma->StreamIndex;
 689:Drivers/STM32F4xx_HAL_Driver/Src/stm32f4xx_hal_dma.c ****     }
 690:Drivers/STM32F4xx_HAL_Driver/Src/stm32f4xx_hal_dma.c ****     
 691:Drivers/STM32F4xx_HAL_Driver/Src/stm32f4xx_hal_dma.c ****     if((tmpisr & (DMA_FLAG_DMEIF0_4 << hdma->StreamIndex)) != RESET)
 692:Drivers/STM32F4xx_HAL_Driver/Src/stm32f4xx_hal_dma.c ****     {
 693:Drivers/STM32F4xx_HAL_Driver/Src/stm32f4xx_hal_dma.c ****       /* Update error code */
 694:Drivers/STM32F4xx_HAL_Driver/Src/stm32f4xx_hal_dma.c ****       hdma->ErrorCode |= HAL_DMA_ERROR_DME;
 695:Drivers/STM32F4xx_HAL_Driver/Src/stm32f4xx_hal_dma.c ****       
 696:Drivers/STM32F4xx_HAL_Driver/Src/stm32f4xx_hal_dma.c ****       /* Clear the Direct Mode error flag */
 697:Drivers/STM32F4xx_HAL_Driver/Src/stm32f4xx_hal_dma.c ****       regs->IFCR = DMA_FLAG_DMEIF0_4 << hdma->StreamIndex;
 698:Drivers/STM32F4xx_HAL_Driver/Src/stm32f4xx_hal_dma.c ****     }
 699:Drivers/STM32F4xx_HAL_Driver/Src/stm32f4xx_hal_dma.c ****   }
 700:Drivers/STM32F4xx_HAL_Driver/Src/stm32f4xx_hal_dma.c ****   
 701:Drivers/STM32F4xx_HAL_Driver/Src/stm32f4xx_hal_dma.c ****   if(hdma->ErrorCode != HAL_DMA_ERROR_NONE)
 702:Drivers/STM32F4xx_HAL_Driver/Src/stm32f4xx_hal_dma.c ****   {
 703:Drivers/STM32F4xx_HAL_Driver/Src/stm32f4xx_hal_dma.c ****     if((hdma->ErrorCode & HAL_DMA_ERROR_TE) != RESET)
 704:Drivers/STM32F4xx_HAL_Driver/Src/stm32f4xx_hal_dma.c ****     {
ARM GAS  C:\Users\techn\AppData\Local\Temp\ccFAleKM.s 			page 17


 705:Drivers/STM32F4xx_HAL_Driver/Src/stm32f4xx_hal_dma.c ****       HAL_DMA_Abort(hdma);
 706:Drivers/STM32F4xx_HAL_Driver/Src/stm32f4xx_hal_dma.c ****     
 707:Drivers/STM32F4xx_HAL_Driver/Src/stm32f4xx_hal_dma.c ****       /* Clear the half transfer and transfer complete flags */
 708:Drivers/STM32F4xx_HAL_Driver/Src/stm32f4xx_hal_dma.c ****       regs->IFCR = (DMA_FLAG_HTIF0_4 | DMA_FLAG_TCIF0_4) << hdma->StreamIndex;
 709:Drivers/STM32F4xx_HAL_Driver/Src/stm32f4xx_hal_dma.c ****     
 710:Drivers/STM32F4xx_HAL_Driver/Src/stm32f4xx_hal_dma.c ****       /* Change the DMA state */
 711:Drivers/STM32F4xx_HAL_Driver/Src/stm32f4xx_hal_dma.c ****       hdma->State= HAL_DMA_STATE_READY;
 712:Drivers/STM32F4xx_HAL_Driver/Src/stm32f4xx_hal_dma.c **** 
 713:Drivers/STM32F4xx_HAL_Driver/Src/stm32f4xx_hal_dma.c ****       /* Process Unlocked */
 714:Drivers/STM32F4xx_HAL_Driver/Src/stm32f4xx_hal_dma.c ****       __HAL_UNLOCK(hdma);
 715:Drivers/STM32F4xx_HAL_Driver/Src/stm32f4xx_hal_dma.c **** 
 716:Drivers/STM32F4xx_HAL_Driver/Src/stm32f4xx_hal_dma.c ****       return HAL_ERROR;
 717:Drivers/STM32F4xx_HAL_Driver/Src/stm32f4xx_hal_dma.c ****    }
 718:Drivers/STM32F4xx_HAL_Driver/Src/stm32f4xx_hal_dma.c ****   }
 719:Drivers/STM32F4xx_HAL_Driver/Src/stm32f4xx_hal_dma.c ****   
 720:Drivers/STM32F4xx_HAL_Driver/Src/stm32f4xx_hal_dma.c ****   /* Get the level transfer complete flag */
 721:Drivers/STM32F4xx_HAL_Driver/Src/stm32f4xx_hal_dma.c ****   if(CompleteLevel == HAL_DMA_FULL_TRANSFER)
 722:Drivers/STM32F4xx_HAL_Driver/Src/stm32f4xx_hal_dma.c ****   {
 723:Drivers/STM32F4xx_HAL_Driver/Src/stm32f4xx_hal_dma.c ****     /* Clear the half transfer and transfer complete flags */
 724:Drivers/STM32F4xx_HAL_Driver/Src/stm32f4xx_hal_dma.c ****     regs->IFCR = (DMA_FLAG_HTIF0_4 | DMA_FLAG_TCIF0_4) << hdma->StreamIndex;
 725:Drivers/STM32F4xx_HAL_Driver/Src/stm32f4xx_hal_dma.c ****     
 726:Drivers/STM32F4xx_HAL_Driver/Src/stm32f4xx_hal_dma.c ****     hdma->State = HAL_DMA_STATE_READY;
 727:Drivers/STM32F4xx_HAL_Driver/Src/stm32f4xx_hal_dma.c ****     
 728:Drivers/STM32F4xx_HAL_Driver/Src/stm32f4xx_hal_dma.c ****     /* Process Unlocked */
 729:Drivers/STM32F4xx_HAL_Driver/Src/stm32f4xx_hal_dma.c ****     __HAL_UNLOCK(hdma);
 730:Drivers/STM32F4xx_HAL_Driver/Src/stm32f4xx_hal_dma.c ****   }
 731:Drivers/STM32F4xx_HAL_Driver/Src/stm32f4xx_hal_dma.c ****   else
 732:Drivers/STM32F4xx_HAL_Driver/Src/stm32f4xx_hal_dma.c ****   {
 733:Drivers/STM32F4xx_HAL_Driver/Src/stm32f4xx_hal_dma.c ****     /* Clear the half transfer and transfer complete flags */
 734:Drivers/STM32F4xx_HAL_Driver/Src/stm32f4xx_hal_dma.c ****     regs->IFCR = (DMA_FLAG_HTIF0_4) << hdma->StreamIndex;
 735:Drivers/STM32F4xx_HAL_Driver/Src/stm32f4xx_hal_dma.c ****   }
 736:Drivers/STM32F4xx_HAL_Driver/Src/stm32f4xx_hal_dma.c ****   
 737:Drivers/STM32F4xx_HAL_Driver/Src/stm32f4xx_hal_dma.c ****   return status;
 738:Drivers/STM32F4xx_HAL_Driver/Src/stm32f4xx_hal_dma.c **** }
 739:Drivers/STM32F4xx_HAL_Driver/Src/stm32f4xx_hal_dma.c **** 
 740:Drivers/STM32F4xx_HAL_Driver/Src/stm32f4xx_hal_dma.c **** /**
 741:Drivers/STM32F4xx_HAL_Driver/Src/stm32f4xx_hal_dma.c ****   * @brief  Handles DMA interrupt request.
 742:Drivers/STM32F4xx_HAL_Driver/Src/stm32f4xx_hal_dma.c ****   * @param  hdma pointer to a DMA_HandleTypeDef structure that contains
 743:Drivers/STM32F4xx_HAL_Driver/Src/stm32f4xx_hal_dma.c ****   *               the configuration information for the specified DMA Stream.  
 744:Drivers/STM32F4xx_HAL_Driver/Src/stm32f4xx_hal_dma.c ****   * @retval None
 745:Drivers/STM32F4xx_HAL_Driver/Src/stm32f4xx_hal_dma.c ****   */
 746:Drivers/STM32F4xx_HAL_Driver/Src/stm32f4xx_hal_dma.c **** void HAL_DMA_IRQHandler(DMA_HandleTypeDef *hdma)
 747:Drivers/STM32F4xx_HAL_Driver/Src/stm32f4xx_hal_dma.c **** {
 748:Drivers/STM32F4xx_HAL_Driver/Src/stm32f4xx_hal_dma.c ****   uint32_t tmpisr;
 749:Drivers/STM32F4xx_HAL_Driver/Src/stm32f4xx_hal_dma.c ****   __IO uint32_t count = 0U;
 750:Drivers/STM32F4xx_HAL_Driver/Src/stm32f4xx_hal_dma.c ****   uint32_t timeout = SystemCoreClock / 9600U;
 751:Drivers/STM32F4xx_HAL_Driver/Src/stm32f4xx_hal_dma.c **** 
 752:Drivers/STM32F4xx_HAL_Driver/Src/stm32f4xx_hal_dma.c ****   /* calculate DMA base and stream number */
 753:Drivers/STM32F4xx_HAL_Driver/Src/stm32f4xx_hal_dma.c ****   DMA_Base_Registers *regs = (DMA_Base_Registers *)hdma->StreamBaseAddress;
 754:Drivers/STM32F4xx_HAL_Driver/Src/stm32f4xx_hal_dma.c **** 
 755:Drivers/STM32F4xx_HAL_Driver/Src/stm32f4xx_hal_dma.c ****   tmpisr = regs->ISR;
 756:Drivers/STM32F4xx_HAL_Driver/Src/stm32f4xx_hal_dma.c **** 
 757:Drivers/STM32F4xx_HAL_Driver/Src/stm32f4xx_hal_dma.c ****   /* Transfer Error Interrupt management ***************************************/
 758:Drivers/STM32F4xx_HAL_Driver/Src/stm32f4xx_hal_dma.c ****   if ((tmpisr & (DMA_FLAG_TEIF0_4 << hdma->StreamIndex)) != RESET)
 759:Drivers/STM32F4xx_HAL_Driver/Src/stm32f4xx_hal_dma.c ****   {
 760:Drivers/STM32F4xx_HAL_Driver/Src/stm32f4xx_hal_dma.c ****     if(__HAL_DMA_GET_IT_SOURCE(hdma, DMA_IT_TE) != RESET)
 761:Drivers/STM32F4xx_HAL_Driver/Src/stm32f4xx_hal_dma.c ****     {
ARM GAS  C:\Users\techn\AppData\Local\Temp\ccFAleKM.s 			page 18


 762:Drivers/STM32F4xx_HAL_Driver/Src/stm32f4xx_hal_dma.c ****       /* Disable the transfer error interrupt */
 763:Drivers/STM32F4xx_HAL_Driver/Src/stm32f4xx_hal_dma.c ****       hdma->Instance->CR  &= ~(DMA_IT_TE);
 764:Drivers/STM32F4xx_HAL_Driver/Src/stm32f4xx_hal_dma.c ****       
 765:Drivers/STM32F4xx_HAL_Driver/Src/stm32f4xx_hal_dma.c ****       /* Clear the transfer error flag */
 766:Drivers/STM32F4xx_HAL_Driver/Src/stm32f4xx_hal_dma.c ****       regs->IFCR = DMA_FLAG_TEIF0_4 << hdma->StreamIndex;
 767:Drivers/STM32F4xx_HAL_Driver/Src/stm32f4xx_hal_dma.c ****       
 768:Drivers/STM32F4xx_HAL_Driver/Src/stm32f4xx_hal_dma.c ****       /* Update error code */
 769:Drivers/STM32F4xx_HAL_Driver/Src/stm32f4xx_hal_dma.c ****       hdma->ErrorCode |= HAL_DMA_ERROR_TE;
 770:Drivers/STM32F4xx_HAL_Driver/Src/stm32f4xx_hal_dma.c ****     }
 771:Drivers/STM32F4xx_HAL_Driver/Src/stm32f4xx_hal_dma.c ****   }
 772:Drivers/STM32F4xx_HAL_Driver/Src/stm32f4xx_hal_dma.c ****   /* FIFO Error Interrupt management ******************************************/
 773:Drivers/STM32F4xx_HAL_Driver/Src/stm32f4xx_hal_dma.c ****   if ((tmpisr & (DMA_FLAG_FEIF0_4 << hdma->StreamIndex)) != RESET)
 774:Drivers/STM32F4xx_HAL_Driver/Src/stm32f4xx_hal_dma.c ****   {
 775:Drivers/STM32F4xx_HAL_Driver/Src/stm32f4xx_hal_dma.c ****     if(__HAL_DMA_GET_IT_SOURCE(hdma, DMA_IT_FE) != RESET)
 776:Drivers/STM32F4xx_HAL_Driver/Src/stm32f4xx_hal_dma.c ****     {
 777:Drivers/STM32F4xx_HAL_Driver/Src/stm32f4xx_hal_dma.c ****       /* Clear the FIFO error flag */
 778:Drivers/STM32F4xx_HAL_Driver/Src/stm32f4xx_hal_dma.c ****       regs->IFCR = DMA_FLAG_FEIF0_4 << hdma->StreamIndex;
 779:Drivers/STM32F4xx_HAL_Driver/Src/stm32f4xx_hal_dma.c **** 
 780:Drivers/STM32F4xx_HAL_Driver/Src/stm32f4xx_hal_dma.c ****       /* Update error code */
 781:Drivers/STM32F4xx_HAL_Driver/Src/stm32f4xx_hal_dma.c ****       hdma->ErrorCode |= HAL_DMA_ERROR_FE;
 782:Drivers/STM32F4xx_HAL_Driver/Src/stm32f4xx_hal_dma.c ****     }
 783:Drivers/STM32F4xx_HAL_Driver/Src/stm32f4xx_hal_dma.c ****   }
 784:Drivers/STM32F4xx_HAL_Driver/Src/stm32f4xx_hal_dma.c ****   /* Direct Mode Error Interrupt management ***********************************/
 785:Drivers/STM32F4xx_HAL_Driver/Src/stm32f4xx_hal_dma.c ****   if ((tmpisr & (DMA_FLAG_DMEIF0_4 << hdma->StreamIndex)) != RESET)
 786:Drivers/STM32F4xx_HAL_Driver/Src/stm32f4xx_hal_dma.c ****   {
 787:Drivers/STM32F4xx_HAL_Driver/Src/stm32f4xx_hal_dma.c ****     if(__HAL_DMA_GET_IT_SOURCE(hdma, DMA_IT_DME) != RESET)
 788:Drivers/STM32F4xx_HAL_Driver/Src/stm32f4xx_hal_dma.c ****     {
 789:Drivers/STM32F4xx_HAL_Driver/Src/stm32f4xx_hal_dma.c ****       /* Clear the direct mode error flag */
 790:Drivers/STM32F4xx_HAL_Driver/Src/stm32f4xx_hal_dma.c ****       regs->IFCR = DMA_FLAG_DMEIF0_4 << hdma->StreamIndex;
 791:Drivers/STM32F4xx_HAL_Driver/Src/stm32f4xx_hal_dma.c **** 
 792:Drivers/STM32F4xx_HAL_Driver/Src/stm32f4xx_hal_dma.c ****       /* Update error code */
 793:Drivers/STM32F4xx_HAL_Driver/Src/stm32f4xx_hal_dma.c ****       hdma->ErrorCode |= HAL_DMA_ERROR_DME;
 794:Drivers/STM32F4xx_HAL_Driver/Src/stm32f4xx_hal_dma.c ****     }
 795:Drivers/STM32F4xx_HAL_Driver/Src/stm32f4xx_hal_dma.c ****   }
 796:Drivers/STM32F4xx_HAL_Driver/Src/stm32f4xx_hal_dma.c ****   /* Half Transfer Complete Interrupt management ******************************/
 797:Drivers/STM32F4xx_HAL_Driver/Src/stm32f4xx_hal_dma.c ****   if ((tmpisr & (DMA_FLAG_HTIF0_4 << hdma->StreamIndex)) != RESET)
 798:Drivers/STM32F4xx_HAL_Driver/Src/stm32f4xx_hal_dma.c ****   {
 799:Drivers/STM32F4xx_HAL_Driver/Src/stm32f4xx_hal_dma.c ****     if(__HAL_DMA_GET_IT_SOURCE(hdma, DMA_IT_HT) != RESET)
 800:Drivers/STM32F4xx_HAL_Driver/Src/stm32f4xx_hal_dma.c ****     {
 801:Drivers/STM32F4xx_HAL_Driver/Src/stm32f4xx_hal_dma.c ****       /* Clear the half transfer complete flag */
 802:Drivers/STM32F4xx_HAL_Driver/Src/stm32f4xx_hal_dma.c ****       regs->IFCR = DMA_FLAG_HTIF0_4 << hdma->StreamIndex;
 803:Drivers/STM32F4xx_HAL_Driver/Src/stm32f4xx_hal_dma.c ****       
 804:Drivers/STM32F4xx_HAL_Driver/Src/stm32f4xx_hal_dma.c ****       /* Multi_Buffering mode enabled */
 805:Drivers/STM32F4xx_HAL_Driver/Src/stm32f4xx_hal_dma.c ****       if(((hdma->Instance->CR) & (uint32_t)(DMA_SxCR_DBM)) != RESET)
 806:Drivers/STM32F4xx_HAL_Driver/Src/stm32f4xx_hal_dma.c ****       {
 807:Drivers/STM32F4xx_HAL_Driver/Src/stm32f4xx_hal_dma.c ****         /* Current memory buffer used is Memory 0 */
 808:Drivers/STM32F4xx_HAL_Driver/Src/stm32f4xx_hal_dma.c ****         if((hdma->Instance->CR & DMA_SxCR_CT) == RESET)
 809:Drivers/STM32F4xx_HAL_Driver/Src/stm32f4xx_hal_dma.c ****         {
 810:Drivers/STM32F4xx_HAL_Driver/Src/stm32f4xx_hal_dma.c ****           if(hdma->XferHalfCpltCallback != NULL)
 811:Drivers/STM32F4xx_HAL_Driver/Src/stm32f4xx_hal_dma.c ****           {
 812:Drivers/STM32F4xx_HAL_Driver/Src/stm32f4xx_hal_dma.c ****             /* Half transfer callback */
 813:Drivers/STM32F4xx_HAL_Driver/Src/stm32f4xx_hal_dma.c ****             hdma->XferHalfCpltCallback(hdma);
 814:Drivers/STM32F4xx_HAL_Driver/Src/stm32f4xx_hal_dma.c ****           }
 815:Drivers/STM32F4xx_HAL_Driver/Src/stm32f4xx_hal_dma.c ****         }
 816:Drivers/STM32F4xx_HAL_Driver/Src/stm32f4xx_hal_dma.c ****         /* Current memory buffer used is Memory 1 */
 817:Drivers/STM32F4xx_HAL_Driver/Src/stm32f4xx_hal_dma.c ****         else
 818:Drivers/STM32F4xx_HAL_Driver/Src/stm32f4xx_hal_dma.c ****         {
ARM GAS  C:\Users\techn\AppData\Local\Temp\ccFAleKM.s 			page 19


 819:Drivers/STM32F4xx_HAL_Driver/Src/stm32f4xx_hal_dma.c ****           if(hdma->XferM1HalfCpltCallback != NULL)
 820:Drivers/STM32F4xx_HAL_Driver/Src/stm32f4xx_hal_dma.c ****           {
 821:Drivers/STM32F4xx_HAL_Driver/Src/stm32f4xx_hal_dma.c ****             /* Half transfer callback */
 822:Drivers/STM32F4xx_HAL_Driver/Src/stm32f4xx_hal_dma.c ****             hdma->XferM1HalfCpltCallback(hdma);
 823:Drivers/STM32F4xx_HAL_Driver/Src/stm32f4xx_hal_dma.c ****           }
 824:Drivers/STM32F4xx_HAL_Driver/Src/stm32f4xx_hal_dma.c ****         }
 825:Drivers/STM32F4xx_HAL_Driver/Src/stm32f4xx_hal_dma.c ****       }
 826:Drivers/STM32F4xx_HAL_Driver/Src/stm32f4xx_hal_dma.c ****       else
 827:Drivers/STM32F4xx_HAL_Driver/Src/stm32f4xx_hal_dma.c ****       {
 828:Drivers/STM32F4xx_HAL_Driver/Src/stm32f4xx_hal_dma.c ****         /* Disable the half transfer interrupt if the DMA mode is not CIRCULAR */
 829:Drivers/STM32F4xx_HAL_Driver/Src/stm32f4xx_hal_dma.c ****         if((hdma->Instance->CR & DMA_SxCR_CIRC) == RESET)
 830:Drivers/STM32F4xx_HAL_Driver/Src/stm32f4xx_hal_dma.c ****         {
 831:Drivers/STM32F4xx_HAL_Driver/Src/stm32f4xx_hal_dma.c ****           /* Disable the half transfer interrupt */
 832:Drivers/STM32F4xx_HAL_Driver/Src/stm32f4xx_hal_dma.c ****           hdma->Instance->CR  &= ~(DMA_IT_HT);
 833:Drivers/STM32F4xx_HAL_Driver/Src/stm32f4xx_hal_dma.c ****         }
 834:Drivers/STM32F4xx_HAL_Driver/Src/stm32f4xx_hal_dma.c ****         
 835:Drivers/STM32F4xx_HAL_Driver/Src/stm32f4xx_hal_dma.c ****         if(hdma->XferHalfCpltCallback != NULL)
 836:Drivers/STM32F4xx_HAL_Driver/Src/stm32f4xx_hal_dma.c ****         {
 837:Drivers/STM32F4xx_HAL_Driver/Src/stm32f4xx_hal_dma.c ****           /* Half transfer callback */
 838:Drivers/STM32F4xx_HAL_Driver/Src/stm32f4xx_hal_dma.c ****           hdma->XferHalfCpltCallback(hdma);
 839:Drivers/STM32F4xx_HAL_Driver/Src/stm32f4xx_hal_dma.c ****         }
 840:Drivers/STM32F4xx_HAL_Driver/Src/stm32f4xx_hal_dma.c ****       }
 841:Drivers/STM32F4xx_HAL_Driver/Src/stm32f4xx_hal_dma.c ****     }
 842:Drivers/STM32F4xx_HAL_Driver/Src/stm32f4xx_hal_dma.c ****   }
 843:Drivers/STM32F4xx_HAL_Driver/Src/stm32f4xx_hal_dma.c ****   /* Transfer Complete Interrupt management ***********************************/
 844:Drivers/STM32F4xx_HAL_Driver/Src/stm32f4xx_hal_dma.c ****   if ((tmpisr & (DMA_FLAG_TCIF0_4 << hdma->StreamIndex)) != RESET)
 845:Drivers/STM32F4xx_HAL_Driver/Src/stm32f4xx_hal_dma.c ****   {
 846:Drivers/STM32F4xx_HAL_Driver/Src/stm32f4xx_hal_dma.c ****     if(__HAL_DMA_GET_IT_SOURCE(hdma, DMA_IT_TC) != RESET)
 847:Drivers/STM32F4xx_HAL_Driver/Src/stm32f4xx_hal_dma.c ****     {
 848:Drivers/STM32F4xx_HAL_Driver/Src/stm32f4xx_hal_dma.c ****       /* Clear the transfer complete flag */
 849:Drivers/STM32F4xx_HAL_Driver/Src/stm32f4xx_hal_dma.c ****       regs->IFCR = DMA_FLAG_TCIF0_4 << hdma->StreamIndex;
 850:Drivers/STM32F4xx_HAL_Driver/Src/stm32f4xx_hal_dma.c ****       
 851:Drivers/STM32F4xx_HAL_Driver/Src/stm32f4xx_hal_dma.c ****       if(HAL_DMA_STATE_ABORT == hdma->State)
 852:Drivers/STM32F4xx_HAL_Driver/Src/stm32f4xx_hal_dma.c ****       {
 853:Drivers/STM32F4xx_HAL_Driver/Src/stm32f4xx_hal_dma.c ****         /* Disable all the transfer interrupts */
 854:Drivers/STM32F4xx_HAL_Driver/Src/stm32f4xx_hal_dma.c ****         hdma->Instance->CR  &= ~(DMA_IT_TC | DMA_IT_TE | DMA_IT_DME);
 855:Drivers/STM32F4xx_HAL_Driver/Src/stm32f4xx_hal_dma.c ****         hdma->Instance->FCR &= ~(DMA_IT_FE);
 856:Drivers/STM32F4xx_HAL_Driver/Src/stm32f4xx_hal_dma.c ****         
 857:Drivers/STM32F4xx_HAL_Driver/Src/stm32f4xx_hal_dma.c ****         if((hdma->XferHalfCpltCallback != NULL) || (hdma->XferM1HalfCpltCallback != NULL))
 858:Drivers/STM32F4xx_HAL_Driver/Src/stm32f4xx_hal_dma.c ****         {
 859:Drivers/STM32F4xx_HAL_Driver/Src/stm32f4xx_hal_dma.c ****           hdma->Instance->CR  &= ~(DMA_IT_HT);
 860:Drivers/STM32F4xx_HAL_Driver/Src/stm32f4xx_hal_dma.c ****         }
 861:Drivers/STM32F4xx_HAL_Driver/Src/stm32f4xx_hal_dma.c **** 
 862:Drivers/STM32F4xx_HAL_Driver/Src/stm32f4xx_hal_dma.c ****         /* Clear all interrupt flags at correct offset within the register */
 863:Drivers/STM32F4xx_HAL_Driver/Src/stm32f4xx_hal_dma.c ****         regs->IFCR = 0x3FU << hdma->StreamIndex;
 864:Drivers/STM32F4xx_HAL_Driver/Src/stm32f4xx_hal_dma.c **** 
 865:Drivers/STM32F4xx_HAL_Driver/Src/stm32f4xx_hal_dma.c ****         /* Change the DMA state */
 866:Drivers/STM32F4xx_HAL_Driver/Src/stm32f4xx_hal_dma.c ****         hdma->State = HAL_DMA_STATE_READY;
 867:Drivers/STM32F4xx_HAL_Driver/Src/stm32f4xx_hal_dma.c **** 
 868:Drivers/STM32F4xx_HAL_Driver/Src/stm32f4xx_hal_dma.c ****         /* Process Unlocked */
 869:Drivers/STM32F4xx_HAL_Driver/Src/stm32f4xx_hal_dma.c ****         __HAL_UNLOCK(hdma);
 870:Drivers/STM32F4xx_HAL_Driver/Src/stm32f4xx_hal_dma.c **** 
 871:Drivers/STM32F4xx_HAL_Driver/Src/stm32f4xx_hal_dma.c ****         if(hdma->XferAbortCallback != NULL)
 872:Drivers/STM32F4xx_HAL_Driver/Src/stm32f4xx_hal_dma.c ****         {
 873:Drivers/STM32F4xx_HAL_Driver/Src/stm32f4xx_hal_dma.c ****           hdma->XferAbortCallback(hdma);
 874:Drivers/STM32F4xx_HAL_Driver/Src/stm32f4xx_hal_dma.c ****         }
 875:Drivers/STM32F4xx_HAL_Driver/Src/stm32f4xx_hal_dma.c ****         return;
ARM GAS  C:\Users\techn\AppData\Local\Temp\ccFAleKM.s 			page 20


 876:Drivers/STM32F4xx_HAL_Driver/Src/stm32f4xx_hal_dma.c ****       }
 877:Drivers/STM32F4xx_HAL_Driver/Src/stm32f4xx_hal_dma.c **** 
 878:Drivers/STM32F4xx_HAL_Driver/Src/stm32f4xx_hal_dma.c ****       if(((hdma->Instance->CR) & (uint32_t)(DMA_SxCR_DBM)) != RESET)
 879:Drivers/STM32F4xx_HAL_Driver/Src/stm32f4xx_hal_dma.c ****       {
 880:Drivers/STM32F4xx_HAL_Driver/Src/stm32f4xx_hal_dma.c ****         /* Current memory buffer used is Memory 0 */
 881:Drivers/STM32F4xx_HAL_Driver/Src/stm32f4xx_hal_dma.c ****         if((hdma->Instance->CR & DMA_SxCR_CT) == RESET)
 882:Drivers/STM32F4xx_HAL_Driver/Src/stm32f4xx_hal_dma.c ****         {
 883:Drivers/STM32F4xx_HAL_Driver/Src/stm32f4xx_hal_dma.c ****           if(hdma->XferM1CpltCallback != NULL)
 884:Drivers/STM32F4xx_HAL_Driver/Src/stm32f4xx_hal_dma.c ****           {
 885:Drivers/STM32F4xx_HAL_Driver/Src/stm32f4xx_hal_dma.c ****             /* Transfer complete Callback for memory1 */
 886:Drivers/STM32F4xx_HAL_Driver/Src/stm32f4xx_hal_dma.c ****             hdma->XferM1CpltCallback(hdma);
 887:Drivers/STM32F4xx_HAL_Driver/Src/stm32f4xx_hal_dma.c ****           }
 888:Drivers/STM32F4xx_HAL_Driver/Src/stm32f4xx_hal_dma.c ****         }
 889:Drivers/STM32F4xx_HAL_Driver/Src/stm32f4xx_hal_dma.c ****         /* Current memory buffer used is Memory 1 */
 890:Drivers/STM32F4xx_HAL_Driver/Src/stm32f4xx_hal_dma.c ****         else
 891:Drivers/STM32F4xx_HAL_Driver/Src/stm32f4xx_hal_dma.c ****         {
 892:Drivers/STM32F4xx_HAL_Driver/Src/stm32f4xx_hal_dma.c ****           if(hdma->XferCpltCallback != NULL)
 893:Drivers/STM32F4xx_HAL_Driver/Src/stm32f4xx_hal_dma.c ****           {
 894:Drivers/STM32F4xx_HAL_Driver/Src/stm32f4xx_hal_dma.c ****             /* Transfer complete Callback for memory0 */
 895:Drivers/STM32F4xx_HAL_Driver/Src/stm32f4xx_hal_dma.c ****             hdma->XferCpltCallback(hdma);
 896:Drivers/STM32F4xx_HAL_Driver/Src/stm32f4xx_hal_dma.c ****           }
 897:Drivers/STM32F4xx_HAL_Driver/Src/stm32f4xx_hal_dma.c ****         }
 898:Drivers/STM32F4xx_HAL_Driver/Src/stm32f4xx_hal_dma.c ****       }
 899:Drivers/STM32F4xx_HAL_Driver/Src/stm32f4xx_hal_dma.c ****       /* Disable the transfer complete interrupt if the DMA mode is not CIRCULAR */
 900:Drivers/STM32F4xx_HAL_Driver/Src/stm32f4xx_hal_dma.c ****       else
 901:Drivers/STM32F4xx_HAL_Driver/Src/stm32f4xx_hal_dma.c ****       {
 902:Drivers/STM32F4xx_HAL_Driver/Src/stm32f4xx_hal_dma.c ****         if((hdma->Instance->CR & DMA_SxCR_CIRC) == RESET)
 903:Drivers/STM32F4xx_HAL_Driver/Src/stm32f4xx_hal_dma.c ****         {
 904:Drivers/STM32F4xx_HAL_Driver/Src/stm32f4xx_hal_dma.c ****           /* Disable the transfer complete interrupt */
 905:Drivers/STM32F4xx_HAL_Driver/Src/stm32f4xx_hal_dma.c ****           hdma->Instance->CR  &= ~(DMA_IT_TC);
 906:Drivers/STM32F4xx_HAL_Driver/Src/stm32f4xx_hal_dma.c **** 
 907:Drivers/STM32F4xx_HAL_Driver/Src/stm32f4xx_hal_dma.c ****           /* Change the DMA state */
 908:Drivers/STM32F4xx_HAL_Driver/Src/stm32f4xx_hal_dma.c ****           hdma->State = HAL_DMA_STATE_READY;
 909:Drivers/STM32F4xx_HAL_Driver/Src/stm32f4xx_hal_dma.c **** 
 910:Drivers/STM32F4xx_HAL_Driver/Src/stm32f4xx_hal_dma.c ****           /* Process Unlocked */
 911:Drivers/STM32F4xx_HAL_Driver/Src/stm32f4xx_hal_dma.c ****           __HAL_UNLOCK(hdma);
 912:Drivers/STM32F4xx_HAL_Driver/Src/stm32f4xx_hal_dma.c ****         }
 913:Drivers/STM32F4xx_HAL_Driver/Src/stm32f4xx_hal_dma.c **** 
 914:Drivers/STM32F4xx_HAL_Driver/Src/stm32f4xx_hal_dma.c ****         if(hdma->XferCpltCallback != NULL)
 915:Drivers/STM32F4xx_HAL_Driver/Src/stm32f4xx_hal_dma.c ****         {
 916:Drivers/STM32F4xx_HAL_Driver/Src/stm32f4xx_hal_dma.c ****           /* Transfer complete callback */
 917:Drivers/STM32F4xx_HAL_Driver/Src/stm32f4xx_hal_dma.c ****           hdma->XferCpltCallback(hdma);
 918:Drivers/STM32F4xx_HAL_Driver/Src/stm32f4xx_hal_dma.c ****         }
 919:Drivers/STM32F4xx_HAL_Driver/Src/stm32f4xx_hal_dma.c ****       }
 920:Drivers/STM32F4xx_HAL_Driver/Src/stm32f4xx_hal_dma.c ****     }
 921:Drivers/STM32F4xx_HAL_Driver/Src/stm32f4xx_hal_dma.c ****   }
 922:Drivers/STM32F4xx_HAL_Driver/Src/stm32f4xx_hal_dma.c ****   
 923:Drivers/STM32F4xx_HAL_Driver/Src/stm32f4xx_hal_dma.c ****   /* manage error case */
 924:Drivers/STM32F4xx_HAL_Driver/Src/stm32f4xx_hal_dma.c ****   if(hdma->ErrorCode != HAL_DMA_ERROR_NONE)
 925:Drivers/STM32F4xx_HAL_Driver/Src/stm32f4xx_hal_dma.c ****   {
 926:Drivers/STM32F4xx_HAL_Driver/Src/stm32f4xx_hal_dma.c ****     if((hdma->ErrorCode & HAL_DMA_ERROR_TE) != RESET)
 927:Drivers/STM32F4xx_HAL_Driver/Src/stm32f4xx_hal_dma.c ****     {
 928:Drivers/STM32F4xx_HAL_Driver/Src/stm32f4xx_hal_dma.c ****       hdma->State = HAL_DMA_STATE_ABORT;
 929:Drivers/STM32F4xx_HAL_Driver/Src/stm32f4xx_hal_dma.c **** 
 930:Drivers/STM32F4xx_HAL_Driver/Src/stm32f4xx_hal_dma.c ****       /* Disable the stream */
 931:Drivers/STM32F4xx_HAL_Driver/Src/stm32f4xx_hal_dma.c ****       __HAL_DMA_DISABLE(hdma);
 932:Drivers/STM32F4xx_HAL_Driver/Src/stm32f4xx_hal_dma.c **** 
ARM GAS  C:\Users\techn\AppData\Local\Temp\ccFAleKM.s 			page 21


 933:Drivers/STM32F4xx_HAL_Driver/Src/stm32f4xx_hal_dma.c ****       do
 934:Drivers/STM32F4xx_HAL_Driver/Src/stm32f4xx_hal_dma.c ****       {
 935:Drivers/STM32F4xx_HAL_Driver/Src/stm32f4xx_hal_dma.c ****         if (++count > timeout)
 936:Drivers/STM32F4xx_HAL_Driver/Src/stm32f4xx_hal_dma.c ****         {
 937:Drivers/STM32F4xx_HAL_Driver/Src/stm32f4xx_hal_dma.c ****           break;
 938:Drivers/STM32F4xx_HAL_Driver/Src/stm32f4xx_hal_dma.c ****         }
 939:Drivers/STM32F4xx_HAL_Driver/Src/stm32f4xx_hal_dma.c ****       }
 940:Drivers/STM32F4xx_HAL_Driver/Src/stm32f4xx_hal_dma.c ****       while((hdma->Instance->CR & DMA_SxCR_EN) != RESET);
 941:Drivers/STM32F4xx_HAL_Driver/Src/stm32f4xx_hal_dma.c **** 
 942:Drivers/STM32F4xx_HAL_Driver/Src/stm32f4xx_hal_dma.c ****       /* Change the DMA state */
 943:Drivers/STM32F4xx_HAL_Driver/Src/stm32f4xx_hal_dma.c ****       hdma->State = HAL_DMA_STATE_READY;
 944:Drivers/STM32F4xx_HAL_Driver/Src/stm32f4xx_hal_dma.c **** 
 945:Drivers/STM32F4xx_HAL_Driver/Src/stm32f4xx_hal_dma.c ****       /* Process Unlocked */
 946:Drivers/STM32F4xx_HAL_Driver/Src/stm32f4xx_hal_dma.c ****       __HAL_UNLOCK(hdma);
 947:Drivers/STM32F4xx_HAL_Driver/Src/stm32f4xx_hal_dma.c ****     }
 948:Drivers/STM32F4xx_HAL_Driver/Src/stm32f4xx_hal_dma.c **** 
 949:Drivers/STM32F4xx_HAL_Driver/Src/stm32f4xx_hal_dma.c ****     if(hdma->XferErrorCallback != NULL)
 950:Drivers/STM32F4xx_HAL_Driver/Src/stm32f4xx_hal_dma.c ****     {
 951:Drivers/STM32F4xx_HAL_Driver/Src/stm32f4xx_hal_dma.c ****       /* Transfer error callback */
 952:Drivers/STM32F4xx_HAL_Driver/Src/stm32f4xx_hal_dma.c ****       hdma->XferErrorCallback(hdma);
 953:Drivers/STM32F4xx_HAL_Driver/Src/stm32f4xx_hal_dma.c ****     }
 954:Drivers/STM32F4xx_HAL_Driver/Src/stm32f4xx_hal_dma.c ****   }
 955:Drivers/STM32F4xx_HAL_Driver/Src/stm32f4xx_hal_dma.c **** }
 956:Drivers/STM32F4xx_HAL_Driver/Src/stm32f4xx_hal_dma.c **** 
 957:Drivers/STM32F4xx_HAL_Driver/Src/stm32f4xx_hal_dma.c **** /**
 958:Drivers/STM32F4xx_HAL_Driver/Src/stm32f4xx_hal_dma.c ****   * @brief  Register callbacks
 959:Drivers/STM32F4xx_HAL_Driver/Src/stm32f4xx_hal_dma.c ****   * @param  hdma                 pointer to a DMA_HandleTypeDef structure that contains
 960:Drivers/STM32F4xx_HAL_Driver/Src/stm32f4xx_hal_dma.c ****   *                               the configuration information for the specified DMA Stream.
 961:Drivers/STM32F4xx_HAL_Driver/Src/stm32f4xx_hal_dma.c ****   * @param  CallbackID           User Callback identifier
 962:Drivers/STM32F4xx_HAL_Driver/Src/stm32f4xx_hal_dma.c ****   *                               a DMA_HandleTypeDef structure as parameter.
 963:Drivers/STM32F4xx_HAL_Driver/Src/stm32f4xx_hal_dma.c ****   * @param  pCallback            pointer to private callback function which has pointer to 
 964:Drivers/STM32F4xx_HAL_Driver/Src/stm32f4xx_hal_dma.c ****   *                               a DMA_HandleTypeDef structure as parameter.
 965:Drivers/STM32F4xx_HAL_Driver/Src/stm32f4xx_hal_dma.c ****   * @retval HAL status
 966:Drivers/STM32F4xx_HAL_Driver/Src/stm32f4xx_hal_dma.c ****   */                      
 967:Drivers/STM32F4xx_HAL_Driver/Src/stm32f4xx_hal_dma.c **** HAL_StatusTypeDef HAL_DMA_RegisterCallback(DMA_HandleTypeDef *hdma, HAL_DMA_CallbackIDTypeDef Callb
 968:Drivers/STM32F4xx_HAL_Driver/Src/stm32f4xx_hal_dma.c **** {
 969:Drivers/STM32F4xx_HAL_Driver/Src/stm32f4xx_hal_dma.c **** 
 970:Drivers/STM32F4xx_HAL_Driver/Src/stm32f4xx_hal_dma.c ****   HAL_StatusTypeDef status = HAL_OK;
 971:Drivers/STM32F4xx_HAL_Driver/Src/stm32f4xx_hal_dma.c **** 
 972:Drivers/STM32F4xx_HAL_Driver/Src/stm32f4xx_hal_dma.c ****   /* Process locked */
 973:Drivers/STM32F4xx_HAL_Driver/Src/stm32f4xx_hal_dma.c ****   __HAL_LOCK(hdma);
 974:Drivers/STM32F4xx_HAL_Driver/Src/stm32f4xx_hal_dma.c **** 
 975:Drivers/STM32F4xx_HAL_Driver/Src/stm32f4xx_hal_dma.c ****   if(HAL_DMA_STATE_READY == hdma->State)
 976:Drivers/STM32F4xx_HAL_Driver/Src/stm32f4xx_hal_dma.c ****   {
 977:Drivers/STM32F4xx_HAL_Driver/Src/stm32f4xx_hal_dma.c ****     switch (CallbackID)
 978:Drivers/STM32F4xx_HAL_Driver/Src/stm32f4xx_hal_dma.c ****     {
 979:Drivers/STM32F4xx_HAL_Driver/Src/stm32f4xx_hal_dma.c ****     case  HAL_DMA_XFER_CPLT_CB_ID:
 980:Drivers/STM32F4xx_HAL_Driver/Src/stm32f4xx_hal_dma.c ****       hdma->XferCpltCallback = pCallback;
 981:Drivers/STM32F4xx_HAL_Driver/Src/stm32f4xx_hal_dma.c ****       break;
 982:Drivers/STM32F4xx_HAL_Driver/Src/stm32f4xx_hal_dma.c **** 
 983:Drivers/STM32F4xx_HAL_Driver/Src/stm32f4xx_hal_dma.c ****     case  HAL_DMA_XFER_HALFCPLT_CB_ID:
 984:Drivers/STM32F4xx_HAL_Driver/Src/stm32f4xx_hal_dma.c ****       hdma->XferHalfCpltCallback = pCallback;
 985:Drivers/STM32F4xx_HAL_Driver/Src/stm32f4xx_hal_dma.c ****       break;
 986:Drivers/STM32F4xx_HAL_Driver/Src/stm32f4xx_hal_dma.c **** 
 987:Drivers/STM32F4xx_HAL_Driver/Src/stm32f4xx_hal_dma.c ****     case  HAL_DMA_XFER_M1CPLT_CB_ID:
 988:Drivers/STM32F4xx_HAL_Driver/Src/stm32f4xx_hal_dma.c ****       hdma->XferM1CpltCallback = pCallback;
 989:Drivers/STM32F4xx_HAL_Driver/Src/stm32f4xx_hal_dma.c ****       break;
ARM GAS  C:\Users\techn\AppData\Local\Temp\ccFAleKM.s 			page 22


 990:Drivers/STM32F4xx_HAL_Driver/Src/stm32f4xx_hal_dma.c **** 
 991:Drivers/STM32F4xx_HAL_Driver/Src/stm32f4xx_hal_dma.c ****     case  HAL_DMA_XFER_M1HALFCPLT_CB_ID:
 992:Drivers/STM32F4xx_HAL_Driver/Src/stm32f4xx_hal_dma.c ****       hdma->XferM1HalfCpltCallback = pCallback;
 993:Drivers/STM32F4xx_HAL_Driver/Src/stm32f4xx_hal_dma.c ****       break;
 994:Drivers/STM32F4xx_HAL_Driver/Src/stm32f4xx_hal_dma.c **** 
 995:Drivers/STM32F4xx_HAL_Driver/Src/stm32f4xx_hal_dma.c ****     case  HAL_DMA_XFER_ERROR_CB_ID:
 996:Drivers/STM32F4xx_HAL_Driver/Src/stm32f4xx_hal_dma.c ****       hdma->XferErrorCallback = pCallback;
 997:Drivers/STM32F4xx_HAL_Driver/Src/stm32f4xx_hal_dma.c ****       break;
 998:Drivers/STM32F4xx_HAL_Driver/Src/stm32f4xx_hal_dma.c **** 
 999:Drivers/STM32F4xx_HAL_Driver/Src/stm32f4xx_hal_dma.c ****     case  HAL_DMA_XFER_ABORT_CB_ID:
1000:Drivers/STM32F4xx_HAL_Driver/Src/stm32f4xx_hal_dma.c ****       hdma->XferAbortCallback = pCallback;
1001:Drivers/STM32F4xx_HAL_Driver/Src/stm32f4xx_hal_dma.c ****       break;
1002:Drivers/STM32F4xx_HAL_Driver/Src/stm32f4xx_hal_dma.c **** 
1003:Drivers/STM32F4xx_HAL_Driver/Src/stm32f4xx_hal_dma.c ****     default:
1004:Drivers/STM32F4xx_HAL_Driver/Src/stm32f4xx_hal_dma.c ****       /* Return error status */
1005:Drivers/STM32F4xx_HAL_Driver/Src/stm32f4xx_hal_dma.c ****       status =  HAL_ERROR;
1006:Drivers/STM32F4xx_HAL_Driver/Src/stm32f4xx_hal_dma.c ****       break;
1007:Drivers/STM32F4xx_HAL_Driver/Src/stm32f4xx_hal_dma.c ****     }
1008:Drivers/STM32F4xx_HAL_Driver/Src/stm32f4xx_hal_dma.c ****   }
1009:Drivers/STM32F4xx_HAL_Driver/Src/stm32f4xx_hal_dma.c ****   else
1010:Drivers/STM32F4xx_HAL_Driver/Src/stm32f4xx_hal_dma.c ****   {
1011:Drivers/STM32F4xx_HAL_Driver/Src/stm32f4xx_hal_dma.c ****     /* Return error status */
1012:Drivers/STM32F4xx_HAL_Driver/Src/stm32f4xx_hal_dma.c ****     status =  HAL_ERROR;
1013:Drivers/STM32F4xx_HAL_Driver/Src/stm32f4xx_hal_dma.c ****   }
1014:Drivers/STM32F4xx_HAL_Driver/Src/stm32f4xx_hal_dma.c **** 
1015:Drivers/STM32F4xx_HAL_Driver/Src/stm32f4xx_hal_dma.c ****   /* Release Lock */
1016:Drivers/STM32F4xx_HAL_Driver/Src/stm32f4xx_hal_dma.c ****   __HAL_UNLOCK(hdma);
1017:Drivers/STM32F4xx_HAL_Driver/Src/stm32f4xx_hal_dma.c ****   
1018:Drivers/STM32F4xx_HAL_Driver/Src/stm32f4xx_hal_dma.c ****   return status;
1019:Drivers/STM32F4xx_HAL_Driver/Src/stm32f4xx_hal_dma.c **** }
1020:Drivers/STM32F4xx_HAL_Driver/Src/stm32f4xx_hal_dma.c **** 
1021:Drivers/STM32F4xx_HAL_Driver/Src/stm32f4xx_hal_dma.c **** /**
1022:Drivers/STM32F4xx_HAL_Driver/Src/stm32f4xx_hal_dma.c ****   * @brief  UnRegister callbacks
1023:Drivers/STM32F4xx_HAL_Driver/Src/stm32f4xx_hal_dma.c ****   * @param  hdma                 pointer to a DMA_HandleTypeDef structure that contains
1024:Drivers/STM32F4xx_HAL_Driver/Src/stm32f4xx_hal_dma.c ****   *                               the configuration information for the specified DMA Stream.
1025:Drivers/STM32F4xx_HAL_Driver/Src/stm32f4xx_hal_dma.c ****   * @param  CallbackID           User Callback identifier
1026:Drivers/STM32F4xx_HAL_Driver/Src/stm32f4xx_hal_dma.c ****   *                               a HAL_DMA_CallbackIDTypeDef ENUM as parameter.
1027:Drivers/STM32F4xx_HAL_Driver/Src/stm32f4xx_hal_dma.c ****   * @retval HAL status
1028:Drivers/STM32F4xx_HAL_Driver/Src/stm32f4xx_hal_dma.c ****   */              
1029:Drivers/STM32F4xx_HAL_Driver/Src/stm32f4xx_hal_dma.c **** HAL_StatusTypeDef HAL_DMA_UnRegisterCallback(DMA_HandleTypeDef *hdma, HAL_DMA_CallbackIDTypeDef Cal
1030:Drivers/STM32F4xx_HAL_Driver/Src/stm32f4xx_hal_dma.c **** {
1031:Drivers/STM32F4xx_HAL_Driver/Src/stm32f4xx_hal_dma.c ****   HAL_StatusTypeDef status = HAL_OK;
1032:Drivers/STM32F4xx_HAL_Driver/Src/stm32f4xx_hal_dma.c ****   
1033:Drivers/STM32F4xx_HAL_Driver/Src/stm32f4xx_hal_dma.c ****   /* Process locked */
1034:Drivers/STM32F4xx_HAL_Driver/Src/stm32f4xx_hal_dma.c ****   __HAL_LOCK(hdma);
1035:Drivers/STM32F4xx_HAL_Driver/Src/stm32f4xx_hal_dma.c ****   
1036:Drivers/STM32F4xx_HAL_Driver/Src/stm32f4xx_hal_dma.c ****   if(HAL_DMA_STATE_READY == hdma->State)
1037:Drivers/STM32F4xx_HAL_Driver/Src/stm32f4xx_hal_dma.c ****   {
1038:Drivers/STM32F4xx_HAL_Driver/Src/stm32f4xx_hal_dma.c ****     switch (CallbackID)
1039:Drivers/STM32F4xx_HAL_Driver/Src/stm32f4xx_hal_dma.c ****     {
1040:Drivers/STM32F4xx_HAL_Driver/Src/stm32f4xx_hal_dma.c ****     case  HAL_DMA_XFER_CPLT_CB_ID:
1041:Drivers/STM32F4xx_HAL_Driver/Src/stm32f4xx_hal_dma.c ****       hdma->XferCpltCallback = NULL;
1042:Drivers/STM32F4xx_HAL_Driver/Src/stm32f4xx_hal_dma.c ****       break;
1043:Drivers/STM32F4xx_HAL_Driver/Src/stm32f4xx_hal_dma.c ****       
1044:Drivers/STM32F4xx_HAL_Driver/Src/stm32f4xx_hal_dma.c ****     case  HAL_DMA_XFER_HALFCPLT_CB_ID:
1045:Drivers/STM32F4xx_HAL_Driver/Src/stm32f4xx_hal_dma.c ****       hdma->XferHalfCpltCallback = NULL;
1046:Drivers/STM32F4xx_HAL_Driver/Src/stm32f4xx_hal_dma.c ****       break;
ARM GAS  C:\Users\techn\AppData\Local\Temp\ccFAleKM.s 			page 23


1047:Drivers/STM32F4xx_HAL_Driver/Src/stm32f4xx_hal_dma.c ****       
1048:Drivers/STM32F4xx_HAL_Driver/Src/stm32f4xx_hal_dma.c ****     case  HAL_DMA_XFER_M1CPLT_CB_ID:
1049:Drivers/STM32F4xx_HAL_Driver/Src/stm32f4xx_hal_dma.c ****       hdma->XferM1CpltCallback = NULL;
1050:Drivers/STM32F4xx_HAL_Driver/Src/stm32f4xx_hal_dma.c ****       break;
1051:Drivers/STM32F4xx_HAL_Driver/Src/stm32f4xx_hal_dma.c ****       
1052:Drivers/STM32F4xx_HAL_Driver/Src/stm32f4xx_hal_dma.c ****     case  HAL_DMA_XFER_M1HALFCPLT_CB_ID:
1053:Drivers/STM32F4xx_HAL_Driver/Src/stm32f4xx_hal_dma.c ****       hdma->XferM1HalfCpltCallback = NULL;
1054:Drivers/STM32F4xx_HAL_Driver/Src/stm32f4xx_hal_dma.c ****       break;
1055:Drivers/STM32F4xx_HAL_Driver/Src/stm32f4xx_hal_dma.c ****       
1056:Drivers/STM32F4xx_HAL_Driver/Src/stm32f4xx_hal_dma.c ****     case  HAL_DMA_XFER_ERROR_CB_ID:
1057:Drivers/STM32F4xx_HAL_Driver/Src/stm32f4xx_hal_dma.c ****       hdma->XferErrorCallback = NULL;
1058:Drivers/STM32F4xx_HAL_Driver/Src/stm32f4xx_hal_dma.c ****       break;
1059:Drivers/STM32F4xx_HAL_Driver/Src/stm32f4xx_hal_dma.c ****       
1060:Drivers/STM32F4xx_HAL_Driver/Src/stm32f4xx_hal_dma.c ****     case  HAL_DMA_XFER_ABORT_CB_ID:
1061:Drivers/STM32F4xx_HAL_Driver/Src/stm32f4xx_hal_dma.c ****       hdma->XferAbortCallback = NULL;
1062:Drivers/STM32F4xx_HAL_Driver/Src/stm32f4xx_hal_dma.c ****       break; 
1063:Drivers/STM32F4xx_HAL_Driver/Src/stm32f4xx_hal_dma.c ****       
1064:Drivers/STM32F4xx_HAL_Driver/Src/stm32f4xx_hal_dma.c ****     case   HAL_DMA_XFER_ALL_CB_ID:
1065:Drivers/STM32F4xx_HAL_Driver/Src/stm32f4xx_hal_dma.c ****       hdma->XferCpltCallback = NULL;
1066:Drivers/STM32F4xx_HAL_Driver/Src/stm32f4xx_hal_dma.c ****       hdma->XferHalfCpltCallback = NULL;
1067:Drivers/STM32F4xx_HAL_Driver/Src/stm32f4xx_hal_dma.c ****       hdma->XferM1CpltCallback = NULL;
1068:Drivers/STM32F4xx_HAL_Driver/Src/stm32f4xx_hal_dma.c ****       hdma->XferM1HalfCpltCallback = NULL;
1069:Drivers/STM32F4xx_HAL_Driver/Src/stm32f4xx_hal_dma.c ****       hdma->XferErrorCallback = NULL;
1070:Drivers/STM32F4xx_HAL_Driver/Src/stm32f4xx_hal_dma.c ****       hdma->XferAbortCallback = NULL;
1071:Drivers/STM32F4xx_HAL_Driver/Src/stm32f4xx_hal_dma.c ****       break; 
1072:Drivers/STM32F4xx_HAL_Driver/Src/stm32f4xx_hal_dma.c ****       
1073:Drivers/STM32F4xx_HAL_Driver/Src/stm32f4xx_hal_dma.c ****     default:
1074:Drivers/STM32F4xx_HAL_Driver/Src/stm32f4xx_hal_dma.c ****       status = HAL_ERROR;
1075:Drivers/STM32F4xx_HAL_Driver/Src/stm32f4xx_hal_dma.c ****       break;
1076:Drivers/STM32F4xx_HAL_Driver/Src/stm32f4xx_hal_dma.c ****     }
1077:Drivers/STM32F4xx_HAL_Driver/Src/stm32f4xx_hal_dma.c ****   }
1078:Drivers/STM32F4xx_HAL_Driver/Src/stm32f4xx_hal_dma.c ****   else
1079:Drivers/STM32F4xx_HAL_Driver/Src/stm32f4xx_hal_dma.c ****   {
1080:Drivers/STM32F4xx_HAL_Driver/Src/stm32f4xx_hal_dma.c ****     status = HAL_ERROR;
1081:Drivers/STM32F4xx_HAL_Driver/Src/stm32f4xx_hal_dma.c ****   }
1082:Drivers/STM32F4xx_HAL_Driver/Src/stm32f4xx_hal_dma.c ****   
1083:Drivers/STM32F4xx_HAL_Driver/Src/stm32f4xx_hal_dma.c ****   /* Release Lock */
1084:Drivers/STM32F4xx_HAL_Driver/Src/stm32f4xx_hal_dma.c ****   __HAL_UNLOCK(hdma);
1085:Drivers/STM32F4xx_HAL_Driver/Src/stm32f4xx_hal_dma.c ****   
1086:Drivers/STM32F4xx_HAL_Driver/Src/stm32f4xx_hal_dma.c ****   return status;
1087:Drivers/STM32F4xx_HAL_Driver/Src/stm32f4xx_hal_dma.c **** }
1088:Drivers/STM32F4xx_HAL_Driver/Src/stm32f4xx_hal_dma.c **** 
1089:Drivers/STM32F4xx_HAL_Driver/Src/stm32f4xx_hal_dma.c **** /**
1090:Drivers/STM32F4xx_HAL_Driver/Src/stm32f4xx_hal_dma.c ****   * @}
1091:Drivers/STM32F4xx_HAL_Driver/Src/stm32f4xx_hal_dma.c ****   */
1092:Drivers/STM32F4xx_HAL_Driver/Src/stm32f4xx_hal_dma.c **** 
1093:Drivers/STM32F4xx_HAL_Driver/Src/stm32f4xx_hal_dma.c **** /** @addtogroup DMA_Exported_Functions_Group3
1094:Drivers/STM32F4xx_HAL_Driver/Src/stm32f4xx_hal_dma.c ****   *
1095:Drivers/STM32F4xx_HAL_Driver/Src/stm32f4xx_hal_dma.c **** @verbatim
1096:Drivers/STM32F4xx_HAL_Driver/Src/stm32f4xx_hal_dma.c ****  ===============================================================================
1097:Drivers/STM32F4xx_HAL_Driver/Src/stm32f4xx_hal_dma.c ****                     ##### State and Errors functions #####
1098:Drivers/STM32F4xx_HAL_Driver/Src/stm32f4xx_hal_dma.c ****  ===============================================================================
1099:Drivers/STM32F4xx_HAL_Driver/Src/stm32f4xx_hal_dma.c ****     [..]
1100:Drivers/STM32F4xx_HAL_Driver/Src/stm32f4xx_hal_dma.c ****     This subsection provides functions allowing to
1101:Drivers/STM32F4xx_HAL_Driver/Src/stm32f4xx_hal_dma.c ****       (+) Check the DMA state
1102:Drivers/STM32F4xx_HAL_Driver/Src/stm32f4xx_hal_dma.c ****       (+) Get error code
1103:Drivers/STM32F4xx_HAL_Driver/Src/stm32f4xx_hal_dma.c **** 
ARM GAS  C:\Users\techn\AppData\Local\Temp\ccFAleKM.s 			page 24


1104:Drivers/STM32F4xx_HAL_Driver/Src/stm32f4xx_hal_dma.c **** @endverbatim
1105:Drivers/STM32F4xx_HAL_Driver/Src/stm32f4xx_hal_dma.c ****   * @{
1106:Drivers/STM32F4xx_HAL_Driver/Src/stm32f4xx_hal_dma.c ****   */
1107:Drivers/STM32F4xx_HAL_Driver/Src/stm32f4xx_hal_dma.c **** 
1108:Drivers/STM32F4xx_HAL_Driver/Src/stm32f4xx_hal_dma.c **** /**
1109:Drivers/STM32F4xx_HAL_Driver/Src/stm32f4xx_hal_dma.c ****   * @brief  Returns the DMA state.
1110:Drivers/STM32F4xx_HAL_Driver/Src/stm32f4xx_hal_dma.c ****   * @param  hdma pointer to a DMA_HandleTypeDef structure that contains
1111:Drivers/STM32F4xx_HAL_Driver/Src/stm32f4xx_hal_dma.c ****   *               the configuration information for the specified DMA Stream.
1112:Drivers/STM32F4xx_HAL_Driver/Src/stm32f4xx_hal_dma.c ****   * @retval HAL state
1113:Drivers/STM32F4xx_HAL_Driver/Src/stm32f4xx_hal_dma.c ****   */
1114:Drivers/STM32F4xx_HAL_Driver/Src/stm32f4xx_hal_dma.c **** HAL_DMA_StateTypeDef HAL_DMA_GetState(DMA_HandleTypeDef *hdma)
1115:Drivers/STM32F4xx_HAL_Driver/Src/stm32f4xx_hal_dma.c **** {
1116:Drivers/STM32F4xx_HAL_Driver/Src/stm32f4xx_hal_dma.c ****   return hdma->State;
1117:Drivers/STM32F4xx_HAL_Driver/Src/stm32f4xx_hal_dma.c **** }
1118:Drivers/STM32F4xx_HAL_Driver/Src/stm32f4xx_hal_dma.c **** 
1119:Drivers/STM32F4xx_HAL_Driver/Src/stm32f4xx_hal_dma.c **** /**
1120:Drivers/STM32F4xx_HAL_Driver/Src/stm32f4xx_hal_dma.c ****   * @brief  Return the DMA error code
1121:Drivers/STM32F4xx_HAL_Driver/Src/stm32f4xx_hal_dma.c ****   * @param  hdma  pointer to a DMA_HandleTypeDef structure that contains
1122:Drivers/STM32F4xx_HAL_Driver/Src/stm32f4xx_hal_dma.c ****   *              the configuration information for the specified DMA Stream.
1123:Drivers/STM32F4xx_HAL_Driver/Src/stm32f4xx_hal_dma.c ****   * @retval DMA Error Code
1124:Drivers/STM32F4xx_HAL_Driver/Src/stm32f4xx_hal_dma.c ****   */
1125:Drivers/STM32F4xx_HAL_Driver/Src/stm32f4xx_hal_dma.c **** uint32_t HAL_DMA_GetError(DMA_HandleTypeDef *hdma)
1126:Drivers/STM32F4xx_HAL_Driver/Src/stm32f4xx_hal_dma.c **** {
1127:Drivers/STM32F4xx_HAL_Driver/Src/stm32f4xx_hal_dma.c ****   return hdma->ErrorCode;
1128:Drivers/STM32F4xx_HAL_Driver/Src/stm32f4xx_hal_dma.c **** }
1129:Drivers/STM32F4xx_HAL_Driver/Src/stm32f4xx_hal_dma.c **** 
1130:Drivers/STM32F4xx_HAL_Driver/Src/stm32f4xx_hal_dma.c **** /**
1131:Drivers/STM32F4xx_HAL_Driver/Src/stm32f4xx_hal_dma.c ****   * @}
1132:Drivers/STM32F4xx_HAL_Driver/Src/stm32f4xx_hal_dma.c ****   */
1133:Drivers/STM32F4xx_HAL_Driver/Src/stm32f4xx_hal_dma.c **** 
1134:Drivers/STM32F4xx_HAL_Driver/Src/stm32f4xx_hal_dma.c **** /**
1135:Drivers/STM32F4xx_HAL_Driver/Src/stm32f4xx_hal_dma.c ****   * @}
1136:Drivers/STM32F4xx_HAL_Driver/Src/stm32f4xx_hal_dma.c ****   */
1137:Drivers/STM32F4xx_HAL_Driver/Src/stm32f4xx_hal_dma.c **** 
1138:Drivers/STM32F4xx_HAL_Driver/Src/stm32f4xx_hal_dma.c **** /** @addtogroup DMA_Private_Functions
1139:Drivers/STM32F4xx_HAL_Driver/Src/stm32f4xx_hal_dma.c ****   * @{
1140:Drivers/STM32F4xx_HAL_Driver/Src/stm32f4xx_hal_dma.c ****   */
1141:Drivers/STM32F4xx_HAL_Driver/Src/stm32f4xx_hal_dma.c **** 
1142:Drivers/STM32F4xx_HAL_Driver/Src/stm32f4xx_hal_dma.c **** /**
1143:Drivers/STM32F4xx_HAL_Driver/Src/stm32f4xx_hal_dma.c ****   * @brief  Sets the DMA Transfer parameter.
1144:Drivers/STM32F4xx_HAL_Driver/Src/stm32f4xx_hal_dma.c ****   * @param  hdma       pointer to a DMA_HandleTypeDef structure that contains
1145:Drivers/STM32F4xx_HAL_Driver/Src/stm32f4xx_hal_dma.c ****   *                     the configuration information for the specified DMA Stream.
1146:Drivers/STM32F4xx_HAL_Driver/Src/stm32f4xx_hal_dma.c ****   * @param  SrcAddress The source memory Buffer address
1147:Drivers/STM32F4xx_HAL_Driver/Src/stm32f4xx_hal_dma.c ****   * @param  DstAddress The destination memory Buffer address
1148:Drivers/STM32F4xx_HAL_Driver/Src/stm32f4xx_hal_dma.c ****   * @param  DataLength The length of data to be transferred from source to destination
1149:Drivers/STM32F4xx_HAL_Driver/Src/stm32f4xx_hal_dma.c ****   * @retval HAL status
1150:Drivers/STM32F4xx_HAL_Driver/Src/stm32f4xx_hal_dma.c ****   */
1151:Drivers/STM32F4xx_HAL_Driver/Src/stm32f4xx_hal_dma.c **** static void DMA_SetConfig(DMA_HandleTypeDef *hdma, uint32_t SrcAddress, uint32_t DstAddress, uint32
1152:Drivers/STM32F4xx_HAL_Driver/Src/stm32f4xx_hal_dma.c **** {
1153:Drivers/STM32F4xx_HAL_Driver/Src/stm32f4xx_hal_dma.c ****   /* Clear DBM bit */
1154:Drivers/STM32F4xx_HAL_Driver/Src/stm32f4xx_hal_dma.c ****   hdma->Instance->CR &= (uint32_t)(~DMA_SxCR_DBM);
1155:Drivers/STM32F4xx_HAL_Driver/Src/stm32f4xx_hal_dma.c **** 
1156:Drivers/STM32F4xx_HAL_Driver/Src/stm32f4xx_hal_dma.c ****   /* Configure DMA Stream data length */
1157:Drivers/STM32F4xx_HAL_Driver/Src/stm32f4xx_hal_dma.c ****   hdma->Instance->NDTR = DataLength;
1158:Drivers/STM32F4xx_HAL_Driver/Src/stm32f4xx_hal_dma.c **** 
1159:Drivers/STM32F4xx_HAL_Driver/Src/stm32f4xx_hal_dma.c ****   /* Memory to Peripheral */
1160:Drivers/STM32F4xx_HAL_Driver/Src/stm32f4xx_hal_dma.c ****   if((hdma->Init.Direction) == DMA_MEMORY_TO_PERIPH)
ARM GAS  C:\Users\techn\AppData\Local\Temp\ccFAleKM.s 			page 25


1161:Drivers/STM32F4xx_HAL_Driver/Src/stm32f4xx_hal_dma.c ****   {
1162:Drivers/STM32F4xx_HAL_Driver/Src/stm32f4xx_hal_dma.c ****     /* Configure DMA Stream destination address */
1163:Drivers/STM32F4xx_HAL_Driver/Src/stm32f4xx_hal_dma.c ****     hdma->Instance->PAR = DstAddress;
1164:Drivers/STM32F4xx_HAL_Driver/Src/stm32f4xx_hal_dma.c **** 
1165:Drivers/STM32F4xx_HAL_Driver/Src/stm32f4xx_hal_dma.c ****     /* Configure DMA Stream source address */
1166:Drivers/STM32F4xx_HAL_Driver/Src/stm32f4xx_hal_dma.c ****     hdma->Instance->M0AR = SrcAddress;
1167:Drivers/STM32F4xx_HAL_Driver/Src/stm32f4xx_hal_dma.c ****   }
1168:Drivers/STM32F4xx_HAL_Driver/Src/stm32f4xx_hal_dma.c ****   /* Peripheral to Memory */
1169:Drivers/STM32F4xx_HAL_Driver/Src/stm32f4xx_hal_dma.c ****   else
1170:Drivers/STM32F4xx_HAL_Driver/Src/stm32f4xx_hal_dma.c ****   {
1171:Drivers/STM32F4xx_HAL_Driver/Src/stm32f4xx_hal_dma.c ****     /* Configure DMA Stream source address */
1172:Drivers/STM32F4xx_HAL_Driver/Src/stm32f4xx_hal_dma.c ****     hdma->Instance->PAR = SrcAddress;
1173:Drivers/STM32F4xx_HAL_Driver/Src/stm32f4xx_hal_dma.c **** 
1174:Drivers/STM32F4xx_HAL_Driver/Src/stm32f4xx_hal_dma.c ****     /* Configure DMA Stream destination address */
1175:Drivers/STM32F4xx_HAL_Driver/Src/stm32f4xx_hal_dma.c ****     hdma->Instance->M0AR = DstAddress;
1176:Drivers/STM32F4xx_HAL_Driver/Src/stm32f4xx_hal_dma.c ****   }
1177:Drivers/STM32F4xx_HAL_Driver/Src/stm32f4xx_hal_dma.c **** }
1178:Drivers/STM32F4xx_HAL_Driver/Src/stm32f4xx_hal_dma.c **** 
1179:Drivers/STM32F4xx_HAL_Driver/Src/stm32f4xx_hal_dma.c **** /**
1180:Drivers/STM32F4xx_HAL_Driver/Src/stm32f4xx_hal_dma.c ****   * @brief  Returns the DMA Stream base address depending on stream number
1181:Drivers/STM32F4xx_HAL_Driver/Src/stm32f4xx_hal_dma.c ****   * @param  hdma       pointer to a DMA_HandleTypeDef structure that contains
1182:Drivers/STM32F4xx_HAL_Driver/Src/stm32f4xx_hal_dma.c ****   *                     the configuration information for the specified DMA Stream. 
1183:Drivers/STM32F4xx_HAL_Driver/Src/stm32f4xx_hal_dma.c ****   * @retval Stream base address
1184:Drivers/STM32F4xx_HAL_Driver/Src/stm32f4xx_hal_dma.c ****   */
1185:Drivers/STM32F4xx_HAL_Driver/Src/stm32f4xx_hal_dma.c **** static uint32_t DMA_CalcBaseAndBitshift(DMA_HandleTypeDef *hdma)
1186:Drivers/STM32F4xx_HAL_Driver/Src/stm32f4xx_hal_dma.c **** {
1187:Drivers/STM32F4xx_HAL_Driver/Src/stm32f4xx_hal_dma.c ****   uint32_t stream_number = (((uint32_t)hdma->Instance & 0xFFU) - 16U) / 24U;
 176              		.loc 1 1187 55 is_stmt 0 view .LVU74
 177 006e D8B2     		uxtb	r0, r3
 178              		.loc 1 1187 12 view .LVU75
 179 0070 2B4A     		ldr	r2, .L40+4
 180              	.LBE11:
 181              	.LBE10:
 285:Drivers/STM32F4xx_HAL_Driver/Src/stm32f4xx_hal_dma.c **** 
 182              		.loc 1 285 23 view .LVU76
 183 0072 5961     		str	r1, [r3, #20]
 289:Drivers/STM32F4xx_HAL_Driver/Src/stm32f4xx_hal_dma.c ****   
 184              		.loc 1 289 3 is_stmt 1 view .LVU77
 185              	.LVL11:
 186              	.LBB14:
 187              	.LBI10:
1185:Drivers/STM32F4xx_HAL_Driver/Src/stm32f4xx_hal_dma.c **** {
 188              		.loc 1 1185 17 view .LVU78
 189              	.LBB12:
 190              		.loc 1 1187 3 view .LVU79
 191              		.loc 1 1187 64 is_stmt 0 view .LVU80
 192 0074 1038     		subs	r0, r0, #16
 193              	.LVL12:
1188:Drivers/STM32F4xx_HAL_Driver/Src/stm32f4xx_hal_dma.c ****   
1189:Drivers/STM32F4xx_HAL_Driver/Src/stm32f4xx_hal_dma.c ****   /* lookup table for necessary bitshift of flags within status registers */
1190:Drivers/STM32F4xx_HAL_Driver/Src/stm32f4xx_hal_dma.c ****   static const uint8_t flagBitshiftOffset[8U] = {0U, 6U, 16U, 22U, 0U, 6U, 16U, 22U};
 194              		.loc 1 1190 3 is_stmt 1 view .LVU81
1191:Drivers/STM32F4xx_HAL_Driver/Src/stm32f4xx_hal_dma.c ****   hdma->StreamIndex = flagBitshiftOffset[stream_number];
 195              		.loc 1 1191 3 view .LVU82
1187:Drivers/STM32F4xx_HAL_Driver/Src/stm32f4xx_hal_dma.c ****   
 196              		.loc 1 1187 12 is_stmt 0 view .LVU83
 197 0076 A2FB0052 		umull	r5, r2, r2, r0
ARM GAS  C:\Users\techn\AppData\Local\Temp\ccFAleKM.s 			page 26


 198 007a 1209     		lsrs	r2, r2, #4
 199              		.loc 1 1191 41 view .LVU84
 200 007c 2949     		ldr	r1, .L40+8
 201              	.LVL13:
1192:Drivers/STM32F4xx_HAL_Driver/Src/stm32f4xx_hal_dma.c ****   
1193:Drivers/STM32F4xx_HAL_Driver/Src/stm32f4xx_hal_dma.c ****   if (stream_number > 3U)
1194:Drivers/STM32F4xx_HAL_Driver/Src/stm32f4xx_hal_dma.c ****   {
1195:Drivers/STM32F4xx_HAL_Driver/Src/stm32f4xx_hal_dma.c ****     /* return pointer to HISR and HIFCR */
1196:Drivers/STM32F4xx_HAL_Driver/Src/stm32f4xx_hal_dma.c ****     hdma->StreamBaseAddress = (((uint32_t)hdma->Instance & (uint32_t)(~0x3FFU)) + 4U);
 202              		.loc 1 1196 58 view .LVU85
 203 007e 6FF30903 		bfc	r3, #0, #10
 204              	.LVL14:
1191:Drivers/STM32F4xx_HAL_Driver/Src/stm32f4xx_hal_dma.c ****   
 205              		.loc 1 1191 41 view .LVU86
 206 0082 895C     		ldrb	r1, [r1, r2]	@ zero_extendqisi2
1191:Drivers/STM32F4xx_HAL_Driver/Src/stm32f4xx_hal_dma.c ****   
 207              		.loc 1 1191 21 view .LVU87
 208 0084 E165     		str	r1, [r4, #92]
1193:Drivers/STM32F4xx_HAL_Driver/Src/stm32f4xx_hal_dma.c ****   {
 209              		.loc 1 1193 3 is_stmt 1 view .LVU88
1193:Drivers/STM32F4xx_HAL_Driver/Src/stm32f4xx_hal_dma.c ****   {
 210              		.loc 1 1193 6 is_stmt 0 view .LVU89
 211 0086 5F28     		cmp	r0, #95
 212              		.loc 1 1196 5 is_stmt 1 view .LVU90
 213              		.loc 1 1196 81 is_stmt 0 view .LVU91
 214 0088 88BF     		it	hi
 215 008a 0433     		addhi	r3, r3, #4
 216              	.LBE12:
 217              	.LBE14:
 292:Drivers/STM32F4xx_HAL_Driver/Src/stm32f4xx_hal_dma.c **** 
 218              		.loc 1 292 22 view .LVU92
 219 008c 3F22     		movs	r2, #63
 220 008e 8A40     		lsls	r2, r2, r1
 221 0090 A365     		str	r3, [r4, #88]
 222              	.LBB15:
 223              	.LBB13:
1197:Drivers/STM32F4xx_HAL_Driver/Src/stm32f4xx_hal_dma.c ****   }
1198:Drivers/STM32F4xx_HAL_Driver/Src/stm32f4xx_hal_dma.c ****   else
1199:Drivers/STM32F4xx_HAL_Driver/Src/stm32f4xx_hal_dma.c ****   {
1200:Drivers/STM32F4xx_HAL_Driver/Src/stm32f4xx_hal_dma.c ****     /* return pointer to LISR and LIFCR */
1201:Drivers/STM32F4xx_HAL_Driver/Src/stm32f4xx_hal_dma.c ****     hdma->StreamBaseAddress = ((uint32_t)hdma->Instance & (uint32_t)(~0x3FFU));
1202:Drivers/STM32F4xx_HAL_Driver/Src/stm32f4xx_hal_dma.c ****   }
1203:Drivers/STM32F4xx_HAL_Driver/Src/stm32f4xx_hal_dma.c ****   
1204:Drivers/STM32F4xx_HAL_Driver/Src/stm32f4xx_hal_dma.c ****   return hdma->StreamBaseAddress;
 224              		.loc 1 1204 3 is_stmt 1 view .LVU93
 225              	.LVL15:
 226              		.loc 1 1204 3 is_stmt 0 view .LVU94
 227              	.LBE13:
 228              	.LBE15:
 292:Drivers/STM32F4xx_HAL_Driver/Src/stm32f4xx_hal_dma.c **** 
 229              		.loc 1 292 3 is_stmt 1 view .LVU95
 295:Drivers/STM32F4xx_HAL_Driver/Src/stm32f4xx_hal_dma.c ****                                                                                      
 230              		.loc 1 295 19 is_stmt 0 view .LVU96
 231 0092 0020     		movs	r0, #0
 292:Drivers/STM32F4xx_HAL_Driver/Src/stm32f4xx_hal_dma.c **** 
 232              		.loc 1 292 14 view .LVU97
 233 0094 9A60     		str	r2, [r3, #8]
ARM GAS  C:\Users\techn\AppData\Local\Temp\ccFAleKM.s 			page 27


 295:Drivers/STM32F4xx_HAL_Driver/Src/stm32f4xx_hal_dma.c ****                                                                                      
 234              		.loc 1 295 3 is_stmt 1 view .LVU98
 298:Drivers/STM32F4xx_HAL_Driver/Src/stm32f4xx_hal_dma.c **** 
 235              		.loc 1 298 15 is_stmt 0 view .LVU99
 236 0096 0123     		movs	r3, #1
 237              	.LVL16:
 295:Drivers/STM32F4xx_HAL_Driver/Src/stm32f4xx_hal_dma.c ****                                                                                      
 238              		.loc 1 295 19 view .LVU100
 239 0098 6065     		str	r0, [r4, #84]
 298:Drivers/STM32F4xx_HAL_Driver/Src/stm32f4xx_hal_dma.c **** 
 240              		.loc 1 298 3 is_stmt 1 view .LVU101
 298:Drivers/STM32F4xx_HAL_Driver/Src/stm32f4xx_hal_dma.c **** 
 241              		.loc 1 298 15 is_stmt 0 view .LVU102
 242 009a 84F83530 		strb	r3, [r4, #53]
 300:Drivers/STM32F4xx_HAL_Driver/Src/stm32f4xx_hal_dma.c **** }
 243              		.loc 1 300 3 is_stmt 1 view .LVU103
 301:Drivers/STM32F4xx_HAL_Driver/Src/stm32f4xx_hal_dma.c **** 
 244              		.loc 1 301 1 is_stmt 0 view .LVU104
 245 009e 38BD     		pop	{r3, r4, r5, pc}
 246              	.LVL17:
 247              	.L38:
 218:Drivers/STM32F4xx_HAL_Driver/Src/stm32f4xx_hal_dma.c ****       
 248              		.loc 1 218 7 is_stmt 1 view .LVU105
 221:Drivers/STM32F4xx_HAL_Driver/Src/stm32f4xx_hal_dma.c ****       
 249              		.loc 1 221 19 is_stmt 0 view .LVU106
 250 00a0 0323     		movs	r3, #3
 218:Drivers/STM32F4xx_HAL_Driver/Src/stm32f4xx_hal_dma.c ****       
 251              		.loc 1 218 23 view .LVU107
 252 00a2 2022     		movs	r2, #32
 253 00a4 6265     		str	r2, [r4, #84]
 221:Drivers/STM32F4xx_HAL_Driver/Src/stm32f4xx_hal_dma.c ****       
 254              		.loc 1 221 7 is_stmt 1 view .LVU108
 221:Drivers/STM32F4xx_HAL_Driver/Src/stm32f4xx_hal_dma.c ****       
 255              		.loc 1 221 19 is_stmt 0 view .LVU109
 256 00a6 84F83530 		strb	r3, [r4, #53]
 223:Drivers/STM32F4xx_HAL_Driver/Src/stm32f4xx_hal_dma.c ****     }
 257              		.loc 1 223 7 is_stmt 1 view .LVU110
 223:Drivers/STM32F4xx_HAL_Driver/Src/stm32f4xx_hal_dma.c ****     }
 258              		.loc 1 223 14 is_stmt 0 view .LVU111
 259 00aa 1846     		mov	r0, r3
 301:Drivers/STM32F4xx_HAL_Driver/Src/stm32f4xx_hal_dma.c **** 
 260              		.loc 1 301 1 view .LVU112
 261 00ac 38BD     		pop	{r3, r4, r5, pc}
 262              	.LVL18:
 263              	.L7:
 246:Drivers/STM32F4xx_HAL_Driver/Src/stm32f4xx_hal_dma.c ****   }
 264              		.loc 1 246 5 is_stmt 1 view .LVU113
 246:Drivers/STM32F4xx_HAL_Driver/Src/stm32f4xx_hal_dma.c ****   }
 265              		.loc 1 246 33 is_stmt 0 view .LVU114
 266 00ae D4E90B51 		ldrd	r5, r1, [r4, #44]
 267 00b2 2943     		orrs	r1, r1, r5
 246:Drivers/STM32F4xx_HAL_Driver/Src/stm32f4xx_hal_dma.c ****   }
 268              		.loc 1 246 9 view .LVU115
 269 00b4 1143     		orrs	r1, r1, r2
 270              	.LVL19:
 250:Drivers/STM32F4xx_HAL_Driver/Src/stm32f4xx_hal_dma.c **** 
 271              		.loc 1 250 3 is_stmt 1 view .LVU116
ARM GAS  C:\Users\techn\AppData\Local\Temp\ccFAleKM.s 			page 28


 250:Drivers/STM32F4xx_HAL_Driver/Src/stm32f4xx_hal_dma.c **** 
 272              		.loc 1 250 22 is_stmt 0 view .LVU117
 273 00b6 1960     		str	r1, [r3]
 253:Drivers/STM32F4xx_HAL_Driver/Src/stm32f4xx_hal_dma.c **** 
 274              		.loc 1 253 3 is_stmt 1 view .LVU118
 253:Drivers/STM32F4xx_HAL_Driver/Src/stm32f4xx_hal_dma.c **** 
 275              		.loc 1 253 7 is_stmt 0 view .LVU119
 276 00b8 5969     		ldr	r1, [r3, #20]
 277              	.LVL20:
 256:Drivers/STM32F4xx_HAL_Driver/Src/stm32f4xx_hal_dma.c **** 
 278              		.loc 1 256 3 is_stmt 1 view .LVU120
 259:Drivers/STM32F4xx_HAL_Driver/Src/stm32f4xx_hal_dma.c **** 
 279              		.loc 1 259 3 view .LVU121
 262:Drivers/STM32F4xx_HAL_Driver/Src/stm32f4xx_hal_dma.c ****   {
 280              		.loc 1 262 3 view .LVU122
 265:Drivers/STM32F4xx_HAL_Driver/Src/stm32f4xx_hal_dma.c ****     
 281              		.loc 1 265 5 view .LVU123
 265:Drivers/STM32F4xx_HAL_Driver/Src/stm32f4xx_hal_dma.c ****     
 282              		.loc 1 265 22 is_stmt 0 view .LVU124
 283 00ba A26A     		ldr	r2, [r4, #40]
 256:Drivers/STM32F4xx_HAL_Driver/Src/stm32f4xx_hal_dma.c **** 
 284              		.loc 1 256 7 view .LVU125
 285 00bc 21F00701 		bic	r1, r1, #7
 286              	.LVL21:
 256:Drivers/STM32F4xx_HAL_Driver/Src/stm32f4xx_hal_dma.c **** 
 287              		.loc 1 256 7 view .LVU126
 288 00c0 1143     		orrs	r1, r1, r2
 265:Drivers/STM32F4xx_HAL_Driver/Src/stm32f4xx_hal_dma.c ****     
 289              		.loc 1 265 9 view .LVU127
 290 00c2 41F00401 		orr	r1, r1, #4
 291              	.LVL22:
 269:Drivers/STM32F4xx_HAL_Driver/Src/stm32f4xx_hal_dma.c ****     {
 292              		.loc 1 269 5 is_stmt 1 view .LVU128
 269:Drivers/STM32F4xx_HAL_Driver/Src/stm32f4xx_hal_dma.c ****     {
 293              		.loc 1 269 8 is_stmt 0 view .LVU129
 294 00c6 002D     		cmp	r5, #0
 295 00c8 D1D0     		beq	.L8
 271:Drivers/STM32F4xx_HAL_Driver/Src/stm32f4xx_hal_dma.c ****       {
 296              		.loc 1 271 7 is_stmt 1 view .LVU130
 297              	.LVL23:
 298              	.LBB16:
 299              	.LBI16:
1205:Drivers/STM32F4xx_HAL_Driver/Src/stm32f4xx_hal_dma.c **** }
1206:Drivers/STM32F4xx_HAL_Driver/Src/stm32f4xx_hal_dma.c **** 
1207:Drivers/STM32F4xx_HAL_Driver/Src/stm32f4xx_hal_dma.c **** /**
1208:Drivers/STM32F4xx_HAL_Driver/Src/stm32f4xx_hal_dma.c ****   * @brief  Check compatibility between FIFO threshold level and size of the memory burst
1209:Drivers/STM32F4xx_HAL_Driver/Src/stm32f4xx_hal_dma.c ****   * @param  hdma       pointer to a DMA_HandleTypeDef structure that contains
1210:Drivers/STM32F4xx_HAL_Driver/Src/stm32f4xx_hal_dma.c ****   *                     the configuration information for the specified DMA Stream. 
1211:Drivers/STM32F4xx_HAL_Driver/Src/stm32f4xx_hal_dma.c ****   * @retval HAL status
1212:Drivers/STM32F4xx_HAL_Driver/Src/stm32f4xx_hal_dma.c ****   */
1213:Drivers/STM32F4xx_HAL_Driver/Src/stm32f4xx_hal_dma.c **** static HAL_StatusTypeDef DMA_CheckFifoParam(DMA_HandleTypeDef *hdma)
 300              		.loc 1 1213 26 view .LVU131
 301              	.LBB17:
1214:Drivers/STM32F4xx_HAL_Driver/Src/stm32f4xx_hal_dma.c **** {
1215:Drivers/STM32F4xx_HAL_Driver/Src/stm32f4xx_hal_dma.c ****   HAL_StatusTypeDef status = HAL_OK;
 302              		.loc 1 1215 3 view .LVU132
1216:Drivers/STM32F4xx_HAL_Driver/Src/stm32f4xx_hal_dma.c ****   uint32_t tmp = hdma->Init.FIFOThreshold;
ARM GAS  C:\Users\techn\AppData\Local\Temp\ccFAleKM.s 			page 29


 303              		.loc 1 1216 3 view .LVU133
1217:Drivers/STM32F4xx_HAL_Driver/Src/stm32f4xx_hal_dma.c ****   
1218:Drivers/STM32F4xx_HAL_Driver/Src/stm32f4xx_hal_dma.c ****   /* Memory Data size equal to Byte */
1219:Drivers/STM32F4xx_HAL_Driver/Src/stm32f4xx_hal_dma.c ****   if(hdma->Init.MemDataAlignment == DMA_MDATAALIGN_BYTE)
 304              		.loc 1 1219 3 view .LVU134
 305              		.loc 1 1219 5 is_stmt 0 view .LVU135
 306 00ca 68B9     		cbnz	r0, .L9
1220:Drivers/STM32F4xx_HAL_Driver/Src/stm32f4xx_hal_dma.c ****   {
1221:Drivers/STM32F4xx_HAL_Driver/Src/stm32f4xx_hal_dma.c ****     switch (tmp)
 307              		.loc 1 1221 5 is_stmt 1 view .LVU136
 308 00cc 012A     		cmp	r2, #1
 309 00ce 21D0     		beq	.L13
 310 00d0 32F00202 		bics	r2, r2, #2
 311              	.LVL24:
 312              		.loc 1 1221 5 is_stmt 0 view .LVU137
 313 00d4 CBD1     		bne	.L8
 314              	.L35:
1222:Drivers/STM32F4xx_HAL_Driver/Src/stm32f4xx_hal_dma.c ****     {
1223:Drivers/STM32F4xx_HAL_Driver/Src/stm32f4xx_hal_dma.c ****     case DMA_FIFO_THRESHOLD_1QUARTERFULL:
1224:Drivers/STM32F4xx_HAL_Driver/Src/stm32f4xx_hal_dma.c ****     case DMA_FIFO_THRESHOLD_3QUARTERSFULL:
1225:Drivers/STM32F4xx_HAL_Driver/Src/stm32f4xx_hal_dma.c ****       if ((hdma->Init.MemBurst & DMA_SxCR_MBURST_1) == DMA_SxCR_MBURST_1)
1226:Drivers/STM32F4xx_HAL_Driver/Src/stm32f4xx_hal_dma.c ****       {
1227:Drivers/STM32F4xx_HAL_Driver/Src/stm32f4xx_hal_dma.c ****         status = HAL_ERROR;
1228:Drivers/STM32F4xx_HAL_Driver/Src/stm32f4xx_hal_dma.c ****       }
1229:Drivers/STM32F4xx_HAL_Driver/Src/stm32f4xx_hal_dma.c ****       break;
1230:Drivers/STM32F4xx_HAL_Driver/Src/stm32f4xx_hal_dma.c ****     case DMA_FIFO_THRESHOLD_HALFFULL:
1231:Drivers/STM32F4xx_HAL_Driver/Src/stm32f4xx_hal_dma.c ****       if (hdma->Init.MemBurst == DMA_MBURST_INC16)
1232:Drivers/STM32F4xx_HAL_Driver/Src/stm32f4xx_hal_dma.c ****       {
1233:Drivers/STM32F4xx_HAL_Driver/Src/stm32f4xx_hal_dma.c ****         status = HAL_ERROR;
1234:Drivers/STM32F4xx_HAL_Driver/Src/stm32f4xx_hal_dma.c ****       }
1235:Drivers/STM32F4xx_HAL_Driver/Src/stm32f4xx_hal_dma.c ****       break;
1236:Drivers/STM32F4xx_HAL_Driver/Src/stm32f4xx_hal_dma.c ****     case DMA_FIFO_THRESHOLD_FULL:
1237:Drivers/STM32F4xx_HAL_Driver/Src/stm32f4xx_hal_dma.c ****       break;
1238:Drivers/STM32F4xx_HAL_Driver/Src/stm32f4xx_hal_dma.c ****     default:
1239:Drivers/STM32F4xx_HAL_Driver/Src/stm32f4xx_hal_dma.c ****       break;
1240:Drivers/STM32F4xx_HAL_Driver/Src/stm32f4xx_hal_dma.c ****     }
1241:Drivers/STM32F4xx_HAL_Driver/Src/stm32f4xx_hal_dma.c ****   }
1242:Drivers/STM32F4xx_HAL_Driver/Src/stm32f4xx_hal_dma.c ****   
1243:Drivers/STM32F4xx_HAL_Driver/Src/stm32f4xx_hal_dma.c ****   /* Memory Data size equal to Half-Word */
1244:Drivers/STM32F4xx_HAL_Driver/Src/stm32f4xx_hal_dma.c ****   else if (hdma->Init.MemDataAlignment == DMA_MDATAALIGN_HALFWORD)
1245:Drivers/STM32F4xx_HAL_Driver/Src/stm32f4xx_hal_dma.c ****   {
1246:Drivers/STM32F4xx_HAL_Driver/Src/stm32f4xx_hal_dma.c ****     switch (tmp)
1247:Drivers/STM32F4xx_HAL_Driver/Src/stm32f4xx_hal_dma.c ****     {
1248:Drivers/STM32F4xx_HAL_Driver/Src/stm32f4xx_hal_dma.c ****     case DMA_FIFO_THRESHOLD_1QUARTERFULL:
1249:Drivers/STM32F4xx_HAL_Driver/Src/stm32f4xx_hal_dma.c ****     case DMA_FIFO_THRESHOLD_3QUARTERSFULL:
1250:Drivers/STM32F4xx_HAL_Driver/Src/stm32f4xx_hal_dma.c ****       status = HAL_ERROR;
1251:Drivers/STM32F4xx_HAL_Driver/Src/stm32f4xx_hal_dma.c ****       break;
1252:Drivers/STM32F4xx_HAL_Driver/Src/stm32f4xx_hal_dma.c ****     case DMA_FIFO_THRESHOLD_HALFFULL:
1253:Drivers/STM32F4xx_HAL_Driver/Src/stm32f4xx_hal_dma.c ****       if ((hdma->Init.MemBurst & DMA_SxCR_MBURST_1) == DMA_SxCR_MBURST_1)
1254:Drivers/STM32F4xx_HAL_Driver/Src/stm32f4xx_hal_dma.c ****       {
1255:Drivers/STM32F4xx_HAL_Driver/Src/stm32f4xx_hal_dma.c ****         status = HAL_ERROR;
1256:Drivers/STM32F4xx_HAL_Driver/Src/stm32f4xx_hal_dma.c ****       }
1257:Drivers/STM32F4xx_HAL_Driver/Src/stm32f4xx_hal_dma.c ****       break;
1258:Drivers/STM32F4xx_HAL_Driver/Src/stm32f4xx_hal_dma.c ****     case DMA_FIFO_THRESHOLD_FULL:
1259:Drivers/STM32F4xx_HAL_Driver/Src/stm32f4xx_hal_dma.c ****       if (hdma->Init.MemBurst == DMA_MBURST_INC16)
1260:Drivers/STM32F4xx_HAL_Driver/Src/stm32f4xx_hal_dma.c ****       {
1261:Drivers/STM32F4xx_HAL_Driver/Src/stm32f4xx_hal_dma.c ****         status = HAL_ERROR;
ARM GAS  C:\Users\techn\AppData\Local\Temp\ccFAleKM.s 			page 30


1262:Drivers/STM32F4xx_HAL_Driver/Src/stm32f4xx_hal_dma.c ****       }
1263:Drivers/STM32F4xx_HAL_Driver/Src/stm32f4xx_hal_dma.c ****       break;   
1264:Drivers/STM32F4xx_HAL_Driver/Src/stm32f4xx_hal_dma.c ****     default:
1265:Drivers/STM32F4xx_HAL_Driver/Src/stm32f4xx_hal_dma.c ****       break;
1266:Drivers/STM32F4xx_HAL_Driver/Src/stm32f4xx_hal_dma.c ****     }
1267:Drivers/STM32F4xx_HAL_Driver/Src/stm32f4xx_hal_dma.c ****   }
1268:Drivers/STM32F4xx_HAL_Driver/Src/stm32f4xx_hal_dma.c ****   
1269:Drivers/STM32F4xx_HAL_Driver/Src/stm32f4xx_hal_dma.c ****   /* Memory Data size equal to Word */
1270:Drivers/STM32F4xx_HAL_Driver/Src/stm32f4xx_hal_dma.c ****   else
1271:Drivers/STM32F4xx_HAL_Driver/Src/stm32f4xx_hal_dma.c ****   {
1272:Drivers/STM32F4xx_HAL_Driver/Src/stm32f4xx_hal_dma.c ****     switch (tmp)
1273:Drivers/STM32F4xx_HAL_Driver/Src/stm32f4xx_hal_dma.c ****     {
1274:Drivers/STM32F4xx_HAL_Driver/Src/stm32f4xx_hal_dma.c ****     case DMA_FIFO_THRESHOLD_1QUARTERFULL:
1275:Drivers/STM32F4xx_HAL_Driver/Src/stm32f4xx_hal_dma.c ****     case DMA_FIFO_THRESHOLD_HALFFULL:
1276:Drivers/STM32F4xx_HAL_Driver/Src/stm32f4xx_hal_dma.c ****     case DMA_FIFO_THRESHOLD_3QUARTERSFULL:
1277:Drivers/STM32F4xx_HAL_Driver/Src/stm32f4xx_hal_dma.c ****       status = HAL_ERROR;
1278:Drivers/STM32F4xx_HAL_Driver/Src/stm32f4xx_hal_dma.c ****       break;
1279:Drivers/STM32F4xx_HAL_Driver/Src/stm32f4xx_hal_dma.c ****     case DMA_FIFO_THRESHOLD_FULL:
1280:Drivers/STM32F4xx_HAL_Driver/Src/stm32f4xx_hal_dma.c ****       if ((hdma->Init.MemBurst & DMA_SxCR_MBURST_1) == DMA_SxCR_MBURST_1)
 315              		.loc 1 1280 7 is_stmt 1 view .LVU138
 316              		.loc 1 1280 10 is_stmt 0 view .LVU139
 317 00d6 EA01     		lsls	r2, r5, #7
 318 00d8 C9D5     		bpl	.L8
 319              	.L11:
 320              	.LVL25:
1281:Drivers/STM32F4xx_HAL_Driver/Src/stm32f4xx_hal_dma.c ****       {
1282:Drivers/STM32F4xx_HAL_Driver/Src/stm32f4xx_hal_dma.c ****         status = HAL_ERROR;
1283:Drivers/STM32F4xx_HAL_Driver/Src/stm32f4xx_hal_dma.c ****       }
1284:Drivers/STM32F4xx_HAL_Driver/Src/stm32f4xx_hal_dma.c ****       break;
1285:Drivers/STM32F4xx_HAL_Driver/Src/stm32f4xx_hal_dma.c ****     default:
1286:Drivers/STM32F4xx_HAL_Driver/Src/stm32f4xx_hal_dma.c ****       break;
1287:Drivers/STM32F4xx_HAL_Driver/Src/stm32f4xx_hal_dma.c ****     }
1288:Drivers/STM32F4xx_HAL_Driver/Src/stm32f4xx_hal_dma.c ****   } 
1289:Drivers/STM32F4xx_HAL_Driver/Src/stm32f4xx_hal_dma.c ****   
1290:Drivers/STM32F4xx_HAL_Driver/Src/stm32f4xx_hal_dma.c ****   return status; 
 321              		.loc 1 1290 3 is_stmt 1 view .LVU140
 322              		.loc 1 1290 3 is_stmt 0 view .LVU141
 323              	.LBE17:
 324              	.LBE16:
 274:Drivers/STM32F4xx_HAL_Driver/Src/stm32f4xx_hal_dma.c ****         
 325              		.loc 1 274 9 is_stmt 1 view .LVU142
 274:Drivers/STM32F4xx_HAL_Driver/Src/stm32f4xx_hal_dma.c ****         
 326              		.loc 1 274 25 is_stmt 0 view .LVU143
 327 00da 4022     		movs	r2, #64
 277:Drivers/STM32F4xx_HAL_Driver/Src/stm32f4xx_hal_dma.c ****         
 328              		.loc 1 277 21 view .LVU144
 329 00dc 0123     		movs	r3, #1
 274:Drivers/STM32F4xx_HAL_Driver/Src/stm32f4xx_hal_dma.c ****         
 330              		.loc 1 274 25 view .LVU145
 331 00de 6265     		str	r2, [r4, #84]
 277:Drivers/STM32F4xx_HAL_Driver/Src/stm32f4xx_hal_dma.c ****         
 332              		.loc 1 277 9 is_stmt 1 view .LVU146
 277:Drivers/STM32F4xx_HAL_Driver/Src/stm32f4xx_hal_dma.c ****         
 333              		.loc 1 277 21 is_stmt 0 view .LVU147
 334 00e0 84F83530 		strb	r3, [r4, #53]
 279:Drivers/STM32F4xx_HAL_Driver/Src/stm32f4xx_hal_dma.c ****       }
 335              		.loc 1 279 9 is_stmt 1 view .LVU148
ARM GAS  C:\Users\techn\AppData\Local\Temp\ccFAleKM.s 			page 31


 336              	.LVL26:
 337              	.L2:
 179:Drivers/STM32F4xx_HAL_Driver/Src/stm32f4xx_hal_dma.c ****   }
 338              		.loc 1 179 12 is_stmt 0 view .LVU149
 339 00e4 0120     		movs	r0, #1
 301:Drivers/STM32F4xx_HAL_Driver/Src/stm32f4xx_hal_dma.c **** 
 340              		.loc 1 301 1 view .LVU150
 341 00e6 38BD     		pop	{r3, r4, r5, pc}
 342              	.LVL27:
 343              	.L9:
 344              	.LBB19:
 345              	.LBB18:
1244:Drivers/STM32F4xx_HAL_Driver/Src/stm32f4xx_hal_dma.c ****   {
 346              		.loc 1 1244 8 is_stmt 1 view .LVU151
1244:Drivers/STM32F4xx_HAL_Driver/Src/stm32f4xx_hal_dma.c ****   {
 347              		.loc 1 1244 11 is_stmt 0 view .LVU152
 348 00e8 B0F5005F 		cmp	r0, #8192
 349 00ec 04D0     		beq	.L39
1272:Drivers/STM32F4xx_HAL_Driver/Src/stm32f4xx_hal_dma.c ****     {
 350              		.loc 1 1272 5 is_stmt 1 view .LVU153
 351 00ee 022A     		cmp	r2, #2
 352 00f0 F3D9     		bls	.L11
 353 00f2 032A     		cmp	r2, #3
 354 00f4 EFD0     		beq	.L35
 355 00f6 BAE7     		b	.L8
 356              	.L39:
1246:Drivers/STM32F4xx_HAL_Driver/Src/stm32f4xx_hal_dma.c ****     {
 357              		.loc 1 1246 5 view .LVU154
 358 00f8 032A     		cmp	r2, #3
 359 00fa B8D8     		bhi	.L8
 360 00fc 01A0     		adr	r0, .L14
 361 00fe 50F822F0 		ldr	pc, [r0, r2, lsl #2]
 362 0102 00BF     		.p2align 2
 363              	.L14:
 364 0104 DB000000 		.word	.L11+1
 365 0108 D7000000 		.word	.L35+1
 366 010c DB000000 		.word	.L11+1
 367 0110 15010000 		.word	.L13+1
 368              		.p2align 1
 369              	.L13:
1259:Drivers/STM32F4xx_HAL_Driver/Src/stm32f4xx_hal_dma.c ****       {
 370              		.loc 1 1259 7 view .LVU155
1259:Drivers/STM32F4xx_HAL_Driver/Src/stm32f4xx_hal_dma.c ****       {
 371              		.loc 1 1259 10 is_stmt 0 view .LVU156
 372 0114 B5F1C07F 		cmp	r5, #25165824
 373 0118 A9D1     		bne	.L8
 374 011a DEE7     		b	.L11
 375              	.L41:
 376              		.align	2
 377              	.L40:
 378 011c 3F8010F0 		.word	-267354049
 379 0120 ABAAAAAA 		.word	-1431655765
 380 0124 00000000 		.word	flagBitshiftOffset.0
 381              	.LBE18:
 382              	.LBE19:
 383              		.cfi_endproc
 384              	.LFE134:
ARM GAS  C:\Users\techn\AppData\Local\Temp\ccFAleKM.s 			page 32


 386              		.section	.text.HAL_DMA_DeInit,"ax",%progbits
 387              		.align	1
 388              		.p2align 2,,3
 389              		.global	HAL_DMA_DeInit
 390              		.syntax unified
 391              		.thumb
 392              		.thumb_func
 394              	HAL_DMA_DeInit:
 395              	.LVL28:
 396              	.LFB135:
 310:Drivers/STM32F4xx_HAL_Driver/Src/stm32f4xx_hal_dma.c ****   DMA_Base_Registers *regs;
 397              		.loc 1 310 1 is_stmt 1 view -0
 398              		.cfi_startproc
 399              		@ args = 0, pretend = 0, frame = 0
 400              		@ frame_needed = 0, uses_anonymous_args = 0
 401              		@ link register save eliminated.
 311:Drivers/STM32F4xx_HAL_Driver/Src/stm32f4xx_hal_dma.c **** 
 402              		.loc 1 311 3 view .LVU158
 314:Drivers/STM32F4xx_HAL_Driver/Src/stm32f4xx_hal_dma.c ****   {
 403              		.loc 1 314 3 view .LVU159
 314:Drivers/STM32F4xx_HAL_Driver/Src/stm32f4xx_hal_dma.c ****   {
 404              		.loc 1 314 5 is_stmt 0 view .LVU160
 405 0000 0028     		cmp	r0, #0
 406 0002 35D0     		beq	.L45
 320:Drivers/STM32F4xx_HAL_Driver/Src/stm32f4xx_hal_dma.c ****   {
 407              		.loc 1 320 10 view .LVU161
 408 0004 90F83520 		ldrb	r2, [r0, #53]	@ zero_extendqisi2
 320:Drivers/STM32F4xx_HAL_Driver/Src/stm32f4xx_hal_dma.c ****   {
 409              		.loc 1 320 5 view .LVU162
 410 0008 022A     		cmp	r2, #2
 411 000a 0346     		mov	r3, r0
 320:Drivers/STM32F4xx_HAL_Driver/Src/stm32f4xx_hal_dma.c ****   {
 412              		.loc 1 320 3 is_stmt 1 view .LVU163
 320:Drivers/STM32F4xx_HAL_Driver/Src/stm32f4xx_hal_dma.c ****   {
 413              		.loc 1 320 10 is_stmt 0 view .LVU164
 414 000c D0B2     		uxtb	r0, r2
 415              	.LVL29:
 320:Drivers/STM32F4xx_HAL_Driver/Src/stm32f4xx_hal_dma.c ****   {
 416              		.loc 1 320 5 view .LVU165
 417 000e 2ED0     		beq	.L50
 327:Drivers/STM32F4xx_HAL_Driver/Src/stm32f4xx_hal_dma.c **** 
 418              		.loc 1 327 3 is_stmt 1 view .LVU166
 330:Drivers/STM32F4xx_HAL_Driver/Src/stm32f4xx_hal_dma.c **** 
 419              		.loc 1 330 3 view .LVU167
 420 0010 1A68     		ldr	r2, [r3]
 421              	.LBB22:
 422              	.LBB23:
1187:Drivers/STM32F4xx_HAL_Driver/Src/stm32f4xx_hal_dma.c ****   
 423              		.loc 1 1187 12 is_stmt 0 view .LVU168
 424 0012 1849     		ldr	r1, .L53
1187:Drivers/STM32F4xx_HAL_Driver/Src/stm32f4xx_hal_dma.c ****   
 425              		.loc 1 1187 55 view .LVU169
 426 0014 D0B2     		uxtb	r0, r2
1187:Drivers/STM32F4xx_HAL_Driver/Src/stm32f4xx_hal_dma.c ****   
 427              		.loc 1 1187 64 view .LVU170
 428 0016 1038     		subs	r0, r0, #16
 429              	.LBE23:
ARM GAS  C:\Users\techn\AppData\Local\Temp\ccFAleKM.s 			page 33


 430              	.LBE22:
 310:Drivers/STM32F4xx_HAL_Driver/Src/stm32f4xx_hal_dma.c ****   DMA_Base_Registers *regs;
 431              		.loc 1 310 1 view .LVU171
 432 0018 30B4     		push	{r4, r5}
 433              	.LCFI1:
 434              		.cfi_def_cfa_offset 8
 435              		.cfi_offset 4, -8
 436              		.cfi_offset 5, -4
 437              	.LBB30:
 438              	.LBB24:
1187:Drivers/STM32F4xx_HAL_Driver/Src/stm32f4xx_hal_dma.c ****   
 439              		.loc 1 1187 12 view .LVU172
 440 001a A1FB0041 		umull	r4, r1, r1, r0
 441 001e 0909     		lsrs	r1, r1, #4
 442              	.LBE24:
 443              	.LBE30:
 330:Drivers/STM32F4xx_HAL_Driver/Src/stm32f4xx_hal_dma.c **** 
 444              		.loc 1 330 3 view .LVU173
 445 0020 1468     		ldr	r4, [r2]
 446              	.LBB31:
 447              	.LBB25:
1191:Drivers/STM32F4xx_HAL_Driver/Src/stm32f4xx_hal_dma.c ****   
 448              		.loc 1 1191 41 view .LVU174
 449 0022 154D     		ldr	r5, .L53+4
 450              	.LBE25:
 451              	.LBE31:
 330:Drivers/STM32F4xx_HAL_Driver/Src/stm32f4xx_hal_dma.c **** 
 452              		.loc 1 330 3 view .LVU175
 453 0024 24F00104 		bic	r4, r4, #1
 454              	.LBB32:
 455              	.LBB26:
1191:Drivers/STM32F4xx_HAL_Driver/Src/stm32f4xx_hal_dma.c ****   
 456              		.loc 1 1191 41 view .LVU176
 457 0028 6D5C     		ldrb	r5, [r5, r1]	@ zero_extendqisi2
 458              	.LBE26:
 459              	.LBE32:
 330:Drivers/STM32F4xx_HAL_Driver/Src/stm32f4xx_hal_dma.c **** 
 460              		.loc 1 330 3 view .LVU177
 461 002a 1460     		str	r4, [r2]
 333:Drivers/STM32F4xx_HAL_Driver/Src/stm32f4xx_hal_dma.c **** 
 462              		.loc 1 333 3 is_stmt 1 view .LVU178
 333:Drivers/STM32F4xx_HAL_Driver/Src/stm32f4xx_hal_dma.c **** 
 463              		.loc 1 333 24 is_stmt 0 view .LVU179
 464 002c 0021     		movs	r1, #0
 465 002e 1160     		str	r1, [r2]
 336:Drivers/STM32F4xx_HAL_Driver/Src/stm32f4xx_hal_dma.c **** 
 466              		.loc 1 336 3 is_stmt 1 view .LVU180
 336:Drivers/STM32F4xx_HAL_Driver/Src/stm32f4xx_hal_dma.c **** 
 467              		.loc 1 336 24 is_stmt 0 view .LVU181
 468 0030 5160     		str	r1, [r2, #4]
 339:Drivers/STM32F4xx_HAL_Driver/Src/stm32f4xx_hal_dma.c **** 
 469              		.loc 1 339 3 is_stmt 1 view .LVU182
 339:Drivers/STM32F4xx_HAL_Driver/Src/stm32f4xx_hal_dma.c **** 
 470              		.loc 1 339 24 is_stmt 0 view .LVU183
 471 0032 9160     		str	r1, [r2, #8]
 342:Drivers/STM32F4xx_HAL_Driver/Src/stm32f4xx_hal_dma.c ****   
 472              		.loc 1 342 3 is_stmt 1 view .LVU184
ARM GAS  C:\Users\techn\AppData\Local\Temp\ccFAleKM.s 			page 34


 342:Drivers/STM32F4xx_HAL_Driver/Src/stm32f4xx_hal_dma.c ****   
 473              		.loc 1 342 24 is_stmt 0 view .LVU185
 474 0034 D160     		str	r1, [r2, #12]
 345:Drivers/STM32F4xx_HAL_Driver/Src/stm32f4xx_hal_dma.c ****   
 475              		.loc 1 345 3 is_stmt 1 view .LVU186
 345:Drivers/STM32F4xx_HAL_Driver/Src/stm32f4xx_hal_dma.c ****   
 476              		.loc 1 345 24 is_stmt 0 view .LVU187
 477 0036 1161     		str	r1, [r2, #16]
 348:Drivers/STM32F4xx_HAL_Driver/Src/stm32f4xx_hal_dma.c ****   
 478              		.loc 1 348 3 is_stmt 1 view .LVU188
 348:Drivers/STM32F4xx_HAL_Driver/Src/stm32f4xx_hal_dma.c ****   
 479              		.loc 1 348 24 is_stmt 0 view .LVU189
 480 0038 2121     		movs	r1, #33
 481 003a 5161     		str	r1, [r2, #20]
 351:Drivers/STM32F4xx_HAL_Driver/Src/stm32f4xx_hal_dma.c ****   
 482              		.loc 1 351 3 is_stmt 1 view .LVU190
 483              	.LVL30:
 484              	.LBB33:
 485              	.LBI22:
1185:Drivers/STM32F4xx_HAL_Driver/Src/stm32f4xx_hal_dma.c **** {
 486              		.loc 1 1185 17 view .LVU191
 487              	.LBB27:
1187:Drivers/STM32F4xx_HAL_Driver/Src/stm32f4xx_hal_dma.c ****   
 488              		.loc 1 1187 3 view .LVU192
1190:Drivers/STM32F4xx_HAL_Driver/Src/stm32f4xx_hal_dma.c ****   hdma->StreamIndex = flagBitshiftOffset[stream_number];
 489              		.loc 1 1190 3 view .LVU193
1191:Drivers/STM32F4xx_HAL_Driver/Src/stm32f4xx_hal_dma.c ****   
 490              		.loc 1 1191 3 view .LVU194
1193:Drivers/STM32F4xx_HAL_Driver/Src/stm32f4xx_hal_dma.c ****   {
 491              		.loc 1 1193 6 is_stmt 0 view .LVU195
 492 003c 5F28     		cmp	r0, #95
1196:Drivers/STM32F4xx_HAL_Driver/Src/stm32f4xx_hal_dma.c ****   }
 493              		.loc 1 1196 58 view .LVU196
 494 003e 6FF30902 		bfc	r2, #0, #10
1196:Drivers/STM32F4xx_HAL_Driver/Src/stm32f4xx_hal_dma.c ****   }
 495              		.loc 1 1196 81 view .LVU197
 496 0042 88BF     		it	hi
 497 0044 0432     		addhi	r2, r2, #4
 498              	.LBE27:
 499              	.LBE33:
 362:Drivers/STM32F4xx_HAL_Driver/Src/stm32f4xx_hal_dma.c **** 
 500              		.loc 1 362 22 view .LVU198
 501 0046 3F24     		movs	r4, #63
 354:Drivers/STM32F4xx_HAL_Driver/Src/stm32f4xx_hal_dma.c ****   hdma->XferHalfCpltCallback = NULL;
 502              		.loc 1 354 26 view .LVU199
 503 0048 0021     		movs	r1, #0
 362:Drivers/STM32F4xx_HAL_Driver/Src/stm32f4xx_hal_dma.c **** 
 504              		.loc 1 362 22 view .LVU200
 505 004a AC40     		lsls	r4, r4, r5
 506              	.LBB34:
 507              	.LBB28:
1191:Drivers/STM32F4xx_HAL_Driver/Src/stm32f4xx_hal_dma.c ****   
 508              		.loc 1 1191 21 view .LVU201
 509 004c DD65     		str	r5, [r3, #92]
1193:Drivers/STM32F4xx_HAL_Driver/Src/stm32f4xx_hal_dma.c ****   {
 510              		.loc 1 1193 3 is_stmt 1 view .LVU202
1196:Drivers/STM32F4xx_HAL_Driver/Src/stm32f4xx_hal_dma.c ****   }
ARM GAS  C:\Users\techn\AppData\Local\Temp\ccFAleKM.s 			page 35


 511              		.loc 1 1196 5 view .LVU203
 512              	.LBE28:
 513              	.LBE34:
 355:Drivers/STM32F4xx_HAL_Driver/Src/stm32f4xx_hal_dma.c ****   hdma->XferM1CpltCallback = NULL;
 514              		.loc 1 355 30 is_stmt 0 view .LVU204
 515 004e C3E90F11 		strd	r1, r1, [r3, #60]
 357:Drivers/STM32F4xx_HAL_Driver/Src/stm32f4xx_hal_dma.c ****   hdma->XferErrorCallback = NULL;
 516              		.loc 1 357 32 view .LVU205
 517 0052 C3E91111 		strd	r1, r1, [r3, #68]
 358:Drivers/STM32F4xx_HAL_Driver/Src/stm32f4xx_hal_dma.c ****   hdma->XferAbortCallback = NULL;
 518              		.loc 1 358 27 view .LVU206
 519 0056 C3E91311 		strd	r1, r1, [r3, #76]
 520 005a 9A65     		str	r2, [r3, #88]
 521              	.LBB35:
 522              	.LBB29:
1204:Drivers/STM32F4xx_HAL_Driver/Src/stm32f4xx_hal_dma.c **** }
 523              		.loc 1 1204 3 is_stmt 1 view .LVU207
 524              	.LVL31:
1204:Drivers/STM32F4xx_HAL_Driver/Src/stm32f4xx_hal_dma.c **** }
 525              		.loc 1 1204 3 is_stmt 0 view .LVU208
 526              	.LBE29:
 527              	.LBE35:
 354:Drivers/STM32F4xx_HAL_Driver/Src/stm32f4xx_hal_dma.c ****   hdma->XferHalfCpltCallback = NULL;
 528              		.loc 1 354 3 is_stmt 1 view .LVU209
 356:Drivers/STM32F4xx_HAL_Driver/Src/stm32f4xx_hal_dma.c ****   hdma->XferM1HalfCpltCallback = NULL;
 529              		.loc 1 356 3 view .LVU210
 358:Drivers/STM32F4xx_HAL_Driver/Src/stm32f4xx_hal_dma.c ****   hdma->XferAbortCallback = NULL;
 530              		.loc 1 358 3 view .LVU211
 359:Drivers/STM32F4xx_HAL_Driver/Src/stm32f4xx_hal_dma.c **** 
 531              		.loc 1 359 3 view .LVU212
 362:Drivers/STM32F4xx_HAL_Driver/Src/stm32f4xx_hal_dma.c **** 
 532              		.loc 1 362 3 view .LVU213
 362:Drivers/STM32F4xx_HAL_Driver/Src/stm32f4xx_hal_dma.c **** 
 533              		.loc 1 362 14 is_stmt 0 view .LVU214
 534 005c 9460     		str	r4, [r2, #8]
 365:Drivers/STM32F4xx_HAL_Driver/Src/stm32f4xx_hal_dma.c **** 
 535              		.loc 1 365 3 is_stmt 1 view .LVU215
 365:Drivers/STM32F4xx_HAL_Driver/Src/stm32f4xx_hal_dma.c **** 
 536              		.loc 1 365 19 is_stmt 0 view .LVU216
 537 005e 5965     		str	r1, [r3, #84]
 368:Drivers/STM32F4xx_HAL_Driver/Src/stm32f4xx_hal_dma.c **** 
 538              		.loc 1 368 3 is_stmt 1 view .LVU217
 371:Drivers/STM32F4xx_HAL_Driver/Src/stm32f4xx_hal_dma.c **** 
 539              		.loc 1 371 3 is_stmt 0 view .LVU218
 540 0060 83F83410 		strb	r1, [r3, #52]
 368:Drivers/STM32F4xx_HAL_Driver/Src/stm32f4xx_hal_dma.c **** 
 541              		.loc 1 368 15 view .LVU219
 542 0064 83F83510 		strb	r1, [r3, #53]
 371:Drivers/STM32F4xx_HAL_Driver/Src/stm32f4xx_hal_dma.c **** 
 543              		.loc 1 371 3 is_stmt 1 view .LVU220
 371:Drivers/STM32F4xx_HAL_Driver/Src/stm32f4xx_hal_dma.c **** 
 544              		.loc 1 371 3 view .LVU221
 371:Drivers/STM32F4xx_HAL_Driver/Src/stm32f4xx_hal_dma.c **** 
 545              		.loc 1 371 3 view .LVU222
 373:Drivers/STM32F4xx_HAL_Driver/Src/stm32f4xx_hal_dma.c **** }
 546              		.loc 1 373 3 view .LVU223
 373:Drivers/STM32F4xx_HAL_Driver/Src/stm32f4xx_hal_dma.c **** }
ARM GAS  C:\Users\techn\AppData\Local\Temp\ccFAleKM.s 			page 36


 547              		.loc 1 373 10 is_stmt 0 view .LVU224
 548 0068 0846     		mov	r0, r1
 374:Drivers/STM32F4xx_HAL_Driver/Src/stm32f4xx_hal_dma.c **** 
 549              		.loc 1 374 1 view .LVU225
 550 006a 30BC     		pop	{r4, r5}
 551              	.LCFI2:
 552              		.cfi_restore 5
 553              		.cfi_restore 4
 554              		.cfi_def_cfa_offset 0
 555 006c 7047     		bx	lr
 556              	.LVL32:
 557              	.L50:
 374:Drivers/STM32F4xx_HAL_Driver/Src/stm32f4xx_hal_dma.c **** 
 558              		.loc 1 374 1 view .LVU226
 559 006e 7047     		bx	lr
 560              	.LVL33:
 561              	.L45:
 316:Drivers/STM32F4xx_HAL_Driver/Src/stm32f4xx_hal_dma.c ****   }
 562              		.loc 1 316 12 view .LVU227
 563 0070 0120     		movs	r0, #1
 564              	.LVL34:
 316:Drivers/STM32F4xx_HAL_Driver/Src/stm32f4xx_hal_dma.c ****   }
 565              		.loc 1 316 12 view .LVU228
 566 0072 7047     		bx	lr
 567              	.L54:
 568              		.align	2
 569              	.L53:
 570 0074 ABAAAAAA 		.word	-1431655765
 571 0078 00000000 		.word	flagBitshiftOffset.0
 572              		.cfi_endproc
 573              	.LFE135:
 575              		.section	.text.HAL_DMA_Start,"ax",%progbits
 576              		.align	1
 577              		.p2align 2,,3
 578              		.global	HAL_DMA_Start
 579              		.syntax unified
 580              		.thumb
 581              		.thumb_func
 583              	HAL_DMA_Start:
 584              	.LVL35:
 585              	.LFB136:
 408:Drivers/STM32F4xx_HAL_Driver/Src/stm32f4xx_hal_dma.c ****   HAL_StatusTypeDef status = HAL_OK;
 586              		.loc 1 408 1 is_stmt 1 view -0
 587              		.cfi_startproc
 588              		@ args = 0, pretend = 0, frame = 0
 589              		@ frame_needed = 0, uses_anonymous_args = 0
 590              		@ link register save eliminated.
 409:Drivers/STM32F4xx_HAL_Driver/Src/stm32f4xx_hal_dma.c ****   
 591              		.loc 1 409 3 view .LVU230
 412:Drivers/STM32F4xx_HAL_Driver/Src/stm32f4xx_hal_dma.c **** 
 592              		.loc 1 412 3 view .LVU231
 415:Drivers/STM32F4xx_HAL_Driver/Src/stm32f4xx_hal_dma.c **** 
 593              		.loc 1 415 3 view .LVU232
 415:Drivers/STM32F4xx_HAL_Driver/Src/stm32f4xx_hal_dma.c **** 
 594              		.loc 1 415 3 view .LVU233
 408:Drivers/STM32F4xx_HAL_Driver/Src/stm32f4xx_hal_dma.c ****   HAL_StatusTypeDef status = HAL_OK;
 595              		.loc 1 408 1 is_stmt 0 view .LVU234
ARM GAS  C:\Users\techn\AppData\Local\Temp\ccFAleKM.s 			page 37


 596 0000 30B4     		push	{r4, r5}
 597              	.LCFI3:
 598              		.cfi_def_cfa_offset 8
 599              		.cfi_offset 4, -8
 600              		.cfi_offset 5, -4
 415:Drivers/STM32F4xx_HAL_Driver/Src/stm32f4xx_hal_dma.c **** 
 601              		.loc 1 415 3 view .LVU235
 602 0002 90F83440 		ldrb	r4, [r0, #52]	@ zero_extendqisi2
 603 0006 012C     		cmp	r4, #1
 604 0008 09D0     		beq	.L56
 415:Drivers/STM32F4xx_HAL_Driver/Src/stm32f4xx_hal_dma.c **** 
 605              		.loc 1 415 3 is_stmt 1 discriminator 2 view .LVU236
 606 000a 0124     		movs	r4, #1
 607 000c 80F83440 		strb	r4, [r0, #52]
 415:Drivers/STM32F4xx_HAL_Driver/Src/stm32f4xx_hal_dma.c **** 
 608              		.loc 1 415 3 discriminator 2 view .LVU237
 417:Drivers/STM32F4xx_HAL_Driver/Src/stm32f4xx_hal_dma.c ****   {
 609              		.loc 1 417 3 view .LVU238
 417:Drivers/STM32F4xx_HAL_Driver/Src/stm32f4xx_hal_dma.c ****   {
 610              		.loc 1 417 33 is_stmt 0 view .LVU239
 611 0010 90F83540 		ldrb	r4, [r0, #53]	@ zero_extendqisi2
 417:Drivers/STM32F4xx_HAL_Driver/Src/stm32f4xx_hal_dma.c ****   {
 612              		.loc 1 417 5 view .LVU240
 613 0014 012C     		cmp	r4, #1
 614 0016 05D0     		beq	.L65
 434:Drivers/STM32F4xx_HAL_Driver/Src/stm32f4xx_hal_dma.c ****     
 615              		.loc 1 434 5 is_stmt 1 view .LVU241
 434:Drivers/STM32F4xx_HAL_Driver/Src/stm32f4xx_hal_dma.c ****     
 616              		.loc 1 434 5 view .LVU242
 617 0018 0023     		movs	r3, #0
 618              	.LVL36:
 434:Drivers/STM32F4xx_HAL_Driver/Src/stm32f4xx_hal_dma.c ****     
 619              		.loc 1 434 5 is_stmt 0 view .LVU243
 620 001a 80F83430 		strb	r3, [r0, #52]
 434:Drivers/STM32F4xx_HAL_Driver/Src/stm32f4xx_hal_dma.c ****     
 621              		.loc 1 434 5 is_stmt 1 view .LVU244
 437:Drivers/STM32F4xx_HAL_Driver/Src/stm32f4xx_hal_dma.c ****   } 
 622              		.loc 1 437 5 view .LVU245
 623              	.LVL37:
 624              	.L56:
 415:Drivers/STM32F4xx_HAL_Driver/Src/stm32f4xx_hal_dma.c **** 
 625              		.loc 1 415 3 is_stmt 0 discriminator 1 view .LVU246
 626 001e 0220     		movs	r0, #2
 627              	.LVL38:
 440:Drivers/STM32F4xx_HAL_Driver/Src/stm32f4xx_hal_dma.c **** 
 628              		.loc 1 440 1 view .LVU247
 629 0020 30BC     		pop	{r4, r5}
 630              	.LCFI4:
 631              		.cfi_remember_state
 632              		.cfi_restore 5
 633              		.cfi_restore 4
 634              		.cfi_def_cfa_offset 0
 635 0022 7047     		bx	lr
 636              	.LVL39:
 637              	.L65:
 638              	.LCFI5:
 639              		.cfi_restore_state
ARM GAS  C:\Users\techn\AppData\Local\Temp\ccFAleKM.s 			page 38


 420:Drivers/STM32F4xx_HAL_Driver/Src/stm32f4xx_hal_dma.c ****     
 640              		.loc 1 420 5 is_stmt 1 view .LVU248
 420:Drivers/STM32F4xx_HAL_Driver/Src/stm32f4xx_hal_dma.c ****     
 641              		.loc 1 420 17 is_stmt 0 view .LVU249
 642 0024 0224     		movs	r4, #2
 643 0026 80F83540 		strb	r4, [r0, #53]
 423:Drivers/STM32F4xx_HAL_Driver/Src/stm32f4xx_hal_dma.c ****     
 644              		.loc 1 423 5 is_stmt 1 view .LVU250
 423:Drivers/STM32F4xx_HAL_Driver/Src/stm32f4xx_hal_dma.c ****     
 645              		.loc 1 423 21 is_stmt 0 view .LVU251
 646 002a 0024     		movs	r4, #0
 647 002c 4465     		str	r4, [r0, #84]
 426:Drivers/STM32F4xx_HAL_Driver/Src/stm32f4xx_hal_dma.c **** 
 648              		.loc 1 426 5 is_stmt 1 view .LVU252
 649              	.LVL40:
 650              	.LBB36:
 651              	.LBI36:
1151:Drivers/STM32F4xx_HAL_Driver/Src/stm32f4xx_hal_dma.c **** {
 652              		.loc 1 1151 13 view .LVU253
 653              	.LBB37:
1154:Drivers/STM32F4xx_HAL_Driver/Src/stm32f4xx_hal_dma.c **** 
 654              		.loc 1 1154 3 view .LVU254
1154:Drivers/STM32F4xx_HAL_Driver/Src/stm32f4xx_hal_dma.c **** 
 655              		.loc 1 1154 7 is_stmt 0 view .LVU255
 656 002e 0468     		ldr	r4, [r0]
1160:Drivers/STM32F4xx_HAL_Driver/Src/stm32f4xx_hal_dma.c ****   {
 657              		.loc 1 1160 5 view .LVU256
 658 0030 8568     		ldr	r5, [r0, #8]
1154:Drivers/STM32F4xx_HAL_Driver/Src/stm32f4xx_hal_dma.c **** 
 659              		.loc 1 1154 17 view .LVU257
 660 0032 2068     		ldr	r0, [r4]
 661              	.LVL41:
1160:Drivers/STM32F4xx_HAL_Driver/Src/stm32f4xx_hal_dma.c ****   {
 662              		.loc 1 1160 5 view .LVU258
 663 0034 402D     		cmp	r5, #64
1154:Drivers/STM32F4xx_HAL_Driver/Src/stm32f4xx_hal_dma.c **** 
 664              		.loc 1 1154 22 view .LVU259
 665 0036 20F48020 		bic	r0, r0, #262144
 666 003a 2060     		str	r0, [r4]
1157:Drivers/STM32F4xx_HAL_Driver/Src/stm32f4xx_hal_dma.c **** 
 667              		.loc 1 1157 3 is_stmt 1 view .LVU260
1157:Drivers/STM32F4xx_HAL_Driver/Src/stm32f4xx_hal_dma.c **** 
 668              		.loc 1 1157 24 is_stmt 0 view .LVU261
 669 003c 6360     		str	r3, [r4, #4]
1160:Drivers/STM32F4xx_HAL_Driver/Src/stm32f4xx_hal_dma.c ****   {
 670              		.loc 1 1160 3 is_stmt 1 view .LVU262
1163:Drivers/STM32F4xx_HAL_Driver/Src/stm32f4xx_hal_dma.c **** 
 671              		.loc 1 1163 5 view .LVU263
1163:Drivers/STM32F4xx_HAL_Driver/Src/stm32f4xx_hal_dma.c **** 
 672              		.loc 1 1163 25 is_stmt 0 view .LVU264
 673 003e 0BBF     		itete	eq
 674 0040 A260     		streq	r2, [r4, #8]
1166:Drivers/STM32F4xx_HAL_Driver/Src/stm32f4xx_hal_dma.c ****   }
 675              		.loc 1 1166 5 is_stmt 1 view .LVU265
1172:Drivers/STM32F4xx_HAL_Driver/Src/stm32f4xx_hal_dma.c **** 
 676              		.loc 1 1172 25 is_stmt 0 view .LVU266
 677 0042 A160     		strne	r1, [r4, #8]
ARM GAS  C:\Users\techn\AppData\Local\Temp\ccFAleKM.s 			page 39


1166:Drivers/STM32F4xx_HAL_Driver/Src/stm32f4xx_hal_dma.c ****   }
 678              		.loc 1 1166 26 view .LVU267
 679 0044 E160     		streq	r1, [r4, #12]
1172:Drivers/STM32F4xx_HAL_Driver/Src/stm32f4xx_hal_dma.c **** 
 680              		.loc 1 1172 5 is_stmt 1 view .LVU268
1175:Drivers/STM32F4xx_HAL_Driver/Src/stm32f4xx_hal_dma.c ****   }
 681              		.loc 1 1175 5 view .LVU269
1175:Drivers/STM32F4xx_HAL_Driver/Src/stm32f4xx_hal_dma.c ****   }
 682              		.loc 1 1175 26 is_stmt 0 view .LVU270
 683 0046 E260     		strne	r2, [r4, #12]
 684              	.LVL42:
1175:Drivers/STM32F4xx_HAL_Driver/Src/stm32f4xx_hal_dma.c ****   }
 685              		.loc 1 1175 26 view .LVU271
 686              	.LBE37:
 687              	.LBE36:
 429:Drivers/STM32F4xx_HAL_Driver/Src/stm32f4xx_hal_dma.c ****   }
 688              		.loc 1 429 5 is_stmt 1 view .LVU272
 689 0048 2368     		ldr	r3, [r4]
 690              	.LVL43:
 429:Drivers/STM32F4xx_HAL_Driver/Src/stm32f4xx_hal_dma.c ****   }
 691              		.loc 1 429 5 is_stmt 0 view .LVU273
 692 004a 43F00103 		orr	r3, r3, #1
 409:Drivers/STM32F4xx_HAL_Driver/Src/stm32f4xx_hal_dma.c ****   
 693              		.loc 1 409 21 view .LVU274
 694 004e 0020     		movs	r0, #0
 429:Drivers/STM32F4xx_HAL_Driver/Src/stm32f4xx_hal_dma.c ****   }
 695              		.loc 1 429 5 view .LVU275
 696 0050 2360     		str	r3, [r4]
 697              	.LVL44:
 440:Drivers/STM32F4xx_HAL_Driver/Src/stm32f4xx_hal_dma.c **** 
 698              		.loc 1 440 1 view .LVU276
 699 0052 30BC     		pop	{r4, r5}
 700              	.LCFI6:
 701              		.cfi_restore 5
 702              		.cfi_restore 4
 703              		.cfi_def_cfa_offset 0
 704 0054 7047     		bx	lr
 705              		.cfi_endproc
 706              	.LFE136:
 708 0056 00BF     		.section	.text.HAL_DMA_Start_IT,"ax",%progbits
 709              		.align	1
 710              		.p2align 2,,3
 711              		.global	HAL_DMA_Start_IT
 712              		.syntax unified
 713              		.thumb
 714              		.thumb_func
 716              	HAL_DMA_Start_IT:
 717              	.LVL45:
 718              	.LFB137:
 452:Drivers/STM32F4xx_HAL_Driver/Src/stm32f4xx_hal_dma.c ****   HAL_StatusTypeDef status = HAL_OK;
 719              		.loc 1 452 1 is_stmt 1 view -0
 720              		.cfi_startproc
 721              		@ args = 0, pretend = 0, frame = 0
 722              		@ frame_needed = 0, uses_anonymous_args = 0
 723              		@ link register save eliminated.
 453:Drivers/STM32F4xx_HAL_Driver/Src/stm32f4xx_hal_dma.c **** 
 724              		.loc 1 453 3 view .LVU278
ARM GAS  C:\Users\techn\AppData\Local\Temp\ccFAleKM.s 			page 40


 456:Drivers/STM32F4xx_HAL_Driver/Src/stm32f4xx_hal_dma.c ****   
 725              		.loc 1 456 3 view .LVU279
 452:Drivers/STM32F4xx_HAL_Driver/Src/stm32f4xx_hal_dma.c ****   HAL_StatusTypeDef status = HAL_OK;
 726              		.loc 1 452 1 is_stmt 0 view .LVU280
 727 0000 70B4     		push	{r4, r5, r6}
 728              	.LCFI7:
 729              		.cfi_def_cfa_offset 12
 730              		.cfi_offset 4, -12
 731              		.cfi_offset 5, -8
 732              		.cfi_offset 6, -4
 462:Drivers/STM32F4xx_HAL_Driver/Src/stm32f4xx_hal_dma.c ****   
 733              		.loc 1 462 3 view .LVU281
 734 0002 90F83440 		ldrb	r4, [r0, #52]	@ zero_extendqisi2
 456:Drivers/STM32F4xx_HAL_Driver/Src/stm32f4xx_hal_dma.c ****   
 735              		.loc 1 456 56 view .LVU282
 736 0006 856D     		ldr	r5, [r0, #88]
 737              	.LVL46:
 459:Drivers/STM32F4xx_HAL_Driver/Src/stm32f4xx_hal_dma.c ****  
 738              		.loc 1 459 3 is_stmt 1 view .LVU283
 462:Drivers/STM32F4xx_HAL_Driver/Src/stm32f4xx_hal_dma.c ****   
 739              		.loc 1 462 3 view .LVU284
 462:Drivers/STM32F4xx_HAL_Driver/Src/stm32f4xx_hal_dma.c ****   
 740              		.loc 1 462 3 view .LVU285
 741 0008 012C     		cmp	r4, #1
 742 000a 0AD0     		beq	.L67
 462:Drivers/STM32F4xx_HAL_Driver/Src/stm32f4xx_hal_dma.c ****   
 743              		.loc 1 462 3 discriminator 2 view .LVU286
 464:Drivers/STM32F4xx_HAL_Driver/Src/stm32f4xx_hal_dma.c ****   {
 744              		.loc 1 464 33 is_stmt 0 view .LVU287
 745 000c 90F83540 		ldrb	r4, [r0, #53]	@ zero_extendqisi2
 462:Drivers/STM32F4xx_HAL_Driver/Src/stm32f4xx_hal_dma.c ****   
 746              		.loc 1 462 3 discriminator 2 view .LVU288
 747 0010 4FF0010C 		mov	ip, #1
 464:Drivers/STM32F4xx_HAL_Driver/Src/stm32f4xx_hal_dma.c ****   {
 748              		.loc 1 464 5 view .LVU289
 749 0014 6445     		cmp	r4, ip
 462:Drivers/STM32F4xx_HAL_Driver/Src/stm32f4xx_hal_dma.c ****   
 750              		.loc 1 462 3 discriminator 2 view .LVU290
 751 0016 80F834C0 		strb	ip, [r0, #52]
 462:Drivers/STM32F4xx_HAL_Driver/Src/stm32f4xx_hal_dma.c ****   
 752              		.loc 1 462 3 is_stmt 1 discriminator 2 view .LVU291
 464:Drivers/STM32F4xx_HAL_Driver/Src/stm32f4xx_hal_dma.c ****   {
 753              		.loc 1 464 3 view .LVU292
 464:Drivers/STM32F4xx_HAL_Driver/Src/stm32f4xx_hal_dma.c ****   {
 754              		.loc 1 464 5 is_stmt 0 view .LVU293
 755 001a 05D0     		beq	.L80
 492:Drivers/STM32F4xx_HAL_Driver/Src/stm32f4xx_hal_dma.c ****     
 756              		.loc 1 492 5 is_stmt 1 view .LVU294
 492:Drivers/STM32F4xx_HAL_Driver/Src/stm32f4xx_hal_dma.c ****     
 757              		.loc 1 492 5 view .LVU295
 758 001c 0023     		movs	r3, #0
 759              	.LVL47:
 492:Drivers/STM32F4xx_HAL_Driver/Src/stm32f4xx_hal_dma.c ****     
 760              		.loc 1 492 5 is_stmt 0 view .LVU296
 761 001e 80F83430 		strb	r3, [r0, #52]
 492:Drivers/STM32F4xx_HAL_Driver/Src/stm32f4xx_hal_dma.c ****     
 762              		.loc 1 492 5 is_stmt 1 view .LVU297
ARM GAS  C:\Users\techn\AppData\Local\Temp\ccFAleKM.s 			page 41


 495:Drivers/STM32F4xx_HAL_Driver/Src/stm32f4xx_hal_dma.c ****   }
 763              		.loc 1 495 5 view .LVU298
 764              	.LVL48:
 765              	.L67:
 462:Drivers/STM32F4xx_HAL_Driver/Src/stm32f4xx_hal_dma.c ****   
 766              		.loc 1 462 3 is_stmt 0 discriminator 1 view .LVU299
 767 0022 0220     		movs	r0, #2
 768              	.LVL49:
 499:Drivers/STM32F4xx_HAL_Driver/Src/stm32f4xx_hal_dma.c **** 
 769              		.loc 1 499 1 view .LVU300
 770 0024 70BC     		pop	{r4, r5, r6}
 771              	.LCFI8:
 772              		.cfi_remember_state
 773              		.cfi_restore 6
 774              		.cfi_restore 5
 775              		.cfi_restore 4
 776              		.cfi_def_cfa_offset 0
 777              	.LVL50:
 499:Drivers/STM32F4xx_HAL_Driver/Src/stm32f4xx_hal_dma.c **** 
 778              		.loc 1 499 1 view .LVU301
 779 0026 7047     		bx	lr
 780              	.LVL51:
 781              	.L80:
 782              	.LCFI9:
 783              		.cfi_restore_state
 467:Drivers/STM32F4xx_HAL_Driver/Src/stm32f4xx_hal_dma.c ****     
 784              		.loc 1 467 5 is_stmt 1 view .LVU302
 467:Drivers/STM32F4xx_HAL_Driver/Src/stm32f4xx_hal_dma.c ****     
 785              		.loc 1 467 17 is_stmt 0 view .LVU303
 786 0028 0226     		movs	r6, #2
 787 002a 80F83560 		strb	r6, [r0, #53]
 470:Drivers/STM32F4xx_HAL_Driver/Src/stm32f4xx_hal_dma.c ****     
 788              		.loc 1 470 5 is_stmt 1 view .LVU304
 789              	.LBB38:
 790              	.LBB39:
1154:Drivers/STM32F4xx_HAL_Driver/Src/stm32f4xx_hal_dma.c **** 
 791              		.loc 1 1154 7 is_stmt 0 view .LVU305
 792 002e 0468     		ldr	r4, [r0]
 793              	.LBE39:
 794              	.LBE38:
 470:Drivers/STM32F4xx_HAL_Driver/Src/stm32f4xx_hal_dma.c ****     
 795              		.loc 1 470 21 view .LVU306
 796 0030 0026     		movs	r6, #0
 797 0032 4665     		str	r6, [r0, #84]
 473:Drivers/STM32F4xx_HAL_Driver/Src/stm32f4xx_hal_dma.c ****     
 798              		.loc 1 473 5 is_stmt 1 view .LVU307
 799              	.LVL52:
 800              	.LBB42:
 801              	.LBI38:
1151:Drivers/STM32F4xx_HAL_Driver/Src/stm32f4xx_hal_dma.c **** {
 802              		.loc 1 1151 13 view .LVU308
 803              	.LBB40:
1154:Drivers/STM32F4xx_HAL_Driver/Src/stm32f4xx_hal_dma.c **** 
 804              		.loc 1 1154 3 view .LVU309
1154:Drivers/STM32F4xx_HAL_Driver/Src/stm32f4xx_hal_dma.c **** 
 805              		.loc 1 1154 17 is_stmt 0 view .LVU310
 806 0034 2668     		ldr	r6, [r4]
ARM GAS  C:\Users\techn\AppData\Local\Temp\ccFAleKM.s 			page 42


1154:Drivers/STM32F4xx_HAL_Driver/Src/stm32f4xx_hal_dma.c **** 
 807              		.loc 1 1154 22 view .LVU311
 808 0036 26F48026 		bic	r6, r6, #262144
 809 003a 2660     		str	r6, [r4]
1157:Drivers/STM32F4xx_HAL_Driver/Src/stm32f4xx_hal_dma.c **** 
 810              		.loc 1 1157 3 is_stmt 1 view .LVU312
1157:Drivers/STM32F4xx_HAL_Driver/Src/stm32f4xx_hal_dma.c **** 
 811              		.loc 1 1157 24 is_stmt 0 view .LVU313
 812 003c 6360     		str	r3, [r4, #4]
1160:Drivers/STM32F4xx_HAL_Driver/Src/stm32f4xx_hal_dma.c ****   {
 813              		.loc 1 1160 3 is_stmt 1 view .LVU314
1160:Drivers/STM32F4xx_HAL_Driver/Src/stm32f4xx_hal_dma.c ****   {
 814              		.loc 1 1160 5 is_stmt 0 view .LVU315
 815 003e 8368     		ldr	r3, [r0, #8]
 816              	.LVL53:
1160:Drivers/STM32F4xx_HAL_Driver/Src/stm32f4xx_hal_dma.c ****   {
 817              		.loc 1 1160 5 view .LVU316
 818 0040 402B     		cmp	r3, #64
1163:Drivers/STM32F4xx_HAL_Driver/Src/stm32f4xx_hal_dma.c **** 
 819              		.loc 1 1163 5 is_stmt 1 view .LVU317
1163:Drivers/STM32F4xx_HAL_Driver/Src/stm32f4xx_hal_dma.c **** 
 820              		.loc 1 1163 25 is_stmt 0 view .LVU318
 821 0042 0EBF     		itee	eq
 822 0044 A260     		streq	r2, [r4, #8]
1166:Drivers/STM32F4xx_HAL_Driver/Src/stm32f4xx_hal_dma.c ****   }
 823              		.loc 1 1166 5 is_stmt 1 view .LVU319
1172:Drivers/STM32F4xx_HAL_Driver/Src/stm32f4xx_hal_dma.c **** 
 824              		.loc 1 1172 25 is_stmt 0 view .LVU320
 825 0046 A160     		strne	r1, [r4, #8]
1175:Drivers/STM32F4xx_HAL_Driver/Src/stm32f4xx_hal_dma.c ****   }
 826              		.loc 1 1175 26 view .LVU321
 827 0048 E260     		strne	r2, [r4, #12]
 828              	.LBE40:
 829              	.LBE42:
 476:Drivers/STM32F4xx_HAL_Driver/Src/stm32f4xx_hal_dma.c ****     
 830              		.loc 1 476 24 view .LVU322
 831 004a C26D     		ldr	r2, [r0, #92]
 832              	.LVL54:
 833              	.LBB43:
 834              	.LBB41:
1166:Drivers/STM32F4xx_HAL_Driver/Src/stm32f4xx_hal_dma.c ****   }
 835              		.loc 1 1166 26 view .LVU323
 836 004c 08BF     		it	eq
 837 004e E160     		streq	r1, [r4, #12]
1172:Drivers/STM32F4xx_HAL_Driver/Src/stm32f4xx_hal_dma.c **** 
 838              		.loc 1 1172 5 is_stmt 1 view .LVU324
1175:Drivers/STM32F4xx_HAL_Driver/Src/stm32f4xx_hal_dma.c ****   }
 839              		.loc 1 1175 5 view .LVU325
 840              	.LVL55:
1175:Drivers/STM32F4xx_HAL_Driver/Src/stm32f4xx_hal_dma.c ****   }
 841              		.loc 1 1175 5 is_stmt 0 view .LVU326
 842              	.LBE41:
 843              	.LBE43:
 476:Drivers/STM32F4xx_HAL_Driver/Src/stm32f4xx_hal_dma.c ****     
 844              		.loc 1 476 5 is_stmt 1 view .LVU327
 476:Drivers/STM32F4xx_HAL_Driver/Src/stm32f4xx_hal_dma.c ****     
 845              		.loc 1 476 24 is_stmt 0 view .LVU328
ARM GAS  C:\Users\techn\AppData\Local\Temp\ccFAleKM.s 			page 43


 846 0050 3F23     		movs	r3, #63
 847 0052 9340     		lsls	r3, r3, r2
 476:Drivers/STM32F4xx_HAL_Driver/Src/stm32f4xx_hal_dma.c ****     
 848              		.loc 1 476 16 view .LVU329
 849 0054 AB60     		str	r3, [r5, #8]
 850              	.LVL56:
 479:Drivers/STM32F4xx_HAL_Driver/Src/stm32f4xx_hal_dma.c ****     
 851              		.loc 1 479 5 is_stmt 1 view .LVU330
 479:Drivers/STM32F4xx_HAL_Driver/Src/stm32f4xx_hal_dma.c ****     
 852              		.loc 1 479 19 is_stmt 0 view .LVU331
 853 0056 2368     		ldr	r3, [r4]
 481:Drivers/STM32F4xx_HAL_Driver/Src/stm32f4xx_hal_dma.c ****     {
 854              		.loc 1 481 7 view .LVU332
 855 0058 026C     		ldr	r2, [r0, #64]
 479:Drivers/STM32F4xx_HAL_Driver/Src/stm32f4xx_hal_dma.c ****     
 856              		.loc 1 479 25 view .LVU333
 857 005a 43F01603 		orr	r3, r3, #22
 858 005e 2360     		str	r3, [r4]
 481:Drivers/STM32F4xx_HAL_Driver/Src/stm32f4xx_hal_dma.c ****     {
 859              		.loc 1 481 5 is_stmt 1 view .LVU334
 481:Drivers/STM32F4xx_HAL_Driver/Src/stm32f4xx_hal_dma.c ****     {
 860              		.loc 1 481 7 is_stmt 0 view .LVU335
 861 0060 1AB1     		cbz	r2, .L71
 483:Drivers/STM32F4xx_HAL_Driver/Src/stm32f4xx_hal_dma.c ****     }
 862              		.loc 1 483 7 is_stmt 1 view .LVU336
 483:Drivers/STM32F4xx_HAL_Driver/Src/stm32f4xx_hal_dma.c ****     }
 863              		.loc 1 483 21 is_stmt 0 view .LVU337
 864 0062 2368     		ldr	r3, [r4]
 483:Drivers/STM32F4xx_HAL_Driver/Src/stm32f4xx_hal_dma.c ****     }
 865              		.loc 1 483 27 view .LVU338
 866 0064 43F00803 		orr	r3, r3, #8
 867 0068 2360     		str	r3, [r4]
 868              	.L71:
 487:Drivers/STM32F4xx_HAL_Driver/Src/stm32f4xx_hal_dma.c ****   }
 869              		.loc 1 487 5 is_stmt 1 view .LVU339
 870 006a 2368     		ldr	r3, [r4]
 871 006c 43F00103 		orr	r3, r3, #1
 453:Drivers/STM32F4xx_HAL_Driver/Src/stm32f4xx_hal_dma.c **** 
 872              		.loc 1 453 21 is_stmt 0 view .LVU340
 873 0070 0020     		movs	r0, #0
 874              	.LVL57:
 487:Drivers/STM32F4xx_HAL_Driver/Src/stm32f4xx_hal_dma.c ****   }
 875              		.loc 1 487 5 view .LVU341
 876 0072 2360     		str	r3, [r4]
 877              	.LVL58:
 499:Drivers/STM32F4xx_HAL_Driver/Src/stm32f4xx_hal_dma.c **** 
 878              		.loc 1 499 1 view .LVU342
 879 0074 70BC     		pop	{r4, r5, r6}
 880              	.LCFI10:
 881              		.cfi_restore 6
 882              		.cfi_restore 5
 883              		.cfi_restore 4
 884              		.cfi_def_cfa_offset 0
 885              	.LVL59:
 499:Drivers/STM32F4xx_HAL_Driver/Src/stm32f4xx_hal_dma.c **** 
 886              		.loc 1 499 1 view .LVU343
 887 0076 7047     		bx	lr
ARM GAS  C:\Users\techn\AppData\Local\Temp\ccFAleKM.s 			page 44


 888              		.cfi_endproc
 889              	.LFE137:
 891              		.section	.text.HAL_DMA_Abort,"ax",%progbits
 892              		.align	1
 893              		.p2align 2,,3
 894              		.global	HAL_DMA_Abort
 895              		.syntax unified
 896              		.thumb
 897              		.thumb_func
 899              	HAL_DMA_Abort:
 900              	.LVL60:
 901              	.LFB138:
 514:Drivers/STM32F4xx_HAL_Driver/Src/stm32f4xx_hal_dma.c ****   /* calculate DMA base and stream number */
 902              		.loc 1 514 1 is_stmt 1 view -0
 903              		.cfi_startproc
 904              		@ args = 0, pretend = 0, frame = 0
 905              		@ frame_needed = 0, uses_anonymous_args = 0
 516:Drivers/STM32F4xx_HAL_Driver/Src/stm32f4xx_hal_dma.c ****   
 906              		.loc 1 516 3 view .LVU345
 514:Drivers/STM32F4xx_HAL_Driver/Src/stm32f4xx_hal_dma.c ****   /* calculate DMA base and stream number */
 907              		.loc 1 514 1 is_stmt 0 view .LVU346
 908 0000 70B5     		push	{r4, r5, r6, lr}
 909              	.LCFI11:
 910              		.cfi_def_cfa_offset 16
 911              		.cfi_offset 4, -16
 912              		.cfi_offset 5, -12
 913              		.cfi_offset 6, -8
 914              		.cfi_offset 14, -4
 514:Drivers/STM32F4xx_HAL_Driver/Src/stm32f4xx_hal_dma.c ****   /* calculate DMA base and stream number */
 915              		.loc 1 514 1 view .LVU347
 916 0002 0446     		mov	r4, r0
 516:Drivers/STM32F4xx_HAL_Driver/Src/stm32f4xx_hal_dma.c ****   
 917              		.loc 1 516 56 view .LVU348
 918 0004 866D     		ldr	r6, [r0, #88]
 919              	.LVL61:
 518:Drivers/STM32F4xx_HAL_Driver/Src/stm32f4xx_hal_dma.c ****   
 920              		.loc 1 518 3 is_stmt 1 view .LVU349
 518:Drivers/STM32F4xx_HAL_Driver/Src/stm32f4xx_hal_dma.c ****   
 921              		.loc 1 518 24 is_stmt 0 view .LVU350
 922 0006 FFF7FEFF 		bl	HAL_GetTick
 923              	.LVL62:
 520:Drivers/STM32F4xx_HAL_Driver/Src/stm32f4xx_hal_dma.c ****   {
 924              		.loc 1 520 3 is_stmt 1 view .LVU351
 520:Drivers/STM32F4xx_HAL_Driver/Src/stm32f4xx_hal_dma.c ****   {
 925              		.loc 1 520 10 is_stmt 0 view .LVU352
 926 000a 94F83530 		ldrb	r3, [r4, #53]	@ zero_extendqisi2
 520:Drivers/STM32F4xx_HAL_Driver/Src/stm32f4xx_hal_dma.c ****   {
 927              		.loc 1 520 5 view .LVU353
 928 000e 022B     		cmp	r3, #2
 929 0010 06D0     		beq	.L82
 522:Drivers/STM32F4xx_HAL_Driver/Src/stm32f4xx_hal_dma.c ****     
 930              		.loc 1 522 5 is_stmt 1 view .LVU354
 522:Drivers/STM32F4xx_HAL_Driver/Src/stm32f4xx_hal_dma.c ****     
 931              		.loc 1 522 21 is_stmt 0 view .LVU355
 932 0012 8023     		movs	r3, #128
 933 0014 6365     		str	r3, [r4, #84]
 525:Drivers/STM32F4xx_HAL_Driver/Src/stm32f4xx_hal_dma.c ****     
ARM GAS  C:\Users\techn\AppData\Local\Temp\ccFAleKM.s 			page 45


 934              		.loc 1 525 5 is_stmt 1 view .LVU356
 525:Drivers/STM32F4xx_HAL_Driver/Src/stm32f4xx_hal_dma.c ****     
 935              		.loc 1 525 5 view .LVU357
 525:Drivers/STM32F4xx_HAL_Driver/Src/stm32f4xx_hal_dma.c ****     
 936              		.loc 1 525 5 view .LVU358
 527:Drivers/STM32F4xx_HAL_Driver/Src/stm32f4xx_hal_dma.c ****   }
 937              		.loc 1 527 5 view .LVU359
 525:Drivers/STM32F4xx_HAL_Driver/Src/stm32f4xx_hal_dma.c ****     
 938              		.loc 1 525 5 is_stmt 0 view .LVU360
 939 0016 0023     		movs	r3, #0
 940 0018 84F83430 		strb	r3, [r4, #52]
 527:Drivers/STM32F4xx_HAL_Driver/Src/stm32f4xx_hal_dma.c ****   }
 941              		.loc 1 527 12 view .LVU361
 942 001c 0120     		movs	r0, #1
 943              	.LVL63:
 572:Drivers/STM32F4xx_HAL_Driver/Src/stm32f4xx_hal_dma.c **** 
 944              		.loc 1 572 1 view .LVU362
 945 001e 70BD     		pop	{r4, r5, r6, pc}
 946              	.LVL64:
 947              	.L82:
 532:Drivers/STM32F4xx_HAL_Driver/Src/stm32f4xx_hal_dma.c ****     hdma->Instance->FCR &= ~(DMA_IT_FE);
 948              		.loc 1 532 5 is_stmt 1 view .LVU363
 532:Drivers/STM32F4xx_HAL_Driver/Src/stm32f4xx_hal_dma.c ****     hdma->Instance->FCR &= ~(DMA_IT_FE);
 949              		.loc 1 532 9 is_stmt 0 view .LVU364
 950 0020 2368     		ldr	r3, [r4]
 532:Drivers/STM32F4xx_HAL_Driver/Src/stm32f4xx_hal_dma.c ****     hdma->Instance->FCR &= ~(DMA_IT_FE);
 951              		.loc 1 532 19 view .LVU365
 952 0022 1A68     		ldr	r2, [r3]
 532:Drivers/STM32F4xx_HAL_Driver/Src/stm32f4xx_hal_dma.c ****     hdma->Instance->FCR &= ~(DMA_IT_FE);
 953              		.loc 1 532 25 view .LVU366
 954 0024 22F01602 		bic	r2, r2, #22
 955 0028 1A60     		str	r2, [r3]
 533:Drivers/STM32F4xx_HAL_Driver/Src/stm32f4xx_hal_dma.c ****     
 956              		.loc 1 533 5 is_stmt 1 view .LVU367
 533:Drivers/STM32F4xx_HAL_Driver/Src/stm32f4xx_hal_dma.c ****     
 957              		.loc 1 533 19 is_stmt 0 view .LVU368
 958 002a 5A69     		ldr	r2, [r3, #20]
 533:Drivers/STM32F4xx_HAL_Driver/Src/stm32f4xx_hal_dma.c ****     
 959              		.loc 1 533 25 view .LVU369
 960 002c 22F08002 		bic	r2, r2, #128
 961 0030 5A61     		str	r2, [r3, #20]
 535:Drivers/STM32F4xx_HAL_Driver/Src/stm32f4xx_hal_dma.c ****     {
 962              		.loc 1 535 5 is_stmt 1 view .LVU370
 535:Drivers/STM32F4xx_HAL_Driver/Src/stm32f4xx_hal_dma.c ****     {
 963              		.loc 1 535 7 is_stmt 0 view .LVU371
 964 0032 226C     		ldr	r2, [r4, #64]
 965 0034 0546     		mov	r5, r0
 966 0036 42B3     		cbz	r2, .L93
 967              	.L84:
 537:Drivers/STM32F4xx_HAL_Driver/Src/stm32f4xx_hal_dma.c ****     }
 968              		.loc 1 537 7 is_stmt 1 view .LVU372
 537:Drivers/STM32F4xx_HAL_Driver/Src/stm32f4xx_hal_dma.c ****     }
 969              		.loc 1 537 21 is_stmt 0 view .LVU373
 970 0038 1A68     		ldr	r2, [r3]
 537:Drivers/STM32F4xx_HAL_Driver/Src/stm32f4xx_hal_dma.c ****     }
 971              		.loc 1 537 27 view .LVU374
 972 003a 22F00802 		bic	r2, r2, #8
ARM GAS  C:\Users\techn\AppData\Local\Temp\ccFAleKM.s 			page 46


 973 003e 1A60     		str	r2, [r3]
 974              	.L85:
 541:Drivers/STM32F4xx_HAL_Driver/Src/stm32f4xx_hal_dma.c ****     
 975              		.loc 1 541 5 is_stmt 1 view .LVU375
 976 0040 1A68     		ldr	r2, [r3]
 977 0042 22F00102 		bic	r2, r2, #1
 978 0046 1A60     		str	r2, [r3]
 544:Drivers/STM32F4xx_HAL_Driver/Src/stm32f4xx_hal_dma.c ****     {
 979              		.loc 1 544 5 view .LVU376
 544:Drivers/STM32F4xx_HAL_Driver/Src/stm32f4xx_hal_dma.c ****     {
 980              		.loc 1 544 10 is_stmt 0 view .LVU377
 981 0048 05E0     		b	.L86
 982              	.LVL65:
 983              	.L88:
 547:Drivers/STM32F4xx_HAL_Driver/Src/stm32f4xx_hal_dma.c ****       {
 984              		.loc 1 547 11 view .LVU378
 985 004a FFF7FEFF 		bl	HAL_GetTick
 986              	.LVL66:
 547:Drivers/STM32F4xx_HAL_Driver/Src/stm32f4xx_hal_dma.c ****       {
 987              		.loc 1 547 25 discriminator 1 view .LVU379
 988 004e 431B     		subs	r3, r0, r5
 547:Drivers/STM32F4xx_HAL_Driver/Src/stm32f4xx_hal_dma.c ****       {
 989              		.loc 1 547 9 discriminator 1 view .LVU380
 990 0050 052B     		cmp	r3, #5
 991 0052 10D8     		bhi	.L94
 544:Drivers/STM32F4xx_HAL_Driver/Src/stm32f4xx_hal_dma.c ****     {
 992              		.loc 1 544 16 view .LVU381
 993 0054 2368     		ldr	r3, [r4]
 994              	.L86:
 547:Drivers/STM32F4xx_HAL_Driver/Src/stm32f4xx_hal_dma.c ****       {
 995              		.loc 1 547 7 is_stmt 1 view .LVU382
 544:Drivers/STM32F4xx_HAL_Driver/Src/stm32f4xx_hal_dma.c ****     {
 996              		.loc 1 544 46 view .LVU383
 544:Drivers/STM32F4xx_HAL_Driver/Src/stm32f4xx_hal_dma.c ****     {
 997              		.loc 1 544 26 is_stmt 0 view .LVU384
 998 0056 1B68     		ldr	r3, [r3]
 544:Drivers/STM32F4xx_HAL_Driver/Src/stm32f4xx_hal_dma.c ****     {
 999              		.loc 1 544 46 view .LVU385
 1000 0058 13F00103 		ands	r3, r3, #1
 1001 005c F5D1     		bne	.L88
 563:Drivers/STM32F4xx_HAL_Driver/Src/stm32f4xx_hal_dma.c ****     
 1002              		.loc 1 563 5 is_stmt 1 view .LVU386
 563:Drivers/STM32F4xx_HAL_Driver/Src/stm32f4xx_hal_dma.c ****     
 1003              		.loc 1 563 24 is_stmt 0 view .LVU387
 1004 005e E16D     		ldr	r1, [r4, #92]
 1005 0060 3F22     		movs	r2, #63
 1006 0062 8A40     		lsls	r2, r2, r1
 571:Drivers/STM32F4xx_HAL_Driver/Src/stm32f4xx_hal_dma.c **** }
 1007              		.loc 1 571 10 view .LVU388
 1008 0064 1846     		mov	r0, r3
 566:Drivers/STM32F4xx_HAL_Driver/Src/stm32f4xx_hal_dma.c ****     
 1009              		.loc 1 566 17 view .LVU389
 1010 0066 0121     		movs	r1, #1
 525:Drivers/STM32F4xx_HAL_Driver/Src/stm32f4xx_hal_dma.c ****     
 1011              		.loc 1 525 5 view .LVU390
 1012 0068 0023     		movs	r3, #0
 563:Drivers/STM32F4xx_HAL_Driver/Src/stm32f4xx_hal_dma.c ****     
ARM GAS  C:\Users\techn\AppData\Local\Temp\ccFAleKM.s 			page 47


 1013              		.loc 1 563 16 view .LVU391
 1014 006a B260     		str	r2, [r6, #8]
 566:Drivers/STM32F4xx_HAL_Driver/Src/stm32f4xx_hal_dma.c ****     
 1015              		.loc 1 566 5 is_stmt 1 view .LVU392
 566:Drivers/STM32F4xx_HAL_Driver/Src/stm32f4xx_hal_dma.c ****     
 1016              		.loc 1 566 17 is_stmt 0 view .LVU393
 1017 006c 84F83510 		strb	r1, [r4, #53]
 569:Drivers/STM32F4xx_HAL_Driver/Src/stm32f4xx_hal_dma.c ****   }
 1018              		.loc 1 569 5 is_stmt 1 view .LVU394
 569:Drivers/STM32F4xx_HAL_Driver/Src/stm32f4xx_hal_dma.c ****   }
 1019              		.loc 1 569 5 view .LVU395
 569:Drivers/STM32F4xx_HAL_Driver/Src/stm32f4xx_hal_dma.c ****   }
 1020              		.loc 1 569 5 view .LVU396
 571:Drivers/STM32F4xx_HAL_Driver/Src/stm32f4xx_hal_dma.c **** }
 1021              		.loc 1 571 3 view .LVU397
 525:Drivers/STM32F4xx_HAL_Driver/Src/stm32f4xx_hal_dma.c ****     
 1022              		.loc 1 525 5 is_stmt 0 view .LVU398
 1023 0070 84F83430 		strb	r3, [r4, #52]
 572:Drivers/STM32F4xx_HAL_Driver/Src/stm32f4xx_hal_dma.c **** 
 1024              		.loc 1 572 1 view .LVU399
 1025 0074 70BD     		pop	{r4, r5, r6, pc}
 1026              	.LVL67:
 1027              	.L94:
 550:Drivers/STM32F4xx_HAL_Driver/Src/stm32f4xx_hal_dma.c ****         
 1028              		.loc 1 550 9 is_stmt 1 view .LVU400
 553:Drivers/STM32F4xx_HAL_Driver/Src/stm32f4xx_hal_dma.c ****         
 1029              		.loc 1 553 21 is_stmt 0 view .LVU401
 1030 0076 0323     		movs	r3, #3
 550:Drivers/STM32F4xx_HAL_Driver/Src/stm32f4xx_hal_dma.c ****         
 1031              		.loc 1 550 25 view .LVU402
 1032 0078 2022     		movs	r2, #32
 1033 007a 6265     		str	r2, [r4, #84]
 553:Drivers/STM32F4xx_HAL_Driver/Src/stm32f4xx_hal_dma.c ****         
 1034              		.loc 1 553 9 is_stmt 1 view .LVU403
 558:Drivers/STM32F4xx_HAL_Driver/Src/stm32f4xx_hal_dma.c ****       }
 1035              		.loc 1 558 16 is_stmt 0 view .LVU404
 1036 007c 1846     		mov	r0, r3
 553:Drivers/STM32F4xx_HAL_Driver/Src/stm32f4xx_hal_dma.c ****         
 1037              		.loc 1 553 21 view .LVU405
 1038 007e 84F83530 		strb	r3, [r4, #53]
 556:Drivers/STM32F4xx_HAL_Driver/Src/stm32f4xx_hal_dma.c ****         
 1039              		.loc 1 556 9 is_stmt 1 view .LVU406
 556:Drivers/STM32F4xx_HAL_Driver/Src/stm32f4xx_hal_dma.c ****         
 1040              		.loc 1 556 9 view .LVU407
 556:Drivers/STM32F4xx_HAL_Driver/Src/stm32f4xx_hal_dma.c ****         
 1041              		.loc 1 556 9 view .LVU408
 558:Drivers/STM32F4xx_HAL_Driver/Src/stm32f4xx_hal_dma.c ****       }
 1042              		.loc 1 558 9 view .LVU409
 525:Drivers/STM32F4xx_HAL_Driver/Src/stm32f4xx_hal_dma.c ****     
 1043              		.loc 1 525 5 is_stmt 0 view .LVU410
 1044 0082 0023     		movs	r3, #0
 1045 0084 84F83430 		strb	r3, [r4, #52]
 572:Drivers/STM32F4xx_HAL_Driver/Src/stm32f4xx_hal_dma.c **** 
 1046              		.loc 1 572 1 view .LVU411
 1047 0088 70BD     		pop	{r4, r5, r6, pc}
 1048              	.LVL68:
 1049              	.L93:
ARM GAS  C:\Users\techn\AppData\Local\Temp\ccFAleKM.s 			page 48


 535:Drivers/STM32F4xx_HAL_Driver/Src/stm32f4xx_hal_dma.c ****     {
 1050              		.loc 1 535 45 discriminator 1 view .LVU412
 1051 008a A26C     		ldr	r2, [r4, #72]
 1052 008c 002A     		cmp	r2, #0
 1053 008e D3D1     		bne	.L84
 1054 0090 D6E7     		b	.L85
 1055              		.cfi_endproc
 1056              	.LFE138:
 1058 0092 00BF     		.section	.text.HAL_DMA_Abort_IT,"ax",%progbits
 1059              		.align	1
 1060              		.p2align 2,,3
 1061              		.global	HAL_DMA_Abort_IT
 1062              		.syntax unified
 1063              		.thumb
 1064              		.thumb_func
 1066              	HAL_DMA_Abort_IT:
 1067              	.LVL69:
 1068              	.LFB139:
 581:Drivers/STM32F4xx_HAL_Driver/Src/stm32f4xx_hal_dma.c ****   if(hdma->State != HAL_DMA_STATE_BUSY)
 1069              		.loc 1 581 1 is_stmt 1 view -0
 1070              		.cfi_startproc
 1071              		@ args = 0, pretend = 0, frame = 0
 1072              		@ frame_needed = 0, uses_anonymous_args = 0
 1073              		@ link register save eliminated.
 582:Drivers/STM32F4xx_HAL_Driver/Src/stm32f4xx_hal_dma.c ****   {
 1074              		.loc 1 582 3 view .LVU414
 582:Drivers/STM32F4xx_HAL_Driver/Src/stm32f4xx_hal_dma.c ****   {
 1075              		.loc 1 582 10 is_stmt 0 view .LVU415
 1076 0000 90F83530 		ldrb	r3, [r0, #53]	@ zero_extendqisi2
 582:Drivers/STM32F4xx_HAL_Driver/Src/stm32f4xx_hal_dma.c ****   {
 1077              		.loc 1 582 5 view .LVU416
 1078 0004 022B     		cmp	r3, #2
 1079 0006 03D0     		beq	.L96
 584:Drivers/STM32F4xx_HAL_Driver/Src/stm32f4xx_hal_dma.c ****     return HAL_ERROR;
 1080              		.loc 1 584 5 is_stmt 1 view .LVU417
 584:Drivers/STM32F4xx_HAL_Driver/Src/stm32f4xx_hal_dma.c ****     return HAL_ERROR;
 1081              		.loc 1 584 21 is_stmt 0 view .LVU418
 1082 0008 8023     		movs	r3, #128
 1083 000a 4365     		str	r3, [r0, #84]
 585:Drivers/STM32F4xx_HAL_Driver/Src/stm32f4xx_hal_dma.c ****   }
 1084              		.loc 1 585 5 is_stmt 1 view .LVU419
 585:Drivers/STM32F4xx_HAL_Driver/Src/stm32f4xx_hal_dma.c ****   }
 1085              		.loc 1 585 12 is_stmt 0 view .LVU420
 1086 000c 0120     		movs	r0, #1
 1087              	.LVL70:
 585:Drivers/STM32F4xx_HAL_Driver/Src/stm32f4xx_hal_dma.c ****   }
 1088              		.loc 1 585 12 view .LVU421
 1089 000e 7047     		bx	lr
 1090              	.LVL71:
 1091              	.L96:
 590:Drivers/STM32F4xx_HAL_Driver/Src/stm32f4xx_hal_dma.c ****     
 1092              		.loc 1 590 5 is_stmt 1 view .LVU422
 593:Drivers/STM32F4xx_HAL_Driver/Src/stm32f4xx_hal_dma.c ****   }
 1093              		.loc 1 593 5 is_stmt 0 view .LVU423
 1094 0010 0268     		ldr	r2, [r0]
 590:Drivers/STM32F4xx_HAL_Driver/Src/stm32f4xx_hal_dma.c ****     
 1095              		.loc 1 590 17 view .LVU424
ARM GAS  C:\Users\techn\AppData\Local\Temp\ccFAleKM.s 			page 49


 1096 0012 0523     		movs	r3, #5
 1097 0014 80F83530 		strb	r3, [r0, #53]
 593:Drivers/STM32F4xx_HAL_Driver/Src/stm32f4xx_hal_dma.c ****   }
 1098              		.loc 1 593 5 is_stmt 1 view .LVU425
 1099 0018 1368     		ldr	r3, [r2]
 1100 001a 23F00103 		bic	r3, r3, #1
 596:Drivers/STM32F4xx_HAL_Driver/Src/stm32f4xx_hal_dma.c **** }
 1101              		.loc 1 596 10 is_stmt 0 view .LVU426
 1102 001e 0020     		movs	r0, #0
 1103              	.LVL72:
 593:Drivers/STM32F4xx_HAL_Driver/Src/stm32f4xx_hal_dma.c ****   }
 1104              		.loc 1 593 5 view .LVU427
 1105 0020 1360     		str	r3, [r2]
 596:Drivers/STM32F4xx_HAL_Driver/Src/stm32f4xx_hal_dma.c **** }
 1106              		.loc 1 596 3 is_stmt 1 view .LVU428
 597:Drivers/STM32F4xx_HAL_Driver/Src/stm32f4xx_hal_dma.c **** 
 1107              		.loc 1 597 1 is_stmt 0 view .LVU429
 1108 0022 7047     		bx	lr
 1109              		.cfi_endproc
 1110              	.LFE139:
 1112              		.section	.text.HAL_DMA_PollForTransfer,"ax",%progbits
 1113              		.align	1
 1114              		.p2align 2,,3
 1115              		.global	HAL_DMA_PollForTransfer
 1116              		.syntax unified
 1117              		.thumb
 1118              		.thumb_func
 1120              	HAL_DMA_PollForTransfer:
 1121              	.LVL73:
 1122              	.LFB140:
 611:Drivers/STM32F4xx_HAL_Driver/Src/stm32f4xx_hal_dma.c ****   HAL_StatusTypeDef status = HAL_OK; 
 1123              		.loc 1 611 1 is_stmt 1 view -0
 1124              		.cfi_startproc
 1125              		@ args = 0, pretend = 0, frame = 8
 1126              		@ frame_needed = 0, uses_anonymous_args = 0
 612:Drivers/STM32F4xx_HAL_Driver/Src/stm32f4xx_hal_dma.c ****   uint32_t mask_cpltlevel;
 1127              		.loc 1 612 3 view .LVU431
 613:Drivers/STM32F4xx_HAL_Driver/Src/stm32f4xx_hal_dma.c ****   uint32_t tickstart = HAL_GetTick(); 
 1128              		.loc 1 613 3 view .LVU432
 614:Drivers/STM32F4xx_HAL_Driver/Src/stm32f4xx_hal_dma.c ****   uint32_t tmpisr;
 1129              		.loc 1 614 3 view .LVU433
 611:Drivers/STM32F4xx_HAL_Driver/Src/stm32f4xx_hal_dma.c ****   HAL_StatusTypeDef status = HAL_OK; 
 1130              		.loc 1 611 1 is_stmt 0 view .LVU434
 1131 0000 2DE9F04F 		push	{r4, r5, r6, r7, r8, r9, r10, fp, lr}
 1132              	.LCFI12:
 1133              		.cfi_def_cfa_offset 36
 1134              		.cfi_offset 4, -36
 1135              		.cfi_offset 5, -32
 1136              		.cfi_offset 6, -28
 1137              		.cfi_offset 7, -24
 1138              		.cfi_offset 8, -20
 1139              		.cfi_offset 9, -16
 1140              		.cfi_offset 10, -12
 1141              		.cfi_offset 11, -8
 1142              		.cfi_offset 14, -4
 1143 0004 0446     		mov	r4, r0
 1144 0006 83B0     		sub	sp, sp, #12
ARM GAS  C:\Users\techn\AppData\Local\Temp\ccFAleKM.s 			page 50


 1145              	.LCFI13:
 1146              		.cfi_def_cfa_offset 48
 611:Drivers/STM32F4xx_HAL_Driver/Src/stm32f4xx_hal_dma.c ****   HAL_StatusTypeDef status = HAL_OK; 
 1147              		.loc 1 611 1 view .LVU435
 1148 0008 9246     		mov	r10, r2
 1149 000a 0191     		str	r1, [sp, #4]
 614:Drivers/STM32F4xx_HAL_Driver/Src/stm32f4xx_hal_dma.c ****   uint32_t tmpisr;
 1150              		.loc 1 614 24 view .LVU436
 1151 000c FFF7FEFF 		bl	HAL_GetTick
 1152              	.LVL74:
 615:Drivers/STM32F4xx_HAL_Driver/Src/stm32f4xx_hal_dma.c ****   
 1153              		.loc 1 615 3 is_stmt 1 view .LVU437
 618:Drivers/STM32F4xx_HAL_Driver/Src/stm32f4xx_hal_dma.c **** 
 1154              		.loc 1 618 3 view .LVU438
 620:Drivers/STM32F4xx_HAL_Driver/Src/stm32f4xx_hal_dma.c ****   {
 1155              		.loc 1 620 3 view .LVU439
 620:Drivers/STM32F4xx_HAL_Driver/Src/stm32f4xx_hal_dma.c ****   {
 1156              		.loc 1 620 32 is_stmt 0 view .LVU440
 1157 0010 94F83530 		ldrb	r3, [r4, #53]	@ zero_extendqisi2
 620:Drivers/STM32F4xx_HAL_Driver/Src/stm32f4xx_hal_dma.c ****   {
 1158              		.loc 1 620 5 view .LVU441
 1159 0014 022B     		cmp	r3, #2
 1160 0016 08D0     		beq	.L99
 623:Drivers/STM32F4xx_HAL_Driver/Src/stm32f4xx_hal_dma.c ****     __HAL_UNLOCK(hdma);
 1161              		.loc 1 623 5 is_stmt 1 view .LVU442
 623:Drivers/STM32F4xx_HAL_Driver/Src/stm32f4xx_hal_dma.c ****     __HAL_UNLOCK(hdma);
 1162              		.loc 1 623 21 is_stmt 0 view .LVU443
 1163 0018 8022     		movs	r2, #128
 624:Drivers/STM32F4xx_HAL_Driver/Src/stm32f4xx_hal_dma.c ****     return HAL_ERROR;
 1164              		.loc 1 624 5 view .LVU444
 1165 001a 0023     		movs	r3, #0
 623:Drivers/STM32F4xx_HAL_Driver/Src/stm32f4xx_hal_dma.c ****     __HAL_UNLOCK(hdma);
 1166              		.loc 1 623 21 view .LVU445
 1167 001c 6265     		str	r2, [r4, #84]
 624:Drivers/STM32F4xx_HAL_Driver/Src/stm32f4xx_hal_dma.c ****     return HAL_ERROR;
 1168              		.loc 1 624 5 is_stmt 1 view .LVU446
 624:Drivers/STM32F4xx_HAL_Driver/Src/stm32f4xx_hal_dma.c ****     return HAL_ERROR;
 1169              		.loc 1 624 5 view .LVU447
 1170 001e 84F83430 		strb	r3, [r4, #52]
 624:Drivers/STM32F4xx_HAL_Driver/Src/stm32f4xx_hal_dma.c ****     return HAL_ERROR;
 1171              		.loc 1 624 5 view .LVU448
 625:Drivers/STM32F4xx_HAL_Driver/Src/stm32f4xx_hal_dma.c ****   }
 1172              		.loc 1 625 5 view .LVU449
 1173              	.LVL75:
 1174              	.L100:
 625:Drivers/STM32F4xx_HAL_Driver/Src/stm32f4xx_hal_dma.c ****   }
 1175              		.loc 1 625 12 is_stmt 0 view .LVU450
 1176 0022 0120     		movs	r0, #1
 1177              	.L109:
 738:Drivers/STM32F4xx_HAL_Driver/Src/stm32f4xx_hal_dma.c **** 
 1178              		.loc 1 738 1 view .LVU451
 1179 0024 03B0     		add	sp, sp, #12
 1180              	.LCFI14:
 1181              		.cfi_remember_state
 1182              		.cfi_def_cfa_offset 36
 1183              		@ sp needed
 1184 0026 BDE8F08F 		pop	{r4, r5, r6, r7, r8, r9, r10, fp, pc}
ARM GAS  C:\Users\techn\AppData\Local\Temp\ccFAleKM.s 			page 51


 1185              	.LVL76:
 1186              	.L99:
 1187              	.LCFI15:
 1188              		.cfi_restore_state
 629:Drivers/STM32F4xx_HAL_Driver/Src/stm32f4xx_hal_dma.c ****   {
 1189              		.loc 1 629 3 is_stmt 1 view .LVU452
 629:Drivers/STM32F4xx_HAL_Driver/Src/stm32f4xx_hal_dma.c ****   {
 1190              		.loc 1 629 12 is_stmt 0 view .LVU453
 1191 002a 2368     		ldr	r3, [r4]
 629:Drivers/STM32F4xx_HAL_Driver/Src/stm32f4xx_hal_dma.c ****   {
 1192              		.loc 1 629 22 view .LVU454
 1193 002c 1B68     		ldr	r3, [r3]
 629:Drivers/STM32F4xx_HAL_Driver/Src/stm32f4xx_hal_dma.c ****   {
 1194              		.loc 1 629 6 view .LVU455
 1195 002e DD05     		lsls	r5, r3, #23
 1196 0030 5BD4     		bmi	.L135
 636:Drivers/STM32F4xx_HAL_Driver/Src/stm32f4xx_hal_dma.c ****   {
 1197              		.loc 1 636 3 is_stmt 1 view .LVU456
 636:Drivers/STM32F4xx_HAL_Driver/Src/stm32f4xx_hal_dma.c ****   {
 1198              		.loc 1 636 5 is_stmt 0 view .LVU457
 1199 0032 019B     		ldr	r3, [sp, #4]
 639:Drivers/STM32F4xx_HAL_Driver/Src/stm32f4xx_hal_dma.c ****   }
 1200              		.loc 1 639 46 view .LVU458
 1201 0034 E16D     		ldr	r1, [r4, #92]
 1202 0036 8046     		mov	r8, r0
 636:Drivers/STM32F4xx_HAL_Driver/Src/stm32f4xx_hal_dma.c ****   {
 1203              		.loc 1 636 5 view .LVU459
 1204 0038 002B     		cmp	r3, #0
 1205 003a 5AD0     		beq	.L136
 644:Drivers/STM32F4xx_HAL_Driver/Src/stm32f4xx_hal_dma.c ****   }
 1206              		.loc 1 644 5 is_stmt 1 view .LVU460
 644:Drivers/STM32F4xx_HAL_Driver/Src/stm32f4xx_hal_dma.c ****   }
 1207              		.loc 1 644 20 is_stmt 0 view .LVU461
 1208 003c 4FF01009 		mov	r9, #16
 1209 0040 09FA01F9 		lsl	r9, r9, r1
 1210              	.LVL77:
 1211              	.L103:
 647:Drivers/STM32F4xx_HAL_Driver/Src/stm32f4xx_hal_dma.c ****   tmpisr = regs->ISR;
 1212              		.loc 1 647 3 is_stmt 1 view .LVU462
 647:Drivers/STM32F4xx_HAL_Driver/Src/stm32f4xx_hal_dma.c ****   tmpisr = regs->ISR;
 1213              		.loc 1 647 8 is_stmt 0 view .LVU463
 1214 0044 D4F858B0 		ldr	fp, [r4, #88]
 1215              	.LVL78:
 648:Drivers/STM32F4xx_HAL_Driver/Src/stm32f4xx_hal_dma.c ****   
 1216              		.loc 1 648 3 is_stmt 1 view .LVU464
 648:Drivers/STM32F4xx_HAL_Driver/Src/stm32f4xx_hal_dma.c ****   
 1217              		.loc 1 648 10 is_stmt 0 view .LVU465
 1218 0048 DBF80030 		ldr	r3, [fp]
 1219              	.LVL79:
 650:Drivers/STM32F4xx_HAL_Driver/Src/stm32f4xx_hal_dma.c ****   {
 1220              		.loc 1 650 3 is_stmt 1 view .LVU466
 650:Drivers/STM32F4xx_HAL_Driver/Src/stm32f4xx_hal_dma.c ****   {
 1221              		.loc 1 650 46 view .LVU467
 1222 004c 19EA030F 		tst	r9, r3
 1223 0050 39D1     		bne	.L114
 650:Drivers/STM32F4xx_HAL_Driver/Src/stm32f4xx_hal_dma.c ****   {
 1224              		.loc 1 650 55 is_stmt 0 discriminator 1 view .LVU468
ARM GAS  C:\Users\techn\AppData\Local\Temp\ccFAleKM.s 			page 52


 1225 0052 636D     		ldr	r3, [r4, #84]
 650:Drivers/STM32F4xx_HAL_Driver/Src/stm32f4xx_hal_dma.c ****   {
 1226              		.loc 1 650 46 discriminator 1 view .LVU469
 1227 0054 DA07     		lsls	r2, r3, #31
 1228 0056 36D4     		bmi	.L114
 653:Drivers/STM32F4xx_HAL_Driver/Src/stm32f4xx_hal_dma.c ****     {
 1229              		.loc 1 653 5 is_stmt 1 view .LVU470
 653:Drivers/STM32F4xx_HAL_Driver/Src/stm32f4xx_hal_dma.c ****     {
 1230              		.loc 1 653 7 is_stmt 0 view .LVU471
 1231 0058 BAF1FF3F 		cmp	r10, #-1
 1232 005c 10D0     		beq	.L107
 655:Drivers/STM32F4xx_HAL_Driver/Src/stm32f4xx_hal_dma.c ****       {
 1233              		.loc 1 655 7 is_stmt 1 view .LVU472
 655:Drivers/STM32F4xx_HAL_Driver/Src/stm32f4xx_hal_dma.c ****       {
 1234              		.loc 1 655 9 is_stmt 0 view .LVU473
 1235 005e BAF1000F 		cmp	r10, #0
 1236 0062 06D1     		bne	.L108
 1237 0064 4AE0     		b	.L110
 1238              	.LVL80:
 1239              	.L137:
 650:Drivers/STM32F4xx_HAL_Driver/Src/stm32f4xx_hal_dma.c ****   {
 1240              		.loc 1 650 55 discriminator 1 view .LVU474
 1241 0066 636D     		ldr	r3, [r4, #84]
 1242              	.LVL81:
 650:Drivers/STM32F4xx_HAL_Driver/Src/stm32f4xx_hal_dma.c ****   {
 1243              		.loc 1 650 46 discriminator 1 view .LVU475
 1244 0068 D807     		lsls	r0, r3, #31
 1245 006a 2CD4     		bmi	.L114
 653:Drivers/STM32F4xx_HAL_Driver/Src/stm32f4xx_hal_dma.c ****     {
 1246              		.loc 1 653 7 view .LVU476
 1247 006c BAF1FF3F 		cmp	r10, #-1
 1248 0070 0CD0     		beq	.L115
 1249              	.LVL82:
 1250              	.L108:
 655:Drivers/STM32F4xx_HAL_Driver/Src/stm32f4xx_hal_dma.c ****       {
 1251              		.loc 1 655 29 discriminator 1 view .LVU477
 1252 0072 FFF7FEFF 		bl	HAL_GetTick
 1253              	.LVL83:
 655:Drivers/STM32F4xx_HAL_Driver/Src/stm32f4xx_hal_dma.c ****       {
 1254              		.loc 1 655 43 discriminator 1 view .LVU478
 1255 0076 A0EB0800 		sub	r0, r0, r8
 655:Drivers/STM32F4xx_HAL_Driver/Src/stm32f4xx_hal_dma.c ****       {
 1256              		.loc 1 655 25 discriminator 1 view .LVU479
 1257 007a 5045     		cmp	r0, r10
 1258 007c 3ED8     		bhi	.L110
 1259 007e E16D     		ldr	r1, [r4, #92]
 1260              	.L107:
 673:Drivers/STM32F4xx_HAL_Driver/Src/stm32f4xx_hal_dma.c ****     {
 1261              		.loc 1 673 36 view .LVU480
 1262 0080 0827     		movs	r7, #8
 682:Drivers/STM32F4xx_HAL_Driver/Src/stm32f4xx_hal_dma.c ****     {
 1263              		.loc 1 682 36 view .LVU481
 1264 0082 0126     		movs	r6, #1
 691:Drivers/STM32F4xx_HAL_Driver/Src/stm32f4xx_hal_dma.c ****     {
 1265              		.loc 1 691 37 view .LVU482
 1266 0084 0425     		movs	r5, #4
 673:Drivers/STM32F4xx_HAL_Driver/Src/stm32f4xx_hal_dma.c ****     {
ARM GAS  C:\Users\techn\AppData\Local\Temp\ccFAleKM.s 			page 53


 1267              		.loc 1 673 36 view .LVU483
 1268 0086 8F40     		lsls	r7, r7, r1
 682:Drivers/STM32F4xx_HAL_Driver/Src/stm32f4xx_hal_dma.c ****     {
 1269              		.loc 1 682 36 view .LVU484
 1270 0088 8E40     		lsls	r6, r6, r1
 691:Drivers/STM32F4xx_HAL_Driver/Src/stm32f4xx_hal_dma.c ****     {
 1271              		.loc 1 691 37 view .LVU485
 1272 008a 8D40     		lsls	r5, r5, r1
 1273              	.L115:
 671:Drivers/STM32F4xx_HAL_Driver/Src/stm32f4xx_hal_dma.c **** 
 1274              		.loc 1 671 5 is_stmt 1 view .LVU486
 676:Drivers/STM32F4xx_HAL_Driver/Src/stm32f4xx_hal_dma.c ****       
 1275              		.loc 1 676 7 view .LVU487
 682:Drivers/STM32F4xx_HAL_Driver/Src/stm32f4xx_hal_dma.c ****     {
 1276              		.loc 1 682 5 view .LVU488
 685:Drivers/STM32F4xx_HAL_Driver/Src/stm32f4xx_hal_dma.c ****       
 1277              		.loc 1 685 7 view .LVU489
 691:Drivers/STM32F4xx_HAL_Driver/Src/stm32f4xx_hal_dma.c ****     {
 1278              		.loc 1 691 5 view .LVU490
 694:Drivers/STM32F4xx_HAL_Driver/Src/stm32f4xx_hal_dma.c ****       
 1279              		.loc 1 694 7 view .LVU491
 1280              	.LVL84:
 653:Drivers/STM32F4xx_HAL_Driver/Src/stm32f4xx_hal_dma.c ****     {
 1281              		.loc 1 653 5 view .LVU492
 671:Drivers/STM32F4xx_HAL_Driver/Src/stm32f4xx_hal_dma.c **** 
 1282              		.loc 1 671 12 is_stmt 0 view .LVU493
 1283 008c DBF80030 		ldr	r3, [fp]
 1284              	.LVL85:
 673:Drivers/STM32F4xx_HAL_Driver/Src/stm32f4xx_hal_dma.c ****     {
 1285              		.loc 1 673 5 is_stmt 1 view .LVU494
 650:Drivers/STM32F4xx_HAL_Driver/Src/stm32f4xx_hal_dma.c ****   {
 1286              		.loc 1 650 46 view .LVU495
 673:Drivers/STM32F4xx_HAL_Driver/Src/stm32f4xx_hal_dma.c ****     {
 1287              		.loc 1 673 7 is_stmt 0 view .LVU496
 1288 0090 1F42     		tst	r7, r3
 1289 0092 05D0     		beq	.L111
 676:Drivers/STM32F4xx_HAL_Driver/Src/stm32f4xx_hal_dma.c ****       
 1290              		.loc 1 676 11 view .LVU497
 1291 0094 606D     		ldr	r0, [r4, #84]
 676:Drivers/STM32F4xx_HAL_Driver/Src/stm32f4xx_hal_dma.c ****       
 1292              		.loc 1 676 23 view .LVU498
 1293 0096 40F00100 		orr	r0, r0, #1
 1294 009a 6065     		str	r0, [r4, #84]
 679:Drivers/STM32F4xx_HAL_Driver/Src/stm32f4xx_hal_dma.c ****     }
 1295              		.loc 1 679 7 is_stmt 1 view .LVU499
 679:Drivers/STM32F4xx_HAL_Driver/Src/stm32f4xx_hal_dma.c ****     }
 1296              		.loc 1 679 18 is_stmt 0 view .LVU500
 1297 009c CBF80870 		str	r7, [fp, #8]
 1298              	.L111:
 682:Drivers/STM32F4xx_HAL_Driver/Src/stm32f4xx_hal_dma.c ****     {
 1299              		.loc 1 682 7 view .LVU501
 1300 00a0 1E42     		tst	r6, r3
 1301 00a2 05D0     		beq	.L112
 685:Drivers/STM32F4xx_HAL_Driver/Src/stm32f4xx_hal_dma.c ****       
 1302              		.loc 1 685 11 view .LVU502
 1303 00a4 606D     		ldr	r0, [r4, #84]
 685:Drivers/STM32F4xx_HAL_Driver/Src/stm32f4xx_hal_dma.c ****       
ARM GAS  C:\Users\techn\AppData\Local\Temp\ccFAleKM.s 			page 54


 1304              		.loc 1 685 23 view .LVU503
 1305 00a6 40F00200 		orr	r0, r0, #2
 1306 00aa 6065     		str	r0, [r4, #84]
 688:Drivers/STM32F4xx_HAL_Driver/Src/stm32f4xx_hal_dma.c ****     }
 1307              		.loc 1 688 7 is_stmt 1 view .LVU504
 688:Drivers/STM32F4xx_HAL_Driver/Src/stm32f4xx_hal_dma.c ****     }
 1308              		.loc 1 688 18 is_stmt 0 view .LVU505
 1309 00ac CBF80860 		str	r6, [fp, #8]
 1310              	.L112:
 691:Drivers/STM32F4xx_HAL_Driver/Src/stm32f4xx_hal_dma.c ****     {
 1311              		.loc 1 691 7 view .LVU506
 1312 00b0 1D42     		tst	r5, r3
 1313 00b2 05D0     		beq	.L113
 694:Drivers/STM32F4xx_HAL_Driver/Src/stm32f4xx_hal_dma.c ****       
 1314              		.loc 1 694 11 view .LVU507
 1315 00b4 606D     		ldr	r0, [r4, #84]
 694:Drivers/STM32F4xx_HAL_Driver/Src/stm32f4xx_hal_dma.c ****       
 1316              		.loc 1 694 23 view .LVU508
 1317 00b6 40F00400 		orr	r0, r0, #4
 1318 00ba 6065     		str	r0, [r4, #84]
 697:Drivers/STM32F4xx_HAL_Driver/Src/stm32f4xx_hal_dma.c ****     }
 1319              		.loc 1 697 7 is_stmt 1 view .LVU509
 697:Drivers/STM32F4xx_HAL_Driver/Src/stm32f4xx_hal_dma.c ****     }
 1320              		.loc 1 697 18 is_stmt 0 view .LVU510
 1321 00bc CBF80850 		str	r5, [fp, #8]
 1322              	.L113:
 650:Drivers/STM32F4xx_HAL_Driver/Src/stm32f4xx_hal_dma.c ****   {
 1323              		.loc 1 650 46 view .LVU511
 1324 00c0 19EA030F 		tst	r9, r3
 1325 00c4 CFD0     		beq	.L137
 1326              	.LVL86:
 1327              	.L114:
 701:Drivers/STM32F4xx_HAL_Driver/Src/stm32f4xx_hal_dma.c ****   {
 1328              		.loc 1 701 3 is_stmt 1 view .LVU512
 701:Drivers/STM32F4xx_HAL_Driver/Src/stm32f4xx_hal_dma.c ****   {
 1329              		.loc 1 701 10 is_stmt 0 view .LVU513
 1330 00c6 636D     		ldr	r3, [r4, #84]
 701:Drivers/STM32F4xx_HAL_Driver/Src/stm32f4xx_hal_dma.c ****   {
 1331              		.loc 1 701 5 view .LVU514
 1332 00c8 13B1     		cbz	r3, .L106
 703:Drivers/STM32F4xx_HAL_Driver/Src/stm32f4xx_hal_dma.c ****     {
 1333              		.loc 1 703 5 is_stmt 1 view .LVU515
 703:Drivers/STM32F4xx_HAL_Driver/Src/stm32f4xx_hal_dma.c ****     {
 1334              		.loc 1 703 13 is_stmt 0 view .LVU516
 1335 00ca 636D     		ldr	r3, [r4, #84]
 703:Drivers/STM32F4xx_HAL_Driver/Src/stm32f4xx_hal_dma.c ****     {
 1336              		.loc 1 703 7 view .LVU517
 1337 00cc DB07     		lsls	r3, r3, #31
 1338 00ce 26D4     		bmi	.L138
 1339              	.L106:
 721:Drivers/STM32F4xx_HAL_Driver/Src/stm32f4xx_hal_dma.c ****   {
 1340              		.loc 1 721 3 is_stmt 1 view .LVU518
 721:Drivers/STM32F4xx_HAL_Driver/Src/stm32f4xx_hal_dma.c ****   {
 1341              		.loc 1 721 5 is_stmt 0 view .LVU519
 1342 00d0 0198     		ldr	r0, [sp, #4]
 1343 00d2 F8B9     		cbnz	r0, .L117
 724:Drivers/STM32F4xx_HAL_Driver/Src/stm32f4xx_hal_dma.c ****     
ARM GAS  C:\Users\techn\AppData\Local\Temp\ccFAleKM.s 			page 55


 1344              		.loc 1 724 5 is_stmt 1 view .LVU520
 724:Drivers/STM32F4xx_HAL_Driver/Src/stm32f4xx_hal_dma.c ****     
 1345              		.loc 1 724 56 is_stmt 0 view .LVU521
 1346 00d4 3023     		movs	r3, #48
 1347 00d6 8B40     		lsls	r3, r3, r1
 726:Drivers/STM32F4xx_HAL_Driver/Src/stm32f4xx_hal_dma.c ****     
 1348              		.loc 1 726 17 view .LVU522
 1349 00d8 0122     		movs	r2, #1
 724:Drivers/STM32F4xx_HAL_Driver/Src/stm32f4xx_hal_dma.c ****     
 1350              		.loc 1 724 16 view .LVU523
 1351 00da CBF80830 		str	r3, [fp, #8]
 726:Drivers/STM32F4xx_HAL_Driver/Src/stm32f4xx_hal_dma.c ****     
 1352              		.loc 1 726 5 is_stmt 1 view .LVU524
 726:Drivers/STM32F4xx_HAL_Driver/Src/stm32f4xx_hal_dma.c ****     
 1353              		.loc 1 726 17 is_stmt 0 view .LVU525
 1354 00de 84F83520 		strb	r2, [r4, #53]
 729:Drivers/STM32F4xx_HAL_Driver/Src/stm32f4xx_hal_dma.c ****   }
 1355              		.loc 1 729 5 is_stmt 1 view .LVU526
 729:Drivers/STM32F4xx_HAL_Driver/Src/stm32f4xx_hal_dma.c ****   }
 1356              		.loc 1 729 5 view .LVU527
 1357 00e2 84F83400 		strb	r0, [r4, #52]
 729:Drivers/STM32F4xx_HAL_Driver/Src/stm32f4xx_hal_dma.c ****   }
 1358              		.loc 1 729 5 view .LVU528
 1359              	.L118:
 737:Drivers/STM32F4xx_HAL_Driver/Src/stm32f4xx_hal_dma.c **** }
 1360              		.loc 1 737 10 is_stmt 0 view .LVU529
 1361 00e6 0020     		movs	r0, #0
 1362 00e8 9CE7     		b	.L109
 1363              	.LVL87:
 1364              	.L135:
 631:Drivers/STM32F4xx_HAL_Driver/Src/stm32f4xx_hal_dma.c ****     return HAL_ERROR;
 1365              		.loc 1 631 5 is_stmt 1 view .LVU530
 631:Drivers/STM32F4xx_HAL_Driver/Src/stm32f4xx_hal_dma.c ****     return HAL_ERROR;
 1366              		.loc 1 631 21 is_stmt 0 view .LVU531
 1367 00ea 4FF48073 		mov	r3, #256
 1368 00ee 6365     		str	r3, [r4, #84]
 632:Drivers/STM32F4xx_HAL_Driver/Src/stm32f4xx_hal_dma.c ****   }
 1369              		.loc 1 632 5 is_stmt 1 view .LVU532
 632:Drivers/STM32F4xx_HAL_Driver/Src/stm32f4xx_hal_dma.c ****   }
 1370              		.loc 1 632 12 is_stmt 0 view .LVU533
 1371 00f0 97E7     		b	.L100
 1372              	.L136:
 639:Drivers/STM32F4xx_HAL_Driver/Src/stm32f4xx_hal_dma.c ****   }
 1373              		.loc 1 639 5 is_stmt 1 view .LVU534
 639:Drivers/STM32F4xx_HAL_Driver/Src/stm32f4xx_hal_dma.c ****   }
 1374              		.loc 1 639 20 is_stmt 0 view .LVU535
 1375 00f2 4FF02009 		mov	r9, #32
 1376 00f6 09FA01F9 		lsl	r9, r9, r1
 1377              	.LVL88:
 639:Drivers/STM32F4xx_HAL_Driver/Src/stm32f4xx_hal_dma.c ****   }
 1378              		.loc 1 639 20 view .LVU536
 1379 00fa A3E7     		b	.L103
 1380              	.LVL89:
 1381              	.L110:
 658:Drivers/STM32F4xx_HAL_Driver/Src/stm32f4xx_hal_dma.c ****         
 1382              		.loc 1 658 9 is_stmt 1 view .LVU537
 658:Drivers/STM32F4xx_HAL_Driver/Src/stm32f4xx_hal_dma.c ****         
ARM GAS  C:\Users\techn\AppData\Local\Temp\ccFAleKM.s 			page 56


 1383              		.loc 1 658 25 is_stmt 0 view .LVU538
 1384 00fc 2021     		movs	r1, #32
 661:Drivers/STM32F4xx_HAL_Driver/Src/stm32f4xx_hal_dma.c ****         
 1385              		.loc 1 661 21 view .LVU539
 1386 00fe 0123     		movs	r3, #1
 664:Drivers/STM32F4xx_HAL_Driver/Src/stm32f4xx_hal_dma.c ****         
 1387              		.loc 1 664 9 view .LVU540
 1388 0100 0022     		movs	r2, #0
 666:Drivers/STM32F4xx_HAL_Driver/Src/stm32f4xx_hal_dma.c ****       }
 1389              		.loc 1 666 16 view .LVU541
 1390 0102 0320     		movs	r0, #3
 658:Drivers/STM32F4xx_HAL_Driver/Src/stm32f4xx_hal_dma.c ****         
 1391              		.loc 1 658 25 view .LVU542
 1392 0104 6165     		str	r1, [r4, #84]
 661:Drivers/STM32F4xx_HAL_Driver/Src/stm32f4xx_hal_dma.c ****         
 1393              		.loc 1 661 9 is_stmt 1 view .LVU543
 664:Drivers/STM32F4xx_HAL_Driver/Src/stm32f4xx_hal_dma.c ****         
 1394              		.loc 1 664 9 is_stmt 0 view .LVU544
 1395 0106 84F83420 		strb	r2, [r4, #52]
 661:Drivers/STM32F4xx_HAL_Driver/Src/stm32f4xx_hal_dma.c ****         
 1396              		.loc 1 661 21 view .LVU545
 1397 010a 84F83530 		strb	r3, [r4, #53]
 664:Drivers/STM32F4xx_HAL_Driver/Src/stm32f4xx_hal_dma.c ****         
 1398              		.loc 1 664 9 is_stmt 1 view .LVU546
 664:Drivers/STM32F4xx_HAL_Driver/Src/stm32f4xx_hal_dma.c ****         
 1399              		.loc 1 664 9 view .LVU547
 664:Drivers/STM32F4xx_HAL_Driver/Src/stm32f4xx_hal_dma.c ****         
 1400              		.loc 1 664 9 view .LVU548
 666:Drivers/STM32F4xx_HAL_Driver/Src/stm32f4xx_hal_dma.c ****       }
 1401              		.loc 1 666 9 view .LVU549
 738:Drivers/STM32F4xx_HAL_Driver/Src/stm32f4xx_hal_dma.c **** 
 1402              		.loc 1 738 1 is_stmt 0 view .LVU550
 1403 010e 03B0     		add	sp, sp, #12
 1404              	.LCFI16:
 1405              		.cfi_remember_state
 1406              		.cfi_def_cfa_offset 36
 1407              		@ sp needed
 1408 0110 BDE8F08F 		pop	{r4, r5, r6, r7, r8, r9, r10, fp, pc}
 1409              	.LVL90:
 1410              	.L117:
 1411              	.LCFI17:
 1412              		.cfi_restore_state
 734:Drivers/STM32F4xx_HAL_Driver/Src/stm32f4xx_hal_dma.c ****   }
 1413              		.loc 1 734 5 is_stmt 1 view .LVU551
 734:Drivers/STM32F4xx_HAL_Driver/Src/stm32f4xx_hal_dma.c ****   }
 1414              		.loc 1 734 37 is_stmt 0 view .LVU552
 1415 0114 1023     		movs	r3, #16
 1416 0116 8B40     		lsls	r3, r3, r1
 734:Drivers/STM32F4xx_HAL_Driver/Src/stm32f4xx_hal_dma.c ****   }
 1417              		.loc 1 734 16 view .LVU553
 1418 0118 CBF80830 		str	r3, [fp, #8]
 1419 011c E3E7     		b	.L118
 1420              	.L138:
 705:Drivers/STM32F4xx_HAL_Driver/Src/stm32f4xx_hal_dma.c ****     
 1421              		.loc 1 705 7 is_stmt 1 view .LVU554
 1422 011e 2046     		mov	r0, r4
 1423 0120 FFF7FEFF 		bl	HAL_DMA_Abort
ARM GAS  C:\Users\techn\AppData\Local\Temp\ccFAleKM.s 			page 57


 1424              	.LVL91:
 708:Drivers/STM32F4xx_HAL_Driver/Src/stm32f4xx_hal_dma.c ****     
 1425              		.loc 1 708 7 view .LVU555
 708:Drivers/STM32F4xx_HAL_Driver/Src/stm32f4xx_hal_dma.c ****     
 1426              		.loc 1 708 58 is_stmt 0 view .LVU556
 1427 0124 E26D     		ldr	r2, [r4, #92]
 1428 0126 3023     		movs	r3, #48
 1429 0128 9340     		lsls	r3, r3, r2
 711:Drivers/STM32F4xx_HAL_Driver/Src/stm32f4xx_hal_dma.c **** 
 1430              		.loc 1 711 18 view .LVU557
 1431 012a 0121     		movs	r1, #1
 714:Drivers/STM32F4xx_HAL_Driver/Src/stm32f4xx_hal_dma.c **** 
 1432              		.loc 1 714 7 view .LVU558
 1433 012c 0022     		movs	r2, #0
 708:Drivers/STM32F4xx_HAL_Driver/Src/stm32f4xx_hal_dma.c ****     
 1434              		.loc 1 708 18 view .LVU559
 1435 012e CBF80830 		str	r3, [fp, #8]
 711:Drivers/STM32F4xx_HAL_Driver/Src/stm32f4xx_hal_dma.c **** 
 1436              		.loc 1 711 7 is_stmt 1 view .LVU560
 711:Drivers/STM32F4xx_HAL_Driver/Src/stm32f4xx_hal_dma.c **** 
 1437              		.loc 1 711 18 is_stmt 0 view .LVU561
 1438 0132 84F83510 		strb	r1, [r4, #53]
 714:Drivers/STM32F4xx_HAL_Driver/Src/stm32f4xx_hal_dma.c **** 
 1439              		.loc 1 714 7 is_stmt 1 view .LVU562
 714:Drivers/STM32F4xx_HAL_Driver/Src/stm32f4xx_hal_dma.c **** 
 1440              		.loc 1 714 7 view .LVU563
 1441 0136 84F83420 		strb	r2, [r4, #52]
 714:Drivers/STM32F4xx_HAL_Driver/Src/stm32f4xx_hal_dma.c **** 
 1442              		.loc 1 714 7 view .LVU564
 716:Drivers/STM32F4xx_HAL_Driver/Src/stm32f4xx_hal_dma.c ****    }
 1443              		.loc 1 716 7 view .LVU565
 716:Drivers/STM32F4xx_HAL_Driver/Src/stm32f4xx_hal_dma.c ****    }
 1444              		.loc 1 716 14 is_stmt 0 view .LVU566
 1445 013a 72E7     		b	.L100
 1446              		.cfi_endproc
 1447              	.LFE140:
 1449              		.section	.text.HAL_DMA_IRQHandler,"ax",%progbits
 1450              		.align	1
 1451              		.p2align 2,,3
 1452              		.global	HAL_DMA_IRQHandler
 1453              		.syntax unified
 1454              		.thumb
 1455              		.thumb_func
 1457              	HAL_DMA_IRQHandler:
 1458              	.LVL92:
 1459              	.LFB141:
 747:Drivers/STM32F4xx_HAL_Driver/Src/stm32f4xx_hal_dma.c ****   uint32_t tmpisr;
 1460              		.loc 1 747 1 is_stmt 1 view -0
 1461              		.cfi_startproc
 1462              		@ args = 0, pretend = 0, frame = 8
 1463              		@ frame_needed = 0, uses_anonymous_args = 0
 748:Drivers/STM32F4xx_HAL_Driver/Src/stm32f4xx_hal_dma.c ****   __IO uint32_t count = 0U;
 1464              		.loc 1 748 3 view .LVU568
 749:Drivers/STM32F4xx_HAL_Driver/Src/stm32f4xx_hal_dma.c ****   uint32_t timeout = SystemCoreClock / 9600U;
 1465              		.loc 1 749 3 view .LVU569
 747:Drivers/STM32F4xx_HAL_Driver/Src/stm32f4xx_hal_dma.c ****   uint32_t tmpisr;
 1466              		.loc 1 747 1 is_stmt 0 view .LVU570
ARM GAS  C:\Users\techn\AppData\Local\Temp\ccFAleKM.s 			page 58


 1467 0000 F0B5     		push	{r4, r5, r6, r7, lr}
 1468              	.LCFI18:
 1469              		.cfi_def_cfa_offset 20
 1470              		.cfi_offset 4, -20
 1471              		.cfi_offset 5, -16
 1472              		.cfi_offset 6, -12
 1473              		.cfi_offset 7, -8
 1474              		.cfi_offset 14, -4
 1475 0002 83B0     		sub	sp, sp, #12
 1476              	.LCFI19:
 1477              		.cfi_def_cfa_offset 32
 750:Drivers/STM32F4xx_HAL_Driver/Src/stm32f4xx_hal_dma.c **** 
 1478              		.loc 1 750 38 view .LVU571
 1479 0004 674A     		ldr	r2, .L233
 753:Drivers/STM32F4xx_HAL_Driver/Src/stm32f4xx_hal_dma.c **** 
 1480              		.loc 1 753 23 view .LVU572
 1481 0006 876D     		ldr	r7, [r0, #88]
 750:Drivers/STM32F4xx_HAL_Driver/Src/stm32f4xx_hal_dma.c **** 
 1482              		.loc 1 750 38 view .LVU573
 1483 0008 1668     		ldr	r6, [r2]
 749:Drivers/STM32F4xx_HAL_Driver/Src/stm32f4xx_hal_dma.c ****   uint32_t timeout = SystemCoreClock / 9600U;
 1484              		.loc 1 749 17 view .LVU574
 1485 000a 0023     		movs	r3, #0
 1486 000c 0193     		str	r3, [sp, #4]
 750:Drivers/STM32F4xx_HAL_Driver/Src/stm32f4xx_hal_dma.c **** 
 1487              		.loc 1 750 3 is_stmt 1 view .LVU575
 1488              	.LVL93:
 753:Drivers/STM32F4xx_HAL_Driver/Src/stm32f4xx_hal_dma.c **** 
 1489              		.loc 1 753 3 view .LVU576
 755:Drivers/STM32F4xx_HAL_Driver/Src/stm32f4xx_hal_dma.c **** 
 1490              		.loc 1 755 3 view .LVU577
 758:Drivers/STM32F4xx_HAL_Driver/Src/stm32f4xx_hal_dma.c ****   {
 1491              		.loc 1 758 42 is_stmt 0 view .LVU578
 1492 000e C36D     		ldr	r3, [r0, #92]
 755:Drivers/STM32F4xx_HAL_Driver/Src/stm32f4xx_hal_dma.c **** 
 1493              		.loc 1 755 10 view .LVU579
 1494 0010 3D68     		ldr	r5, [r7]
 1495              	.LVL94:
 758:Drivers/STM32F4xx_HAL_Driver/Src/stm32f4xx_hal_dma.c ****   {
 1496              		.loc 1 758 3 is_stmt 1 view .LVU580
 758:Drivers/STM32F4xx_HAL_Driver/Src/stm32f4xx_hal_dma.c ****   {
 1497              		.loc 1 758 35 is_stmt 0 view .LVU581
 1498 0012 0822     		movs	r2, #8
 1499 0014 9A40     		lsls	r2, r2, r3
 758:Drivers/STM32F4xx_HAL_Driver/Src/stm32f4xx_hal_dma.c ****   {
 1500              		.loc 1 758 6 view .LVU582
 1501 0016 2A42     		tst	r2, r5
 747:Drivers/STM32F4xx_HAL_Driver/Src/stm32f4xx_hal_dma.c ****   uint32_t tmpisr;
 1502              		.loc 1 747 1 view .LVU583
 1503 0018 0446     		mov	r4, r0
 758:Drivers/STM32F4xx_HAL_Driver/Src/stm32f4xx_hal_dma.c ****   {
 1504              		.loc 1 758 6 view .LVU584
 1505 001a 03D0     		beq	.L140
 760:Drivers/STM32F4xx_HAL_Driver/Src/stm32f4xx_hal_dma.c ****     {
 1506              		.loc 1 760 5 is_stmt 1 view .LVU585
 760:Drivers/STM32F4xx_HAL_Driver/Src/stm32f4xx_hal_dma.c ****     {
 1507              		.loc 1 760 8 is_stmt 0 view .LVU586
ARM GAS  C:\Users\techn\AppData\Local\Temp\ccFAleKM.s 			page 59


 1508 001c 0168     		ldr	r1, [r0]
 1509 001e 0868     		ldr	r0, [r1]
 1510              	.LVL95:
 760:Drivers/STM32F4xx_HAL_Driver/Src/stm32f4xx_hal_dma.c ****     {
 1511              		.loc 1 760 7 view .LVU587
 1512 0020 4007     		lsls	r0, r0, #29
 1513 0022 78D4     		bmi	.L224
 1514              	.L140:
 773:Drivers/STM32F4xx_HAL_Driver/Src/stm32f4xx_hal_dma.c ****   {
 1515              		.loc 1 773 3 is_stmt 1 view .LVU588
 773:Drivers/STM32F4xx_HAL_Driver/Src/stm32f4xx_hal_dma.c ****   {
 1516              		.loc 1 773 35 is_stmt 0 view .LVU589
 1517 0024 0122     		movs	r2, #1
 1518 0026 9A40     		lsls	r2, r2, r3
 773:Drivers/STM32F4xx_HAL_Driver/Src/stm32f4xx_hal_dma.c ****   {
 1519              		.loc 1 773 6 view .LVU590
 1520 0028 2A42     		tst	r2, r5
 1521 002a 03D0     		beq	.L141
 775:Drivers/STM32F4xx_HAL_Driver/Src/stm32f4xx_hal_dma.c ****     {
 1522              		.loc 1 775 5 is_stmt 1 view .LVU591
 775:Drivers/STM32F4xx_HAL_Driver/Src/stm32f4xx_hal_dma.c ****     {
 1523              		.loc 1 775 8 is_stmt 0 view .LVU592
 1524 002c 2168     		ldr	r1, [r4]
 1525 002e 4969     		ldr	r1, [r1, #20]
 775:Drivers/STM32F4xx_HAL_Driver/Src/stm32f4xx_hal_dma.c ****     {
 1526              		.loc 1 775 7 view .LVU593
 1527 0030 0806     		lsls	r0, r1, #24
 1528 0032 6AD4     		bmi	.L225
 1529              	.L141:
 785:Drivers/STM32F4xx_HAL_Driver/Src/stm32f4xx_hal_dma.c ****   {
 1530              		.loc 1 785 3 is_stmt 1 view .LVU594
 785:Drivers/STM32F4xx_HAL_Driver/Src/stm32f4xx_hal_dma.c ****   {
 1531              		.loc 1 785 36 is_stmt 0 view .LVU595
 1532 0034 0422     		movs	r2, #4
 1533 0036 9A40     		lsls	r2, r2, r3
 785:Drivers/STM32F4xx_HAL_Driver/Src/stm32f4xx_hal_dma.c ****   {
 1534              		.loc 1 785 6 view .LVU596
 1535 0038 2A42     		tst	r2, r5
 1536 003a 03D0     		beq	.L142
 787:Drivers/STM32F4xx_HAL_Driver/Src/stm32f4xx_hal_dma.c ****     {
 1537              		.loc 1 787 5 is_stmt 1 view .LVU597
 787:Drivers/STM32F4xx_HAL_Driver/Src/stm32f4xx_hal_dma.c ****     {
 1538              		.loc 1 787 8 is_stmt 0 view .LVU598
 1539 003c 2168     		ldr	r1, [r4]
 1540 003e 0968     		ldr	r1, [r1]
 787:Drivers/STM32F4xx_HAL_Driver/Src/stm32f4xx_hal_dma.c ****     {
 1541              		.loc 1 787 7 view .LVU599
 1542 0040 8907     		lsls	r1, r1, #30
 1543 0042 5CD4     		bmi	.L226
 1544              	.L142:
 797:Drivers/STM32F4xx_HAL_Driver/Src/stm32f4xx_hal_dma.c ****   {
 1545              		.loc 1 797 3 is_stmt 1 view .LVU600
 797:Drivers/STM32F4xx_HAL_Driver/Src/stm32f4xx_hal_dma.c ****   {
 1546              		.loc 1 797 35 is_stmt 0 view .LVU601
 1547 0044 1022     		movs	r2, #16
 1548 0046 9A40     		lsls	r2, r2, r3
 797:Drivers/STM32F4xx_HAL_Driver/Src/stm32f4xx_hal_dma.c ****   {
ARM GAS  C:\Users\techn\AppData\Local\Temp\ccFAleKM.s 			page 60


 1549              		.loc 1 797 6 view .LVU602
 1550 0048 2A42     		tst	r2, r5
 1551 004a 03D0     		beq	.L144
 799:Drivers/STM32F4xx_HAL_Driver/Src/stm32f4xx_hal_dma.c ****     {
 1552              		.loc 1 799 5 is_stmt 1 view .LVU603
 799:Drivers/STM32F4xx_HAL_Driver/Src/stm32f4xx_hal_dma.c ****     {
 1553              		.loc 1 799 8 is_stmt 0 view .LVU604
 1554 004c 2168     		ldr	r1, [r4]
 1555 004e 0868     		ldr	r0, [r1]
 799:Drivers/STM32F4xx_HAL_Driver/Src/stm32f4xx_hal_dma.c ****     {
 1556              		.loc 1 799 7 view .LVU605
 1557 0050 0007     		lsls	r0, r0, #28
 1558 0052 41D4     		bmi	.L227
 1559              	.L144:
 844:Drivers/STM32F4xx_HAL_Driver/Src/stm32f4xx_hal_dma.c ****   {
 1560              		.loc 1 844 3 is_stmt 1 view .LVU606
 844:Drivers/STM32F4xx_HAL_Driver/Src/stm32f4xx_hal_dma.c ****   {
 1561              		.loc 1 844 35 is_stmt 0 view .LVU607
 1562 0054 2022     		movs	r2, #32
 1563 0056 9A40     		lsls	r2, r2, r3
 844:Drivers/STM32F4xx_HAL_Driver/Src/stm32f4xx_hal_dma.c ****   {
 1564              		.loc 1 844 6 view .LVU608
 1565 0058 2A42     		tst	r2, r5
 1566 005a 14D0     		beq	.L150
 846:Drivers/STM32F4xx_HAL_Driver/Src/stm32f4xx_hal_dma.c ****     {
 1567              		.loc 1 846 5 is_stmt 1 view .LVU609
 846:Drivers/STM32F4xx_HAL_Driver/Src/stm32f4xx_hal_dma.c ****     {
 1568              		.loc 1 846 8 is_stmt 0 view .LVU610
 1569 005c 2168     		ldr	r1, [r4]
 1570 005e 0868     		ldr	r0, [r1]
 846:Drivers/STM32F4xx_HAL_Driver/Src/stm32f4xx_hal_dma.c ****     {
 1571              		.loc 1 846 7 view .LVU611
 1572 0060 C006     		lsls	r0, r0, #27
 1573 0062 10D5     		bpl	.L150
 849:Drivers/STM32F4xx_HAL_Driver/Src/stm32f4xx_hal_dma.c ****       
 1574              		.loc 1 849 7 is_stmt 1 view .LVU612
 849:Drivers/STM32F4xx_HAL_Driver/Src/stm32f4xx_hal_dma.c ****       
 1575              		.loc 1 849 18 is_stmt 0 view .LVU613
 1576 0064 BA60     		str	r2, [r7, #8]
 851:Drivers/STM32F4xx_HAL_Driver/Src/stm32f4xx_hal_dma.c ****       {
 1577              		.loc 1 851 7 is_stmt 1 view .LVU614
 851:Drivers/STM32F4xx_HAL_Driver/Src/stm32f4xx_hal_dma.c ****       {
 1578              		.loc 1 851 37 is_stmt 0 view .LVU615
 1579 0066 94F83520 		ldrb	r2, [r4, #53]	@ zero_extendqisi2
 851:Drivers/STM32F4xx_HAL_Driver/Src/stm32f4xx_hal_dma.c ****       {
 1580              		.loc 1 851 9 view .LVU616
 1581 006a 052A     		cmp	r2, #5
 1582 006c 63D0     		beq	.L228
 878:Drivers/STM32F4xx_HAL_Driver/Src/stm32f4xx_hal_dma.c ****       {
 1583              		.loc 1 878 7 is_stmt 1 view .LVU617
 878:Drivers/STM32F4xx_HAL_Driver/Src/stm32f4xx_hal_dma.c ****       {
 1584              		.loc 1 878 26 is_stmt 0 view .LVU618
 1585 006e 0B68     		ldr	r3, [r1]
 878:Drivers/STM32F4xx_HAL_Driver/Src/stm32f4xx_hal_dma.c ****       {
 1586              		.loc 1 878 9 view .LVU619
 1587 0070 13F4802F 		tst	r3, #262144
 881:Drivers/STM32F4xx_HAL_Driver/Src/stm32f4xx_hal_dma.c ****         {
ARM GAS  C:\Users\techn\AppData\Local\Temp\ccFAleKM.s 			page 61


 1588              		.loc 1 881 27 view .LVU620
 1589 0074 0B68     		ldr	r3, [r1]
 878:Drivers/STM32F4xx_HAL_Driver/Src/stm32f4xx_hal_dma.c ****       {
 1590              		.loc 1 878 9 view .LVU621
 1591 0076 7ED0     		beq	.L157
 881:Drivers/STM32F4xx_HAL_Driver/Src/stm32f4xx_hal_dma.c ****         {
 1592              		.loc 1 881 9 is_stmt 1 view .LVU622
 881:Drivers/STM32F4xx_HAL_Driver/Src/stm32f4xx_hal_dma.c ****         {
 1593              		.loc 1 881 11 is_stmt 0 view .LVU623
 1594 0078 1903     		lsls	r1, r3, #12
 1595 007a 40F18980 		bpl	.L229
 1596              	.L159:
 911:Drivers/STM32F4xx_HAL_Driver/Src/stm32f4xx_hal_dma.c ****         }
 1597              		.loc 1 911 11 is_stmt 1 discriminator 1 view .LVU624
 914:Drivers/STM32F4xx_HAL_Driver/Src/stm32f4xx_hal_dma.c ****         {
 1598              		.loc 1 914 9 view .LVU625
 914:Drivers/STM32F4xx_HAL_Driver/Src/stm32f4xx_hal_dma.c ****         {
 1599              		.loc 1 914 16 is_stmt 0 view .LVU626
 1600 007e E36B     		ldr	r3, [r4, #60]
 914:Drivers/STM32F4xx_HAL_Driver/Src/stm32f4xx_hal_dma.c ****         {
 1601              		.loc 1 914 11 view .LVU627
 1602 0080 0BB1     		cbz	r3, .L150
 1603              	.L221:
 917:Drivers/STM32F4xx_HAL_Driver/Src/stm32f4xx_hal_dma.c ****         }
 1604              		.loc 1 917 11 is_stmt 1 view .LVU628
 1605 0082 2046     		mov	r0, r4
 1606 0084 9847     		blx	r3
 1607              	.LVL96:
 1608              	.L150:
 924:Drivers/STM32F4xx_HAL_Driver/Src/stm32f4xx_hal_dma.c ****   {
 1609              		.loc 1 924 3 view .LVU629
 924:Drivers/STM32F4xx_HAL_Driver/Src/stm32f4xx_hal_dma.c ****   {
 1610              		.loc 1 924 10 is_stmt 0 view .LVU630
 1611 0086 636D     		ldr	r3, [r4, #84]
 924:Drivers/STM32F4xx_HAL_Driver/Src/stm32f4xx_hal_dma.c ****   {
 1612              		.loc 1 924 5 view .LVU631
 1613 0088 23B3     		cbz	r3, .L139
 926:Drivers/STM32F4xx_HAL_Driver/Src/stm32f4xx_hal_dma.c ****     {
 1614              		.loc 1 926 5 is_stmt 1 view .LVU632
 926:Drivers/STM32F4xx_HAL_Driver/Src/stm32f4xx_hal_dma.c ****     {
 1615              		.loc 1 926 13 is_stmt 0 view .LVU633
 1616 008a 636D     		ldr	r3, [r4, #84]
 926:Drivers/STM32F4xx_HAL_Driver/Src/stm32f4xx_hal_dma.c ****     {
 1617              		.loc 1 926 7 view .LVU634
 1618 008c DA07     		lsls	r2, r3, #31
 1619 008e 1AD5     		bpl	.L161
 931:Drivers/STM32F4xx_HAL_Driver/Src/stm32f4xx_hal_dma.c **** 
 1620              		.loc 1 931 7 view .LVU635
 1621 0090 2268     		ldr	r2, [r4]
 750:Drivers/STM32F4xx_HAL_Driver/Src/stm32f4xx_hal_dma.c **** 
 1622              		.loc 1 750 12 view .LVU636
 1623 0092 4549     		ldr	r1, .L233+4
 928:Drivers/STM32F4xx_HAL_Driver/Src/stm32f4xx_hal_dma.c **** 
 1624              		.loc 1 928 19 view .LVU637
 1625 0094 0523     		movs	r3, #5
 1626 0096 84F83530 		strb	r3, [r4, #53]
 931:Drivers/STM32F4xx_HAL_Driver/Src/stm32f4xx_hal_dma.c **** 
ARM GAS  C:\Users\techn\AppData\Local\Temp\ccFAleKM.s 			page 62


 1627              		.loc 1 931 7 view .LVU638
 1628 009a 1368     		ldr	r3, [r2]
 750:Drivers/STM32F4xx_HAL_Driver/Src/stm32f4xx_hal_dma.c **** 
 1629              		.loc 1 750 12 view .LVU639
 1630 009c A1FB0616 		umull	r1, r6, r1, r6
 1631              	.LVL97:
 931:Drivers/STM32F4xx_HAL_Driver/Src/stm32f4xx_hal_dma.c **** 
 1632              		.loc 1 931 7 view .LVU640
 1633 00a0 23F00103 		bic	r3, r3, #1
 750:Drivers/STM32F4xx_HAL_Driver/Src/stm32f4xx_hal_dma.c **** 
 1634              		.loc 1 750 12 view .LVU641
 1635 00a4 B60A     		lsrs	r6, r6, #10
 928:Drivers/STM32F4xx_HAL_Driver/Src/stm32f4xx_hal_dma.c **** 
 1636              		.loc 1 928 7 is_stmt 1 view .LVU642
 931:Drivers/STM32F4xx_HAL_Driver/Src/stm32f4xx_hal_dma.c **** 
 1637              		.loc 1 931 7 view .LVU643
 1638 00a6 1360     		str	r3, [r2]
 1639 00a8 02E0     		b	.L163
 1640              	.L230:
 940:Drivers/STM32F4xx_HAL_Driver/Src/stm32f4xx_hal_dma.c **** 
 1641              		.loc 1 940 28 is_stmt 0 view .LVU644
 1642 00aa 1368     		ldr	r3, [r2]
 940:Drivers/STM32F4xx_HAL_Driver/Src/stm32f4xx_hal_dma.c **** 
 1643              		.loc 1 940 48 view .LVU645
 1644 00ac DB07     		lsls	r3, r3, #31
 1645 00ae 04D5     		bpl	.L162
 1646              	.L163:
 933:Drivers/STM32F4xx_HAL_Driver/Src/stm32f4xx_hal_dma.c ****       {
 1647              		.loc 1 933 7 is_stmt 1 view .LVU646
 935:Drivers/STM32F4xx_HAL_Driver/Src/stm32f4xx_hal_dma.c ****         {
 1648              		.loc 1 935 9 view .LVU647
 940:Drivers/STM32F4xx_HAL_Driver/Src/stm32f4xx_hal_dma.c **** 
 1649              		.loc 1 940 48 view .LVU648
 935:Drivers/STM32F4xx_HAL_Driver/Src/stm32f4xx_hal_dma.c ****         {
 1650              		.loc 1 935 13 is_stmt 0 view .LVU649
 1651 00b0 019B     		ldr	r3, [sp, #4]
 1652 00b2 0133     		adds	r3, r3, #1
 935:Drivers/STM32F4xx_HAL_Driver/Src/stm32f4xx_hal_dma.c ****         {
 1653              		.loc 1 935 12 view .LVU650
 1654 00b4 B342     		cmp	r3, r6
 1655 00b6 0193     		str	r3, [sp, #4]
 1656 00b8 F7D9     		bls	.L230
 1657              	.L162:
 943:Drivers/STM32F4xx_HAL_Driver/Src/stm32f4xx_hal_dma.c **** 
 1658              		.loc 1 943 7 is_stmt 1 view .LVU651
 943:Drivers/STM32F4xx_HAL_Driver/Src/stm32f4xx_hal_dma.c **** 
 1659              		.loc 1 943 19 is_stmt 0 view .LVU652
 1660 00ba 0122     		movs	r2, #1
 946:Drivers/STM32F4xx_HAL_Driver/Src/stm32f4xx_hal_dma.c ****     }
 1661              		.loc 1 946 7 view .LVU653
 1662 00bc 0023     		movs	r3, #0
 943:Drivers/STM32F4xx_HAL_Driver/Src/stm32f4xx_hal_dma.c **** 
 1663              		.loc 1 943 19 view .LVU654
 1664 00be 84F83520 		strb	r2, [r4, #53]
 946:Drivers/STM32F4xx_HAL_Driver/Src/stm32f4xx_hal_dma.c ****     }
 1665              		.loc 1 946 7 is_stmt 1 view .LVU655
 946:Drivers/STM32F4xx_HAL_Driver/Src/stm32f4xx_hal_dma.c ****     }
ARM GAS  C:\Users\techn\AppData\Local\Temp\ccFAleKM.s 			page 63


 1666              		.loc 1 946 7 view .LVU656
 1667 00c2 84F83430 		strb	r3, [r4, #52]
 1668              	.L161:
 946:Drivers/STM32F4xx_HAL_Driver/Src/stm32f4xx_hal_dma.c ****     }
 1669              		.loc 1 946 7 discriminator 1 view .LVU657
 949:Drivers/STM32F4xx_HAL_Driver/Src/stm32f4xx_hal_dma.c ****     {
 1670              		.loc 1 949 5 view .LVU658
 949:Drivers/STM32F4xx_HAL_Driver/Src/stm32f4xx_hal_dma.c ****     {
 1671              		.loc 1 949 12 is_stmt 0 view .LVU659
 1672 00c6 E36C     		ldr	r3, [r4, #76]
 949:Drivers/STM32F4xx_HAL_Driver/Src/stm32f4xx_hal_dma.c ****     {
 1673              		.loc 1 949 7 view .LVU660
 1674 00c8 23B1     		cbz	r3, .L139
 952:Drivers/STM32F4xx_HAL_Driver/Src/stm32f4xx_hal_dma.c ****     }
 1675              		.loc 1 952 7 is_stmt 1 view .LVU661
 1676 00ca 2046     		mov	r0, r4
 955:Drivers/STM32F4xx_HAL_Driver/Src/stm32f4xx_hal_dma.c **** 
 1677              		.loc 1 955 1 is_stmt 0 view .LVU662
 1678 00cc 03B0     		add	sp, sp, #12
 1679              	.LCFI20:
 1680              		.cfi_remember_state
 1681              		.cfi_def_cfa_offset 20
 1682              		@ sp needed
 1683 00ce BDE8F040 		pop	{r4, r5, r6, r7, lr}
 1684              	.LCFI21:
 1685              		.cfi_restore 14
 1686              		.cfi_restore 7
 1687              		.cfi_restore 6
 1688              		.cfi_restore 5
 1689              		.cfi_restore 4
 1690              		.cfi_def_cfa_offset 0
 1691              	.LVL98:
 952:Drivers/STM32F4xx_HAL_Driver/Src/stm32f4xx_hal_dma.c ****     }
 1692              		.loc 1 952 7 view .LVU663
 1693 00d2 1847     		bx	r3	@ indirect register sibling call
 1694              	.LVL99:
 1695              	.L139:
 1696              	.LCFI22:
 1697              		.cfi_restore_state
 955:Drivers/STM32F4xx_HAL_Driver/Src/stm32f4xx_hal_dma.c **** 
 1698              		.loc 1 955 1 view .LVU664
 1699 00d4 03B0     		add	sp, sp, #12
 1700              	.LCFI23:
 1701              		.cfi_remember_state
 1702              		.cfi_def_cfa_offset 20
 1703              		@ sp needed
 1704 00d6 F0BD     		pop	{r4, r5, r6, r7, pc}
 1705              	.LVL100:
 1706              	.L227:
 1707              	.LCFI24:
 1708              		.cfi_restore_state
 802:Drivers/STM32F4xx_HAL_Driver/Src/stm32f4xx_hal_dma.c ****       
 1709              		.loc 1 802 7 is_stmt 1 view .LVU665
 802:Drivers/STM32F4xx_HAL_Driver/Src/stm32f4xx_hal_dma.c ****       
 1710              		.loc 1 802 18 is_stmt 0 view .LVU666
 1711 00d8 BA60     		str	r2, [r7, #8]
 805:Drivers/STM32F4xx_HAL_Driver/Src/stm32f4xx_hal_dma.c ****       {
ARM GAS  C:\Users\techn\AppData\Local\Temp\ccFAleKM.s 			page 64


 1712              		.loc 1 805 7 is_stmt 1 view .LVU667
 805:Drivers/STM32F4xx_HAL_Driver/Src/stm32f4xx_hal_dma.c ****       {
 1713              		.loc 1 805 26 is_stmt 0 view .LVU668
 1714 00da 0A68     		ldr	r2, [r1]
 805:Drivers/STM32F4xx_HAL_Driver/Src/stm32f4xx_hal_dma.c ****       {
 1715              		.loc 1 805 9 view .LVU669
 1716 00dc 12F4802F 		tst	r2, #262144
 808:Drivers/STM32F4xx_HAL_Driver/Src/stm32f4xx_hal_dma.c ****         {
 1717              		.loc 1 808 27 view .LVU670
 1718 00e0 0A68     		ldr	r2, [r1]
 805:Drivers/STM32F4xx_HAL_Driver/Src/stm32f4xx_hal_dma.c ****       {
 1719              		.loc 1 805 9 view .LVU671
 1720 00e2 22D1     		bne	.L231
 829:Drivers/STM32F4xx_HAL_Driver/Src/stm32f4xx_hal_dma.c ****         {
 1721              		.loc 1 829 9 is_stmt 1 view .LVU672
 829:Drivers/STM32F4xx_HAL_Driver/Src/stm32f4xx_hal_dma.c ****         {
 1722              		.loc 1 829 11 is_stmt 0 view .LVU673
 1723 00e4 D205     		lsls	r2, r2, #23
 1724 00e6 03D4     		bmi	.L148
 832:Drivers/STM32F4xx_HAL_Driver/Src/stm32f4xx_hal_dma.c ****         }
 1725              		.loc 1 832 11 is_stmt 1 view .LVU674
 832:Drivers/STM32F4xx_HAL_Driver/Src/stm32f4xx_hal_dma.c ****         }
 1726              		.loc 1 832 25 is_stmt 0 view .LVU675
 1727 00e8 0A68     		ldr	r2, [r1]
 832:Drivers/STM32F4xx_HAL_Driver/Src/stm32f4xx_hal_dma.c ****         }
 1728              		.loc 1 832 31 view .LVU676
 1729 00ea 22F00802 		bic	r2, r2, #8
 1730 00ee 0A60     		str	r2, [r1]
 1731              	.L148:
 835:Drivers/STM32F4xx_HAL_Driver/Src/stm32f4xx_hal_dma.c ****         {
 1732              		.loc 1 835 9 is_stmt 1 view .LVU677
 835:Drivers/STM32F4xx_HAL_Driver/Src/stm32f4xx_hal_dma.c ****         {
 1733              		.loc 1 835 16 is_stmt 0 view .LVU678
 1734 00f0 226C     		ldr	r2, [r4, #64]
 835:Drivers/STM32F4xx_HAL_Driver/Src/stm32f4xx_hal_dma.c ****         {
 1735              		.loc 1 835 11 view .LVU679
 1736 00f2 002A     		cmp	r2, #0
 1737 00f4 AED0     		beq	.L144
 1738              	.L220:
 838:Drivers/STM32F4xx_HAL_Driver/Src/stm32f4xx_hal_dma.c ****         }
 1739              		.loc 1 838 11 is_stmt 1 view .LVU680
 1740 00f6 2046     		mov	r0, r4
 1741 00f8 9047     		blx	r2
 1742              	.LVL101:
 844:Drivers/STM32F4xx_HAL_Driver/Src/stm32f4xx_hal_dma.c ****   {
 1743              		.loc 1 844 42 is_stmt 0 view .LVU681
 1744 00fa E36D     		ldr	r3, [r4, #92]
 1745 00fc AAE7     		b	.L144
 1746              	.L226:
 790:Drivers/STM32F4xx_HAL_Driver/Src/stm32f4xx_hal_dma.c **** 
 1747              		.loc 1 790 7 is_stmt 1 view .LVU682
 790:Drivers/STM32F4xx_HAL_Driver/Src/stm32f4xx_hal_dma.c **** 
 1748              		.loc 1 790 18 is_stmt 0 view .LVU683
 1749 00fe BA60     		str	r2, [r7, #8]
 793:Drivers/STM32F4xx_HAL_Driver/Src/stm32f4xx_hal_dma.c ****     }
 1750              		.loc 1 793 7 is_stmt 1 view .LVU684
 793:Drivers/STM32F4xx_HAL_Driver/Src/stm32f4xx_hal_dma.c ****     }
ARM GAS  C:\Users\techn\AppData\Local\Temp\ccFAleKM.s 			page 65


 1751              		.loc 1 793 11 is_stmt 0 view .LVU685
 1752 0100 626D     		ldr	r2, [r4, #84]
 793:Drivers/STM32F4xx_HAL_Driver/Src/stm32f4xx_hal_dma.c ****     }
 1753              		.loc 1 793 23 view .LVU686
 1754 0102 42F00402 		orr	r2, r2, #4
 1755 0106 6265     		str	r2, [r4, #84]
 1756 0108 9CE7     		b	.L142
 1757              	.L225:
 778:Drivers/STM32F4xx_HAL_Driver/Src/stm32f4xx_hal_dma.c **** 
 1758              		.loc 1 778 7 is_stmt 1 view .LVU687
 778:Drivers/STM32F4xx_HAL_Driver/Src/stm32f4xx_hal_dma.c **** 
 1759              		.loc 1 778 18 is_stmt 0 view .LVU688
 1760 010a BA60     		str	r2, [r7, #8]
 781:Drivers/STM32F4xx_HAL_Driver/Src/stm32f4xx_hal_dma.c ****     }
 1761              		.loc 1 781 7 is_stmt 1 view .LVU689
 781:Drivers/STM32F4xx_HAL_Driver/Src/stm32f4xx_hal_dma.c ****     }
 1762              		.loc 1 781 11 is_stmt 0 view .LVU690
 1763 010c 626D     		ldr	r2, [r4, #84]
 781:Drivers/STM32F4xx_HAL_Driver/Src/stm32f4xx_hal_dma.c ****     }
 1764              		.loc 1 781 23 view .LVU691
 1765 010e 42F00202 		orr	r2, r2, #2
 1766 0112 6265     		str	r2, [r4, #84]
 1767 0114 8EE7     		b	.L141
 1768              	.L224:
 763:Drivers/STM32F4xx_HAL_Driver/Src/stm32f4xx_hal_dma.c ****       
 1769              		.loc 1 763 7 is_stmt 1 view .LVU692
 763:Drivers/STM32F4xx_HAL_Driver/Src/stm32f4xx_hal_dma.c ****       
 1770              		.loc 1 763 21 is_stmt 0 view .LVU693
 1771 0116 0868     		ldr	r0, [r1]
 763:Drivers/STM32F4xx_HAL_Driver/Src/stm32f4xx_hal_dma.c ****       
 1772              		.loc 1 763 27 view .LVU694
 1773 0118 20F00400 		bic	r0, r0, #4
 1774 011c 0860     		str	r0, [r1]
 766:Drivers/STM32F4xx_HAL_Driver/Src/stm32f4xx_hal_dma.c ****       
 1775              		.loc 1 766 7 is_stmt 1 view .LVU695
 766:Drivers/STM32F4xx_HAL_Driver/Src/stm32f4xx_hal_dma.c ****       
 1776              		.loc 1 766 18 is_stmt 0 view .LVU696
 1777 011e BA60     		str	r2, [r7, #8]
 769:Drivers/STM32F4xx_HAL_Driver/Src/stm32f4xx_hal_dma.c ****     }
 1778              		.loc 1 769 7 is_stmt 1 view .LVU697
 769:Drivers/STM32F4xx_HAL_Driver/Src/stm32f4xx_hal_dma.c ****     }
 1779              		.loc 1 769 11 is_stmt 0 view .LVU698
 1780 0120 626D     		ldr	r2, [r4, #84]
 769:Drivers/STM32F4xx_HAL_Driver/Src/stm32f4xx_hal_dma.c ****     }
 1781              		.loc 1 769 23 view .LVU699
 1782 0122 42F00102 		orr	r2, r2, #1
 1783 0126 6265     		str	r2, [r4, #84]
 1784 0128 7CE7     		b	.L140
 1785              	.L231:
 808:Drivers/STM32F4xx_HAL_Driver/Src/stm32f4xx_hal_dma.c ****         {
 1786              		.loc 1 808 9 is_stmt 1 view .LVU700
 808:Drivers/STM32F4xx_HAL_Driver/Src/stm32f4xx_hal_dma.c ****         {
 1787              		.loc 1 808 11 is_stmt 0 view .LVU701
 1788 012a 1103     		lsls	r1, r2, #12
 1789 012c E0D5     		bpl	.L148
 819:Drivers/STM32F4xx_HAL_Driver/Src/stm32f4xx_hal_dma.c ****           {
 1790              		.loc 1 819 11 is_stmt 1 view .LVU702
ARM GAS  C:\Users\techn\AppData\Local\Temp\ccFAleKM.s 			page 66


 819:Drivers/STM32F4xx_HAL_Driver/Src/stm32f4xx_hal_dma.c ****           {
 1791              		.loc 1 819 18 is_stmt 0 view .LVU703
 1792 012e A26C     		ldr	r2, [r4, #72]
 819:Drivers/STM32F4xx_HAL_Driver/Src/stm32f4xx_hal_dma.c ****           {
 1793              		.loc 1 819 13 view .LVU704
 1794 0130 002A     		cmp	r2, #0
 1795 0132 E0D1     		bne	.L220
 1796 0134 8EE7     		b	.L144
 1797              	.L228:
 854:Drivers/STM32F4xx_HAL_Driver/Src/stm32f4xx_hal_dma.c ****         hdma->Instance->FCR &= ~(DMA_IT_FE);
 1798              		.loc 1 854 9 is_stmt 1 view .LVU705
 854:Drivers/STM32F4xx_HAL_Driver/Src/stm32f4xx_hal_dma.c ****         hdma->Instance->FCR &= ~(DMA_IT_FE);
 1799              		.loc 1 854 23 is_stmt 0 view .LVU706
 1800 0136 0A68     		ldr	r2, [r1]
 854:Drivers/STM32F4xx_HAL_Driver/Src/stm32f4xx_hal_dma.c ****         hdma->Instance->FCR &= ~(DMA_IT_FE);
 1801              		.loc 1 854 29 view .LVU707
 1802 0138 22F01602 		bic	r2, r2, #22
 1803 013c 0A60     		str	r2, [r1]
 855:Drivers/STM32F4xx_HAL_Driver/Src/stm32f4xx_hal_dma.c ****         
 1804              		.loc 1 855 9 is_stmt 1 view .LVU708
 855:Drivers/STM32F4xx_HAL_Driver/Src/stm32f4xx_hal_dma.c ****         
 1805              		.loc 1 855 23 is_stmt 0 view .LVU709
 1806 013e 4A69     		ldr	r2, [r1, #20]
 855:Drivers/STM32F4xx_HAL_Driver/Src/stm32f4xx_hal_dma.c ****         
 1807              		.loc 1 855 29 view .LVU710
 1808 0140 22F08002 		bic	r2, r2, #128
 1809 0144 4A61     		str	r2, [r1, #20]
 857:Drivers/STM32F4xx_HAL_Driver/Src/stm32f4xx_hal_dma.c ****         {
 1810              		.loc 1 857 9 is_stmt 1 view .LVU711
 857:Drivers/STM32F4xx_HAL_Driver/Src/stm32f4xx_hal_dma.c ****         {
 1811              		.loc 1 857 11 is_stmt 0 view .LVU712
 1812 0146 226C     		ldr	r2, [r4, #64]
 1813 0148 3AB3     		cbz	r2, .L232
 1814              	.L153:
 859:Drivers/STM32F4xx_HAL_Driver/Src/stm32f4xx_hal_dma.c ****         }
 1815              		.loc 1 859 11 is_stmt 1 view .LVU713
 859:Drivers/STM32F4xx_HAL_Driver/Src/stm32f4xx_hal_dma.c ****         }
 1816              		.loc 1 859 25 is_stmt 0 view .LVU714
 1817 014a 0A68     		ldr	r2, [r1]
 859:Drivers/STM32F4xx_HAL_Driver/Src/stm32f4xx_hal_dma.c ****         }
 1818              		.loc 1 859 31 view .LVU715
 1819 014c 22F00802 		bic	r2, r2, #8
 1820 0150 0A60     		str	r2, [r1]
 1821              	.L154:
 863:Drivers/STM32F4xx_HAL_Driver/Src/stm32f4xx_hal_dma.c **** 
 1822              		.loc 1 863 9 is_stmt 1 view .LVU716
 863:Drivers/STM32F4xx_HAL_Driver/Src/stm32f4xx_hal_dma.c **** 
 1823              		.loc 1 863 28 is_stmt 0 view .LVU717
 1824 0152 3F22     		movs	r2, #63
 1825 0154 02FA03F3 		lsl	r3, r2, r3
 871:Drivers/STM32F4xx_HAL_Driver/Src/stm32f4xx_hal_dma.c ****         {
 1826              		.loc 1 871 16 view .LVU718
 1827 0158 216D     		ldr	r1, [r4, #80]
 863:Drivers/STM32F4xx_HAL_Driver/Src/stm32f4xx_hal_dma.c **** 
 1828              		.loc 1 863 20 view .LVU719
 1829 015a BB60     		str	r3, [r7, #8]
 866:Drivers/STM32F4xx_HAL_Driver/Src/stm32f4xx_hal_dma.c **** 
ARM GAS  C:\Users\techn\AppData\Local\Temp\ccFAleKM.s 			page 67


 1830              		.loc 1 866 9 is_stmt 1 view .LVU720
 866:Drivers/STM32F4xx_HAL_Driver/Src/stm32f4xx_hal_dma.c **** 
 1831              		.loc 1 866 21 is_stmt 0 view .LVU721
 1832 015c 0122     		movs	r2, #1
 869:Drivers/STM32F4xx_HAL_Driver/Src/stm32f4xx_hal_dma.c **** 
 1833              		.loc 1 869 9 view .LVU722
 1834 015e 0023     		movs	r3, #0
 866:Drivers/STM32F4xx_HAL_Driver/Src/stm32f4xx_hal_dma.c **** 
 1835              		.loc 1 866 21 view .LVU723
 1836 0160 84F83520 		strb	r2, [r4, #53]
 869:Drivers/STM32F4xx_HAL_Driver/Src/stm32f4xx_hal_dma.c **** 
 1837              		.loc 1 869 9 is_stmt 1 view .LVU724
 869:Drivers/STM32F4xx_HAL_Driver/Src/stm32f4xx_hal_dma.c **** 
 1838              		.loc 1 869 9 view .LVU725
 1839 0164 84F83430 		strb	r3, [r4, #52]
 869:Drivers/STM32F4xx_HAL_Driver/Src/stm32f4xx_hal_dma.c **** 
 1840              		.loc 1 869 9 view .LVU726
 871:Drivers/STM32F4xx_HAL_Driver/Src/stm32f4xx_hal_dma.c ****         {
 1841              		.loc 1 871 9 view .LVU727
 871:Drivers/STM32F4xx_HAL_Driver/Src/stm32f4xx_hal_dma.c ****         {
 1842              		.loc 1 871 11 is_stmt 0 view .LVU728
 1843 0168 0029     		cmp	r1, #0
 1844 016a B3D0     		beq	.L139
 873:Drivers/STM32F4xx_HAL_Driver/Src/stm32f4xx_hal_dma.c ****         }
 1845              		.loc 1 873 11 is_stmt 1 view .LVU729
 1846 016c 2046     		mov	r0, r4
 955:Drivers/STM32F4xx_HAL_Driver/Src/stm32f4xx_hal_dma.c **** 
 1847              		.loc 1 955 1 is_stmt 0 view .LVU730
 1848 016e 03B0     		add	sp, sp, #12
 1849              	.LCFI25:
 1850              		.cfi_remember_state
 1851              		.cfi_def_cfa_offset 20
 1852              		@ sp needed
 1853 0170 BDE8F040 		pop	{r4, r5, r6, r7, lr}
 1854              	.LCFI26:
 1855              		.cfi_restore 14
 1856              		.cfi_restore 7
 1857              		.cfi_restore 6
 1858              		.cfi_restore 5
 1859              		.cfi_restore 4
 1860              		.cfi_def_cfa_offset 0
 1861              	.LVL102:
 873:Drivers/STM32F4xx_HAL_Driver/Src/stm32f4xx_hal_dma.c ****         }
 1862              		.loc 1 873 11 view .LVU731
 1863 0174 0847     		bx	r1	@ indirect register sibling call
 1864              	.LVL103:
 1865              	.L157:
 1866              	.LCFI27:
 1867              		.cfi_restore_state
 902:Drivers/STM32F4xx_HAL_Driver/Src/stm32f4xx_hal_dma.c ****         {
 1868              		.loc 1 902 9 is_stmt 1 view .LVU732
 902:Drivers/STM32F4xx_HAL_Driver/Src/stm32f4xx_hal_dma.c ****         {
 1869              		.loc 1 902 11 is_stmt 0 view .LVU733
 1870 0176 13F48073 		ands	r3, r3, #256
 1871 017a 80D1     		bne	.L159
 905:Drivers/STM32F4xx_HAL_Driver/Src/stm32f4xx_hal_dma.c **** 
 1872              		.loc 1 905 11 is_stmt 1 view .LVU734
ARM GAS  C:\Users\techn\AppData\Local\Temp\ccFAleKM.s 			page 68


 905:Drivers/STM32F4xx_HAL_Driver/Src/stm32f4xx_hal_dma.c **** 
 1873              		.loc 1 905 25 is_stmt 0 view .LVU735
 1874 017c 0A68     		ldr	r2, [r1]
 905:Drivers/STM32F4xx_HAL_Driver/Src/stm32f4xx_hal_dma.c **** 
 1875              		.loc 1 905 31 view .LVU736
 1876 017e 22F01002 		bic	r2, r2, #16
 1877 0182 0A60     		str	r2, [r1]
 908:Drivers/STM32F4xx_HAL_Driver/Src/stm32f4xx_hal_dma.c **** 
 1878              		.loc 1 908 11 is_stmt 1 view .LVU737
 908:Drivers/STM32F4xx_HAL_Driver/Src/stm32f4xx_hal_dma.c **** 
 1879              		.loc 1 908 23 is_stmt 0 view .LVU738
 1880 0184 0122     		movs	r2, #1
 1881 0186 84F83520 		strb	r2, [r4, #53]
 911:Drivers/STM32F4xx_HAL_Driver/Src/stm32f4xx_hal_dma.c ****         }
 1882              		.loc 1 911 11 is_stmt 1 view .LVU739
 911:Drivers/STM32F4xx_HAL_Driver/Src/stm32f4xx_hal_dma.c ****         }
 1883              		.loc 1 911 11 view .LVU740
 1884 018a 84F83430 		strb	r3, [r4, #52]
 1885 018e 76E7     		b	.L159
 1886              	.L229:
 883:Drivers/STM32F4xx_HAL_Driver/Src/stm32f4xx_hal_dma.c ****           {
 1887              		.loc 1 883 11 view .LVU741
 883:Drivers/STM32F4xx_HAL_Driver/Src/stm32f4xx_hal_dma.c ****           {
 1888              		.loc 1 883 18 is_stmt 0 view .LVU742
 1889 0190 636C     		ldr	r3, [r4, #68]
 883:Drivers/STM32F4xx_HAL_Driver/Src/stm32f4xx_hal_dma.c ****           {
 1890              		.loc 1 883 13 view .LVU743
 1891 0192 002B     		cmp	r3, #0
 1892 0194 7FF475AF 		bne	.L221
 1893 0198 75E7     		b	.L150
 1894              	.L232:
 857:Drivers/STM32F4xx_HAL_Driver/Src/stm32f4xx_hal_dma.c ****         {
 1895              		.loc 1 857 49 discriminator 1 view .LVU744
 1896 019a A26C     		ldr	r2, [r4, #72]
 1897 019c 002A     		cmp	r2, #0
 1898 019e D4D1     		bne	.L153
 1899 01a0 D7E7     		b	.L154
 1900              	.L234:
 1901 01a2 00BF     		.align	2
 1902              	.L233:
 1903 01a4 00000000 		.word	SystemCoreClock
 1904 01a8 B5814E1B 		.word	458129845
 1905              		.cfi_endproc
 1906              	.LFE141:
 1908              		.section	.text.HAL_DMA_RegisterCallback,"ax",%progbits
 1909              		.align	1
 1910              		.p2align 2,,3
 1911              		.global	HAL_DMA_RegisterCallback
 1912              		.syntax unified
 1913              		.thumb
 1914              		.thumb_func
 1916              	HAL_DMA_RegisterCallback:
 1917              	.LVL104:
 1918              	.LFB142:
 968:Drivers/STM32F4xx_HAL_Driver/Src/stm32f4xx_hal_dma.c **** 
 1919              		.loc 1 968 1 is_stmt 1 view -0
 1920              		.cfi_startproc
ARM GAS  C:\Users\techn\AppData\Local\Temp\ccFAleKM.s 			page 69


 1921              		@ args = 0, pretend = 0, frame = 0
 1922              		@ frame_needed = 0, uses_anonymous_args = 0
 1923              		@ link register save eliminated.
 970:Drivers/STM32F4xx_HAL_Driver/Src/stm32f4xx_hal_dma.c **** 
 1924              		.loc 1 970 3 view .LVU746
 973:Drivers/STM32F4xx_HAL_Driver/Src/stm32f4xx_hal_dma.c **** 
 1925              		.loc 1 973 3 view .LVU747
 973:Drivers/STM32F4xx_HAL_Driver/Src/stm32f4xx_hal_dma.c **** 
 1926              		.loc 1 973 3 view .LVU748
 968:Drivers/STM32F4xx_HAL_Driver/Src/stm32f4xx_hal_dma.c **** 
 1927              		.loc 1 968 1 is_stmt 0 view .LVU749
 1928 0000 0346     		mov	r3, r0
 973:Drivers/STM32F4xx_HAL_Driver/Src/stm32f4xx_hal_dma.c **** 
 1929              		.loc 1 973 3 view .LVU750
 1930 0002 90F83400 		ldrb	r0, [r0, #52]	@ zero_extendqisi2
 1931              	.LVL105:
 973:Drivers/STM32F4xx_HAL_Driver/Src/stm32f4xx_hal_dma.c **** 
 1932              		.loc 1 973 3 view .LVU751
 1933 0006 0128     		cmp	r0, #1
 1934 0008 12D0     		beq	.L246
 973:Drivers/STM32F4xx_HAL_Driver/Src/stm32f4xx_hal_dma.c **** 
 1935              		.loc 1 973 3 is_stmt 1 discriminator 2 view .LVU752
 973:Drivers/STM32F4xx_HAL_Driver/Src/stm32f4xx_hal_dma.c **** 
 1936              		.loc 1 973 3 discriminator 2 view .LVU753
 975:Drivers/STM32F4xx_HAL_Driver/Src/stm32f4xx_hal_dma.c ****   {
 1937              		.loc 1 975 3 view .LVU754
 975:Drivers/STM32F4xx_HAL_Driver/Src/stm32f4xx_hal_dma.c ****   {
 1938              		.loc 1 975 33 is_stmt 0 view .LVU755
 1939 000a 93F835C0 		ldrb	ip, [r3, #53]	@ zero_extendqisi2
 975:Drivers/STM32F4xx_HAL_Driver/Src/stm32f4xx_hal_dma.c ****   {
 1940              		.loc 1 975 5 view .LVU756
 1941 000e BCF1010F 		cmp	ip, #1
 975:Drivers/STM32F4xx_HAL_Driver/Src/stm32f4xx_hal_dma.c ****   {
 1942              		.loc 1 975 33 view .LVU757
 1943 0012 5FFA8CF0 		uxtb	r0, ip
 975:Drivers/STM32F4xx_HAL_Driver/Src/stm32f4xx_hal_dma.c ****   {
 1944              		.loc 1 975 5 view .LVU758
 1945 0016 04D0     		beq	.L249
 1946 0018 0120     		movs	r0, #1
 1947              	.L237:
 1948              	.LVL106:
1016:Drivers/STM32F4xx_HAL_Driver/Src/stm32f4xx_hal_dma.c ****   
 1949              		.loc 1 1016 3 is_stmt 1 view .LVU759
1016:Drivers/STM32F4xx_HAL_Driver/Src/stm32f4xx_hal_dma.c ****   
 1950              		.loc 1 1016 3 view .LVU760
 1951 001a 0022     		movs	r2, #0
 1952              	.LVL107:
1016:Drivers/STM32F4xx_HAL_Driver/Src/stm32f4xx_hal_dma.c ****   
 1953              		.loc 1 1016 3 is_stmt 0 view .LVU761
 1954 001c 83F83420 		strb	r2, [r3, #52]
1016:Drivers/STM32F4xx_HAL_Driver/Src/stm32f4xx_hal_dma.c ****   
 1955              		.loc 1 1016 3 is_stmt 1 view .LVU762
1018:Drivers/STM32F4xx_HAL_Driver/Src/stm32f4xx_hal_dma.c **** }
 1956              		.loc 1 1018 3 view .LVU763
1018:Drivers/STM32F4xx_HAL_Driver/Src/stm32f4xx_hal_dma.c **** }
 1957              		.loc 1 1018 10 is_stmt 0 view .LVU764
 1958 0020 7047     		bx	lr
ARM GAS  C:\Users\techn\AppData\Local\Temp\ccFAleKM.s 			page 70


 1959              	.LVL108:
 1960              	.L249:
 977:Drivers/STM32F4xx_HAL_Driver/Src/stm32f4xx_hal_dma.c ****     {
 1961              		.loc 1 977 5 is_stmt 1 view .LVU765
 1962 0022 0529     		cmp	r1, #5
 1963 0024 F9D8     		bhi	.L237
 1964 0026 DFE801F0 		tbb	[pc, r1]
 1965              	.L239:
 1966 002a 08       		.byte	(.L244-.L239)/2
 1967 002b 0A       		.byte	(.L243-.L239)/2
 1968 002c 0C       		.byte	(.L242-.L239)/2
 1969 002d 0E       		.byte	(.L241-.L239)/2
 1970 002e 10       		.byte	(.L240-.L239)/2
 1971 002f 05       		.byte	(.L238-.L239)/2
 1972              		.p2align 1
 1973              	.L246:
 973:Drivers/STM32F4xx_HAL_Driver/Src/stm32f4xx_hal_dma.c **** 
 1974              		.loc 1 973 3 is_stmt 0 discriminator 1 view .LVU766
 1975 0030 0220     		movs	r0, #2
1019:Drivers/STM32F4xx_HAL_Driver/Src/stm32f4xx_hal_dma.c **** 
 1976              		.loc 1 1019 1 view .LVU767
 1977 0032 7047     		bx	lr
 1978              	.L238:
1000:Drivers/STM32F4xx_HAL_Driver/Src/stm32f4xx_hal_dma.c ****       break;
 1979              		.loc 1 1000 7 is_stmt 1 view .LVU768
1000:Drivers/STM32F4xx_HAL_Driver/Src/stm32f4xx_hal_dma.c ****       break;
 1980              		.loc 1 1000 31 is_stmt 0 view .LVU769
 1981 0034 1A65     		str	r2, [r3, #80]
1001:Drivers/STM32F4xx_HAL_Driver/Src/stm32f4xx_hal_dma.c **** 
 1982              		.loc 1 1001 7 is_stmt 1 view .LVU770
 1983              	.L245:
 970:Drivers/STM32F4xx_HAL_Driver/Src/stm32f4xx_hal_dma.c **** 
 1984              		.loc 1 970 21 is_stmt 0 view .LVU771
 1985 0036 0020     		movs	r0, #0
 1986 0038 EFE7     		b	.L237
 1987              	.L244:
 980:Drivers/STM32F4xx_HAL_Driver/Src/stm32f4xx_hal_dma.c ****       break;
 1988              		.loc 1 980 7 is_stmt 1 view .LVU772
 980:Drivers/STM32F4xx_HAL_Driver/Src/stm32f4xx_hal_dma.c ****       break;
 1989              		.loc 1 980 30 is_stmt 0 view .LVU773
 1990 003a DA63     		str	r2, [r3, #60]
 981:Drivers/STM32F4xx_HAL_Driver/Src/stm32f4xx_hal_dma.c **** 
 1991              		.loc 1 981 7 is_stmt 1 view .LVU774
 1992 003c FBE7     		b	.L245
 1993              	.L243:
 984:Drivers/STM32F4xx_HAL_Driver/Src/stm32f4xx_hal_dma.c ****       break;
 1994              		.loc 1 984 7 view .LVU775
 984:Drivers/STM32F4xx_HAL_Driver/Src/stm32f4xx_hal_dma.c ****       break;
 1995              		.loc 1 984 34 is_stmt 0 view .LVU776
 1996 003e 1A64     		str	r2, [r3, #64]
 985:Drivers/STM32F4xx_HAL_Driver/Src/stm32f4xx_hal_dma.c **** 
 1997              		.loc 1 985 7 is_stmt 1 view .LVU777
 1998 0040 F9E7     		b	.L245
 1999              	.L242:
 988:Drivers/STM32F4xx_HAL_Driver/Src/stm32f4xx_hal_dma.c ****       break;
 2000              		.loc 1 988 7 view .LVU778
 988:Drivers/STM32F4xx_HAL_Driver/Src/stm32f4xx_hal_dma.c ****       break;
ARM GAS  C:\Users\techn\AppData\Local\Temp\ccFAleKM.s 			page 71


 2001              		.loc 1 988 32 is_stmt 0 view .LVU779
 2002 0042 5A64     		str	r2, [r3, #68]
 989:Drivers/STM32F4xx_HAL_Driver/Src/stm32f4xx_hal_dma.c **** 
 2003              		.loc 1 989 7 is_stmt 1 view .LVU780
 2004 0044 F7E7     		b	.L245
 2005              	.L241:
 992:Drivers/STM32F4xx_HAL_Driver/Src/stm32f4xx_hal_dma.c ****       break;
 2006              		.loc 1 992 7 view .LVU781
 992:Drivers/STM32F4xx_HAL_Driver/Src/stm32f4xx_hal_dma.c ****       break;
 2007              		.loc 1 992 36 is_stmt 0 view .LVU782
 2008 0046 9A64     		str	r2, [r3, #72]
 993:Drivers/STM32F4xx_HAL_Driver/Src/stm32f4xx_hal_dma.c **** 
 2009              		.loc 1 993 7 is_stmt 1 view .LVU783
 2010 0048 F5E7     		b	.L245
 2011              	.L240:
 996:Drivers/STM32F4xx_HAL_Driver/Src/stm32f4xx_hal_dma.c ****       break;
 2012              		.loc 1 996 7 view .LVU784
 996:Drivers/STM32F4xx_HAL_Driver/Src/stm32f4xx_hal_dma.c ****       break;
 2013              		.loc 1 996 31 is_stmt 0 view .LVU785
 2014 004a DA64     		str	r2, [r3, #76]
 997:Drivers/STM32F4xx_HAL_Driver/Src/stm32f4xx_hal_dma.c **** 
 2015              		.loc 1 997 7 is_stmt 1 view .LVU786
 2016 004c F3E7     		b	.L245
 2017              		.cfi_endproc
 2018              	.LFE142:
 2020 004e 00BF     		.section	.text.HAL_DMA_UnRegisterCallback,"ax",%progbits
 2021              		.align	1
 2022              		.p2align 2,,3
 2023              		.global	HAL_DMA_UnRegisterCallback
 2024              		.syntax unified
 2025              		.thumb
 2026              		.thumb_func
 2028              	HAL_DMA_UnRegisterCallback:
 2029              	.LVL109:
 2030              	.LFB143:
1030:Drivers/STM32F4xx_HAL_Driver/Src/stm32f4xx_hal_dma.c ****   HAL_StatusTypeDef status = HAL_OK;
 2031              		.loc 1 1030 1 view -0
 2032              		.cfi_startproc
 2033              		@ args = 0, pretend = 0, frame = 0
 2034              		@ frame_needed = 0, uses_anonymous_args = 0
 2035              		@ link register save eliminated.
1031:Drivers/STM32F4xx_HAL_Driver/Src/stm32f4xx_hal_dma.c ****   
 2036              		.loc 1 1031 3 view .LVU788
1034:Drivers/STM32F4xx_HAL_Driver/Src/stm32f4xx_hal_dma.c ****   
 2037              		.loc 1 1034 3 view .LVU789
1034:Drivers/STM32F4xx_HAL_Driver/Src/stm32f4xx_hal_dma.c ****   
 2038              		.loc 1 1034 3 view .LVU790
 2039 0000 90F83420 		ldrb	r2, [r0, #52]	@ zero_extendqisi2
 2040 0004 012A     		cmp	r2, #1
1030:Drivers/STM32F4xx_HAL_Driver/Src/stm32f4xx_hal_dma.c ****   HAL_StatusTypeDef status = HAL_OK;
 2041              		.loc 1 1030 1 is_stmt 0 view .LVU791
 2042 0006 0346     		mov	r3, r0
1034:Drivers/STM32F4xx_HAL_Driver/Src/stm32f4xx_hal_dma.c ****   
 2043              		.loc 1 1034 3 view .LVU792
 2044 0008 15D0     		beq	.L262
1034:Drivers/STM32F4xx_HAL_Driver/Src/stm32f4xx_hal_dma.c ****   
 2045              		.loc 1 1034 3 is_stmt 1 discriminator 2 view .LVU793
ARM GAS  C:\Users\techn\AppData\Local\Temp\ccFAleKM.s 			page 72


1036:Drivers/STM32F4xx_HAL_Driver/Src/stm32f4xx_hal_dma.c ****   {
 2046              		.loc 1 1036 33 is_stmt 0 view .LVU794
 2047 000a 90F83520 		ldrb	r2, [r0, #53]	@ zero_extendqisi2
1034:Drivers/STM32F4xx_HAL_Driver/Src/stm32f4xx_hal_dma.c ****   
 2048              		.loc 1 1034 3 discriminator 2 view .LVU795
 2049 000e 4FF0010C 		mov	ip, #1
1036:Drivers/STM32F4xx_HAL_Driver/Src/stm32f4xx_hal_dma.c ****   {
 2050              		.loc 1 1036 5 view .LVU796
 2051 0012 6245     		cmp	r2, ip
1034:Drivers/STM32F4xx_HAL_Driver/Src/stm32f4xx_hal_dma.c ****   
 2052              		.loc 1 1034 3 discriminator 2 view .LVU797
 2053 0014 80F834C0 		strb	ip, [r0, #52]
1034:Drivers/STM32F4xx_HAL_Driver/Src/stm32f4xx_hal_dma.c ****   
 2054              		.loc 1 1034 3 is_stmt 1 discriminator 2 view .LVU798
1036:Drivers/STM32F4xx_HAL_Driver/Src/stm32f4xx_hal_dma.c ****   {
 2055              		.loc 1 1036 3 view .LVU799
1036:Drivers/STM32F4xx_HAL_Driver/Src/stm32f4xx_hal_dma.c ****   {
 2056              		.loc 1 1036 33 is_stmt 0 view .LVU800
 2057 0018 D0B2     		uxtb	r0, r2
 2058              	.LVL110:
1036:Drivers/STM32F4xx_HAL_Driver/Src/stm32f4xx_hal_dma.c ****   {
 2059              		.loc 1 1036 5 view .LVU801
 2060 001a 04D0     		beq	.L265
 2061 001c 6046     		mov	r0, ip
 2062              	.L252:
 2063              	.LVL111:
1084:Drivers/STM32F4xx_HAL_Driver/Src/stm32f4xx_hal_dma.c ****   
 2064              		.loc 1 1084 3 is_stmt 1 view .LVU802
1084:Drivers/STM32F4xx_HAL_Driver/Src/stm32f4xx_hal_dma.c ****   
 2065              		.loc 1 1084 3 view .LVU803
 2066 001e 0022     		movs	r2, #0
 2067 0020 83F83420 		strb	r2, [r3, #52]
1084:Drivers/STM32F4xx_HAL_Driver/Src/stm32f4xx_hal_dma.c ****   
 2068              		.loc 1 1084 3 view .LVU804
1086:Drivers/STM32F4xx_HAL_Driver/Src/stm32f4xx_hal_dma.c **** }
 2069              		.loc 1 1086 3 view .LVU805
1086:Drivers/STM32F4xx_HAL_Driver/Src/stm32f4xx_hal_dma.c **** }
 2070              		.loc 1 1086 10 is_stmt 0 view .LVU806
 2071 0024 7047     		bx	lr
 2072              	.LVL112:
 2073              	.L265:
1038:Drivers/STM32F4xx_HAL_Driver/Src/stm32f4xx_hal_dma.c ****     {
 2074              		.loc 1 1038 5 is_stmt 1 view .LVU807
 2075 0026 0629     		cmp	r1, #6
 2076 0028 F9D8     		bhi	.L252
 2077 002a DFE801F0 		tbb	[pc, r1]
 2078              	.L254:
 2079 002e 0F       		.byte	(.L260-.L254)/2
 2080 002f 12       		.byte	(.L259-.L254)/2
 2081 0030 15       		.byte	(.L258-.L254)/2
 2082 0031 18       		.byte	(.L257-.L254)/2
 2083 0032 1B       		.byte	(.L256-.L254)/2
 2084 0033 1E       		.byte	(.L255-.L254)/2
 2085 0034 06       		.byte	(.L253-.L254)/2
 2086              	.LVL113:
 2087 0035 00       		.p2align 1
 2088              	.L262:
ARM GAS  C:\Users\techn\AppData\Local\Temp\ccFAleKM.s 			page 73


1034:Drivers/STM32F4xx_HAL_Driver/Src/stm32f4xx_hal_dma.c ****   
 2089              		.loc 1 1034 3 is_stmt 0 discriminator 1 view .LVU808
 2090 0036 0220     		movs	r0, #2
 2091              	.LVL114:
1087:Drivers/STM32F4xx_HAL_Driver/Src/stm32f4xx_hal_dma.c **** 
 2092              		.loc 1 1087 1 view .LVU809
 2093 0038 7047     		bx	lr
 2094              	.L253:
1065:Drivers/STM32F4xx_HAL_Driver/Src/stm32f4xx_hal_dma.c ****       hdma->XferHalfCpltCallback = NULL;
 2095              		.loc 1 1065 7 is_stmt 1 view .LVU810
1065:Drivers/STM32F4xx_HAL_Driver/Src/stm32f4xx_hal_dma.c ****       hdma->XferHalfCpltCallback = NULL;
 2096              		.loc 1 1065 30 is_stmt 0 view .LVU811
 2097 003a 0022     		movs	r2, #0
1066:Drivers/STM32F4xx_HAL_Driver/Src/stm32f4xx_hal_dma.c ****       hdma->XferM1CpltCallback = NULL;
 2098              		.loc 1 1066 34 view .LVU812
 2099 003c C3E90F22 		strd	r2, r2, [r3, #60]
1067:Drivers/STM32F4xx_HAL_Driver/Src/stm32f4xx_hal_dma.c ****       hdma->XferM1HalfCpltCallback = NULL;
 2100              		.loc 1 1067 7 is_stmt 1 view .LVU813
1068:Drivers/STM32F4xx_HAL_Driver/Src/stm32f4xx_hal_dma.c ****       hdma->XferErrorCallback = NULL;
 2101              		.loc 1 1068 36 is_stmt 0 view .LVU814
 2102 0040 C3E91122 		strd	r2, r2, [r3, #68]
1069:Drivers/STM32F4xx_HAL_Driver/Src/stm32f4xx_hal_dma.c ****       hdma->XferAbortCallback = NULL;
 2103              		.loc 1 1069 7 is_stmt 1 view .LVU815
1070:Drivers/STM32F4xx_HAL_Driver/Src/stm32f4xx_hal_dma.c ****       break; 
 2104              		.loc 1 1070 7 view .LVU816
1069:Drivers/STM32F4xx_HAL_Driver/Src/stm32f4xx_hal_dma.c ****       hdma->XferAbortCallback = NULL;
 2105              		.loc 1 1069 31 is_stmt 0 view .LVU817
 2106 0044 C3E91322 		strd	r2, r2, [r3, #76]
1071:Drivers/STM32F4xx_HAL_Driver/Src/stm32f4xx_hal_dma.c ****       
 2107              		.loc 1 1071 7 is_stmt 1 view .LVU818
 2108              	.L261:
1031:Drivers/STM32F4xx_HAL_Driver/Src/stm32f4xx_hal_dma.c ****   
 2109              		.loc 1 1031 21 is_stmt 0 view .LVU819
 2110 0048 0020     		movs	r0, #0
 2111 004a E8E7     		b	.L252
 2112              	.L260:
1041:Drivers/STM32F4xx_HAL_Driver/Src/stm32f4xx_hal_dma.c ****       break;
 2113              		.loc 1 1041 7 is_stmt 1 view .LVU820
1041:Drivers/STM32F4xx_HAL_Driver/Src/stm32f4xx_hal_dma.c ****       break;
 2114              		.loc 1 1041 30 is_stmt 0 view .LVU821
 2115 004c 0022     		movs	r2, #0
 2116 004e DA63     		str	r2, [r3, #60]
1042:Drivers/STM32F4xx_HAL_Driver/Src/stm32f4xx_hal_dma.c ****       
 2117              		.loc 1 1042 7 is_stmt 1 view .LVU822
 2118 0050 FAE7     		b	.L261
 2119              	.L259:
1045:Drivers/STM32F4xx_HAL_Driver/Src/stm32f4xx_hal_dma.c ****       break;
 2120              		.loc 1 1045 7 view .LVU823
1045:Drivers/STM32F4xx_HAL_Driver/Src/stm32f4xx_hal_dma.c ****       break;
 2121              		.loc 1 1045 34 is_stmt 0 view .LVU824
 2122 0052 0022     		movs	r2, #0
 2123 0054 1A64     		str	r2, [r3, #64]
1046:Drivers/STM32F4xx_HAL_Driver/Src/stm32f4xx_hal_dma.c ****       
 2124              		.loc 1 1046 7 is_stmt 1 view .LVU825
 2125 0056 F7E7     		b	.L261
 2126              	.L258:
1049:Drivers/STM32F4xx_HAL_Driver/Src/stm32f4xx_hal_dma.c ****       break;
ARM GAS  C:\Users\techn\AppData\Local\Temp\ccFAleKM.s 			page 74


 2127              		.loc 1 1049 7 view .LVU826
1049:Drivers/STM32F4xx_HAL_Driver/Src/stm32f4xx_hal_dma.c ****       break;
 2128              		.loc 1 1049 32 is_stmt 0 view .LVU827
 2129 0058 0022     		movs	r2, #0
 2130 005a 5A64     		str	r2, [r3, #68]
1050:Drivers/STM32F4xx_HAL_Driver/Src/stm32f4xx_hal_dma.c ****       
 2131              		.loc 1 1050 7 is_stmt 1 view .LVU828
 2132 005c F4E7     		b	.L261
 2133              	.L257:
1053:Drivers/STM32F4xx_HAL_Driver/Src/stm32f4xx_hal_dma.c ****       break;
 2134              		.loc 1 1053 7 view .LVU829
1053:Drivers/STM32F4xx_HAL_Driver/Src/stm32f4xx_hal_dma.c ****       break;
 2135              		.loc 1 1053 36 is_stmt 0 view .LVU830
 2136 005e 0022     		movs	r2, #0
 2137 0060 9A64     		str	r2, [r3, #72]
1054:Drivers/STM32F4xx_HAL_Driver/Src/stm32f4xx_hal_dma.c ****       
 2138              		.loc 1 1054 7 is_stmt 1 view .LVU831
 2139 0062 F1E7     		b	.L261
 2140              	.L256:
1057:Drivers/STM32F4xx_HAL_Driver/Src/stm32f4xx_hal_dma.c ****       break;
 2141              		.loc 1 1057 7 view .LVU832
1057:Drivers/STM32F4xx_HAL_Driver/Src/stm32f4xx_hal_dma.c ****       break;
 2142              		.loc 1 1057 31 is_stmt 0 view .LVU833
 2143 0064 0022     		movs	r2, #0
 2144 0066 DA64     		str	r2, [r3, #76]
1058:Drivers/STM32F4xx_HAL_Driver/Src/stm32f4xx_hal_dma.c ****       
 2145              		.loc 1 1058 7 is_stmt 1 view .LVU834
 2146 0068 EEE7     		b	.L261
 2147              	.L255:
1061:Drivers/STM32F4xx_HAL_Driver/Src/stm32f4xx_hal_dma.c ****       break; 
 2148              		.loc 1 1061 7 view .LVU835
1061:Drivers/STM32F4xx_HAL_Driver/Src/stm32f4xx_hal_dma.c ****       break; 
 2149              		.loc 1 1061 31 is_stmt 0 view .LVU836
 2150 006a 0022     		movs	r2, #0
 2151 006c 1A65     		str	r2, [r3, #80]
1062:Drivers/STM32F4xx_HAL_Driver/Src/stm32f4xx_hal_dma.c ****       
 2152              		.loc 1 1062 7 is_stmt 1 view .LVU837
 2153 006e EBE7     		b	.L261
 2154              		.cfi_endproc
 2155              	.LFE143:
 2157              		.section	.text.HAL_DMA_GetState,"ax",%progbits
 2158              		.align	1
 2159              		.p2align 2,,3
 2160              		.global	HAL_DMA_GetState
 2161              		.syntax unified
 2162              		.thumb
 2163              		.thumb_func
 2165              	HAL_DMA_GetState:
 2166              	.LVL115:
 2167              	.LFB144:
1115:Drivers/STM32F4xx_HAL_Driver/Src/stm32f4xx_hal_dma.c ****   return hdma->State;
 2168              		.loc 1 1115 1 view -0
 2169              		.cfi_startproc
 2170              		@ args = 0, pretend = 0, frame = 0
 2171              		@ frame_needed = 0, uses_anonymous_args = 0
 2172              		@ link register save eliminated.
1116:Drivers/STM32F4xx_HAL_Driver/Src/stm32f4xx_hal_dma.c **** }
ARM GAS  C:\Users\techn\AppData\Local\Temp\ccFAleKM.s 			page 75


 2173              		.loc 1 1116 3 view .LVU839
1116:Drivers/STM32F4xx_HAL_Driver/Src/stm32f4xx_hal_dma.c **** }
 2174              		.loc 1 1116 14 is_stmt 0 view .LVU840
 2175 0000 90F83500 		ldrb	r0, [r0, #53]	@ zero_extendqisi2
 2176              	.LVL116:
1117:Drivers/STM32F4xx_HAL_Driver/Src/stm32f4xx_hal_dma.c **** 
 2177              		.loc 1 1117 1 view .LVU841
 2178 0004 7047     		bx	lr
 2179              		.cfi_endproc
 2180              	.LFE144:
 2182 0006 00BF     		.section	.text.HAL_DMA_GetError,"ax",%progbits
 2183              		.align	1
 2184              		.p2align 2,,3
 2185              		.global	HAL_DMA_GetError
 2186              		.syntax unified
 2187              		.thumb
 2188              		.thumb_func
 2190              	HAL_DMA_GetError:
 2191              	.LVL117:
 2192              	.LFB145:
1126:Drivers/STM32F4xx_HAL_Driver/Src/stm32f4xx_hal_dma.c ****   return hdma->ErrorCode;
 2193              		.loc 1 1126 1 is_stmt 1 view -0
 2194              		.cfi_startproc
 2195              		@ args = 0, pretend = 0, frame = 0
 2196              		@ frame_needed = 0, uses_anonymous_args = 0
 2197              		@ link register save eliminated.
1127:Drivers/STM32F4xx_HAL_Driver/Src/stm32f4xx_hal_dma.c **** }
 2198              		.loc 1 1127 3 view .LVU843
1127:Drivers/STM32F4xx_HAL_Driver/Src/stm32f4xx_hal_dma.c **** }
 2199              		.loc 1 1127 14 is_stmt 0 view .LVU844
 2200 0000 406D     		ldr	r0, [r0, #84]
 2201              	.LVL118:
1128:Drivers/STM32F4xx_HAL_Driver/Src/stm32f4xx_hal_dma.c **** 
 2202              		.loc 1 1128 1 view .LVU845
 2203 0002 7047     		bx	lr
 2204              		.cfi_endproc
 2205              	.LFE145:
 2207              		.section	.rodata.flagBitshiftOffset.0,"a"
 2208              		.align	2
 2211              	flagBitshiftOffset.0:
 2212 0000 00061016 		.ascii	"\000\006\020\026\000\006\020\026"
 2212      00061016 
 2213              		.text
 2214              	.Letext0:
 2215              		.file 2 "C:\\Program Files\\STMicroelectronics\\STM32Cube\\STM32CubeIDE_1.19.0\\STM32CubeIDE\\plug
 2216              		.file 3 "C:\\Program Files\\STMicroelectronics\\STM32Cube\\STM32CubeIDE_1.19.0\\STM32CubeIDE\\plug
 2217              		.file 4 "Drivers/CMSIS/Device/ST/STM32F4xx/Include/stm32f446xx.h"
 2218              		.file 5 "Drivers/CMSIS/Device/ST/STM32F4xx/Include/stm32f4xx.h"
 2219              		.file 6 "Drivers/STM32F4xx_HAL_Driver/Inc/stm32f4xx_hal_def.h"
 2220              		.file 7 "Drivers/STM32F4xx_HAL_Driver/Inc/stm32f4xx_hal_dma.h"
 2221              		.file 8 "Drivers/CMSIS/Device/ST/STM32F4xx/Include/system_stm32f4xx.h"
 2222              		.file 9 "Drivers/STM32F4xx_HAL_Driver/Inc/stm32f4xx_hal.h"
ARM GAS  C:\Users\techn\AppData\Local\Temp\ccFAleKM.s 			page 76


DEFINED SYMBOLS
                            *ABS*:00000000 stm32f4xx_hal_dma.c
C:\Users\techn\AppData\Local\Temp\ccFAleKM.s:21     .text.HAL_DMA_Init:00000000 $t
C:\Users\techn\AppData\Local\Temp\ccFAleKM.s:28     .text.HAL_DMA_Init:00000000 HAL_DMA_Init
C:\Users\techn\AppData\Local\Temp\ccFAleKM.s:364    .text.HAL_DMA_Init:00000104 $d
C:\Users\techn\AppData\Local\Temp\ccFAleKM.s:368    .text.HAL_DMA_Init:00000114 $t
C:\Users\techn\AppData\Local\Temp\ccFAleKM.s:378    .text.HAL_DMA_Init:0000011c $d
C:\Users\techn\AppData\Local\Temp\ccFAleKM.s:2211   .rodata.flagBitshiftOffset.0:00000000 flagBitshiftOffset.0
C:\Users\techn\AppData\Local\Temp\ccFAleKM.s:387    .text.HAL_DMA_DeInit:00000000 $t
C:\Users\techn\AppData\Local\Temp\ccFAleKM.s:394    .text.HAL_DMA_DeInit:00000000 HAL_DMA_DeInit
C:\Users\techn\AppData\Local\Temp\ccFAleKM.s:570    .text.HAL_DMA_DeInit:00000074 $d
C:\Users\techn\AppData\Local\Temp\ccFAleKM.s:576    .text.HAL_DMA_Start:00000000 $t
C:\Users\techn\AppData\Local\Temp\ccFAleKM.s:583    .text.HAL_DMA_Start:00000000 HAL_DMA_Start
C:\Users\techn\AppData\Local\Temp\ccFAleKM.s:709    .text.HAL_DMA_Start_IT:00000000 $t
C:\Users\techn\AppData\Local\Temp\ccFAleKM.s:716    .text.HAL_DMA_Start_IT:00000000 HAL_DMA_Start_IT
C:\Users\techn\AppData\Local\Temp\ccFAleKM.s:892    .text.HAL_DMA_Abort:00000000 $t
C:\Users\techn\AppData\Local\Temp\ccFAleKM.s:899    .text.HAL_DMA_Abort:00000000 HAL_DMA_Abort
C:\Users\techn\AppData\Local\Temp\ccFAleKM.s:1059   .text.HAL_DMA_Abort_IT:00000000 $t
C:\Users\techn\AppData\Local\Temp\ccFAleKM.s:1066   .text.HAL_DMA_Abort_IT:00000000 HAL_DMA_Abort_IT
C:\Users\techn\AppData\Local\Temp\ccFAleKM.s:1113   .text.HAL_DMA_PollForTransfer:00000000 $t
C:\Users\techn\AppData\Local\Temp\ccFAleKM.s:1120   .text.HAL_DMA_PollForTransfer:00000000 HAL_DMA_PollForTransfer
C:\Users\techn\AppData\Local\Temp\ccFAleKM.s:1450   .text.HAL_DMA_IRQHandler:00000000 $t
C:\Users\techn\AppData\Local\Temp\ccFAleKM.s:1457   .text.HAL_DMA_IRQHandler:00000000 HAL_DMA_IRQHandler
C:\Users\techn\AppData\Local\Temp\ccFAleKM.s:1903   .text.HAL_DMA_IRQHandler:000001a4 $d
C:\Users\techn\AppData\Local\Temp\ccFAleKM.s:1909   .text.HAL_DMA_RegisterCallback:00000000 $t
C:\Users\techn\AppData\Local\Temp\ccFAleKM.s:1916   .text.HAL_DMA_RegisterCallback:00000000 HAL_DMA_RegisterCallback
C:\Users\techn\AppData\Local\Temp\ccFAleKM.s:1966   .text.HAL_DMA_RegisterCallback:0000002a $d
C:\Users\techn\AppData\Local\Temp\ccFAleKM.s:1972   .text.HAL_DMA_RegisterCallback:00000030 $t
C:\Users\techn\AppData\Local\Temp\ccFAleKM.s:2021   .text.HAL_DMA_UnRegisterCallback:00000000 $t
C:\Users\techn\AppData\Local\Temp\ccFAleKM.s:2028   .text.HAL_DMA_UnRegisterCallback:00000000 HAL_DMA_UnRegisterCallback
C:\Users\techn\AppData\Local\Temp\ccFAleKM.s:2079   .text.HAL_DMA_UnRegisterCallback:0000002e $d
C:\Users\techn\AppData\Local\Temp\ccFAleKM.s:2158   .text.HAL_DMA_GetState:00000000 $t
C:\Users\techn\AppData\Local\Temp\ccFAleKM.s:2165   .text.HAL_DMA_GetState:00000000 HAL_DMA_GetState
C:\Users\techn\AppData\Local\Temp\ccFAleKM.s:2183   .text.HAL_DMA_GetError:00000000 $t
C:\Users\techn\AppData\Local\Temp\ccFAleKM.s:2190   .text.HAL_DMA_GetError:00000000 HAL_DMA_GetError
C:\Users\techn\AppData\Local\Temp\ccFAleKM.s:2208   .rodata.flagBitshiftOffset.0:00000000 $d
C:\Users\techn\AppData\Local\Temp\ccFAleKM.s:2087   .text.HAL_DMA_UnRegisterCallback:00000035 $d
C:\Users\techn\AppData\Local\Temp\ccFAleKM.s:2087   .text.HAL_DMA_UnRegisterCallback:00000036 $t

UNDEFINED SYMBOLS
HAL_GetTick
SystemCoreClock
