ARM GAS  C:\Users\techn\AppData\Local\Temp\ccYMdLd8.s 			page 1


   1              		.cpu cortex-m4
   2              		.arch armv7e-m
   3              		.fpu fpv4-sp-d16
   4              		.eabi_attribute 27, 1
   5              		.eabi_attribute 28, 1
   6              		.eabi_attribute 20, 1
   7              		.eabi_attribute 21, 1
   8              		.eabi_attribute 23, 3
   9              		.eabi_attribute 24, 1
  10              		.eabi_attribute 25, 1
  11              		.eabi_attribute 26, 1
  12              		.eabi_attribute 30, 2
  13              		.eabi_attribute 34, 1
  14              		.eabi_attribute 18, 4
  15              		.file	"stm32f4xx_hal_gpio.c"
  16              		.text
  17              	.Ltext0:
  18              		.cfi_sections	.debug_frame
  19              		.file 1 "Drivers/STM32F4xx_HAL_Driver/Src/stm32f4xx_hal_gpio.c"
  20              		.section	.text.HAL_GPIO_Init,"ax",%progbits
  21              		.align	1
  22              		.p2align 2,,3
  23              		.global	HAL_GPIO_Init
  24              		.syntax unified
  25              		.thumb
  26              		.thumb_func
  28              	HAL_GPIO_Init:
  29              	.LVL0:
  30              	.LFB134:
   1:Drivers/STM32F4xx_HAL_Driver/Src/stm32f4xx_hal_gpio.c **** /**
   2:Drivers/STM32F4xx_HAL_Driver/Src/stm32f4xx_hal_gpio.c ****   ******************************************************************************
   3:Drivers/STM32F4xx_HAL_Driver/Src/stm32f4xx_hal_gpio.c ****   * @file    stm32f4xx_hal_gpio.c
   4:Drivers/STM32F4xx_HAL_Driver/Src/stm32f4xx_hal_gpio.c ****   * @author  MCD Application Team
   5:Drivers/STM32F4xx_HAL_Driver/Src/stm32f4xx_hal_gpio.c ****   * @brief   GPIO HAL module driver.
   6:Drivers/STM32F4xx_HAL_Driver/Src/stm32f4xx_hal_gpio.c ****   *          This file provides firmware functions to manage the following 
   7:Drivers/STM32F4xx_HAL_Driver/Src/stm32f4xx_hal_gpio.c ****   *          functionalities of the General Purpose Input/Output (GPIO) peripheral:
   8:Drivers/STM32F4xx_HAL_Driver/Src/stm32f4xx_hal_gpio.c ****   *           + Initialization and de-initialization functions
   9:Drivers/STM32F4xx_HAL_Driver/Src/stm32f4xx_hal_gpio.c ****   *           + IO operation functions
  10:Drivers/STM32F4xx_HAL_Driver/Src/stm32f4xx_hal_gpio.c ****   *
  11:Drivers/STM32F4xx_HAL_Driver/Src/stm32f4xx_hal_gpio.c ****   ******************************************************************************
  12:Drivers/STM32F4xx_HAL_Driver/Src/stm32f4xx_hal_gpio.c ****   * @attention
  13:Drivers/STM32F4xx_HAL_Driver/Src/stm32f4xx_hal_gpio.c ****   *
  14:Drivers/STM32F4xx_HAL_Driver/Src/stm32f4xx_hal_gpio.c ****   * Copyright (c) 2017 STMicroelectronics.
  15:Drivers/STM32F4xx_HAL_Driver/Src/stm32f4xx_hal_gpio.c ****   * All rights reserved.
  16:Drivers/STM32F4xx_HAL_Driver/Src/stm32f4xx_hal_gpio.c ****   *
  17:Drivers/STM32F4xx_HAL_Driver/Src/stm32f4xx_hal_gpio.c ****   * This software is licensed under terms that can be found in the LICENSE file
  18:Drivers/STM32F4xx_HAL_Driver/Src/stm32f4xx_hal_gpio.c ****   * in the root directory of this software component.
  19:Drivers/STM32F4xx_HAL_Driver/Src/stm32f4xx_hal_gpio.c ****   * If no LICENSE file comes with this software, it is provided AS-IS.
  20:Drivers/STM32F4xx_HAL_Driver/Src/stm32f4xx_hal_gpio.c ****   *
  21:Drivers/STM32F4xx_HAL_Driver/Src/stm32f4xx_hal_gpio.c ****   ******************************************************************************
  22:Drivers/STM32F4xx_HAL_Driver/Src/stm32f4xx_hal_gpio.c ****   @verbatim
  23:Drivers/STM32F4xx_HAL_Driver/Src/stm32f4xx_hal_gpio.c ****   ==============================================================================
  24:Drivers/STM32F4xx_HAL_Driver/Src/stm32f4xx_hal_gpio.c ****                     ##### GPIO Peripheral features #####
  25:Drivers/STM32F4xx_HAL_Driver/Src/stm32f4xx_hal_gpio.c ****   ==============================================================================
  26:Drivers/STM32F4xx_HAL_Driver/Src/stm32f4xx_hal_gpio.c ****   [..] 
  27:Drivers/STM32F4xx_HAL_Driver/Src/stm32f4xx_hal_gpio.c ****   Subject to the specific hardware characteristics of each I/O port listed in the datasheet, each
  28:Drivers/STM32F4xx_HAL_Driver/Src/stm32f4xx_hal_gpio.c ****   port bit of the General Purpose IO (GPIO) Ports, can be individually configured by software
ARM GAS  C:\Users\techn\AppData\Local\Temp\ccYMdLd8.s 			page 2


  29:Drivers/STM32F4xx_HAL_Driver/Src/stm32f4xx_hal_gpio.c ****   in several modes:
  30:Drivers/STM32F4xx_HAL_Driver/Src/stm32f4xx_hal_gpio.c ****   (+) Input mode 
  31:Drivers/STM32F4xx_HAL_Driver/Src/stm32f4xx_hal_gpio.c ****   (+) Analog mode
  32:Drivers/STM32F4xx_HAL_Driver/Src/stm32f4xx_hal_gpio.c ****   (+) Output mode
  33:Drivers/STM32F4xx_HAL_Driver/Src/stm32f4xx_hal_gpio.c ****   (+) Alternate function mode
  34:Drivers/STM32F4xx_HAL_Driver/Src/stm32f4xx_hal_gpio.c ****   (+) External interrupt/event lines
  35:Drivers/STM32F4xx_HAL_Driver/Src/stm32f4xx_hal_gpio.c **** 
  36:Drivers/STM32F4xx_HAL_Driver/Src/stm32f4xx_hal_gpio.c ****   [..]  
  37:Drivers/STM32F4xx_HAL_Driver/Src/stm32f4xx_hal_gpio.c ****   During and just after reset, the alternate functions and external interrupt  
  38:Drivers/STM32F4xx_HAL_Driver/Src/stm32f4xx_hal_gpio.c ****   lines are not active and the I/O ports are configured in input floating mode.
  39:Drivers/STM32F4xx_HAL_Driver/Src/stm32f4xx_hal_gpio.c ****   
  40:Drivers/STM32F4xx_HAL_Driver/Src/stm32f4xx_hal_gpio.c ****   [..]   
  41:Drivers/STM32F4xx_HAL_Driver/Src/stm32f4xx_hal_gpio.c ****   All GPIO pins have weak internal pull-up and pull-down resistors, which can be 
  42:Drivers/STM32F4xx_HAL_Driver/Src/stm32f4xx_hal_gpio.c ****   activated or not.
  43:Drivers/STM32F4xx_HAL_Driver/Src/stm32f4xx_hal_gpio.c **** 
  44:Drivers/STM32F4xx_HAL_Driver/Src/stm32f4xx_hal_gpio.c ****   [..]
  45:Drivers/STM32F4xx_HAL_Driver/Src/stm32f4xx_hal_gpio.c ****   In Output or Alternate mode, each IO can be configured on open-drain or push-pull
  46:Drivers/STM32F4xx_HAL_Driver/Src/stm32f4xx_hal_gpio.c ****   type and the IO speed can be selected depending on the VDD value.
  47:Drivers/STM32F4xx_HAL_Driver/Src/stm32f4xx_hal_gpio.c **** 
  48:Drivers/STM32F4xx_HAL_Driver/Src/stm32f4xx_hal_gpio.c ****   [..]  
  49:Drivers/STM32F4xx_HAL_Driver/Src/stm32f4xx_hal_gpio.c ****   All ports have external interrupt/event capability. To use external interrupt 
  50:Drivers/STM32F4xx_HAL_Driver/Src/stm32f4xx_hal_gpio.c ****   lines, the port must be configured in input mode. All available GPIO pins are 
  51:Drivers/STM32F4xx_HAL_Driver/Src/stm32f4xx_hal_gpio.c ****   connected to the 16 external interrupt/event lines from EXTI0 to EXTI15.
  52:Drivers/STM32F4xx_HAL_Driver/Src/stm32f4xx_hal_gpio.c ****   
  53:Drivers/STM32F4xx_HAL_Driver/Src/stm32f4xx_hal_gpio.c ****   [..]
  54:Drivers/STM32F4xx_HAL_Driver/Src/stm32f4xx_hal_gpio.c ****   The external interrupt/event controller consists of up to 23 edge detectors 
  55:Drivers/STM32F4xx_HAL_Driver/Src/stm32f4xx_hal_gpio.c ****   (16 lines are connected to GPIO) for generating event/interrupt requests (each 
  56:Drivers/STM32F4xx_HAL_Driver/Src/stm32f4xx_hal_gpio.c ****   input line can be independently configured to select the type (interrupt or event) 
  57:Drivers/STM32F4xx_HAL_Driver/Src/stm32f4xx_hal_gpio.c ****   and the corresponding trigger event (rising or falling or both). Each line can 
  58:Drivers/STM32F4xx_HAL_Driver/Src/stm32f4xx_hal_gpio.c ****   also be masked independently. 
  59:Drivers/STM32F4xx_HAL_Driver/Src/stm32f4xx_hal_gpio.c **** 
  60:Drivers/STM32F4xx_HAL_Driver/Src/stm32f4xx_hal_gpio.c ****                      ##### How to use this driver #####
  61:Drivers/STM32F4xx_HAL_Driver/Src/stm32f4xx_hal_gpio.c ****   ==============================================================================  
  62:Drivers/STM32F4xx_HAL_Driver/Src/stm32f4xx_hal_gpio.c ****   [..]
  63:Drivers/STM32F4xx_HAL_Driver/Src/stm32f4xx_hal_gpio.c ****     (#) Enable the GPIO AHB clock using the following function: __HAL_RCC_GPIOx_CLK_ENABLE(). 
  64:Drivers/STM32F4xx_HAL_Driver/Src/stm32f4xx_hal_gpio.c **** 
  65:Drivers/STM32F4xx_HAL_Driver/Src/stm32f4xx_hal_gpio.c ****     (#) Configure the GPIO pin(s) using HAL_GPIO_Init().
  66:Drivers/STM32F4xx_HAL_Driver/Src/stm32f4xx_hal_gpio.c ****         (++) Configure the IO mode using "Mode" member from GPIO_InitTypeDef structure
  67:Drivers/STM32F4xx_HAL_Driver/Src/stm32f4xx_hal_gpio.c ****         (++) Activate Pull-up, Pull-down resistor using "Pull" member from GPIO_InitTypeDef 
  68:Drivers/STM32F4xx_HAL_Driver/Src/stm32f4xx_hal_gpio.c ****              structure.
  69:Drivers/STM32F4xx_HAL_Driver/Src/stm32f4xx_hal_gpio.c ****         (++) In case of Output or alternate function mode selection: the speed is 
  70:Drivers/STM32F4xx_HAL_Driver/Src/stm32f4xx_hal_gpio.c ****              configured through "Speed" member from GPIO_InitTypeDef structure.
  71:Drivers/STM32F4xx_HAL_Driver/Src/stm32f4xx_hal_gpio.c ****         (++) In alternate mode is selection, the alternate function connected to the IO
  72:Drivers/STM32F4xx_HAL_Driver/Src/stm32f4xx_hal_gpio.c ****              is configured through "Alternate" member from GPIO_InitTypeDef structure.
  73:Drivers/STM32F4xx_HAL_Driver/Src/stm32f4xx_hal_gpio.c ****         (++) Analog mode is required when a pin is to be used as ADC channel 
  74:Drivers/STM32F4xx_HAL_Driver/Src/stm32f4xx_hal_gpio.c ****              or DAC output.
  75:Drivers/STM32F4xx_HAL_Driver/Src/stm32f4xx_hal_gpio.c ****         (++) In case of external interrupt/event selection the "Mode" member from 
  76:Drivers/STM32F4xx_HAL_Driver/Src/stm32f4xx_hal_gpio.c ****              GPIO_InitTypeDef structure select the type (interrupt or event) and 
  77:Drivers/STM32F4xx_HAL_Driver/Src/stm32f4xx_hal_gpio.c ****              the corresponding trigger event (rising or falling or both).
  78:Drivers/STM32F4xx_HAL_Driver/Src/stm32f4xx_hal_gpio.c **** 
  79:Drivers/STM32F4xx_HAL_Driver/Src/stm32f4xx_hal_gpio.c ****     (#) In case of external interrupt/event mode selection, configure NVIC IRQ priority 
  80:Drivers/STM32F4xx_HAL_Driver/Src/stm32f4xx_hal_gpio.c ****         mapped to the EXTI line using HAL_NVIC_SetPriority() and enable it using
  81:Drivers/STM32F4xx_HAL_Driver/Src/stm32f4xx_hal_gpio.c ****         HAL_NVIC_EnableIRQ().
  82:Drivers/STM32F4xx_HAL_Driver/Src/stm32f4xx_hal_gpio.c ****          
  83:Drivers/STM32F4xx_HAL_Driver/Src/stm32f4xx_hal_gpio.c ****     (#) To get the level of a pin configured in input mode use HAL_GPIO_ReadPin().
  84:Drivers/STM32F4xx_HAL_Driver/Src/stm32f4xx_hal_gpio.c ****             
  85:Drivers/STM32F4xx_HAL_Driver/Src/stm32f4xx_hal_gpio.c ****     (#) To set/reset the level of a pin configured in output mode use 
ARM GAS  C:\Users\techn\AppData\Local\Temp\ccYMdLd8.s 			page 3


  86:Drivers/STM32F4xx_HAL_Driver/Src/stm32f4xx_hal_gpio.c ****         HAL_GPIO_WritePin()/HAL_GPIO_TogglePin().
  87:Drivers/STM32F4xx_HAL_Driver/Src/stm32f4xx_hal_gpio.c ****     
  88:Drivers/STM32F4xx_HAL_Driver/Src/stm32f4xx_hal_gpio.c ****     (#) To lock pin configuration until next reset use HAL_GPIO_LockPin().
  89:Drivers/STM32F4xx_HAL_Driver/Src/stm32f4xx_hal_gpio.c **** 
  90:Drivers/STM32F4xx_HAL_Driver/Src/stm32f4xx_hal_gpio.c ****                  
  91:Drivers/STM32F4xx_HAL_Driver/Src/stm32f4xx_hal_gpio.c ****     (#) During and just after reset, the alternate functions are not 
  92:Drivers/STM32F4xx_HAL_Driver/Src/stm32f4xx_hal_gpio.c ****         active and the GPIO pins are configured in input floating mode (except JTAG
  93:Drivers/STM32F4xx_HAL_Driver/Src/stm32f4xx_hal_gpio.c ****         pins).
  94:Drivers/STM32F4xx_HAL_Driver/Src/stm32f4xx_hal_gpio.c ****   
  95:Drivers/STM32F4xx_HAL_Driver/Src/stm32f4xx_hal_gpio.c ****     (#) The LSE oscillator pins OSC32_IN and OSC32_OUT can be used as general purpose 
  96:Drivers/STM32F4xx_HAL_Driver/Src/stm32f4xx_hal_gpio.c ****         (PC14 and PC15, respectively) when the LSE oscillator is off. The LSE has 
  97:Drivers/STM32F4xx_HAL_Driver/Src/stm32f4xx_hal_gpio.c ****         priority over the GPIO function.
  98:Drivers/STM32F4xx_HAL_Driver/Src/stm32f4xx_hal_gpio.c ****   
  99:Drivers/STM32F4xx_HAL_Driver/Src/stm32f4xx_hal_gpio.c ****     (#) The HSE oscillator pins OSC_IN/OSC_OUT can be used as 
 100:Drivers/STM32F4xx_HAL_Driver/Src/stm32f4xx_hal_gpio.c ****         general purpose PH0 and PH1, respectively, when the HSE oscillator is off. 
 101:Drivers/STM32F4xx_HAL_Driver/Src/stm32f4xx_hal_gpio.c ****         The HSE has priority over the GPIO function.
 102:Drivers/STM32F4xx_HAL_Driver/Src/stm32f4xx_hal_gpio.c ****   
 103:Drivers/STM32F4xx_HAL_Driver/Src/stm32f4xx_hal_gpio.c ****   @endverbatim
 104:Drivers/STM32F4xx_HAL_Driver/Src/stm32f4xx_hal_gpio.c ****   ******************************************************************************
 105:Drivers/STM32F4xx_HAL_Driver/Src/stm32f4xx_hal_gpio.c ****   */ 
 106:Drivers/STM32F4xx_HAL_Driver/Src/stm32f4xx_hal_gpio.c **** 
 107:Drivers/STM32F4xx_HAL_Driver/Src/stm32f4xx_hal_gpio.c **** /* Includes ------------------------------------------------------------------*/
 108:Drivers/STM32F4xx_HAL_Driver/Src/stm32f4xx_hal_gpio.c **** #include "stm32f4xx_hal.h"
 109:Drivers/STM32F4xx_HAL_Driver/Src/stm32f4xx_hal_gpio.c **** 
 110:Drivers/STM32F4xx_HAL_Driver/Src/stm32f4xx_hal_gpio.c **** /** @addtogroup STM32F4xx_HAL_Driver
 111:Drivers/STM32F4xx_HAL_Driver/Src/stm32f4xx_hal_gpio.c ****   * @{
 112:Drivers/STM32F4xx_HAL_Driver/Src/stm32f4xx_hal_gpio.c ****   */
 113:Drivers/STM32F4xx_HAL_Driver/Src/stm32f4xx_hal_gpio.c **** 
 114:Drivers/STM32F4xx_HAL_Driver/Src/stm32f4xx_hal_gpio.c **** /** @defgroup GPIO GPIO
 115:Drivers/STM32F4xx_HAL_Driver/Src/stm32f4xx_hal_gpio.c ****   * @brief GPIO HAL module driver
 116:Drivers/STM32F4xx_HAL_Driver/Src/stm32f4xx_hal_gpio.c ****   * @{
 117:Drivers/STM32F4xx_HAL_Driver/Src/stm32f4xx_hal_gpio.c ****   */
 118:Drivers/STM32F4xx_HAL_Driver/Src/stm32f4xx_hal_gpio.c **** 
 119:Drivers/STM32F4xx_HAL_Driver/Src/stm32f4xx_hal_gpio.c **** #ifdef HAL_GPIO_MODULE_ENABLED
 120:Drivers/STM32F4xx_HAL_Driver/Src/stm32f4xx_hal_gpio.c **** 
 121:Drivers/STM32F4xx_HAL_Driver/Src/stm32f4xx_hal_gpio.c **** /* Private typedef -----------------------------------------------------------*/
 122:Drivers/STM32F4xx_HAL_Driver/Src/stm32f4xx_hal_gpio.c **** /* Private define ------------------------------------------------------------*/
 123:Drivers/STM32F4xx_HAL_Driver/Src/stm32f4xx_hal_gpio.c **** /** @addtogroup GPIO_Private_Constants GPIO Private Constants
 124:Drivers/STM32F4xx_HAL_Driver/Src/stm32f4xx_hal_gpio.c ****   * @{
 125:Drivers/STM32F4xx_HAL_Driver/Src/stm32f4xx_hal_gpio.c ****   */
 126:Drivers/STM32F4xx_HAL_Driver/Src/stm32f4xx_hal_gpio.c **** 
 127:Drivers/STM32F4xx_HAL_Driver/Src/stm32f4xx_hal_gpio.c **** #define GPIO_NUMBER           16U
 128:Drivers/STM32F4xx_HAL_Driver/Src/stm32f4xx_hal_gpio.c **** /**
 129:Drivers/STM32F4xx_HAL_Driver/Src/stm32f4xx_hal_gpio.c ****   * @}
 130:Drivers/STM32F4xx_HAL_Driver/Src/stm32f4xx_hal_gpio.c ****   */
 131:Drivers/STM32F4xx_HAL_Driver/Src/stm32f4xx_hal_gpio.c **** /* Private macro -------------------------------------------------------------*/
 132:Drivers/STM32F4xx_HAL_Driver/Src/stm32f4xx_hal_gpio.c **** /* Private variables ---------------------------------------------------------*/
 133:Drivers/STM32F4xx_HAL_Driver/Src/stm32f4xx_hal_gpio.c **** /* Private function prototypes -----------------------------------------------*/
 134:Drivers/STM32F4xx_HAL_Driver/Src/stm32f4xx_hal_gpio.c **** /* Private functions ---------------------------------------------------------*/
 135:Drivers/STM32F4xx_HAL_Driver/Src/stm32f4xx_hal_gpio.c **** /* Exported functions --------------------------------------------------------*/
 136:Drivers/STM32F4xx_HAL_Driver/Src/stm32f4xx_hal_gpio.c **** /** @defgroup GPIO_Exported_Functions GPIO Exported Functions
 137:Drivers/STM32F4xx_HAL_Driver/Src/stm32f4xx_hal_gpio.c ****   * @{
 138:Drivers/STM32F4xx_HAL_Driver/Src/stm32f4xx_hal_gpio.c ****   */
 139:Drivers/STM32F4xx_HAL_Driver/Src/stm32f4xx_hal_gpio.c **** 
 140:Drivers/STM32F4xx_HAL_Driver/Src/stm32f4xx_hal_gpio.c **** /** @defgroup GPIO_Exported_Functions_Group1 Initialization and de-initialization functions
 141:Drivers/STM32F4xx_HAL_Driver/Src/stm32f4xx_hal_gpio.c ****   *  @brief    Initialization and Configuration functions
 142:Drivers/STM32F4xx_HAL_Driver/Src/stm32f4xx_hal_gpio.c ****   *
ARM GAS  C:\Users\techn\AppData\Local\Temp\ccYMdLd8.s 			page 4


 143:Drivers/STM32F4xx_HAL_Driver/Src/stm32f4xx_hal_gpio.c **** @verbatim    
 144:Drivers/STM32F4xx_HAL_Driver/Src/stm32f4xx_hal_gpio.c ****  ===============================================================================
 145:Drivers/STM32F4xx_HAL_Driver/Src/stm32f4xx_hal_gpio.c ****               ##### Initialization and de-initialization functions #####
 146:Drivers/STM32F4xx_HAL_Driver/Src/stm32f4xx_hal_gpio.c ****  ===============================================================================
 147:Drivers/STM32F4xx_HAL_Driver/Src/stm32f4xx_hal_gpio.c ****   [..]
 148:Drivers/STM32F4xx_HAL_Driver/Src/stm32f4xx_hal_gpio.c ****     This section provides functions allowing to initialize and de-initialize the GPIOs
 149:Drivers/STM32F4xx_HAL_Driver/Src/stm32f4xx_hal_gpio.c ****     to be ready for use.
 150:Drivers/STM32F4xx_HAL_Driver/Src/stm32f4xx_hal_gpio.c ****  
 151:Drivers/STM32F4xx_HAL_Driver/Src/stm32f4xx_hal_gpio.c **** @endverbatim
 152:Drivers/STM32F4xx_HAL_Driver/Src/stm32f4xx_hal_gpio.c ****   * @{
 153:Drivers/STM32F4xx_HAL_Driver/Src/stm32f4xx_hal_gpio.c ****   */
 154:Drivers/STM32F4xx_HAL_Driver/Src/stm32f4xx_hal_gpio.c **** 
 155:Drivers/STM32F4xx_HAL_Driver/Src/stm32f4xx_hal_gpio.c **** 
 156:Drivers/STM32F4xx_HAL_Driver/Src/stm32f4xx_hal_gpio.c **** /**
 157:Drivers/STM32F4xx_HAL_Driver/Src/stm32f4xx_hal_gpio.c ****   * @brief  Initializes the GPIOx peripheral according to the specified parameters in the GPIO_Init
 158:Drivers/STM32F4xx_HAL_Driver/Src/stm32f4xx_hal_gpio.c ****   * @param  GPIOx where x can be (A..K) to select the GPIO peripheral for STM32F429X device or
 159:Drivers/STM32F4xx_HAL_Driver/Src/stm32f4xx_hal_gpio.c ****   *                      x can be (A..I) to select the GPIO peripheral for STM32F40XX and STM32F427
 160:Drivers/STM32F4xx_HAL_Driver/Src/stm32f4xx_hal_gpio.c ****   * @param  GPIO_Init pointer to a GPIO_InitTypeDef structure that contains
 161:Drivers/STM32F4xx_HAL_Driver/Src/stm32f4xx_hal_gpio.c ****   *         the configuration information for the specified GPIO peripheral.
 162:Drivers/STM32F4xx_HAL_Driver/Src/stm32f4xx_hal_gpio.c ****   * @retval None
 163:Drivers/STM32F4xx_HAL_Driver/Src/stm32f4xx_hal_gpio.c ****   */
 164:Drivers/STM32F4xx_HAL_Driver/Src/stm32f4xx_hal_gpio.c **** void HAL_GPIO_Init(GPIO_TypeDef  *GPIOx, GPIO_InitTypeDef *GPIO_Init)
 165:Drivers/STM32F4xx_HAL_Driver/Src/stm32f4xx_hal_gpio.c **** {
  31              		.loc 1 165 1 view -0
  32              		.cfi_startproc
  33              		@ args = 0, pretend = 0, frame = 16
  34              		@ frame_needed = 0, uses_anonymous_args = 0
 166:Drivers/STM32F4xx_HAL_Driver/Src/stm32f4xx_hal_gpio.c ****   uint32_t position;
  35              		.loc 1 166 3 view .LVU1
 167:Drivers/STM32F4xx_HAL_Driver/Src/stm32f4xx_hal_gpio.c ****   uint32_t ioposition = 0x00U;
  36              		.loc 1 167 3 view .LVU2
 168:Drivers/STM32F4xx_HAL_Driver/Src/stm32f4xx_hal_gpio.c ****   uint32_t iocurrent = 0x00U;
  37              		.loc 1 168 3 view .LVU3
 169:Drivers/STM32F4xx_HAL_Driver/Src/stm32f4xx_hal_gpio.c ****   uint32_t temp = 0x00U;
  38              		.loc 1 169 3 view .LVU4
 170:Drivers/STM32F4xx_HAL_Driver/Src/stm32f4xx_hal_gpio.c **** 
 171:Drivers/STM32F4xx_HAL_Driver/Src/stm32f4xx_hal_gpio.c ****   /* Check the parameters */
 172:Drivers/STM32F4xx_HAL_Driver/Src/stm32f4xx_hal_gpio.c ****   assert_param(IS_GPIO_ALL_INSTANCE(GPIOx));
  39              		.loc 1 172 3 view .LVU5
 173:Drivers/STM32F4xx_HAL_Driver/Src/stm32f4xx_hal_gpio.c ****   assert_param(IS_GPIO_PIN(GPIO_Init->Pin));
  40              		.loc 1 173 3 view .LVU6
 174:Drivers/STM32F4xx_HAL_Driver/Src/stm32f4xx_hal_gpio.c ****   assert_param(IS_GPIO_MODE(GPIO_Init->Mode));
  41              		.loc 1 174 3 view .LVU7
 175:Drivers/STM32F4xx_HAL_Driver/Src/stm32f4xx_hal_gpio.c **** 
 176:Drivers/STM32F4xx_HAL_Driver/Src/stm32f4xx_hal_gpio.c ****   /* Configure the port pins */
 177:Drivers/STM32F4xx_HAL_Driver/Src/stm32f4xx_hal_gpio.c ****   for(position = 0U; position < GPIO_NUMBER; position++)
  42              		.loc 1 177 3 view .LVU8
  43              		.loc 1 177 31 discriminator 1 view .LVU9
 165:Drivers/STM32F4xx_HAL_Driver/Src/stm32f4xx_hal_gpio.c ****   uint32_t position;
  44              		.loc 1 165 1 is_stmt 0 view .LVU10
  45 0000 2DE9F04F 		push	{r4, r5, r6, r7, r8, r9, r10, fp, lr}
  46              	.LCFI0:
  47              		.cfi_def_cfa_offset 36
  48              		.cfi_offset 4, -36
  49              		.cfi_offset 5, -32
  50              		.cfi_offset 6, -28
  51              		.cfi_offset 7, -24
ARM GAS  C:\Users\techn\AppData\Local\Temp\ccYMdLd8.s 			page 5


  52              		.cfi_offset 8, -20
  53              		.cfi_offset 9, -16
  54              		.cfi_offset 10, -12
  55              		.cfi_offset 11, -8
  56              		.cfi_offset 14, -4
  57              		.loc 1 177 16 view .LVU11
  58 0004 0023     		movs	r3, #0
 178:Drivers/STM32F4xx_HAL_Driver/Src/stm32f4xx_hal_gpio.c ****   {
 179:Drivers/STM32F4xx_HAL_Driver/Src/stm32f4xx_hal_gpio.c ****     /* Get the IO position */
 180:Drivers/STM32F4xx_HAL_Driver/Src/stm32f4xx_hal_gpio.c ****     ioposition = 0x01U << position;
 181:Drivers/STM32F4xx_HAL_Driver/Src/stm32f4xx_hal_gpio.c ****     /* Get the current IO position */
 182:Drivers/STM32F4xx_HAL_Driver/Src/stm32f4xx_hal_gpio.c ****     iocurrent = (uint32_t)(GPIO_Init->Pin) & ioposition;
  59              		.loc 1 182 37 view .LVU12
  60 0006 0C68     		ldr	r4, [r1]
  61              	.LBB2:
 183:Drivers/STM32F4xx_HAL_Driver/Src/stm32f4xx_hal_gpio.c **** 
 184:Drivers/STM32F4xx_HAL_Driver/Src/stm32f4xx_hal_gpio.c ****     if(iocurrent == ioposition)
 185:Drivers/STM32F4xx_HAL_Driver/Src/stm32f4xx_hal_gpio.c ****     {
 186:Drivers/STM32F4xx_HAL_Driver/Src/stm32f4xx_hal_gpio.c ****       /*--------------------- GPIO Mode Configuration ------------------------*/
 187:Drivers/STM32F4xx_HAL_Driver/Src/stm32f4xx_hal_gpio.c ****       /* In case of Output or Alternate function mode selection */
 188:Drivers/STM32F4xx_HAL_Driver/Src/stm32f4xx_hal_gpio.c ****       if(((GPIO_Init->Mode & GPIO_MODE) == MODE_OUTPUT) || \
 189:Drivers/STM32F4xx_HAL_Driver/Src/stm32f4xx_hal_gpio.c ****           (GPIO_Init->Mode & GPIO_MODE) == MODE_AF)
 190:Drivers/STM32F4xx_HAL_Driver/Src/stm32f4xx_hal_gpio.c ****       {
 191:Drivers/STM32F4xx_HAL_Driver/Src/stm32f4xx_hal_gpio.c ****         /* Check the Speed parameter */
 192:Drivers/STM32F4xx_HAL_Driver/Src/stm32f4xx_hal_gpio.c ****         assert_param(IS_GPIO_SPEED(GPIO_Init->Speed));
 193:Drivers/STM32F4xx_HAL_Driver/Src/stm32f4xx_hal_gpio.c ****         /* Configure the IO Speed */
 194:Drivers/STM32F4xx_HAL_Driver/Src/stm32f4xx_hal_gpio.c ****         temp = GPIOx->OSPEEDR; 
 195:Drivers/STM32F4xx_HAL_Driver/Src/stm32f4xx_hal_gpio.c ****         temp &= ~(GPIO_OSPEEDER_OSPEEDR0 << (position * 2U));
 196:Drivers/STM32F4xx_HAL_Driver/Src/stm32f4xx_hal_gpio.c ****         temp |= (GPIO_Init->Speed << (position * 2U));
 197:Drivers/STM32F4xx_HAL_Driver/Src/stm32f4xx_hal_gpio.c ****         GPIOx->OSPEEDR = temp;
 198:Drivers/STM32F4xx_HAL_Driver/Src/stm32f4xx_hal_gpio.c **** 
 199:Drivers/STM32F4xx_HAL_Driver/Src/stm32f4xx_hal_gpio.c ****         /* Configure the IO Output Type */
 200:Drivers/STM32F4xx_HAL_Driver/Src/stm32f4xx_hal_gpio.c ****         temp = GPIOx->OTYPER;
 201:Drivers/STM32F4xx_HAL_Driver/Src/stm32f4xx_hal_gpio.c ****         temp &= ~(GPIO_OTYPER_OT_0 << position) ;
 202:Drivers/STM32F4xx_HAL_Driver/Src/stm32f4xx_hal_gpio.c ****         temp |= (((GPIO_Init->Mode & OUTPUT_TYPE) >> OUTPUT_TYPE_Pos) << position);
 203:Drivers/STM32F4xx_HAL_Driver/Src/stm32f4xx_hal_gpio.c ****         GPIOx->OTYPER = temp;
 204:Drivers/STM32F4xx_HAL_Driver/Src/stm32f4xx_hal_gpio.c ****        }
 205:Drivers/STM32F4xx_HAL_Driver/Src/stm32f4xx_hal_gpio.c **** 
 206:Drivers/STM32F4xx_HAL_Driver/Src/stm32f4xx_hal_gpio.c ****       if((GPIO_Init->Mode & GPIO_MODE) != MODE_ANALOG)
 207:Drivers/STM32F4xx_HAL_Driver/Src/stm32f4xx_hal_gpio.c ****       {
 208:Drivers/STM32F4xx_HAL_Driver/Src/stm32f4xx_hal_gpio.c ****         /* Check the parameters */
 209:Drivers/STM32F4xx_HAL_Driver/Src/stm32f4xx_hal_gpio.c ****         assert_param(IS_GPIO_PULL(GPIO_Init->Pull));
 210:Drivers/STM32F4xx_HAL_Driver/Src/stm32f4xx_hal_gpio.c ****         
 211:Drivers/STM32F4xx_HAL_Driver/Src/stm32f4xx_hal_gpio.c ****         /* Activate the Pull-up or Pull down resistor for the current IO */
 212:Drivers/STM32F4xx_HAL_Driver/Src/stm32f4xx_hal_gpio.c ****         temp = GPIOx->PUPDR;
 213:Drivers/STM32F4xx_HAL_Driver/Src/stm32f4xx_hal_gpio.c ****         temp &= ~(GPIO_PUPDR_PUPDR0 << (position * 2U));
 214:Drivers/STM32F4xx_HAL_Driver/Src/stm32f4xx_hal_gpio.c ****         temp |= ((GPIO_Init->Pull) << (position * 2U));
 215:Drivers/STM32F4xx_HAL_Driver/Src/stm32f4xx_hal_gpio.c ****         GPIOx->PUPDR = temp;
 216:Drivers/STM32F4xx_HAL_Driver/Src/stm32f4xx_hal_gpio.c ****       }
 217:Drivers/STM32F4xx_HAL_Driver/Src/stm32f4xx_hal_gpio.c **** 
 218:Drivers/STM32F4xx_HAL_Driver/Src/stm32f4xx_hal_gpio.c ****       /* In case of Alternate function mode selection */
 219:Drivers/STM32F4xx_HAL_Driver/Src/stm32f4xx_hal_gpio.c ****       if((GPIO_Init->Mode & GPIO_MODE) == MODE_AF)
 220:Drivers/STM32F4xx_HAL_Driver/Src/stm32f4xx_hal_gpio.c ****       {
 221:Drivers/STM32F4xx_HAL_Driver/Src/stm32f4xx_hal_gpio.c ****         /* Check the Alternate function parameter */
 222:Drivers/STM32F4xx_HAL_Driver/Src/stm32f4xx_hal_gpio.c ****         assert_param(IS_GPIO_AF(GPIO_Init->Alternate));
 223:Drivers/STM32F4xx_HAL_Driver/Src/stm32f4xx_hal_gpio.c ****         /* Configure Alternate function mapped with the current IO */
 224:Drivers/STM32F4xx_HAL_Driver/Src/stm32f4xx_hal_gpio.c ****         temp = GPIOx->AFR[position >> 3U];
ARM GAS  C:\Users\techn\AppData\Local\Temp\ccYMdLd8.s 			page 6


 225:Drivers/STM32F4xx_HAL_Driver/Src/stm32f4xx_hal_gpio.c ****         temp &= ~(0xFU << ((uint32_t)(position & 0x07U) * 4U)) ;
 226:Drivers/STM32F4xx_HAL_Driver/Src/stm32f4xx_hal_gpio.c ****         temp |= ((uint32_t)(GPIO_Init->Alternate) << (((uint32_t)position & 0x07U) * 4U));
 227:Drivers/STM32F4xx_HAL_Driver/Src/stm32f4xx_hal_gpio.c ****         GPIOx->AFR[position >> 3U] = temp;
 228:Drivers/STM32F4xx_HAL_Driver/Src/stm32f4xx_hal_gpio.c ****       }
 229:Drivers/STM32F4xx_HAL_Driver/Src/stm32f4xx_hal_gpio.c **** 
 230:Drivers/STM32F4xx_HAL_Driver/Src/stm32f4xx_hal_gpio.c ****       /* Configure IO Direction mode (Input, Output, Alternate or Analog) */
 231:Drivers/STM32F4xx_HAL_Driver/Src/stm32f4xx_hal_gpio.c ****       temp = GPIOx->MODER;
 232:Drivers/STM32F4xx_HAL_Driver/Src/stm32f4xx_hal_gpio.c ****       temp &= ~(GPIO_MODER_MODER0 << (position * 2U));
 233:Drivers/STM32F4xx_HAL_Driver/Src/stm32f4xx_hal_gpio.c ****       temp |= ((GPIO_Init->Mode & GPIO_MODE) << (position * 2U));
 234:Drivers/STM32F4xx_HAL_Driver/Src/stm32f4xx_hal_gpio.c ****       GPIOx->MODER = temp;
 235:Drivers/STM32F4xx_HAL_Driver/Src/stm32f4xx_hal_gpio.c **** 
 236:Drivers/STM32F4xx_HAL_Driver/Src/stm32f4xx_hal_gpio.c ****       /*--------------------- EXTI Mode Configuration ------------------------*/
 237:Drivers/STM32F4xx_HAL_Driver/Src/stm32f4xx_hal_gpio.c ****       /* Configure the External Interrupt or event for the current IO */
 238:Drivers/STM32F4xx_HAL_Driver/Src/stm32f4xx_hal_gpio.c ****       if((GPIO_Init->Mode & EXTI_MODE) != 0x00U)
 239:Drivers/STM32F4xx_HAL_Driver/Src/stm32f4xx_hal_gpio.c ****       {
 240:Drivers/STM32F4xx_HAL_Driver/Src/stm32f4xx_hal_gpio.c ****         /* Enable SYSCFG Clock */
 241:Drivers/STM32F4xx_HAL_Driver/Src/stm32f4xx_hal_gpio.c ****         __HAL_RCC_SYSCFG_CLK_ENABLE();
  62              		.loc 1 241 9 view .LVU13
  63 0008 DFF8FCA1 		ldr	r10, .L41+12
  64              	.LBE2:
 165:Drivers/STM32F4xx_HAL_Driver/Src/stm32f4xx_hal_gpio.c ****   uint32_t position;
  65              		.loc 1 165 1 view .LVU14
  66 000c 85B0     		sub	sp, sp, #20
  67              	.LCFI1:
  68              		.cfi_def_cfa_offset 56
 180:Drivers/STM32F4xx_HAL_Driver/Src/stm32f4xx_hal_gpio.c ****     /* Get the current IO position */
  69              		.loc 1 180 16 view .LVU15
  70 000e 4FF0010B 		mov	fp, #1
 242:Drivers/STM32F4xx_HAL_Driver/Src/stm32f4xx_hal_gpio.c **** 
 243:Drivers/STM32F4xx_HAL_Driver/Src/stm32f4xx_hal_gpio.c ****         temp = SYSCFG->EXTICR[position >> 2U];
 244:Drivers/STM32F4xx_HAL_Driver/Src/stm32f4xx_hal_gpio.c ****         temp &= ~(0x0FU << (4U * (position & 0x03U)));
  71              		.loc 1 244 25 view .LVU16
  72 0012 8946     		mov	r9, r1
  73 0014 03E0     		b	.L25
  74              	.LVL1:
  75              	.L3:
 177:Drivers/STM32F4xx_HAL_Driver/Src/stm32f4xx_hal_gpio.c ****   {
  76              		.loc 1 177 54 is_stmt 1 discriminator 2 view .LVU17
  77 0016 0133     		adds	r3, r3, #1
  78              	.LVL2:
 177:Drivers/STM32F4xx_HAL_Driver/Src/stm32f4xx_hal_gpio.c ****   {
  79              		.loc 1 177 31 discriminator 1 view .LVU18
  80 0018 102B     		cmp	r3, #16
  81 001a 00F08C80 		beq	.L33
  82              	.LVL3:
  83              	.L25:
 180:Drivers/STM32F4xx_HAL_Driver/Src/stm32f4xx_hal_gpio.c ****     /* Get the current IO position */
  84              		.loc 1 180 5 view .LVU19
 180:Drivers/STM32F4xx_HAL_Driver/Src/stm32f4xx_hal_gpio.c ****     /* Get the current IO position */
  85              		.loc 1 180 16 is_stmt 0 view .LVU20
  86 001e 0BFA03F2 		lsl	r2, fp, r3
  87              	.LVL4:
 182:Drivers/STM32F4xx_HAL_Driver/Src/stm32f4xx_hal_gpio.c **** 
  88              		.loc 1 182 5 is_stmt 1 view .LVU21
 182:Drivers/STM32F4xx_HAL_Driver/Src/stm32f4xx_hal_gpio.c **** 
  89              		.loc 1 182 15 is_stmt 0 view .LVU22
  90 0022 02EA0408 		and	r8, r2, r4
ARM GAS  C:\Users\techn\AppData\Local\Temp\ccYMdLd8.s 			page 7


  91              	.LVL5:
 184:Drivers/STM32F4xx_HAL_Driver/Src/stm32f4xx_hal_gpio.c ****     {
  92              		.loc 1 184 5 is_stmt 1 view .LVU23
 184:Drivers/STM32F4xx_HAL_Driver/Src/stm32f4xx_hal_gpio.c ****     {
  93              		.loc 1 184 7 is_stmt 0 view .LVU24
  94 0026 A243     		bics	r2, r2, r4
  95              	.LVL6:
 184:Drivers/STM32F4xx_HAL_Driver/Src/stm32f4xx_hal_gpio.c ****     {
  96              		.loc 1 184 7 view .LVU25
  97 0028 F5D1     		bne	.L3
 188:Drivers/STM32F4xx_HAL_Driver/Src/stm32f4xx_hal_gpio.c ****           (GPIO_Init->Mode & GPIO_MODE) == MODE_AF)
  98              		.loc 1 188 7 is_stmt 1 view .LVU26
 188:Drivers/STM32F4xx_HAL_Driver/Src/stm32f4xx_hal_gpio.c ****           (GPIO_Init->Mode & GPIO_MODE) == MODE_AF)
  99              		.loc 1 188 21 is_stmt 0 view .LVU27
 100 002a D9F80410 		ldr	r1, [r9, #4]
 188:Drivers/STM32F4xx_HAL_Driver/Src/stm32f4xx_hal_gpio.c ****           (GPIO_Init->Mode & GPIO_MODE) == MODE_AF)
 101              		.loc 1 188 28 view .LVU28
 102 002e 01F0030C 		and	ip, r1, #3
 103 0032 5A00     		lsls	r2, r3, #1
 195:Drivers/STM32F4xx_HAL_Driver/Src/stm32f4xx_hal_gpio.c ****         temp |= (GPIO_Init->Speed << (position * 2U));
 104              		.loc 1 195 42 view .LVU29
 105 0034 0325     		movs	r5, #3
 188:Drivers/STM32F4xx_HAL_Driver/Src/stm32f4xx_hal_gpio.c ****           (GPIO_Init->Mode & GPIO_MODE) == MODE_AF)
 106              		.loc 1 188 57 view .LVU30
 107 0036 0CF1FF36 		add	r6, ip, #-1
 195:Drivers/STM32F4xx_HAL_Driver/Src/stm32f4xx_hal_gpio.c ****         temp |= (GPIO_Init->Speed << (position * 2U));
 108              		.loc 1 195 42 view .LVU31
 109 003a 9540     		lsls	r5, r5, r2
 188:Drivers/STM32F4xx_HAL_Driver/Src/stm32f4xx_hal_gpio.c ****           (GPIO_Init->Mode & GPIO_MODE) == MODE_AF)
 110              		.loc 1 188 9 view .LVU32
 111 003c 012E     		cmp	r6, #1
 195:Drivers/STM32F4xx_HAL_Driver/Src/stm32f4xx_hal_gpio.c ****         temp |= (GPIO_Init->Speed << (position * 2U));
 112              		.loc 1 195 17 view .LVU33
 113 003e 6FEA0505 		mvn	r5, r5
 188:Drivers/STM32F4xx_HAL_Driver/Src/stm32f4xx_hal_gpio.c ****           (GPIO_Init->Mode & GPIO_MODE) == MODE_AF)
 114              		.loc 1 188 9 view .LVU34
 115 0042 7BD9     		bls	.L34
 206:Drivers/STM32F4xx_HAL_Driver/Src/stm32f4xx_hal_gpio.c ****       {
 116              		.loc 1 206 7 is_stmt 1 view .LVU35
 206:Drivers/STM32F4xx_HAL_Driver/Src/stm32f4xx_hal_gpio.c ****       {
 117              		.loc 1 206 9 is_stmt 0 view .LVU36
 118 0044 BCF1030F 		cmp	ip, #3
 119 0048 40F0CE80 		bne	.L35
 120              	.L6:
 231:Drivers/STM32F4xx_HAL_Driver/Src/stm32f4xx_hal_gpio.c ****       temp &= ~(GPIO_MODER_MODER0 << (position * 2U));
 121              		.loc 1 231 7 is_stmt 1 view .LVU37
 231:Drivers/STM32F4xx_HAL_Driver/Src/stm32f4xx_hal_gpio.c ****       temp &= ~(GPIO_MODER_MODER0 << (position * 2U));
 122              		.loc 1 231 12 is_stmt 0 view .LVU38
 123 004c 0668     		ldr	r6, [r0]
 124              	.LVL7:
 232:Drivers/STM32F4xx_HAL_Driver/Src/stm32f4xx_hal_gpio.c ****       temp |= ((GPIO_Init->Mode & GPIO_MODE) << (position * 2U));
 125              		.loc 1 232 7 is_stmt 1 view .LVU39
 233:Drivers/STM32F4xx_HAL_Driver/Src/stm32f4xx_hal_gpio.c ****       GPIOx->MODER = temp;
 126              		.loc 1 233 46 is_stmt 0 view .LVU40
 127 004e 0CFA02F2 		lsl	r2, ip, r2
 232:Drivers/STM32F4xx_HAL_Driver/Src/stm32f4xx_hal_gpio.c ****       temp |= ((GPIO_Init->Mode & GPIO_MODE) << (position * 2U));
 128              		.loc 1 232 12 view .LVU41
ARM GAS  C:\Users\techn\AppData\Local\Temp\ccYMdLd8.s 			page 8


 129 0052 3540     		ands	r5, r5, r6
 130              	.LVL8:
 233:Drivers/STM32F4xx_HAL_Driver/Src/stm32f4xx_hal_gpio.c ****       GPIOx->MODER = temp;
 131              		.loc 1 233 7 is_stmt 1 view .LVU42
 233:Drivers/STM32F4xx_HAL_Driver/Src/stm32f4xx_hal_gpio.c ****       GPIOx->MODER = temp;
 132              		.loc 1 233 12 is_stmt 0 view .LVU43
 133 0054 2A43     		orrs	r2, r2, r5
 134              	.LVL9:
 234:Drivers/STM32F4xx_HAL_Driver/Src/stm32f4xx_hal_gpio.c **** 
 135              		.loc 1 234 7 is_stmt 1 view .LVU44
 238:Drivers/STM32F4xx_HAL_Driver/Src/stm32f4xx_hal_gpio.c ****       {
 136              		.loc 1 238 9 is_stmt 0 view .LVU45
 137 0056 11F4403F 		tst	r1, #196608
 234:Drivers/STM32F4xx_HAL_Driver/Src/stm32f4xx_hal_gpio.c **** 
 138              		.loc 1 234 20 view .LVU46
 139 005a 0260     		str	r2, [r0]
 238:Drivers/STM32F4xx_HAL_Driver/Src/stm32f4xx_hal_gpio.c ****       {
 140              		.loc 1 238 7 is_stmt 1 view .LVU47
 238:Drivers/STM32F4xx_HAL_Driver/Src/stm32f4xx_hal_gpio.c ****       {
 141              		.loc 1 238 9 is_stmt 0 view .LVU48
 142 005c DBD0     		beq	.L3
 241:Drivers/STM32F4xx_HAL_Driver/Src/stm32f4xx_hal_gpio.c **** 
 143              		.loc 1 241 9 is_stmt 1 view .LVU49
 144              	.LBB3:
 241:Drivers/STM32F4xx_HAL_Driver/Src/stm32f4xx_hal_gpio.c **** 
 145              		.loc 1 241 9 view .LVU50
 146 005e 0022     		movs	r2, #0
 147              	.LVL10:
 241:Drivers/STM32F4xx_HAL_Driver/Src/stm32f4xx_hal_gpio.c **** 
 148              		.loc 1 241 9 is_stmt 0 view .LVU51
 149 0060 0392     		str	r2, [sp, #12]
 150              	.LVL11:
 241:Drivers/STM32F4xx_HAL_Driver/Src/stm32f4xx_hal_gpio.c **** 
 151              		.loc 1 241 9 is_stmt 1 view .LVU52
 152 0062 DAF84420 		ldr	r2, [r10, #68]
 153 0066 42F48042 		orr	r2, r2, #16384
 154 006a CAF84420 		str	r2, [r10, #68]
 241:Drivers/STM32F4xx_HAL_Driver/Src/stm32f4xx_hal_gpio.c **** 
 155              		.loc 1 241 9 view .LVU53
 156 006e DAF84420 		ldr	r2, [r10, #68]
 157 0072 02F48042 		and	r2, r2, #16384
 158 0076 0392     		str	r2, [sp, #12]
 241:Drivers/STM32F4xx_HAL_Driver/Src/stm32f4xx_hal_gpio.c **** 
 159              		.loc 1 241 9 view .LVU54
 160 0078 039A     		ldr	r2, [sp, #12]
 161              	.LBE3:
 241:Drivers/STM32F4xx_HAL_Driver/Src/stm32f4xx_hal_gpio.c **** 
 162              		.loc 1 241 9 view .LVU55
 243:Drivers/STM32F4xx_HAL_Driver/Src/stm32f4xx_hal_gpio.c ****         temp &= ~(0x0FU << (4U * (position & 0x03U)));
 163              		.loc 1 243 9 view .LVU56
 164 007a 23F00302 		bic	r2, r3, #3
 165 007e 02F18042 		add	r2, r2, #1073741824
 166              		.loc 1 244 44 is_stmt 0 view .LVU57
 167 0082 03F00306 		and	r6, r3, #3
 168              		.loc 1 244 25 view .LVU58
 169 0086 0F27     		movs	r7, #15
 170 0088 02F59C32 		add	r2, r2, #79872
ARM GAS  C:\Users\techn\AppData\Local\Temp\ccYMdLd8.s 			page 9


 171              		.loc 1 244 32 view .LVU59
 172 008c B600     		lsls	r6, r6, #2
 173              		.loc 1 244 25 view .LVU60
 174 008e 07FA06FC 		lsl	ip, r7, r6
 175              	.LVL12:
 245:Drivers/STM32F4xx_HAL_Driver/Src/stm32f4xx_hal_gpio.c ****         temp |= ((uint32_t)(GPIO_GET_INDEX(GPIOx)) << (4U * (position & 0x03U)));
 176              		.loc 1 245 18 view .LVU61
 177 0092 5A4F     		ldr	r7, .L41
 243:Drivers/STM32F4xx_HAL_Driver/Src/stm32f4xx_hal_gpio.c ****         temp &= ~(0x0FU << (4U * (position & 0x03U)));
 178              		.loc 1 243 14 view .LVU62
 179 0094 9568     		ldr	r5, [r2, #8]
 180              	.LVL13:
 244:Drivers/STM32F4xx_HAL_Driver/Src/stm32f4xx_hal_gpio.c ****         temp |= ((uint32_t)(GPIO_GET_INDEX(GPIOx)) << (4U * (position & 0x03U)));
 181              		.loc 1 244 9 is_stmt 1 view .LVU63
 182              		.loc 1 245 18 is_stmt 0 view .LVU64
 183 0096 B842     		cmp	r0, r7
 244:Drivers/STM32F4xx_HAL_Driver/Src/stm32f4xx_hal_gpio.c ****         temp |= ((uint32_t)(GPIO_GET_INDEX(GPIOx)) << (4U * (position & 0x03U)));
 184              		.loc 1 244 14 view .LVU65
 185 0098 25EA0C05 		bic	r5, r5, ip
 186              	.LVL14:
 187              		.loc 1 245 9 is_stmt 1 view .LVU66
 188              		.loc 1 245 18 is_stmt 0 view .LVU67
 189 009c 22D0     		beq	.L10
 190              		.loc 1 245 29 discriminator 1 view .LVU68
 191 009e 07F58067 		add	r7, r7, #1024
 192 00a2 B842     		cmp	r0, r7
 193 00a4 00F08280 		beq	.L36
 194              		.loc 1 245 29 discriminator 3 view .LVU69
 195 00a8 554F     		ldr	r7, .L41+4
 196 00aa B842     		cmp	r0, r7
 197 00ac 00F08480 		beq	.L37
 198              		.loc 1 245 29 discriminator 5 view .LVU70
 199 00b0 DFF858C1 		ldr	ip, .L41+16
 200 00b4 6045     		cmp	r0, ip
 201 00b6 00F08580 		beq	.L38
 202              		.loc 1 245 29 discriminator 7 view .LVU71
 203 00ba DFF854C1 		ldr	ip, .L41+20
 204 00be 6045     		cmp	r0, ip
 205 00c0 00F08680 		beq	.L39
 206              		.loc 1 245 29 discriminator 9 view .LVU72
 207 00c4 DFF84CC1 		ldr	ip, .L41+24
 208 00c8 6045     		cmp	r0, ip
 209 00ca 00F08780 		beq	.L40
 210              		.loc 1 245 29 discriminator 11 view .LVU73
 211 00ce DFF848C1 		ldr	ip, .L41+28
 212 00d2 6045     		cmp	r0, ip
 213              		.loc 1 245 52 discriminator 28 view .LVU74
 214 00d4 0CBF     		ite	eq
 215 00d6 4FF0060C 		moveq	ip, #6
 216 00da 4FF0070C 		movne	ip, #7
 217 00de 0CFA06F6 		lsl	r6, ip, r6
 218              		.loc 1 245 14 discriminator 28 view .LVU75
 219 00e2 3543     		orrs	r5, r5, r6
 220              	.LVL15:
 221              	.L10:
 246:Drivers/STM32F4xx_HAL_Driver/Src/stm32f4xx_hal_gpio.c ****         SYSCFG->EXTICR[position >> 2U] = temp;
 222              		.loc 1 246 9 is_stmt 1 view .LVU76
ARM GAS  C:\Users\techn\AppData\Local\Temp\ccYMdLd8.s 			page 10


 223              		.loc 1 246 40 is_stmt 0 view .LVU77
 224 00e4 9560     		str	r5, [r2, #8]
 247:Drivers/STM32F4xx_HAL_Driver/Src/stm32f4xx_hal_gpio.c **** 
 248:Drivers/STM32F4xx_HAL_Driver/Src/stm32f4xx_hal_gpio.c ****         /* Clear Rising Falling edge configuration */
 249:Drivers/STM32F4xx_HAL_Driver/Src/stm32f4xx_hal_gpio.c ****         temp = EXTI->RTSR;
 225              		.loc 1 249 9 is_stmt 1 view .LVU78
 226              		.loc 1 249 14 is_stmt 0 view .LVU79
 227 00e6 474A     		ldr	r2, .L41+8
 228 00e8 9268     		ldr	r2, [r2, #8]
 229              	.LVL16:
 250:Drivers/STM32F4xx_HAL_Driver/Src/stm32f4xx_hal_gpio.c ****         temp &= ~((uint32_t)iocurrent);
 230              		.loc 1 250 9 is_stmt 1 view .LVU80
 251:Drivers/STM32F4xx_HAL_Driver/Src/stm32f4xx_hal_gpio.c ****         if((GPIO_Init->Mode & TRIGGER_RISING) != 0x00U)
 231              		.loc 1 251 11 is_stmt 0 view .LVU81
 232 00ea CE02     		lsls	r6, r1, #11
 250:Drivers/STM32F4xx_HAL_Driver/Src/stm32f4xx_hal_gpio.c ****         temp &= ~((uint32_t)iocurrent);
 233              		.loc 1 250 17 view .LVU82
 234 00ec 6FEA0805 		mvn	r5, r8
 235              	.LVL17:
 236              		.loc 1 251 9 is_stmt 1 view .LVU83
 252:Drivers/STM32F4xx_HAL_Driver/Src/stm32f4xx_hal_gpio.c ****         {
 253:Drivers/STM32F4xx_HAL_Driver/Src/stm32f4xx_hal_gpio.c ****           temp |= iocurrent;
 254:Drivers/STM32F4xx_HAL_Driver/Src/stm32f4xx_hal_gpio.c ****         }
 255:Drivers/STM32F4xx_HAL_Driver/Src/stm32f4xx_hal_gpio.c ****         EXTI->RTSR = temp;
 237              		.loc 1 255 20 is_stmt 0 view .LVU84
 238 00f0 444E     		ldr	r6, .L41+8
 250:Drivers/STM32F4xx_HAL_Driver/Src/stm32f4xx_hal_gpio.c ****         if((GPIO_Init->Mode & TRIGGER_RISING) != 0x00U)
 239              		.loc 1 250 14 view .LVU85
 240 00f2 54BF     		ite	pl
 241 00f4 2A40     		andpl	r2, r2, r5
 242              	.LVL18:
 253:Drivers/STM32F4xx_HAL_Driver/Src/stm32f4xx_hal_gpio.c ****         }
 243              		.loc 1 253 11 is_stmt 1 view .LVU86
 253:Drivers/STM32F4xx_HAL_Driver/Src/stm32f4xx_hal_gpio.c ****         }
 244              		.loc 1 253 16 is_stmt 0 view .LVU87
 245 00f6 48EA0202 		orrmi	r2, r8, r2
 246              	.LVL19:
 247              		.loc 1 255 9 is_stmt 1 view .LVU88
 248              		.loc 1 255 20 is_stmt 0 view .LVU89
 249 00fa B260     		str	r2, [r6, #8]
 256:Drivers/STM32F4xx_HAL_Driver/Src/stm32f4xx_hal_gpio.c **** 
 257:Drivers/STM32F4xx_HAL_Driver/Src/stm32f4xx_hal_gpio.c ****         temp = EXTI->FTSR;
 250              		.loc 1 257 9 is_stmt 1 view .LVU90
 251              		.loc 1 257 14 is_stmt 0 view .LVU91
 252 00fc F268     		ldr	r2, [r6, #12]
 253              	.LVL20:
 258:Drivers/STM32F4xx_HAL_Driver/Src/stm32f4xx_hal_gpio.c ****         temp &= ~((uint32_t)iocurrent);
 254              		.loc 1 258 9 is_stmt 1 view .LVU92
 259:Drivers/STM32F4xx_HAL_Driver/Src/stm32f4xx_hal_gpio.c ****         if((GPIO_Init->Mode & TRIGGER_FALLING) != 0x00U)
 255              		.loc 1 259 9 view .LVU93
 260:Drivers/STM32F4xx_HAL_Driver/Src/stm32f4xx_hal_gpio.c ****         {
 261:Drivers/STM32F4xx_HAL_Driver/Src/stm32f4xx_hal_gpio.c ****           temp |= iocurrent;
 262:Drivers/STM32F4xx_HAL_Driver/Src/stm32f4xx_hal_gpio.c ****         }
 263:Drivers/STM32F4xx_HAL_Driver/Src/stm32f4xx_hal_gpio.c ****         EXTI->FTSR = temp;
 256              		.loc 1 263 20 is_stmt 0 view .LVU94
 257 00fe 414E     		ldr	r6, .L41+8
 259:Drivers/STM32F4xx_HAL_Driver/Src/stm32f4xx_hal_gpio.c ****         if((GPIO_Init->Mode & TRIGGER_FALLING) != 0x00U)
ARM GAS  C:\Users\techn\AppData\Local\Temp\ccYMdLd8.s 			page 11


 258              		.loc 1 259 11 view .LVU95
 259 0100 8F02     		lsls	r7, r1, #10
 258:Drivers/STM32F4xx_HAL_Driver/Src/stm32f4xx_hal_gpio.c ****         if((GPIO_Init->Mode & TRIGGER_FALLING) != 0x00U)
 260              		.loc 1 258 14 view .LVU96
 261 0102 54BF     		ite	pl
 262 0104 2A40     		andpl	r2, r2, r5
 263              	.LVL21:
 261:Drivers/STM32F4xx_HAL_Driver/Src/stm32f4xx_hal_gpio.c ****         }
 264              		.loc 1 261 11 is_stmt 1 view .LVU97
 261:Drivers/STM32F4xx_HAL_Driver/Src/stm32f4xx_hal_gpio.c ****         }
 265              		.loc 1 261 16 is_stmt 0 view .LVU98
 266 0106 48EA0202 		orrmi	r2, r8, r2
 267              	.LVL22:
 268              		.loc 1 263 9 is_stmt 1 view .LVU99
 269              		.loc 1 263 20 is_stmt 0 view .LVU100
 270 010a F260     		str	r2, [r6, #12]
 264:Drivers/STM32F4xx_HAL_Driver/Src/stm32f4xx_hal_gpio.c **** 
 265:Drivers/STM32F4xx_HAL_Driver/Src/stm32f4xx_hal_gpio.c ****         temp = EXTI->EMR;
 271              		.loc 1 265 9 is_stmt 1 view .LVU101
 272              		.loc 1 265 14 is_stmt 0 view .LVU102
 273 010c 7268     		ldr	r2, [r6, #4]
 274              	.LVL23:
 266:Drivers/STM32F4xx_HAL_Driver/Src/stm32f4xx_hal_gpio.c ****         temp &= ~((uint32_t)iocurrent);
 275              		.loc 1 266 9 is_stmt 1 view .LVU103
 267:Drivers/STM32F4xx_HAL_Driver/Src/stm32f4xx_hal_gpio.c ****         if((GPIO_Init->Mode & EXTI_EVT) != 0x00U)
 276              		.loc 1 267 9 view .LVU104
 277              		.loc 1 267 11 is_stmt 0 view .LVU105
 278 010e 8E03     		lsls	r6, r1, #14
 268:Drivers/STM32F4xx_HAL_Driver/Src/stm32f4xx_hal_gpio.c ****         {
 269:Drivers/STM32F4xx_HAL_Driver/Src/stm32f4xx_hal_gpio.c ****           temp |= iocurrent;
 270:Drivers/STM32F4xx_HAL_Driver/Src/stm32f4xx_hal_gpio.c ****         }
 271:Drivers/STM32F4xx_HAL_Driver/Src/stm32f4xx_hal_gpio.c ****         EXTI->EMR = temp;
 279              		.loc 1 271 19 view .LVU106
 280 0110 3C4E     		ldr	r6, .L41+8
 266:Drivers/STM32F4xx_HAL_Driver/Src/stm32f4xx_hal_gpio.c ****         if((GPIO_Init->Mode & EXTI_EVT) != 0x00U)
 281              		.loc 1 266 14 view .LVU107
 282 0112 54BF     		ite	pl
 283 0114 2A40     		andpl	r2, r2, r5
 284              	.LVL24:
 269:Drivers/STM32F4xx_HAL_Driver/Src/stm32f4xx_hal_gpio.c ****         }
 285              		.loc 1 269 11 is_stmt 1 view .LVU108
 269:Drivers/STM32F4xx_HAL_Driver/Src/stm32f4xx_hal_gpio.c ****         }
 286              		.loc 1 269 16 is_stmt 0 view .LVU109
 287 0116 48EA0202 		orrmi	r2, r8, r2
 288              	.LVL25:
 289              		.loc 1 271 9 is_stmt 1 view .LVU110
 290              		.loc 1 271 19 is_stmt 0 view .LVU111
 291 011a 7260     		str	r2, [r6, #4]
 272:Drivers/STM32F4xx_HAL_Driver/Src/stm32f4xx_hal_gpio.c **** 
 273:Drivers/STM32F4xx_HAL_Driver/Src/stm32f4xx_hal_gpio.c ****         /* Clear EXTI line configuration */
 274:Drivers/STM32F4xx_HAL_Driver/Src/stm32f4xx_hal_gpio.c ****         temp = EXTI->IMR;
 292              		.loc 1 274 9 is_stmt 1 view .LVU112
 293              		.loc 1 274 14 is_stmt 0 view .LVU113
 294 011c 3268     		ldr	r2, [r6]
 295              	.LVL26:
 275:Drivers/STM32F4xx_HAL_Driver/Src/stm32f4xx_hal_gpio.c ****         temp &= ~((uint32_t)iocurrent);
 296              		.loc 1 275 9 is_stmt 1 view .LVU114
ARM GAS  C:\Users\techn\AppData\Local\Temp\ccYMdLd8.s 			page 12


 276:Drivers/STM32F4xx_HAL_Driver/Src/stm32f4xx_hal_gpio.c ****         if((GPIO_Init->Mode & EXTI_IT) != 0x00U)
 297              		.loc 1 276 9 view .LVU115
 298              		.loc 1 276 11 is_stmt 0 view .LVU116
 299 011e C903     		lsls	r1, r1, #15
 177:Drivers/STM32F4xx_HAL_Driver/Src/stm32f4xx_hal_gpio.c ****   {
 300              		.loc 1 177 54 discriminator 2 view .LVU117
 301 0120 03F10103 		add	r3, r3, #1
 302              	.LVL27:
 277:Drivers/STM32F4xx_HAL_Driver/Src/stm32f4xx_hal_gpio.c ****         {
 278:Drivers/STM32F4xx_HAL_Driver/Src/stm32f4xx_hal_gpio.c ****           temp |= iocurrent;
 279:Drivers/STM32F4xx_HAL_Driver/Src/stm32f4xx_hal_gpio.c ****         }
 280:Drivers/STM32F4xx_HAL_Driver/Src/stm32f4xx_hal_gpio.c ****         EXTI->IMR = temp;
 303              		.loc 1 280 19 view .LVU118
 304 0124 3749     		ldr	r1, .L41+8
 275:Drivers/STM32F4xx_HAL_Driver/Src/stm32f4xx_hal_gpio.c ****         if((GPIO_Init->Mode & EXTI_IT) != 0x00U)
 305              		.loc 1 275 14 view .LVU119
 306 0126 54BF     		ite	pl
 307 0128 2A40     		andpl	r2, r2, r5
 308              	.LVL28:
 278:Drivers/STM32F4xx_HAL_Driver/Src/stm32f4xx_hal_gpio.c ****         }
 309              		.loc 1 278 11 is_stmt 1 view .LVU120
 278:Drivers/STM32F4xx_HAL_Driver/Src/stm32f4xx_hal_gpio.c ****         }
 310              		.loc 1 278 16 is_stmt 0 view .LVU121
 311 012a 48EA0202 		orrmi	r2, r8, r2
 312              	.LVL29:
 313              		.loc 1 280 9 is_stmt 1 view .LVU122
 177:Drivers/STM32F4xx_HAL_Driver/Src/stm32f4xx_hal_gpio.c ****   {
 314              		.loc 1 177 31 is_stmt 0 discriminator 1 view .LVU123
 315 012e 102B     		cmp	r3, #16
 316              		.loc 1 280 19 view .LVU124
 317 0130 0A60     		str	r2, [r1]
 177:Drivers/STM32F4xx_HAL_Driver/Src/stm32f4xx_hal_gpio.c ****   {
 318              		.loc 1 177 54 is_stmt 1 discriminator 2 view .LVU125
 319              	.LVL30:
 177:Drivers/STM32F4xx_HAL_Driver/Src/stm32f4xx_hal_gpio.c ****   {
 320              		.loc 1 177 31 discriminator 1 view .LVU126
 321 0132 7FF474AF 		bne	.L25
 322              	.LVL31:
 323              	.L33:
 281:Drivers/STM32F4xx_HAL_Driver/Src/stm32f4xx_hal_gpio.c ****       }
 282:Drivers/STM32F4xx_HAL_Driver/Src/stm32f4xx_hal_gpio.c ****     }
 283:Drivers/STM32F4xx_HAL_Driver/Src/stm32f4xx_hal_gpio.c ****   }
 284:Drivers/STM32F4xx_HAL_Driver/Src/stm32f4xx_hal_gpio.c **** }
 324              		.loc 1 284 1 is_stmt 0 view .LVU127
 325 0136 05B0     		add	sp, sp, #20
 326              	.LCFI2:
 327              		.cfi_remember_state
 328              		.cfi_def_cfa_offset 36
 329              		@ sp needed
 330 0138 BDE8F08F 		pop	{r4, r5, r6, r7, r8, r9, r10, fp, pc}
 331              	.LVL32:
 332              	.L34:
 333              	.LCFI3:
 334              		.cfi_restore_state
 192:Drivers/STM32F4xx_HAL_Driver/Src/stm32f4xx_hal_gpio.c ****         /* Configure the IO Speed */
 335              		.loc 1 192 9 is_stmt 1 view .LVU128
 194:Drivers/STM32F4xx_HAL_Driver/Src/stm32f4xx_hal_gpio.c ****         temp &= ~(GPIO_OSPEEDER_OSPEEDR0 << (position * 2U));
ARM GAS  C:\Users\techn\AppData\Local\Temp\ccYMdLd8.s 			page 13


 336              		.loc 1 194 9 view .LVU129
 194:Drivers/STM32F4xx_HAL_Driver/Src/stm32f4xx_hal_gpio.c ****         temp &= ~(GPIO_OSPEEDER_OSPEEDR0 << (position * 2U));
 337              		.loc 1 194 14 is_stmt 0 view .LVU130
 338 013c 8668     		ldr	r6, [r0, #8]
 339              	.LVL33:
 195:Drivers/STM32F4xx_HAL_Driver/Src/stm32f4xx_hal_gpio.c ****         temp |= (GPIO_Init->Speed << (position * 2U));
 340              		.loc 1 195 9 is_stmt 1 view .LVU131
 195:Drivers/STM32F4xx_HAL_Driver/Src/stm32f4xx_hal_gpio.c ****         temp |= (GPIO_Init->Speed << (position * 2U));
 341              		.loc 1 195 14 is_stmt 0 view .LVU132
 342 013e 06EA050E 		and	lr, r6, r5
 343              	.LVL34:
 196:Drivers/STM32F4xx_HAL_Driver/Src/stm32f4xx_hal_gpio.c ****         GPIOx->OSPEEDR = temp;
 344              		.loc 1 196 9 is_stmt 1 view .LVU133
 196:Drivers/STM32F4xx_HAL_Driver/Src/stm32f4xx_hal_gpio.c ****         GPIOx->OSPEEDR = temp;
 345              		.loc 1 196 35 is_stmt 0 view .LVU134
 346 0142 D9F80C60 		ldr	r6, [r9, #12]
 347 0146 9640     		lsls	r6, r6, r2
 196:Drivers/STM32F4xx_HAL_Driver/Src/stm32f4xx_hal_gpio.c ****         GPIOx->OSPEEDR = temp;
 348              		.loc 1 196 14 view .LVU135
 349 0148 46EA0E06 		orr	r6, r6, lr
 350              	.LVL35:
 197:Drivers/STM32F4xx_HAL_Driver/Src/stm32f4xx_hal_gpio.c **** 
 351              		.loc 1 197 9 is_stmt 1 view .LVU136
 197:Drivers/STM32F4xx_HAL_Driver/Src/stm32f4xx_hal_gpio.c **** 
 352              		.loc 1 197 24 is_stmt 0 view .LVU137
 353 014c 8660     		str	r6, [r0, #8]
 200:Drivers/STM32F4xx_HAL_Driver/Src/stm32f4xx_hal_gpio.c ****         temp &= ~(GPIO_OTYPER_OT_0 << position) ;
 354              		.loc 1 200 9 is_stmt 1 view .LVU138
 200:Drivers/STM32F4xx_HAL_Driver/Src/stm32f4xx_hal_gpio.c ****         temp &= ~(GPIO_OTYPER_OT_0 << position) ;
 355              		.loc 1 200 14 is_stmt 0 view .LVU139
 356 014e 4668     		ldr	r6, [r0, #4]
 357              	.LVL36:
 201:Drivers/STM32F4xx_HAL_Driver/Src/stm32f4xx_hal_gpio.c ****         temp |= (((GPIO_Init->Mode & OUTPUT_TYPE) >> OUTPUT_TYPE_Pos) << position);
 358              		.loc 1 201 9 is_stmt 1 view .LVU140
 201:Drivers/STM32F4xx_HAL_Driver/Src/stm32f4xx_hal_gpio.c ****         temp |= (((GPIO_Init->Mode & OUTPUT_TYPE) >> OUTPUT_TYPE_Pos) << position);
 359              		.loc 1 201 14 is_stmt 0 view .LVU141
 360 0150 26EA080E 		bic	lr, r6, r8
 361              	.LVL37:
 202:Drivers/STM32F4xx_HAL_Driver/Src/stm32f4xx_hal_gpio.c ****         GPIOx->OTYPER = temp;
 362              		.loc 1 202 9 is_stmt 1 view .LVU142
 202:Drivers/STM32F4xx_HAL_Driver/Src/stm32f4xx_hal_gpio.c ****         GPIOx->OTYPER = temp;
 363              		.loc 1 202 51 is_stmt 0 view .LVU143
 364 0154 C1F30016 		ubfx	r6, r1, #4, #1
 202:Drivers/STM32F4xx_HAL_Driver/Src/stm32f4xx_hal_gpio.c ****         GPIOx->OTYPER = temp;
 365              		.loc 1 202 71 view .LVU144
 366 0158 9E40     		lsls	r6, r6, r3
 202:Drivers/STM32F4xx_HAL_Driver/Src/stm32f4xx_hal_gpio.c ****         GPIOx->OTYPER = temp;
 367              		.loc 1 202 14 view .LVU145
 368 015a 46EA0E06 		orr	r6, r6, lr
 369              	.LVL38:
 203:Drivers/STM32F4xx_HAL_Driver/Src/stm32f4xx_hal_gpio.c ****        }
 370              		.loc 1 203 9 is_stmt 1 view .LVU146
 203:Drivers/STM32F4xx_HAL_Driver/Src/stm32f4xx_hal_gpio.c ****        }
 371              		.loc 1 203 23 is_stmt 0 view .LVU147
 372 015e 4660     		str	r6, [r0, #4]
 206:Drivers/STM32F4xx_HAL_Driver/Src/stm32f4xx_hal_gpio.c ****       {
 373              		.loc 1 206 7 is_stmt 1 view .LVU148
ARM GAS  C:\Users\techn\AppData\Local\Temp\ccYMdLd8.s 			page 14


 209:Drivers/STM32F4xx_HAL_Driver/Src/stm32f4xx_hal_gpio.c ****         
 374              		.loc 1 209 9 view .LVU149
 212:Drivers/STM32F4xx_HAL_Driver/Src/stm32f4xx_hal_gpio.c ****         temp &= ~(GPIO_PUPDR_PUPDR0 << (position * 2U));
 375              		.loc 1 212 9 view .LVU150
 212:Drivers/STM32F4xx_HAL_Driver/Src/stm32f4xx_hal_gpio.c ****         temp &= ~(GPIO_PUPDR_PUPDR0 << (position * 2U));
 376              		.loc 1 212 14 is_stmt 0 view .LVU151
 377 0160 C668     		ldr	r6, [r0, #12]
 378              	.LVL39:
 213:Drivers/STM32F4xx_HAL_Driver/Src/stm32f4xx_hal_gpio.c ****         temp |= ((GPIO_Init->Pull) << (position * 2U));
 379              		.loc 1 213 9 is_stmt 1 view .LVU152
 213:Drivers/STM32F4xx_HAL_Driver/Src/stm32f4xx_hal_gpio.c ****         temp |= ((GPIO_Init->Pull) << (position * 2U));
 380              		.loc 1 213 14 is_stmt 0 view .LVU153
 381 0162 06EA050E 		and	lr, r6, r5
 382              	.LVL40:
 214:Drivers/STM32F4xx_HAL_Driver/Src/stm32f4xx_hal_gpio.c ****         GPIOx->PUPDR = temp;
 383              		.loc 1 214 9 is_stmt 1 view .LVU154
 214:Drivers/STM32F4xx_HAL_Driver/Src/stm32f4xx_hal_gpio.c ****         GPIOx->PUPDR = temp;
 384              		.loc 1 214 36 is_stmt 0 view .LVU155
 385 0166 D9F80860 		ldr	r6, [r9, #8]
 386 016a 9640     		lsls	r6, r6, r2
 214:Drivers/STM32F4xx_HAL_Driver/Src/stm32f4xx_hal_gpio.c ****         GPIOx->PUPDR = temp;
 387              		.loc 1 214 14 view .LVU156
 388 016c 46EA0E06 		orr	r6, r6, lr
 389              	.LVL41:
 215:Drivers/STM32F4xx_HAL_Driver/Src/stm32f4xx_hal_gpio.c ****       }
 390              		.loc 1 215 9 is_stmt 1 view .LVU157
 219:Drivers/STM32F4xx_HAL_Driver/Src/stm32f4xx_hal_gpio.c ****       {
 391              		.loc 1 219 9 is_stmt 0 view .LVU158
 392 0170 BCF1020F 		cmp	ip, #2
 215:Drivers/STM32F4xx_HAL_Driver/Src/stm32f4xx_hal_gpio.c ****       }
 393              		.loc 1 215 22 view .LVU159
 394 0174 C660     		str	r6, [r0, #12]
 219:Drivers/STM32F4xx_HAL_Driver/Src/stm32f4xx_hal_gpio.c ****       {
 395              		.loc 1 219 7 is_stmt 1 view .LVU160
 219:Drivers/STM32F4xx_HAL_Driver/Src/stm32f4xx_hal_gpio.c ****       {
 396              		.loc 1 219 9 is_stmt 0 view .LVU161
 397 0176 7FF469AF 		bne	.L6
 222:Drivers/STM32F4xx_HAL_Driver/Src/stm32f4xx_hal_gpio.c ****         /* Configure Alternate function mapped with the current IO */
 398              		.loc 1 222 9 is_stmt 1 view .LVU162
 224:Drivers/STM32F4xx_HAL_Driver/Src/stm32f4xx_hal_gpio.c ****         temp &= ~(0xFU << ((uint32_t)(position & 0x07U) * 4U)) ;
 399              		.loc 1 224 9 view .LVU163
 400              	.LVL42:
 225:Drivers/STM32F4xx_HAL_Driver/Src/stm32f4xx_hal_gpio.c ****         temp |= ((uint32_t)(GPIO_Init->Alternate) << (((uint32_t)position & 0x07U) * 4U));
 401              		.loc 1 225 9 view .LVU164
 224:Drivers/STM32F4xx_HAL_Driver/Src/stm32f4xx_hal_gpio.c ****         temp &= ~(0xFU << ((uint32_t)(position & 0x07U) * 4U)) ;
 402              		.loc 1 224 36 is_stmt 0 view .LVU165
 403 017a DE08     		lsrs	r6, r3, #3
 404 017c 00EB8606 		add	r6, r0, r6, lsl #2
 224:Drivers/STM32F4xx_HAL_Driver/Src/stm32f4xx_hal_gpio.c ****         temp &= ~(0xFU << ((uint32_t)(position & 0x07U) * 4U)) ;
 405              		.loc 1 224 14 view .LVU166
 406 0180 0196     		str	r6, [sp, #4]
 407 0182 376A     		ldr	r7, [r6, #32]
 408              	.LVL43:
 226:Drivers/STM32F4xx_HAL_Driver/Src/stm32f4xx_hal_gpio.c ****         GPIOx->AFR[position >> 3U] = temp;
 409              		.loc 1 226 51 view .LVU167
 410 0184 D9F81060 		ldr	r6, [r9, #16]
 224:Drivers/STM32F4xx_HAL_Driver/Src/stm32f4xx_hal_gpio.c ****         temp &= ~(0xFU << ((uint32_t)(position & 0x07U) * 4U)) ;
ARM GAS  C:\Users\techn\AppData\Local\Temp\ccYMdLd8.s 			page 15


 411              		.loc 1 224 14 view .LVU168
 412 0188 0097     		str	r7, [sp]
 225:Drivers/STM32F4xx_HAL_Driver/Src/stm32f4xx_hal_gpio.c ****         temp |= ((uint32_t)(GPIO_Init->Alternate) << (((uint32_t)position & 0x07U) * 4U));
 413              		.loc 1 225 28 view .LVU169
 414 018a 03F0070E 		and	lr, r3, #7
 225:Drivers/STM32F4xx_HAL_Driver/Src/stm32f4xx_hal_gpio.c ****         temp |= ((uint32_t)(GPIO_Init->Alternate) << (((uint32_t)position & 0x07U) * 4U));
 415              		.loc 1 225 57 view .LVU170
 416 018e 4FEA8E0E 		lsl	lr, lr, #2
 225:Drivers/STM32F4xx_HAL_Driver/Src/stm32f4xx_hal_gpio.c ****         temp |= ((uint32_t)(GPIO_Init->Alternate) << (((uint32_t)position & 0x07U) * 4U));
 417              		.loc 1 225 24 view .LVU171
 418 0192 0F27     		movs	r7, #15
 226:Drivers/STM32F4xx_HAL_Driver/Src/stm32f4xx_hal_gpio.c ****         GPIOx->AFR[position >> 3U] = temp;
 419              		.loc 1 226 51 view .LVU172
 420 0194 06FA0EF6 		lsl	r6, r6, lr
 225:Drivers/STM32F4xx_HAL_Driver/Src/stm32f4xx_hal_gpio.c ****         temp |= ((uint32_t)(GPIO_Init->Alternate) << (((uint32_t)position & 0x07U) * 4U));
 421              		.loc 1 225 24 view .LVU173
 422 0198 07FA0EFE 		lsl	lr, r7, lr
 225:Drivers/STM32F4xx_HAL_Driver/Src/stm32f4xx_hal_gpio.c ****         temp |= ((uint32_t)(GPIO_Init->Alternate) << (((uint32_t)position & 0x07U) * 4U));
 423              		.loc 1 225 14 view .LVU174
 424 019c 009F     		ldr	r7, [sp]
 425 019e 27EA0E0E 		bic	lr, r7, lr
 426              	.LVL44:
 226:Drivers/STM32F4xx_HAL_Driver/Src/stm32f4xx_hal_gpio.c ****         GPIOx->AFR[position >> 3U] = temp;
 427              		.loc 1 226 9 is_stmt 1 view .LVU175
 227:Drivers/STM32F4xx_HAL_Driver/Src/stm32f4xx_hal_gpio.c ****       }
 428              		.loc 1 227 36 is_stmt 0 view .LVU176
 429 01a2 019F     		ldr	r7, [sp, #4]
 226:Drivers/STM32F4xx_HAL_Driver/Src/stm32f4xx_hal_gpio.c ****         GPIOx->AFR[position >> 3U] = temp;
 430              		.loc 1 226 14 view .LVU177
 431 01a4 46EA0E06 		orr	r6, r6, lr
 432              	.LVL45:
 227:Drivers/STM32F4xx_HAL_Driver/Src/stm32f4xx_hal_gpio.c ****       }
 433              		.loc 1 227 9 is_stmt 1 view .LVU178
 227:Drivers/STM32F4xx_HAL_Driver/Src/stm32f4xx_hal_gpio.c ****       }
 434              		.loc 1 227 36 is_stmt 0 view .LVU179
 435 01a8 3E62     		str	r6, [r7, #32]
 436 01aa 4FE7     		b	.L6
 437              	.LVL46:
 438              	.L36:
 245:Drivers/STM32F4xx_HAL_Driver/Src/stm32f4xx_hal_gpio.c ****         SYSCFG->EXTICR[position >> 2U] = temp;
 439              		.loc 1 245 52 discriminator 28 view .LVU180
 440 01ac 4FF0010C 		mov	ip, #1
 441 01b0 0CFA06F6 		lsl	r6, ip, r6
 245:Drivers/STM32F4xx_HAL_Driver/Src/stm32f4xx_hal_gpio.c ****         SYSCFG->EXTICR[position >> 2U] = temp;
 442              		.loc 1 245 14 discriminator 28 view .LVU181
 443 01b4 3543     		orrs	r5, r5, r6
 444              	.LVL47:
 245:Drivers/STM32F4xx_HAL_Driver/Src/stm32f4xx_hal_gpio.c ****         SYSCFG->EXTICR[position >> 2U] = temp;
 445              		.loc 1 245 14 discriminator 28 view .LVU182
 446 01b6 95E7     		b	.L10
 447              	.LVL48:
 448              	.L37:
 245:Drivers/STM32F4xx_HAL_Driver/Src/stm32f4xx_hal_gpio.c ****         SYSCFG->EXTICR[position >> 2U] = temp;
 449              		.loc 1 245 52 discriminator 28 view .LVU183
 450 01b8 4FF0020C 		mov	ip, #2
 451 01bc 0CFA06F6 		lsl	r6, ip, r6
 245:Drivers/STM32F4xx_HAL_Driver/Src/stm32f4xx_hal_gpio.c ****         SYSCFG->EXTICR[position >> 2U] = temp;
ARM GAS  C:\Users\techn\AppData\Local\Temp\ccYMdLd8.s 			page 16


 452              		.loc 1 245 14 discriminator 28 view .LVU184
 453 01c0 3543     		orrs	r5, r5, r6
 454              	.LVL49:
 245:Drivers/STM32F4xx_HAL_Driver/Src/stm32f4xx_hal_gpio.c ****         SYSCFG->EXTICR[position >> 2U] = temp;
 455              		.loc 1 245 14 discriminator 28 view .LVU185
 456 01c2 8FE7     		b	.L10
 457              	.LVL50:
 458              	.L38:
 245:Drivers/STM32F4xx_HAL_Driver/Src/stm32f4xx_hal_gpio.c ****         SYSCFG->EXTICR[position >> 2U] = temp;
 459              		.loc 1 245 52 discriminator 28 view .LVU186
 460 01c4 4FF0030C 		mov	ip, #3
 461 01c8 0CFA06F6 		lsl	r6, ip, r6
 245:Drivers/STM32F4xx_HAL_Driver/Src/stm32f4xx_hal_gpio.c ****         SYSCFG->EXTICR[position >> 2U] = temp;
 462              		.loc 1 245 14 discriminator 28 view .LVU187
 463 01cc 3543     		orrs	r5, r5, r6
 464              	.LVL51:
 245:Drivers/STM32F4xx_HAL_Driver/Src/stm32f4xx_hal_gpio.c ****         SYSCFG->EXTICR[position >> 2U] = temp;
 465              		.loc 1 245 14 discriminator 28 view .LVU188
 466 01ce 89E7     		b	.L10
 467              	.LVL52:
 468              	.L39:
 245:Drivers/STM32F4xx_HAL_Driver/Src/stm32f4xx_hal_gpio.c ****         SYSCFG->EXTICR[position >> 2U] = temp;
 469              		.loc 1 245 52 discriminator 28 view .LVU189
 470 01d0 4FF0040C 		mov	ip, #4
 471 01d4 0CFA06F6 		lsl	r6, ip, r6
 245:Drivers/STM32F4xx_HAL_Driver/Src/stm32f4xx_hal_gpio.c ****         SYSCFG->EXTICR[position >> 2U] = temp;
 472              		.loc 1 245 14 discriminator 28 view .LVU190
 473 01d8 3543     		orrs	r5, r5, r6
 474              	.LVL53:
 245:Drivers/STM32F4xx_HAL_Driver/Src/stm32f4xx_hal_gpio.c ****         SYSCFG->EXTICR[position >> 2U] = temp;
 475              		.loc 1 245 14 discriminator 28 view .LVU191
 476 01da 83E7     		b	.L10
 477              	.LVL54:
 478              	.L40:
 245:Drivers/STM32F4xx_HAL_Driver/Src/stm32f4xx_hal_gpio.c ****         SYSCFG->EXTICR[position >> 2U] = temp;
 479              		.loc 1 245 52 discriminator 28 view .LVU192
 480 01dc 4FF0050C 		mov	ip, #5
 481 01e0 0CFA06F6 		lsl	r6, ip, r6
 245:Drivers/STM32F4xx_HAL_Driver/Src/stm32f4xx_hal_gpio.c ****         SYSCFG->EXTICR[position >> 2U] = temp;
 482              		.loc 1 245 14 discriminator 28 view .LVU193
 483 01e4 3543     		orrs	r5, r5, r6
 484              	.LVL55:
 245:Drivers/STM32F4xx_HAL_Driver/Src/stm32f4xx_hal_gpio.c ****         SYSCFG->EXTICR[position >> 2U] = temp;
 485              		.loc 1 245 14 discriminator 28 view .LVU194
 486 01e6 7DE7     		b	.L10
 487              	.LVL56:
 488              	.L35:
 209:Drivers/STM32F4xx_HAL_Driver/Src/stm32f4xx_hal_gpio.c ****         
 489              		.loc 1 209 9 is_stmt 1 view .LVU195
 212:Drivers/STM32F4xx_HAL_Driver/Src/stm32f4xx_hal_gpio.c ****         temp &= ~(GPIO_PUPDR_PUPDR0 << (position * 2U));
 490              		.loc 1 212 9 view .LVU196
 212:Drivers/STM32F4xx_HAL_Driver/Src/stm32f4xx_hal_gpio.c ****         temp &= ~(GPIO_PUPDR_PUPDR0 << (position * 2U));
 491              		.loc 1 212 14 is_stmt 0 view .LVU197
 492 01e8 C668     		ldr	r6, [r0, #12]
 493              	.LVL57:
 213:Drivers/STM32F4xx_HAL_Driver/Src/stm32f4xx_hal_gpio.c ****         temp |= ((GPIO_Init->Pull) << (position * 2U));
 494              		.loc 1 213 9 is_stmt 1 view .LVU198
ARM GAS  C:\Users\techn\AppData\Local\Temp\ccYMdLd8.s 			page 17


 213:Drivers/STM32F4xx_HAL_Driver/Src/stm32f4xx_hal_gpio.c ****         temp |= ((GPIO_Init->Pull) << (position * 2U));
 495              		.loc 1 213 14 is_stmt 0 view .LVU199
 496 01ea 06EA050E 		and	lr, r6, r5
 497              	.LVL58:
 214:Drivers/STM32F4xx_HAL_Driver/Src/stm32f4xx_hal_gpio.c ****         GPIOx->PUPDR = temp;
 498              		.loc 1 214 9 is_stmt 1 view .LVU200
 214:Drivers/STM32F4xx_HAL_Driver/Src/stm32f4xx_hal_gpio.c ****         GPIOx->PUPDR = temp;
 499              		.loc 1 214 36 is_stmt 0 view .LVU201
 500 01ee D9F80860 		ldr	r6, [r9, #8]
 501 01f2 9640     		lsls	r6, r6, r2
 214:Drivers/STM32F4xx_HAL_Driver/Src/stm32f4xx_hal_gpio.c ****         GPIOx->PUPDR = temp;
 502              		.loc 1 214 14 view .LVU202
 503 01f4 46EA0E06 		orr	r6, r6, lr
 504              	.LVL59:
 215:Drivers/STM32F4xx_HAL_Driver/Src/stm32f4xx_hal_gpio.c ****       }
 505              		.loc 1 215 9 is_stmt 1 view .LVU203
 215:Drivers/STM32F4xx_HAL_Driver/Src/stm32f4xx_hal_gpio.c ****       }
 506              		.loc 1 215 22 is_stmt 0 view .LVU204
 507 01f8 C660     		str	r6, [r0, #12]
 219:Drivers/STM32F4xx_HAL_Driver/Src/stm32f4xx_hal_gpio.c ****       {
 508              		.loc 1 219 7 is_stmt 1 view .LVU205
 509 01fa 27E7     		b	.L6
 510              	.L42:
 511              		.align	2
 512              	.L41:
 513 01fc 00000240 		.word	1073872896
 514 0200 00080240 		.word	1073874944
 515 0204 003C0140 		.word	1073822720
 516 0208 00380240 		.word	1073887232
 517 020c 000C0240 		.word	1073875968
 518 0210 00100240 		.word	1073876992
 519 0214 00140240 		.word	1073878016
 520 0218 00180240 		.word	1073879040
 521              		.cfi_endproc
 522              	.LFE134:
 524              		.section	.text.HAL_GPIO_DeInit,"ax",%progbits
 525              		.align	1
 526              		.p2align 2,,3
 527              		.global	HAL_GPIO_DeInit
 528              		.syntax unified
 529              		.thumb
 530              		.thumb_func
 532              	HAL_GPIO_DeInit:
 533              	.LVL60:
 534              	.LFB135:
 285:Drivers/STM32F4xx_HAL_Driver/Src/stm32f4xx_hal_gpio.c **** 
 286:Drivers/STM32F4xx_HAL_Driver/Src/stm32f4xx_hal_gpio.c **** /**
 287:Drivers/STM32F4xx_HAL_Driver/Src/stm32f4xx_hal_gpio.c ****   * @brief  De-initializes the GPIOx peripheral registers to their default reset values.
 288:Drivers/STM32F4xx_HAL_Driver/Src/stm32f4xx_hal_gpio.c ****   * @param  GPIOx where x can be (A..K) to select the GPIO peripheral for STM32F429X device or
 289:Drivers/STM32F4xx_HAL_Driver/Src/stm32f4xx_hal_gpio.c ****   *                      x can be (A..I) to select the GPIO peripheral for STM32F40XX and STM32F427
 290:Drivers/STM32F4xx_HAL_Driver/Src/stm32f4xx_hal_gpio.c ****   * @param  GPIO_Pin specifies the port bit to be written.
 291:Drivers/STM32F4xx_HAL_Driver/Src/stm32f4xx_hal_gpio.c ****   *          This parameter can be one of GPIO_PIN_x where x can be (0..15).
 292:Drivers/STM32F4xx_HAL_Driver/Src/stm32f4xx_hal_gpio.c ****   * @retval None
 293:Drivers/STM32F4xx_HAL_Driver/Src/stm32f4xx_hal_gpio.c ****   */
 294:Drivers/STM32F4xx_HAL_Driver/Src/stm32f4xx_hal_gpio.c **** void HAL_GPIO_DeInit(GPIO_TypeDef  *GPIOx, uint32_t GPIO_Pin)
 295:Drivers/STM32F4xx_HAL_Driver/Src/stm32f4xx_hal_gpio.c **** {
 535              		.loc 1 295 1 view -0
ARM GAS  C:\Users\techn\AppData\Local\Temp\ccYMdLd8.s 			page 18


 536              		.cfi_startproc
 537              		@ args = 0, pretend = 0, frame = 8
 538              		@ frame_needed = 0, uses_anonymous_args = 0
 296:Drivers/STM32F4xx_HAL_Driver/Src/stm32f4xx_hal_gpio.c ****   uint32_t position;
 539              		.loc 1 296 3 view .LVU207
 297:Drivers/STM32F4xx_HAL_Driver/Src/stm32f4xx_hal_gpio.c ****   uint32_t ioposition = 0x00U;
 540              		.loc 1 297 3 view .LVU208
 298:Drivers/STM32F4xx_HAL_Driver/Src/stm32f4xx_hal_gpio.c ****   uint32_t iocurrent = 0x00U;
 541              		.loc 1 298 3 view .LVU209
 299:Drivers/STM32F4xx_HAL_Driver/Src/stm32f4xx_hal_gpio.c ****   uint32_t tmp = 0x00U;
 542              		.loc 1 299 3 view .LVU210
 300:Drivers/STM32F4xx_HAL_Driver/Src/stm32f4xx_hal_gpio.c **** 
 301:Drivers/STM32F4xx_HAL_Driver/Src/stm32f4xx_hal_gpio.c ****   /* Check the parameters */
 302:Drivers/STM32F4xx_HAL_Driver/Src/stm32f4xx_hal_gpio.c ****   assert_param(IS_GPIO_ALL_INSTANCE(GPIOx));
 543              		.loc 1 302 3 view .LVU211
 303:Drivers/STM32F4xx_HAL_Driver/Src/stm32f4xx_hal_gpio.c ****   
 304:Drivers/STM32F4xx_HAL_Driver/Src/stm32f4xx_hal_gpio.c ****   /* Configure the port pins */
 305:Drivers/STM32F4xx_HAL_Driver/Src/stm32f4xx_hal_gpio.c ****   for(position = 0U; position < GPIO_NUMBER; position++)
 544              		.loc 1 305 3 view .LVU212
 545              		.loc 1 305 31 discriminator 1 view .LVU213
 295:Drivers/STM32F4xx_HAL_Driver/Src/stm32f4xx_hal_gpio.c ****   uint32_t position;
 546              		.loc 1 295 1 is_stmt 0 view .LVU214
 547 0000 2DE9F04F 		push	{r4, r5, r6, r7, r8, r9, r10, fp, lr}
 548              	.LCFI4:
 549              		.cfi_def_cfa_offset 36
 550              		.cfi_offset 4, -36
 551              		.cfi_offset 5, -32
 552              		.cfi_offset 6, -28
 553              		.cfi_offset 7, -24
 554              		.cfi_offset 8, -20
 555              		.cfi_offset 9, -16
 556              		.cfi_offset 10, -12
 557              		.cfi_offset 11, -8
 558              		.cfi_offset 14, -4
 559              		.loc 1 305 16 view .LVU215
 560 0004 0023     		movs	r3, #0
 306:Drivers/STM32F4xx_HAL_Driver/Src/stm32f4xx_hal_gpio.c ****   {
 307:Drivers/STM32F4xx_HAL_Driver/Src/stm32f4xx_hal_gpio.c ****     /* Get the IO position */
 308:Drivers/STM32F4xx_HAL_Driver/Src/stm32f4xx_hal_gpio.c ****     ioposition = 0x01U << position;
 309:Drivers/STM32F4xx_HAL_Driver/Src/stm32f4xx_hal_gpio.c ****     /* Get the current IO position */
 310:Drivers/STM32F4xx_HAL_Driver/Src/stm32f4xx_hal_gpio.c ****     iocurrent = (GPIO_Pin) & ioposition;
 311:Drivers/STM32F4xx_HAL_Driver/Src/stm32f4xx_hal_gpio.c **** 
 312:Drivers/STM32F4xx_HAL_Driver/Src/stm32f4xx_hal_gpio.c ****     if(iocurrent == ioposition)
 313:Drivers/STM32F4xx_HAL_Driver/Src/stm32f4xx_hal_gpio.c ****     {
 314:Drivers/STM32F4xx_HAL_Driver/Src/stm32f4xx_hal_gpio.c ****       /*------------------------- EXTI Mode Configuration --------------------*/
 315:Drivers/STM32F4xx_HAL_Driver/Src/stm32f4xx_hal_gpio.c ****       tmp = SYSCFG->EXTICR[position >> 2U];
 316:Drivers/STM32F4xx_HAL_Driver/Src/stm32f4xx_hal_gpio.c ****       tmp &= (0x0FU << (4U * (position & 0x03U)));
 317:Drivers/STM32F4xx_HAL_Driver/Src/stm32f4xx_hal_gpio.c ****       if(tmp == ((uint32_t)(GPIO_GET_INDEX(GPIOx)) << (4U * (position & 0x03U))))
 318:Drivers/STM32F4xx_HAL_Driver/Src/stm32f4xx_hal_gpio.c ****       {
 319:Drivers/STM32F4xx_HAL_Driver/Src/stm32f4xx_hal_gpio.c ****         /* Clear EXTI line configuration */
 320:Drivers/STM32F4xx_HAL_Driver/Src/stm32f4xx_hal_gpio.c ****         EXTI->IMR &= ~((uint32_t)iocurrent);
 561              		.loc 1 320 13 view .LVU216
 562 0006 4E4F     		ldr	r7, .L63
 295:Drivers/STM32F4xx_HAL_Driver/Src/stm32f4xx_hal_gpio.c ****   uint32_t position;
 563              		.loc 1 295 1 view .LVU217
 564 0008 83B0     		sub	sp, sp, #12
 565              	.LCFI5:
ARM GAS  C:\Users\techn\AppData\Local\Temp\ccYMdLd8.s 			page 19


 566              		.cfi_def_cfa_offset 48
 308:Drivers/STM32F4xx_HAL_Driver/Src/stm32f4xx_hal_gpio.c ****     /* Get the current IO position */
 567              		.loc 1 308 16 view .LVU218
 568 000a 0126     		movs	r6, #1
 316:Drivers/STM32F4xx_HAL_Driver/Src/stm32f4xx_hal_gpio.c ****       if(tmp == ((uint32_t)(GPIO_GET_INDEX(GPIOx)) << (4U * (position & 0x03U))))
 569              		.loc 1 316 21 view .LVU219
 570 000c 4FF00F09 		mov	r9, #15
 321:Drivers/STM32F4xx_HAL_Driver/Src/stm32f4xx_hal_gpio.c ****         EXTI->EMR &= ~((uint32_t)iocurrent);
 322:Drivers/STM32F4xx_HAL_Driver/Src/stm32f4xx_hal_gpio.c ****         
 323:Drivers/STM32F4xx_HAL_Driver/Src/stm32f4xx_hal_gpio.c ****         /* Clear Rising Falling edge configuration */
 324:Drivers/STM32F4xx_HAL_Driver/Src/stm32f4xx_hal_gpio.c ****         EXTI->FTSR &= ~((uint32_t)iocurrent);
 325:Drivers/STM32F4xx_HAL_Driver/Src/stm32f4xx_hal_gpio.c ****         EXTI->RTSR &= ~((uint32_t)iocurrent);
 326:Drivers/STM32F4xx_HAL_Driver/Src/stm32f4xx_hal_gpio.c **** 
 327:Drivers/STM32F4xx_HAL_Driver/Src/stm32f4xx_hal_gpio.c ****         /* Configure the External Interrupt or event for the current IO */
 328:Drivers/STM32F4xx_HAL_Driver/Src/stm32f4xx_hal_gpio.c ****         tmp = 0x0FU << (4U * (position & 0x03U));
 329:Drivers/STM32F4xx_HAL_Driver/Src/stm32f4xx_hal_gpio.c ****         SYSCFG->EXTICR[position >> 2U] &= ~tmp;
 330:Drivers/STM32F4xx_HAL_Driver/Src/stm32f4xx_hal_gpio.c ****       }
 331:Drivers/STM32F4xx_HAL_Driver/Src/stm32f4xx_hal_gpio.c **** 
 332:Drivers/STM32F4xx_HAL_Driver/Src/stm32f4xx_hal_gpio.c ****       /*------------------------- GPIO Mode Configuration --------------------*/
 333:Drivers/STM32F4xx_HAL_Driver/Src/stm32f4xx_hal_gpio.c ****       /* Configure IO Direction in Input Floating Mode */
 334:Drivers/STM32F4xx_HAL_Driver/Src/stm32f4xx_hal_gpio.c ****       GPIOx->MODER &= ~(GPIO_MODER_MODER0 << (position * 2U));
 571              		.loc 1 334 43 view .LVU220
 572 0010 4FF0030A 		mov	r10, #3
 573 0014 02E0     		b	.L53
 574              	.LVL61:
 575              	.L44:
 305:Drivers/STM32F4xx_HAL_Driver/Src/stm32f4xx_hal_gpio.c ****   {
 576              		.loc 1 305 54 is_stmt 1 discriminator 2 view .LVU221
 577 0016 0133     		adds	r3, r3, #1
 578              	.LVL62:
 305:Drivers/STM32F4xx_HAL_Driver/Src/stm32f4xx_hal_gpio.c ****   {
 579              		.loc 1 305 31 discriminator 1 view .LVU222
 580 0018 102B     		cmp	r3, #16
 581 001a 70D0     		beq	.L57
 582              	.LVL63:
 583              	.L53:
 308:Drivers/STM32F4xx_HAL_Driver/Src/stm32f4xx_hal_gpio.c ****     /* Get the current IO position */
 584              		.loc 1 308 5 view .LVU223
 308:Drivers/STM32F4xx_HAL_Driver/Src/stm32f4xx_hal_gpio.c ****     /* Get the current IO position */
 585              		.loc 1 308 16 is_stmt 0 view .LVU224
 586 001c 06FA03F2 		lsl	r2, r6, r3
 587              	.LVL64:
 310:Drivers/STM32F4xx_HAL_Driver/Src/stm32f4xx_hal_gpio.c **** 
 588              		.loc 1 310 5 is_stmt 1 view .LVU225
 312:Drivers/STM32F4xx_HAL_Driver/Src/stm32f4xx_hal_gpio.c ****     {
 589              		.loc 1 312 7 is_stmt 0 view .LVU226
 590 0020 32EA0104 		bics	r4, r2, r1
 310:Drivers/STM32F4xx_HAL_Driver/Src/stm32f4xx_hal_gpio.c **** 
 591              		.loc 1 310 15 view .LVU227
 592 0024 02EA010C 		and	ip, r2, r1
 593              	.LVL65:
 312:Drivers/STM32F4xx_HAL_Driver/Src/stm32f4xx_hal_gpio.c ****     {
 594              		.loc 1 312 5 is_stmt 1 view .LVU228
 312:Drivers/STM32F4xx_HAL_Driver/Src/stm32f4xx_hal_gpio.c ****     {
 595              		.loc 1 312 7 is_stmt 0 view .LVU229
 596 0028 F5D1     		bne	.L44
 315:Drivers/STM32F4xx_HAL_Driver/Src/stm32f4xx_hal_gpio.c ****       tmp &= (0x0FU << (4U * (position & 0x03U)));
ARM GAS  C:\Users\techn\AppData\Local\Temp\ccYMdLd8.s 			page 20


 597              		.loc 1 315 7 is_stmt 1 view .LVU230
 598 002a 23F00305 		bic	r5, r3, #3
 599 002e 05F18045 		add	r5, r5, #1073741824
 316:Drivers/STM32F4xx_HAL_Driver/Src/stm32f4xx_hal_gpio.c ****       if(tmp == ((uint32_t)(GPIO_GET_INDEX(GPIOx)) << (4U * (position & 0x03U))))
 600              		.loc 1 316 40 is_stmt 0 view .LVU231
 601 0032 03F00304 		and	r4, r3, #3
 316:Drivers/STM32F4xx_HAL_Driver/Src/stm32f4xx_hal_gpio.c ****       if(tmp == ((uint32_t)(GPIO_GET_INDEX(GPIOx)) << (4U * (position & 0x03U))))
 602              		.loc 1 316 28 view .LVU232
 603 0036 A400     		lsls	r4, r4, #2
 604 0038 05F59C35 		add	r5, r5, #79872
 316:Drivers/STM32F4xx_HAL_Driver/Src/stm32f4xx_hal_gpio.c ****       if(tmp == ((uint32_t)(GPIO_GET_INDEX(GPIOx)) << (4U * (position & 0x03U))))
 605              		.loc 1 316 21 view .LVU233
 606 003c 09FA04F8 		lsl	r8, r9, r4
 316:Drivers/STM32F4xx_HAL_Driver/Src/stm32f4xx_hal_gpio.c ****       if(tmp == ((uint32_t)(GPIO_GET_INDEX(GPIOx)) << (4U * (position & 0x03U))))
 607              		.loc 1 316 28 view .LVU234
 608 0040 0194     		str	r4, [sp, #4]
 317:Drivers/STM32F4xx_HAL_Driver/Src/stm32f4xx_hal_gpio.c ****       {
 609              		.loc 1 317 18 view .LVU235
 610 0042 404C     		ldr	r4, .L63+4
 315:Drivers/STM32F4xx_HAL_Driver/Src/stm32f4xx_hal_gpio.c ****       tmp &= (0x0FU << (4U * (position & 0x03U)));
 611              		.loc 1 315 11 view .LVU236
 612 0044 D5F808E0 		ldr	lr, [r5, #8]
 613              	.LVL66:
 316:Drivers/STM32F4xx_HAL_Driver/Src/stm32f4xx_hal_gpio.c ****       if(tmp == ((uint32_t)(GPIO_GET_INDEX(GPIOx)) << (4U * (position & 0x03U))))
 614              		.loc 1 316 7 is_stmt 1 view .LVU237
 317:Drivers/STM32F4xx_HAL_Driver/Src/stm32f4xx_hal_gpio.c ****       {
 615              		.loc 1 317 18 is_stmt 0 view .LVU238
 616 0048 A042     		cmp	r0, r4
 316:Drivers/STM32F4xx_HAL_Driver/Src/stm32f4xx_hal_gpio.c ****       if(tmp == ((uint32_t)(GPIO_GET_INDEX(GPIOx)) << (4U * (position & 0x03U))))
 617              		.loc 1 316 11 view .LVU239
 618 004a 08EA0E0E 		and	lr, r8, lr
 619              	.LVL67:
 317:Drivers/STM32F4xx_HAL_Driver/Src/stm32f4xx_hal_gpio.c ****       {
 620              		.loc 1 317 7 is_stmt 1 view .LVU240
 317:Drivers/STM32F4xx_HAL_Driver/Src/stm32f4xx_hal_gpio.c ****       {
 621              		.loc 1 317 18 is_stmt 0 view .LVU241
 622 004e 59D0     		beq	.L54
 317:Drivers/STM32F4xx_HAL_Driver/Src/stm32f4xx_hal_gpio.c ****       {
 623              		.loc 1 317 29 discriminator 1 view .LVU242
 624 0050 04F58064 		add	r4, r4, #1024
 625 0054 A042     		cmp	r0, r4
 626 0056 57D0     		beq	.L58
 317:Drivers/STM32F4xx_HAL_Driver/Src/stm32f4xx_hal_gpio.c ****       {
 627              		.loc 1 317 29 discriminator 3 view .LVU243
 628 0058 3B4C     		ldr	r4, .L63+8
 629 005a A042     		cmp	r0, r4
 630 005c 58D0     		beq	.L59
 317:Drivers/STM32F4xx_HAL_Driver/Src/stm32f4xx_hal_gpio.c ****       {
 631              		.loc 1 317 29 discriminator 5 view .LVU244
 632 005e 3B4C     		ldr	r4, .L63+12
 633 0060 A042     		cmp	r0, r4
 634 0062 5BD0     		beq	.L60
 317:Drivers/STM32F4xx_HAL_Driver/Src/stm32f4xx_hal_gpio.c ****       {
 635              		.loc 1 317 29 discriminator 7 view .LVU245
 636 0064 3A4C     		ldr	r4, .L63+16
 637 0066 A042     		cmp	r0, r4
 638 0068 5ED0     		beq	.L61
ARM GAS  C:\Users\techn\AppData\Local\Temp\ccYMdLd8.s 			page 21


 317:Drivers/STM32F4xx_HAL_Driver/Src/stm32f4xx_hal_gpio.c ****       {
 639              		.loc 1 317 29 discriminator 9 view .LVU246
 640 006a DFF8E8B0 		ldr	fp, .L63+20
 641 006e 5845     		cmp	r0, fp
 642 0070 60D0     		beq	.L62
 317:Drivers/STM32F4xx_HAL_Driver/Src/stm32f4xx_hal_gpio.c ****       {
 643              		.loc 1 317 29 discriminator 11 view .LVU247
 644 0072 DFF8E4B0 		ldr	fp, .L63+24
 317:Drivers/STM32F4xx_HAL_Driver/Src/stm32f4xx_hal_gpio.c ****       {
 645              		.loc 1 317 52 discriminator 28 view .LVU248
 646 0076 019C     		ldr	r4, [sp, #4]
 317:Drivers/STM32F4xx_HAL_Driver/Src/stm32f4xx_hal_gpio.c ****       {
 647              		.loc 1 317 29 discriminator 11 view .LVU249
 648 0078 5845     		cmp	r0, fp
 317:Drivers/STM32F4xx_HAL_Driver/Src/stm32f4xx_hal_gpio.c ****       {
 649              		.loc 1 317 52 discriminator 28 view .LVU250
 650 007a 0CBF     		ite	eq
 651 007c 4FF0060B 		moveq	fp, #6
 652 0080 4FF0070B 		movne	fp, #7
 653 0084 0BFA04F4 		lsl	r4, fp, r4
 654              	.L45:
 317:Drivers/STM32F4xx_HAL_Driver/Src/stm32f4xx_hal_gpio.c ****       {
 655              		.loc 1 317 9 discriminator 28 view .LVU251
 656 0088 A645     		cmp	lr, r4
 657 008a 13D1     		bne	.L52
 320:Drivers/STM32F4xx_HAL_Driver/Src/stm32f4xx_hal_gpio.c ****         EXTI->EMR &= ~((uint32_t)iocurrent);
 658              		.loc 1 320 9 is_stmt 1 view .LVU252
 320:Drivers/STM32F4xx_HAL_Driver/Src/stm32f4xx_hal_gpio.c ****         EXTI->EMR &= ~((uint32_t)iocurrent);
 659              		.loc 1 320 13 is_stmt 0 view .LVU253
 660 008c 3C68     		ldr	r4, [r7]
 320:Drivers/STM32F4xx_HAL_Driver/Src/stm32f4xx_hal_gpio.c ****         EXTI->EMR &= ~((uint32_t)iocurrent);
 661              		.loc 1 320 19 view .LVU254
 662 008e 24EA0C04 		bic	r4, r4, ip
 663 0092 3C60     		str	r4, [r7]
 321:Drivers/STM32F4xx_HAL_Driver/Src/stm32f4xx_hal_gpio.c ****         
 664              		.loc 1 321 9 is_stmt 1 view .LVU255
 321:Drivers/STM32F4xx_HAL_Driver/Src/stm32f4xx_hal_gpio.c ****         
 665              		.loc 1 321 13 is_stmt 0 view .LVU256
 666 0094 7C68     		ldr	r4, [r7, #4]
 321:Drivers/STM32F4xx_HAL_Driver/Src/stm32f4xx_hal_gpio.c ****         
 667              		.loc 1 321 19 view .LVU257
 668 0096 24EA0C04 		bic	r4, r4, ip
 669 009a 7C60     		str	r4, [r7, #4]
 324:Drivers/STM32F4xx_HAL_Driver/Src/stm32f4xx_hal_gpio.c ****         EXTI->RTSR &= ~((uint32_t)iocurrent);
 670              		.loc 1 324 9 is_stmt 1 view .LVU258
 324:Drivers/STM32F4xx_HAL_Driver/Src/stm32f4xx_hal_gpio.c ****         EXTI->RTSR &= ~((uint32_t)iocurrent);
 671              		.loc 1 324 13 is_stmt 0 view .LVU259
 672 009c FC68     		ldr	r4, [r7, #12]
 324:Drivers/STM32F4xx_HAL_Driver/Src/stm32f4xx_hal_gpio.c ****         EXTI->RTSR &= ~((uint32_t)iocurrent);
 673              		.loc 1 324 20 view .LVU260
 674 009e 24EA0C04 		bic	r4, r4, ip
 675 00a2 FC60     		str	r4, [r7, #12]
 325:Drivers/STM32F4xx_HAL_Driver/Src/stm32f4xx_hal_gpio.c **** 
 676              		.loc 1 325 9 is_stmt 1 view .LVU261
 325:Drivers/STM32F4xx_HAL_Driver/Src/stm32f4xx_hal_gpio.c **** 
 677              		.loc 1 325 13 is_stmt 0 view .LVU262
 678 00a4 BC68     		ldr	r4, [r7, #8]
ARM GAS  C:\Users\techn\AppData\Local\Temp\ccYMdLd8.s 			page 22


 325:Drivers/STM32F4xx_HAL_Driver/Src/stm32f4xx_hal_gpio.c **** 
 679              		.loc 1 325 20 view .LVU263
 680 00a6 24EA0C04 		bic	r4, r4, ip
 681 00aa BC60     		str	r4, [r7, #8]
 328:Drivers/STM32F4xx_HAL_Driver/Src/stm32f4xx_hal_gpio.c ****         SYSCFG->EXTICR[position >> 2U] &= ~tmp;
 682              		.loc 1 328 9 is_stmt 1 view .LVU264
 683              	.LVL68:
 329:Drivers/STM32F4xx_HAL_Driver/Src/stm32f4xx_hal_gpio.c ****       }
 684              		.loc 1 329 9 view .LVU265
 329:Drivers/STM32F4xx_HAL_Driver/Src/stm32f4xx_hal_gpio.c ****       }
 685              		.loc 1 329 23 is_stmt 0 view .LVU266
 686 00ac AC68     		ldr	r4, [r5, #8]
 329:Drivers/STM32F4xx_HAL_Driver/Src/stm32f4xx_hal_gpio.c ****       }
 687              		.loc 1 329 40 view .LVU267
 688 00ae 24EA0804 		bic	r4, r4, r8
 689 00b2 AC60     		str	r4, [r5, #8]
 690              	.LVL69:
 691              	.L52:
 692              		.loc 1 334 7 is_stmt 1 view .LVU268
 693              		.loc 1 334 12 is_stmt 0 view .LVU269
 694 00b4 0468     		ldr	r4, [r0]
 695              		.loc 1 334 43 view .LVU270
 696 00b6 5D00     		lsls	r5, r3, #1
 697 00b8 0AFA05F5 		lsl	r5, r10, r5
 335:Drivers/STM32F4xx_HAL_Driver/Src/stm32f4xx_hal_gpio.c **** 
 336:Drivers/STM32F4xx_HAL_Driver/Src/stm32f4xx_hal_gpio.c ****       /* Configure the default Alternate Function in current IO */
 337:Drivers/STM32F4xx_HAL_Driver/Src/stm32f4xx_hal_gpio.c ****       GPIOx->AFR[position >> 3U] &= ~(0xFU << ((uint32_t)(position & 0x07U) * 4U)) ;
 698              		.loc 1 337 17 view .LVU271
 699 00bc 4FEAD30C 		lsr	ip, r3, #3
 700              	.LVL70:
 334:Drivers/STM32F4xx_HAL_Driver/Src/stm32f4xx_hal_gpio.c **** 
 701              		.loc 1 334 20 view .LVU272
 702 00c0 24EA0504 		bic	r4, r4, r5
 703 00c4 00EB8C0C 		add	ip, r0, ip, lsl #2
 704 00c8 0460     		str	r4, [r0]
 705              		.loc 1 337 7 is_stmt 1 view .LVU273
 706              		.loc 1 337 48 is_stmt 0 view .LVU274
 707 00ca 03F00704 		and	r4, r3, #7
 708              		.loc 1 337 17 view .LVU275
 709 00ce DCF820E0 		ldr	lr, [ip, #32]
 710              		.loc 1 337 77 view .LVU276
 711 00d2 A400     		lsls	r4, r4, #2
 712              		.loc 1 337 44 view .LVU277
 713 00d4 09FA04F4 		lsl	r4, r9, r4
 714              		.loc 1 337 34 view .LVU278
 715 00d8 2EEA0404 		bic	r4, lr, r4
 716 00dc CCF82040 		str	r4, [ip, #32]
 338:Drivers/STM32F4xx_HAL_Driver/Src/stm32f4xx_hal_gpio.c **** 
 339:Drivers/STM32F4xx_HAL_Driver/Src/stm32f4xx_hal_gpio.c ****       /* Deactivate the Pull-up and Pull-down resistor for the current IO */
 340:Drivers/STM32F4xx_HAL_Driver/Src/stm32f4xx_hal_gpio.c ****       GPIOx->PUPDR &= ~(GPIO_PUPDR_PUPDR0 << (position * 2U));
 717              		.loc 1 340 7 is_stmt 1 view .LVU279
 718              		.loc 1 340 12 is_stmt 0 view .LVU280
 719 00e0 C468     		ldr	r4, [r0, #12]
 720              		.loc 1 340 20 view .LVU281
 721 00e2 24EA0504 		bic	r4, r4, r5
 722 00e6 C460     		str	r4, [r0, #12]
 341:Drivers/STM32F4xx_HAL_Driver/Src/stm32f4xx_hal_gpio.c **** 
ARM GAS  C:\Users\techn\AppData\Local\Temp\ccYMdLd8.s 			page 23


 342:Drivers/STM32F4xx_HAL_Driver/Src/stm32f4xx_hal_gpio.c ****       /* Configure the default value IO Output Type */
 343:Drivers/STM32F4xx_HAL_Driver/Src/stm32f4xx_hal_gpio.c ****       GPIOx->OTYPER  &= ~(GPIO_OTYPER_OT_0 << position) ;
 723              		.loc 1 343 7 is_stmt 1 view .LVU282
 724              		.loc 1 343 12 is_stmt 0 view .LVU283
 725 00e8 4468     		ldr	r4, [r0, #4]
 726              		.loc 1 343 22 view .LVU284
 727 00ea 24EA0202 		bic	r2, r4, r2
 728              	.LVL71:
 729              		.loc 1 343 22 view .LVU285
 730 00ee 4260     		str	r2, [r0, #4]
 344:Drivers/STM32F4xx_HAL_Driver/Src/stm32f4xx_hal_gpio.c **** 
 345:Drivers/STM32F4xx_HAL_Driver/Src/stm32f4xx_hal_gpio.c ****       /* Configure the default value for IO Speed */
 346:Drivers/STM32F4xx_HAL_Driver/Src/stm32f4xx_hal_gpio.c ****       GPIOx->OSPEEDR &= ~(GPIO_OSPEEDER_OSPEEDR0 << (position * 2U));
 731              		.loc 1 346 7 is_stmt 1 view .LVU286
 732              		.loc 1 346 12 is_stmt 0 view .LVU287
 733 00f0 8268     		ldr	r2, [r0, #8]
 305:Drivers/STM32F4xx_HAL_Driver/Src/stm32f4xx_hal_gpio.c ****   {
 734              		.loc 1 305 54 discriminator 2 view .LVU288
 735 00f2 0133     		adds	r3, r3, #1
 736              	.LVL72:
 737              		.loc 1 346 22 view .LVU289
 738 00f4 22EA0502 		bic	r2, r2, r5
 305:Drivers/STM32F4xx_HAL_Driver/Src/stm32f4xx_hal_gpio.c ****   {
 739              		.loc 1 305 31 discriminator 1 view .LVU290
 740 00f8 102B     		cmp	r3, #16
 741              		.loc 1 346 22 view .LVU291
 742 00fa 8260     		str	r2, [r0, #8]
 305:Drivers/STM32F4xx_HAL_Driver/Src/stm32f4xx_hal_gpio.c ****   {
 743              		.loc 1 305 54 is_stmt 1 discriminator 2 view .LVU292
 744              	.LVL73:
 305:Drivers/STM32F4xx_HAL_Driver/Src/stm32f4xx_hal_gpio.c ****   {
 745              		.loc 1 305 31 discriminator 1 view .LVU293
 746 00fc 8ED1     		bne	.L53
 747              	.LVL74:
 748              	.L57:
 347:Drivers/STM32F4xx_HAL_Driver/Src/stm32f4xx_hal_gpio.c ****     }
 348:Drivers/STM32F4xx_HAL_Driver/Src/stm32f4xx_hal_gpio.c ****   }
 349:Drivers/STM32F4xx_HAL_Driver/Src/stm32f4xx_hal_gpio.c **** }
 749              		.loc 1 349 1 is_stmt 0 view .LVU294
 750 00fe 03B0     		add	sp, sp, #12
 751              	.LCFI6:
 752              		.cfi_remember_state
 753              		.cfi_def_cfa_offset 36
 754              		@ sp needed
 755 0100 BDE8F08F 		pop	{r4, r5, r6, r7, r8, r9, r10, fp, pc}
 756              	.LVL75:
 757              	.L54:
 758              	.LCFI7:
 759              		.cfi_restore_state
 760              		.loc 1 349 1 view .LVU295
 761 0104 0024     		movs	r4, #0
 762 0106 BFE7     		b	.L45
 763              	.L58:
 317:Drivers/STM32F4xx_HAL_Driver/Src/stm32f4xx_hal_gpio.c ****       {
 764              		.loc 1 317 52 discriminator 28 view .LVU296
 765 0108 019C     		ldr	r4, [sp, #4]
 766 010a 06FA04F4 		lsl	r4, r6, r4
ARM GAS  C:\Users\techn\AppData\Local\Temp\ccYMdLd8.s 			page 24


 767 010e BBE7     		b	.L45
 768              	.L59:
 769 0110 019C     		ldr	r4, [sp, #4]
 770 0112 4FF0020B 		mov	fp, #2
 771 0116 0BFA04F4 		lsl	r4, fp, r4
 772 011a B5E7     		b	.L45
 773              	.L60:
 774 011c 019C     		ldr	r4, [sp, #4]
 775 011e 4FF0030B 		mov	fp, #3
 776 0122 0BFA04F4 		lsl	r4, fp, r4
 777 0126 AFE7     		b	.L45
 778              	.L61:
 779 0128 019C     		ldr	r4, [sp, #4]
 780 012a 4FF0040B 		mov	fp, #4
 781 012e 0BFA04F4 		lsl	r4, fp, r4
 782 0132 A9E7     		b	.L45
 783              	.L62:
 784 0134 019C     		ldr	r4, [sp, #4]
 785 0136 4FF0050B 		mov	fp, #5
 786 013a 0BFA04F4 		lsl	r4, fp, r4
 787 013e A3E7     		b	.L45
 788              	.L64:
 789              		.align	2
 790              	.L63:
 791 0140 003C0140 		.word	1073822720
 792 0144 00000240 		.word	1073872896
 793 0148 00080240 		.word	1073874944
 794 014c 000C0240 		.word	1073875968
 795 0150 00100240 		.word	1073876992
 796 0154 00140240 		.word	1073878016
 797 0158 00180240 		.word	1073879040
 798              		.cfi_endproc
 799              	.LFE135:
 801              		.section	.text.HAL_GPIO_ReadPin,"ax",%progbits
 802              		.align	1
 803              		.p2align 2,,3
 804              		.global	HAL_GPIO_ReadPin
 805              		.syntax unified
 806              		.thumb
 807              		.thumb_func
 809              	HAL_GPIO_ReadPin:
 810              	.LVL76:
 811              	.LFB136:
 350:Drivers/STM32F4xx_HAL_Driver/Src/stm32f4xx_hal_gpio.c **** 
 351:Drivers/STM32F4xx_HAL_Driver/Src/stm32f4xx_hal_gpio.c **** /**
 352:Drivers/STM32F4xx_HAL_Driver/Src/stm32f4xx_hal_gpio.c ****   * @}
 353:Drivers/STM32F4xx_HAL_Driver/Src/stm32f4xx_hal_gpio.c ****   */
 354:Drivers/STM32F4xx_HAL_Driver/Src/stm32f4xx_hal_gpio.c **** 
 355:Drivers/STM32F4xx_HAL_Driver/Src/stm32f4xx_hal_gpio.c **** /** @defgroup GPIO_Exported_Functions_Group2 IO operation functions 
 356:Drivers/STM32F4xx_HAL_Driver/Src/stm32f4xx_hal_gpio.c ****   *  @brief   GPIO Read and Write
 357:Drivers/STM32F4xx_HAL_Driver/Src/stm32f4xx_hal_gpio.c ****   *
 358:Drivers/STM32F4xx_HAL_Driver/Src/stm32f4xx_hal_gpio.c **** @verbatim
 359:Drivers/STM32F4xx_HAL_Driver/Src/stm32f4xx_hal_gpio.c ****  ===============================================================================
 360:Drivers/STM32F4xx_HAL_Driver/Src/stm32f4xx_hal_gpio.c ****                        ##### IO operation functions #####
 361:Drivers/STM32F4xx_HAL_Driver/Src/stm32f4xx_hal_gpio.c ****  ===============================================================================
 362:Drivers/STM32F4xx_HAL_Driver/Src/stm32f4xx_hal_gpio.c **** 
 363:Drivers/STM32F4xx_HAL_Driver/Src/stm32f4xx_hal_gpio.c **** @endverbatim
ARM GAS  C:\Users\techn\AppData\Local\Temp\ccYMdLd8.s 			page 25


 364:Drivers/STM32F4xx_HAL_Driver/Src/stm32f4xx_hal_gpio.c ****   * @{
 365:Drivers/STM32F4xx_HAL_Driver/Src/stm32f4xx_hal_gpio.c ****   */
 366:Drivers/STM32F4xx_HAL_Driver/Src/stm32f4xx_hal_gpio.c **** 
 367:Drivers/STM32F4xx_HAL_Driver/Src/stm32f4xx_hal_gpio.c **** /**
 368:Drivers/STM32F4xx_HAL_Driver/Src/stm32f4xx_hal_gpio.c ****   * @brief  Reads the specified input port pin.
 369:Drivers/STM32F4xx_HAL_Driver/Src/stm32f4xx_hal_gpio.c ****   * @param  GPIOx where x can be (A..K) to select the GPIO peripheral for STM32F429X device or
 370:Drivers/STM32F4xx_HAL_Driver/Src/stm32f4xx_hal_gpio.c ****   *                      x can be (A..I) to select the GPIO peripheral for STM32F40XX and STM32F427
 371:Drivers/STM32F4xx_HAL_Driver/Src/stm32f4xx_hal_gpio.c ****   * @param  GPIO_Pin specifies the port bit to read.
 372:Drivers/STM32F4xx_HAL_Driver/Src/stm32f4xx_hal_gpio.c ****   *         This parameter can be GPIO_PIN_x where x can be (0..15).
 373:Drivers/STM32F4xx_HAL_Driver/Src/stm32f4xx_hal_gpio.c ****   * @retval The input port pin value.
 374:Drivers/STM32F4xx_HAL_Driver/Src/stm32f4xx_hal_gpio.c ****   */
 375:Drivers/STM32F4xx_HAL_Driver/Src/stm32f4xx_hal_gpio.c **** GPIO_PinState HAL_GPIO_ReadPin(GPIO_TypeDef* GPIOx, uint16_t GPIO_Pin)
 376:Drivers/STM32F4xx_HAL_Driver/Src/stm32f4xx_hal_gpio.c **** {
 812              		.loc 1 376 1 is_stmt 1 view -0
 813              		.cfi_startproc
 814              		@ args = 0, pretend = 0, frame = 0
 815              		@ frame_needed = 0, uses_anonymous_args = 0
 816              		@ link register save eliminated.
 377:Drivers/STM32F4xx_HAL_Driver/Src/stm32f4xx_hal_gpio.c ****   GPIO_PinState bitstatus;
 817              		.loc 1 377 3 view .LVU298
 378:Drivers/STM32F4xx_HAL_Driver/Src/stm32f4xx_hal_gpio.c **** 
 379:Drivers/STM32F4xx_HAL_Driver/Src/stm32f4xx_hal_gpio.c ****   /* Check the parameters */
 380:Drivers/STM32F4xx_HAL_Driver/Src/stm32f4xx_hal_gpio.c ****   assert_param(IS_GPIO_PIN(GPIO_Pin));
 818              		.loc 1 380 3 view .LVU299
 381:Drivers/STM32F4xx_HAL_Driver/Src/stm32f4xx_hal_gpio.c **** 
 382:Drivers/STM32F4xx_HAL_Driver/Src/stm32f4xx_hal_gpio.c ****   if((GPIOx->IDR & GPIO_Pin) != (uint32_t)GPIO_PIN_RESET)
 819              		.loc 1 382 3 view .LVU300
 820              		.loc 1 382 12 is_stmt 0 view .LVU301
 821 0000 0369     		ldr	r3, [r0, #16]
 822              	.LVL77:
 383:Drivers/STM32F4xx_HAL_Driver/Src/stm32f4xx_hal_gpio.c ****   {
 384:Drivers/STM32F4xx_HAL_Driver/Src/stm32f4xx_hal_gpio.c ****     bitstatus = GPIO_PIN_SET;
 385:Drivers/STM32F4xx_HAL_Driver/Src/stm32f4xx_hal_gpio.c ****   }
 386:Drivers/STM32F4xx_HAL_Driver/Src/stm32f4xx_hal_gpio.c ****   else
 387:Drivers/STM32F4xx_HAL_Driver/Src/stm32f4xx_hal_gpio.c ****   {
 388:Drivers/STM32F4xx_HAL_Driver/Src/stm32f4xx_hal_gpio.c ****     bitstatus = GPIO_PIN_RESET;
 389:Drivers/STM32F4xx_HAL_Driver/Src/stm32f4xx_hal_gpio.c ****   }
 390:Drivers/STM32F4xx_HAL_Driver/Src/stm32f4xx_hal_gpio.c ****   return bitstatus;
 823              		.loc 1 390 3 is_stmt 1 view .LVU302
 382:Drivers/STM32F4xx_HAL_Driver/Src/stm32f4xx_hal_gpio.c ****   {
 824              		.loc 1 382 5 is_stmt 0 view .LVU303
 825 0002 1942     		tst	r1, r3
 391:Drivers/STM32F4xx_HAL_Driver/Src/stm32f4xx_hal_gpio.c **** }
 826              		.loc 1 391 1 view .LVU304
 827 0004 14BF     		ite	ne
 828 0006 0120     		movne	r0, #1
 829              	.LVL78:
 830              		.loc 1 391 1 view .LVU305
 831 0008 0020     		moveq	r0, #0
 832 000a 7047     		bx	lr
 833              		.cfi_endproc
 834              	.LFE136:
 836              		.section	.text.HAL_GPIO_WritePin,"ax",%progbits
 837              		.align	1
 838              		.p2align 2,,3
 839              		.global	HAL_GPIO_WritePin
 840              		.syntax unified
ARM GAS  C:\Users\techn\AppData\Local\Temp\ccYMdLd8.s 			page 26


 841              		.thumb
 842              		.thumb_func
 844              	HAL_GPIO_WritePin:
 845              	.LVL79:
 846              	.LFB137:
 392:Drivers/STM32F4xx_HAL_Driver/Src/stm32f4xx_hal_gpio.c **** 
 393:Drivers/STM32F4xx_HAL_Driver/Src/stm32f4xx_hal_gpio.c **** /**
 394:Drivers/STM32F4xx_HAL_Driver/Src/stm32f4xx_hal_gpio.c ****   * @brief  Sets or clears the selected data port bit.
 395:Drivers/STM32F4xx_HAL_Driver/Src/stm32f4xx_hal_gpio.c ****   *
 396:Drivers/STM32F4xx_HAL_Driver/Src/stm32f4xx_hal_gpio.c ****   * @note   This function uses GPIOx_BSRR register to allow atomic read/modify
 397:Drivers/STM32F4xx_HAL_Driver/Src/stm32f4xx_hal_gpio.c ****   *         accesses. In this way, there is no risk of an IRQ occurring between
 398:Drivers/STM32F4xx_HAL_Driver/Src/stm32f4xx_hal_gpio.c ****   *         the read and the modify access.
 399:Drivers/STM32F4xx_HAL_Driver/Src/stm32f4xx_hal_gpio.c ****   *
 400:Drivers/STM32F4xx_HAL_Driver/Src/stm32f4xx_hal_gpio.c ****   * @param  GPIOx where x can be (A..K) to select the GPIO peripheral for STM32F429X device or
 401:Drivers/STM32F4xx_HAL_Driver/Src/stm32f4xx_hal_gpio.c ****   *                      x can be (A..I) to select the GPIO peripheral for STM32F40XX and STM32F427
 402:Drivers/STM32F4xx_HAL_Driver/Src/stm32f4xx_hal_gpio.c ****   * @param  GPIO_Pin specifies the port bit to be written.
 403:Drivers/STM32F4xx_HAL_Driver/Src/stm32f4xx_hal_gpio.c ****   *          This parameter can be one of GPIO_PIN_x where x can be (0..15).
 404:Drivers/STM32F4xx_HAL_Driver/Src/stm32f4xx_hal_gpio.c ****   * @param  PinState specifies the value to be written to the selected bit.
 405:Drivers/STM32F4xx_HAL_Driver/Src/stm32f4xx_hal_gpio.c ****   *          This parameter can be one of the GPIO_PinState enum values:
 406:Drivers/STM32F4xx_HAL_Driver/Src/stm32f4xx_hal_gpio.c ****   *            @arg GPIO_PIN_RESET: to clear the port pin
 407:Drivers/STM32F4xx_HAL_Driver/Src/stm32f4xx_hal_gpio.c ****   *            @arg GPIO_PIN_SET: to set the port pin
 408:Drivers/STM32F4xx_HAL_Driver/Src/stm32f4xx_hal_gpio.c ****   * @retval None
 409:Drivers/STM32F4xx_HAL_Driver/Src/stm32f4xx_hal_gpio.c ****   */
 410:Drivers/STM32F4xx_HAL_Driver/Src/stm32f4xx_hal_gpio.c **** void HAL_GPIO_WritePin(GPIO_TypeDef* GPIOx, uint16_t GPIO_Pin, GPIO_PinState PinState)
 411:Drivers/STM32F4xx_HAL_Driver/Src/stm32f4xx_hal_gpio.c **** {
 847              		.loc 1 411 1 is_stmt 1 view -0
 848              		.cfi_startproc
 849              		@ args = 0, pretend = 0, frame = 0
 850              		@ frame_needed = 0, uses_anonymous_args = 0
 851              		@ link register save eliminated.
 412:Drivers/STM32F4xx_HAL_Driver/Src/stm32f4xx_hal_gpio.c ****   /* Check the parameters */
 413:Drivers/STM32F4xx_HAL_Driver/Src/stm32f4xx_hal_gpio.c ****   assert_param(IS_GPIO_PIN(GPIO_Pin));
 852              		.loc 1 413 3 view .LVU307
 414:Drivers/STM32F4xx_HAL_Driver/Src/stm32f4xx_hal_gpio.c ****   assert_param(IS_GPIO_PIN_ACTION(PinState));
 853              		.loc 1 414 3 view .LVU308
 415:Drivers/STM32F4xx_HAL_Driver/Src/stm32f4xx_hal_gpio.c **** 
 416:Drivers/STM32F4xx_HAL_Driver/Src/stm32f4xx_hal_gpio.c ****   if(PinState != GPIO_PIN_RESET)
 854              		.loc 1 416 3 view .LVU309
 855              		.loc 1 416 5 is_stmt 0 view .LVU310
 856 0000 02B9     		cbnz	r2, .L69
 417:Drivers/STM32F4xx_HAL_Driver/Src/stm32f4xx_hal_gpio.c ****   {
 418:Drivers/STM32F4xx_HAL_Driver/Src/stm32f4xx_hal_gpio.c ****     GPIOx->BSRR = GPIO_Pin;
 419:Drivers/STM32F4xx_HAL_Driver/Src/stm32f4xx_hal_gpio.c ****   }
 420:Drivers/STM32F4xx_HAL_Driver/Src/stm32f4xx_hal_gpio.c ****   else
 421:Drivers/STM32F4xx_HAL_Driver/Src/stm32f4xx_hal_gpio.c ****   {
 422:Drivers/STM32F4xx_HAL_Driver/Src/stm32f4xx_hal_gpio.c ****     GPIOx->BSRR = (uint32_t)GPIO_Pin << 16U;
 857              		.loc 1 422 5 is_stmt 1 view .LVU311
 858              		.loc 1 422 38 is_stmt 0 view .LVU312
 859 0002 0904     		lsls	r1, r1, #16
 860              	.LVL80:
 861              	.L69:
 862              		.loc 1 422 17 view .LVU313
 863 0004 8161     		str	r1, [r0, #24]
 423:Drivers/STM32F4xx_HAL_Driver/Src/stm32f4xx_hal_gpio.c ****   }
 424:Drivers/STM32F4xx_HAL_Driver/Src/stm32f4xx_hal_gpio.c **** }
 864              		.loc 1 424 1 view .LVU314
 865 0006 7047     		bx	lr
ARM GAS  C:\Users\techn\AppData\Local\Temp\ccYMdLd8.s 			page 27


 866              		.cfi_endproc
 867              	.LFE137:
 869              		.section	.text.HAL_GPIO_TogglePin,"ax",%progbits
 870              		.align	1
 871              		.p2align 2,,3
 872              		.global	HAL_GPIO_TogglePin
 873              		.syntax unified
 874              		.thumb
 875              		.thumb_func
 877              	HAL_GPIO_TogglePin:
 878              	.LVL81:
 879              	.LFB138:
 425:Drivers/STM32F4xx_HAL_Driver/Src/stm32f4xx_hal_gpio.c **** 
 426:Drivers/STM32F4xx_HAL_Driver/Src/stm32f4xx_hal_gpio.c **** /**
 427:Drivers/STM32F4xx_HAL_Driver/Src/stm32f4xx_hal_gpio.c ****   * @brief  Toggles the specified GPIO pins.
 428:Drivers/STM32F4xx_HAL_Driver/Src/stm32f4xx_hal_gpio.c ****   * @param  GPIOx Where x can be (A..K) to select the GPIO peripheral for STM32F429X device or
 429:Drivers/STM32F4xx_HAL_Driver/Src/stm32f4xx_hal_gpio.c ****   *                      x can be (A..I) to select the GPIO peripheral for STM32F40XX and STM32F427
 430:Drivers/STM32F4xx_HAL_Driver/Src/stm32f4xx_hal_gpio.c ****   * @param  GPIO_Pin Specifies the pins to be toggled.
 431:Drivers/STM32F4xx_HAL_Driver/Src/stm32f4xx_hal_gpio.c ****   * @retval None
 432:Drivers/STM32F4xx_HAL_Driver/Src/stm32f4xx_hal_gpio.c ****   */
 433:Drivers/STM32F4xx_HAL_Driver/Src/stm32f4xx_hal_gpio.c **** void HAL_GPIO_TogglePin(GPIO_TypeDef* GPIOx, uint16_t GPIO_Pin)
 434:Drivers/STM32F4xx_HAL_Driver/Src/stm32f4xx_hal_gpio.c **** {
 880              		.loc 1 434 1 is_stmt 1 view -0
 881              		.cfi_startproc
 882              		@ args = 0, pretend = 0, frame = 0
 883              		@ frame_needed = 0, uses_anonymous_args = 0
 884              		@ link register save eliminated.
 435:Drivers/STM32F4xx_HAL_Driver/Src/stm32f4xx_hal_gpio.c ****   uint32_t odr;
 885              		.loc 1 435 3 view .LVU316
 436:Drivers/STM32F4xx_HAL_Driver/Src/stm32f4xx_hal_gpio.c **** 
 437:Drivers/STM32F4xx_HAL_Driver/Src/stm32f4xx_hal_gpio.c ****   /* Check the parameters */
 438:Drivers/STM32F4xx_HAL_Driver/Src/stm32f4xx_hal_gpio.c ****   assert_param(IS_GPIO_PIN(GPIO_Pin));
 886              		.loc 1 438 3 view .LVU317
 439:Drivers/STM32F4xx_HAL_Driver/Src/stm32f4xx_hal_gpio.c **** 
 440:Drivers/STM32F4xx_HAL_Driver/Src/stm32f4xx_hal_gpio.c ****   /* get current Output Data Register value */
 441:Drivers/STM32F4xx_HAL_Driver/Src/stm32f4xx_hal_gpio.c ****   odr = GPIOx->ODR;
 887              		.loc 1 441 3 view .LVU318
 888              		.loc 1 441 7 is_stmt 0 view .LVU319
 889 0000 4369     		ldr	r3, [r0, #20]
 890              	.LVL82:
 442:Drivers/STM32F4xx_HAL_Driver/Src/stm32f4xx_hal_gpio.c **** 
 443:Drivers/STM32F4xx_HAL_Driver/Src/stm32f4xx_hal_gpio.c ****   /* Set selected pins that were at low level, and reset ones that were high */
 444:Drivers/STM32F4xx_HAL_Driver/Src/stm32f4xx_hal_gpio.c ****   GPIOx->BSRR = ((odr & GPIO_Pin) << GPIO_NUMBER) | (~odr & GPIO_Pin);
 891              		.loc 1 444 3 is_stmt 1 view .LVU320
 892              		.loc 1 444 23 is_stmt 0 view .LVU321
 893 0002 01EA0302 		and	r2, r1, r3
 894              		.loc 1 444 59 view .LVU322
 895 0006 21EA0301 		bic	r1, r1, r3
 896              	.LVL83:
 897              		.loc 1 444 51 view .LVU323
 898 000a 41EA0241 		orr	r1, r1, r2, lsl #16
 899              		.loc 1 444 15 view .LVU324
 900 000e 8161     		str	r1, [r0, #24]
 445:Drivers/STM32F4xx_HAL_Driver/Src/stm32f4xx_hal_gpio.c **** }
 901              		.loc 1 445 1 view .LVU325
 902 0010 7047     		bx	lr
 903              		.cfi_endproc
ARM GAS  C:\Users\techn\AppData\Local\Temp\ccYMdLd8.s 			page 28


 904              	.LFE138:
 906 0012 00BF     		.section	.text.HAL_GPIO_LockPin,"ax",%progbits
 907              		.align	1
 908              		.p2align 2,,3
 909              		.global	HAL_GPIO_LockPin
 910              		.syntax unified
 911              		.thumb
 912              		.thumb_func
 914              	HAL_GPIO_LockPin:
 915              	.LVL84:
 916              	.LFB139:
 446:Drivers/STM32F4xx_HAL_Driver/Src/stm32f4xx_hal_gpio.c **** 
 447:Drivers/STM32F4xx_HAL_Driver/Src/stm32f4xx_hal_gpio.c **** /**
 448:Drivers/STM32F4xx_HAL_Driver/Src/stm32f4xx_hal_gpio.c ****   * @brief  Locks GPIO Pins configuration registers.
 449:Drivers/STM32F4xx_HAL_Driver/Src/stm32f4xx_hal_gpio.c ****   * @note   The locked registers are GPIOx_MODER, GPIOx_OTYPER, GPIOx_OSPEEDR,
 450:Drivers/STM32F4xx_HAL_Driver/Src/stm32f4xx_hal_gpio.c ****   *         GPIOx_PUPDR, GPIOx_AFRL and GPIOx_AFRH.
 451:Drivers/STM32F4xx_HAL_Driver/Src/stm32f4xx_hal_gpio.c ****   * @note   The configuration of the locked GPIO pins can no longer be modified
 452:Drivers/STM32F4xx_HAL_Driver/Src/stm32f4xx_hal_gpio.c ****   *         until the next reset.
 453:Drivers/STM32F4xx_HAL_Driver/Src/stm32f4xx_hal_gpio.c ****   * @param  GPIOx where x can be (A..F) to select the GPIO peripheral for STM32F4 family
 454:Drivers/STM32F4xx_HAL_Driver/Src/stm32f4xx_hal_gpio.c ****   * @param  GPIO_Pin specifies the port bit to be locked.
 455:Drivers/STM32F4xx_HAL_Driver/Src/stm32f4xx_hal_gpio.c ****   *         This parameter can be any combination of GPIO_PIN_x where x can be (0..15).
 456:Drivers/STM32F4xx_HAL_Driver/Src/stm32f4xx_hal_gpio.c ****   * @retval None
 457:Drivers/STM32F4xx_HAL_Driver/Src/stm32f4xx_hal_gpio.c ****   */
 458:Drivers/STM32F4xx_HAL_Driver/Src/stm32f4xx_hal_gpio.c **** HAL_StatusTypeDef HAL_GPIO_LockPin(GPIO_TypeDef* GPIOx, uint16_t GPIO_Pin)
 459:Drivers/STM32F4xx_HAL_Driver/Src/stm32f4xx_hal_gpio.c **** {
 917              		.loc 1 459 1 is_stmt 1 view -0
 918              		.cfi_startproc
 919              		@ args = 0, pretend = 0, frame = 8
 920              		@ frame_needed = 0, uses_anonymous_args = 0
 921              		@ link register save eliminated.
 460:Drivers/STM32F4xx_HAL_Driver/Src/stm32f4xx_hal_gpio.c ****   __IO uint32_t tmp = GPIO_LCKR_LCKK;
 922              		.loc 1 460 3 view .LVU327
 459:Drivers/STM32F4xx_HAL_Driver/Src/stm32f4xx_hal_gpio.c ****   __IO uint32_t tmp = GPIO_LCKR_LCKK;
 923              		.loc 1 459 1 is_stmt 0 view .LVU328
 924 0000 82B0     		sub	sp, sp, #8
 925              	.LCFI8:
 926              		.cfi_def_cfa_offset 8
 927              		.loc 1 460 17 view .LVU329
 928 0002 4FF48033 		mov	r3, #65536
 929 0006 0193     		str	r3, [sp, #4]
 461:Drivers/STM32F4xx_HAL_Driver/Src/stm32f4xx_hal_gpio.c **** 
 462:Drivers/STM32F4xx_HAL_Driver/Src/stm32f4xx_hal_gpio.c ****   /* Check the parameters */
 463:Drivers/STM32F4xx_HAL_Driver/Src/stm32f4xx_hal_gpio.c ****   assert_param(IS_GPIO_PIN(GPIO_Pin));
 930              		.loc 1 463 3 is_stmt 1 view .LVU330
 464:Drivers/STM32F4xx_HAL_Driver/Src/stm32f4xx_hal_gpio.c **** 
 465:Drivers/STM32F4xx_HAL_Driver/Src/stm32f4xx_hal_gpio.c ****   /* Apply lock key write sequence */
 466:Drivers/STM32F4xx_HAL_Driver/Src/stm32f4xx_hal_gpio.c ****   tmp |= GPIO_Pin;
 931              		.loc 1 466 3 view .LVU331
 932              		.loc 1 466 7 is_stmt 0 view .LVU332
 933 0008 019B     		ldr	r3, [sp, #4]
 934 000a 0B43     		orrs	r3, r3, r1
 935 000c 0193     		str	r3, [sp, #4]
 467:Drivers/STM32F4xx_HAL_Driver/Src/stm32f4xx_hal_gpio.c ****   /* Set LCKx bit(s): LCKK='1' + LCK[15-0] */
 468:Drivers/STM32F4xx_HAL_Driver/Src/stm32f4xx_hal_gpio.c ****   GPIOx->LCKR = tmp;
 936              		.loc 1 468 3 is_stmt 1 view .LVU333
 937              		.loc 1 468 15 is_stmt 0 view .LVU334
 938 000e 019B     		ldr	r3, [sp, #4]
ARM GAS  C:\Users\techn\AppData\Local\Temp\ccYMdLd8.s 			page 29


 939 0010 C361     		str	r3, [r0, #28]
 469:Drivers/STM32F4xx_HAL_Driver/Src/stm32f4xx_hal_gpio.c ****   /* Reset LCKx bit(s): LCKK='0' + LCK[15-0] */
 470:Drivers/STM32F4xx_HAL_Driver/Src/stm32f4xx_hal_gpio.c ****   GPIOx->LCKR = GPIO_Pin;
 940              		.loc 1 470 3 is_stmt 1 view .LVU335
 941              		.loc 1 470 15 is_stmt 0 view .LVU336
 942 0012 C161     		str	r1, [r0, #28]
 471:Drivers/STM32F4xx_HAL_Driver/Src/stm32f4xx_hal_gpio.c ****   /* Set LCKx bit(s): LCKK='1' + LCK[15-0] */
 472:Drivers/STM32F4xx_HAL_Driver/Src/stm32f4xx_hal_gpio.c ****   GPIOx->LCKR = tmp;
 943              		.loc 1 472 3 is_stmt 1 view .LVU337
 944              		.loc 1 472 15 is_stmt 0 view .LVU338
 945 0014 019B     		ldr	r3, [sp, #4]
 946 0016 C361     		str	r3, [r0, #28]
 473:Drivers/STM32F4xx_HAL_Driver/Src/stm32f4xx_hal_gpio.c ****   /* Read LCKR register. This read is mandatory to complete key lock sequence */
 474:Drivers/STM32F4xx_HAL_Driver/Src/stm32f4xx_hal_gpio.c ****   tmp = GPIOx->LCKR;
 947              		.loc 1 474 3 is_stmt 1 view .LVU339
 948              		.loc 1 474 14 is_stmt 0 view .LVU340
 949 0018 C369     		ldr	r3, [r0, #28]
 950              		.loc 1 474 7 view .LVU341
 951 001a 0193     		str	r3, [sp, #4]
 475:Drivers/STM32F4xx_HAL_Driver/Src/stm32f4xx_hal_gpio.c **** 
 476:Drivers/STM32F4xx_HAL_Driver/Src/stm32f4xx_hal_gpio.c ****   /* Read again in order to confirm lock is active */
 477:Drivers/STM32F4xx_HAL_Driver/Src/stm32f4xx_hal_gpio.c ****  if((GPIOx->LCKR & GPIO_LCKR_LCKK) != RESET)
 952              		.loc 1 477 2 is_stmt 1 view .LVU342
 953              		.loc 1 477 11 is_stmt 0 view .LVU343
 954 001c C069     		ldr	r0, [r0, #28]
 955              	.LVL85:
 956              		.loc 1 477 4 view .LVU344
 957 001e 80F48030 		eor	r0, r0, #65536
 478:Drivers/STM32F4xx_HAL_Driver/Src/stm32f4xx_hal_gpio.c ****   {
 479:Drivers/STM32F4xx_HAL_Driver/Src/stm32f4xx_hal_gpio.c ****     return HAL_OK;
 480:Drivers/STM32F4xx_HAL_Driver/Src/stm32f4xx_hal_gpio.c ****   }
 481:Drivers/STM32F4xx_HAL_Driver/Src/stm32f4xx_hal_gpio.c ****   else
 482:Drivers/STM32F4xx_HAL_Driver/Src/stm32f4xx_hal_gpio.c ****   {
 483:Drivers/STM32F4xx_HAL_Driver/Src/stm32f4xx_hal_gpio.c ****     return HAL_ERROR;
 484:Drivers/STM32F4xx_HAL_Driver/Src/stm32f4xx_hal_gpio.c ****   }
 485:Drivers/STM32F4xx_HAL_Driver/Src/stm32f4xx_hal_gpio.c **** }
 958              		.loc 1 485 1 view .LVU345
 959 0022 C0F30040 		ubfx	r0, r0, #16, #1
 960 0026 02B0     		add	sp, sp, #8
 961              	.LCFI9:
 962              		.cfi_def_cfa_offset 0
 963              		@ sp needed
 964 0028 7047     		bx	lr
 965              		.cfi_endproc
 966              	.LFE139:
 968 002a 00BF     		.section	.text.HAL_GPIO_EXTI_Callback,"ax",%progbits
 969              		.align	1
 970              		.p2align 2,,3
 971              		.weak	HAL_GPIO_EXTI_Callback
 972              		.syntax unified
 973              		.thumb
 974              		.thumb_func
 976              	HAL_GPIO_EXTI_Callback:
 977              	.LVL86:
 978              	.LFB141:
 486:Drivers/STM32F4xx_HAL_Driver/Src/stm32f4xx_hal_gpio.c **** 
 487:Drivers/STM32F4xx_HAL_Driver/Src/stm32f4xx_hal_gpio.c **** /**
ARM GAS  C:\Users\techn\AppData\Local\Temp\ccYMdLd8.s 			page 30


 488:Drivers/STM32F4xx_HAL_Driver/Src/stm32f4xx_hal_gpio.c ****   * @brief  This function handles EXTI interrupt request.
 489:Drivers/STM32F4xx_HAL_Driver/Src/stm32f4xx_hal_gpio.c ****   * @param  GPIO_Pin Specifies the pins connected EXTI line
 490:Drivers/STM32F4xx_HAL_Driver/Src/stm32f4xx_hal_gpio.c ****   * @retval None
 491:Drivers/STM32F4xx_HAL_Driver/Src/stm32f4xx_hal_gpio.c ****   */
 492:Drivers/STM32F4xx_HAL_Driver/Src/stm32f4xx_hal_gpio.c **** void HAL_GPIO_EXTI_IRQHandler(uint16_t GPIO_Pin)
 493:Drivers/STM32F4xx_HAL_Driver/Src/stm32f4xx_hal_gpio.c **** {
 494:Drivers/STM32F4xx_HAL_Driver/Src/stm32f4xx_hal_gpio.c ****   /* EXTI line interrupt detected */
 495:Drivers/STM32F4xx_HAL_Driver/Src/stm32f4xx_hal_gpio.c ****   if(__HAL_GPIO_EXTI_GET_IT(GPIO_Pin) != RESET)
 496:Drivers/STM32F4xx_HAL_Driver/Src/stm32f4xx_hal_gpio.c ****   {
 497:Drivers/STM32F4xx_HAL_Driver/Src/stm32f4xx_hal_gpio.c ****     __HAL_GPIO_EXTI_CLEAR_IT(GPIO_Pin);
 498:Drivers/STM32F4xx_HAL_Driver/Src/stm32f4xx_hal_gpio.c ****     HAL_GPIO_EXTI_Callback(GPIO_Pin);
 499:Drivers/STM32F4xx_HAL_Driver/Src/stm32f4xx_hal_gpio.c ****   }
 500:Drivers/STM32F4xx_HAL_Driver/Src/stm32f4xx_hal_gpio.c **** }
 501:Drivers/STM32F4xx_HAL_Driver/Src/stm32f4xx_hal_gpio.c **** 
 502:Drivers/STM32F4xx_HAL_Driver/Src/stm32f4xx_hal_gpio.c **** /**
 503:Drivers/STM32F4xx_HAL_Driver/Src/stm32f4xx_hal_gpio.c ****   * @brief  EXTI line detection callbacks.
 504:Drivers/STM32F4xx_HAL_Driver/Src/stm32f4xx_hal_gpio.c ****   * @param  GPIO_Pin Specifies the pins connected EXTI line
 505:Drivers/STM32F4xx_HAL_Driver/Src/stm32f4xx_hal_gpio.c ****   * @retval None
 506:Drivers/STM32F4xx_HAL_Driver/Src/stm32f4xx_hal_gpio.c ****   */
 507:Drivers/STM32F4xx_HAL_Driver/Src/stm32f4xx_hal_gpio.c **** __weak void HAL_GPIO_EXTI_Callback(uint16_t GPIO_Pin)
 508:Drivers/STM32F4xx_HAL_Driver/Src/stm32f4xx_hal_gpio.c **** {
 979              		.loc 1 508 1 is_stmt 1 view -0
 980              		.cfi_startproc
 981              		@ args = 0, pretend = 0, frame = 0
 982              		@ frame_needed = 0, uses_anonymous_args = 0
 983              		@ link register save eliminated.
 509:Drivers/STM32F4xx_HAL_Driver/Src/stm32f4xx_hal_gpio.c ****   /* Prevent unused argument(s) compilation warning */
 510:Drivers/STM32F4xx_HAL_Driver/Src/stm32f4xx_hal_gpio.c ****   UNUSED(GPIO_Pin);
 984              		.loc 1 510 3 view .LVU347
 511:Drivers/STM32F4xx_HAL_Driver/Src/stm32f4xx_hal_gpio.c ****   /* NOTE: This function Should not be modified, when the callback is needed,
 512:Drivers/STM32F4xx_HAL_Driver/Src/stm32f4xx_hal_gpio.c ****            the HAL_GPIO_EXTI_Callback could be implemented in the user file
 513:Drivers/STM32F4xx_HAL_Driver/Src/stm32f4xx_hal_gpio.c ****    */
 514:Drivers/STM32F4xx_HAL_Driver/Src/stm32f4xx_hal_gpio.c **** }
 985              		.loc 1 514 1 is_stmt 0 view .LVU348
 986 0000 7047     		bx	lr
 987              		.cfi_endproc
 988              	.LFE141:
 990 0002 00BF     		.section	.text.HAL_GPIO_EXTI_IRQHandler,"ax",%progbits
 991              		.align	1
 992              		.p2align 2,,3
 993              		.global	HAL_GPIO_EXTI_IRQHandler
 994              		.syntax unified
 995              		.thumb
 996              		.thumb_func
 998              	HAL_GPIO_EXTI_IRQHandler:
 999              	.LVL87:
 1000              	.LFB140:
 493:Drivers/STM32F4xx_HAL_Driver/Src/stm32f4xx_hal_gpio.c ****   /* EXTI line interrupt detected */
 1001              		.loc 1 493 1 is_stmt 1 view -0
 1002              		.cfi_startproc
 1003              		@ args = 0, pretend = 0, frame = 0
 1004              		@ frame_needed = 0, uses_anonymous_args = 0
 495:Drivers/STM32F4xx_HAL_Driver/Src/stm32f4xx_hal_gpio.c ****   {
 1005              		.loc 1 495 3 view .LVU350
 495:Drivers/STM32F4xx_HAL_Driver/Src/stm32f4xx_hal_gpio.c ****   {
 1006              		.loc 1 495 6 is_stmt 0 view .LVU351
 1007 0000 044A     		ldr	r2, .L84
ARM GAS  C:\Users\techn\AppData\Local\Temp\ccYMdLd8.s 			page 31


 1008 0002 5169     		ldr	r1, [r2, #20]
 495:Drivers/STM32F4xx_HAL_Driver/Src/stm32f4xx_hal_gpio.c ****   {
 1009              		.loc 1 495 5 view .LVU352
 1010 0004 0142     		tst	r1, r0
 1011 0006 00D1     		bne	.L83
 1012 0008 7047     		bx	lr
 1013              	.L83:
 497:Drivers/STM32F4xx_HAL_Driver/Src/stm32f4xx_hal_gpio.c ****     HAL_GPIO_EXTI_Callback(GPIO_Pin);
 1014              		.loc 1 497 5 is_stmt 1 view .LVU353
 493:Drivers/STM32F4xx_HAL_Driver/Src/stm32f4xx_hal_gpio.c ****   /* EXTI line interrupt detected */
 1015              		.loc 1 493 1 is_stmt 0 view .LVU354
 1016 000a 08B5     		push	{r3, lr}
 1017              	.LCFI10:
 1018              		.cfi_def_cfa_offset 8
 1019              		.cfi_offset 3, -8
 1020              		.cfi_offset 14, -4
 497:Drivers/STM32F4xx_HAL_Driver/Src/stm32f4xx_hal_gpio.c ****     HAL_GPIO_EXTI_Callback(GPIO_Pin);
 1021              		.loc 1 497 5 view .LVU355
 1022 000c 5061     		str	r0, [r2, #20]
 498:Drivers/STM32F4xx_HAL_Driver/Src/stm32f4xx_hal_gpio.c ****   }
 1023              		.loc 1 498 5 is_stmt 1 view .LVU356
 1024 000e FFF7FEFF 		bl	HAL_GPIO_EXTI_Callback
 1025              	.LVL88:
 500:Drivers/STM32F4xx_HAL_Driver/Src/stm32f4xx_hal_gpio.c **** 
 1026              		.loc 1 500 1 is_stmt 0 view .LVU357
 1027 0012 08BD     		pop	{r3, pc}
 1028              	.L85:
 1029              		.align	2
 1030              	.L84:
 1031 0014 003C0140 		.word	1073822720
 1032              		.cfi_endproc
 1033              	.LFE140:
 1035              		.text
 1036              	.Letext0:
 1037              		.file 2 "C:\\Program Files\\STMicroelectronics\\STM32Cube\\STM32CubeIDE_1.19.0\\STM32CubeIDE\\plug
 1038              		.file 3 "C:\\Program Files\\STMicroelectronics\\STM32Cube\\STM32CubeIDE_1.19.0\\STM32CubeIDE\\plug
 1039              		.file 4 "Drivers/CMSIS/Device/ST/STM32F4xx/Include/stm32f446xx.h"
 1040              		.file 5 "Drivers/CMSIS/Device/ST/STM32F4xx/Include/stm32f4xx.h"
 1041              		.file 6 "Drivers/STM32F4xx_HAL_Driver/Inc/stm32f4xx_hal_def.h"
 1042              		.file 7 "Drivers/STM32F4xx_HAL_Driver/Inc/stm32f4xx_hal_gpio.h"
ARM GAS  C:\Users\techn\AppData\Local\Temp\ccYMdLd8.s 			page 32


DEFINED SYMBOLS
                            *ABS*:00000000 stm32f4xx_hal_gpio.c
C:\Users\techn\AppData\Local\Temp\ccYMdLd8.s:21     .text.HAL_GPIO_Init:00000000 $t
C:\Users\techn\AppData\Local\Temp\ccYMdLd8.s:28     .text.HAL_GPIO_Init:00000000 HAL_GPIO_Init
C:\Users\techn\AppData\Local\Temp\ccYMdLd8.s:513    .text.HAL_GPIO_Init:000001fc $d
C:\Users\techn\AppData\Local\Temp\ccYMdLd8.s:525    .text.HAL_GPIO_DeInit:00000000 $t
C:\Users\techn\AppData\Local\Temp\ccYMdLd8.s:532    .text.HAL_GPIO_DeInit:00000000 HAL_GPIO_DeInit
C:\Users\techn\AppData\Local\Temp\ccYMdLd8.s:791    .text.HAL_GPIO_DeInit:00000140 $d
C:\Users\techn\AppData\Local\Temp\ccYMdLd8.s:802    .text.HAL_GPIO_ReadPin:00000000 $t
C:\Users\techn\AppData\Local\Temp\ccYMdLd8.s:809    .text.HAL_GPIO_ReadPin:00000000 HAL_GPIO_ReadPin
C:\Users\techn\AppData\Local\Temp\ccYMdLd8.s:837    .text.HAL_GPIO_WritePin:00000000 $t
C:\Users\techn\AppData\Local\Temp\ccYMdLd8.s:844    .text.HAL_GPIO_WritePin:00000000 HAL_GPIO_WritePin
C:\Users\techn\AppData\Local\Temp\ccYMdLd8.s:870    .text.HAL_GPIO_TogglePin:00000000 $t
C:\Users\techn\AppData\Local\Temp\ccYMdLd8.s:877    .text.HAL_GPIO_TogglePin:00000000 HAL_GPIO_TogglePin
C:\Users\techn\AppData\Local\Temp\ccYMdLd8.s:907    .text.HAL_GPIO_LockPin:00000000 $t
C:\Users\techn\AppData\Local\Temp\ccYMdLd8.s:914    .text.HAL_GPIO_LockPin:00000000 HAL_GPIO_LockPin
C:\Users\techn\AppData\Local\Temp\ccYMdLd8.s:969    .text.HAL_GPIO_EXTI_Callback:00000000 $t
C:\Users\techn\AppData\Local\Temp\ccYMdLd8.s:976    .text.HAL_GPIO_EXTI_Callback:00000000 HAL_GPIO_EXTI_Callback
C:\Users\techn\AppData\Local\Temp\ccYMdLd8.s:991    .text.HAL_GPIO_EXTI_IRQHandler:00000000 $t
C:\Users\techn\AppData\Local\Temp\ccYMdLd8.s:998    .text.HAL_GPIO_EXTI_IRQHandler:00000000 HAL_GPIO_EXTI_IRQHandler
C:\Users\techn\AppData\Local\Temp\ccYMdLd8.s:1031   .text.HAL_GPIO_EXTI_IRQHandler:00000014 $d

NO UNDEFINED SYMBOLS
