ARM GAS  C:\Users\techn\AppData\Local\Temp\cch1DoTg.s 			page 1


   1              		.cpu cortex-m4
   2              		.arch armv7e-m
   3              		.fpu fpv4-sp-d16
   4              		.eabi_attribute 27, 1
   5              		.eabi_attribute 28, 1
   6              		.eabi_attribute 20, 1
   7              		.eabi_attribute 21, 1
   8              		.eabi_attribute 23, 3
   9              		.eabi_attribute 24, 1
  10              		.eabi_attribute 25, 1
  11              		.eabi_attribute 26, 1
  12              		.eabi_attribute 30, 2
  13              		.eabi_attribute 34, 1
  14              		.eabi_attribute 18, 4
  15              		.file	"stm32f4xx_hal_flash_ex.c"
  16              		.text
  17              	.Ltext0:
  18              		.cfi_sections	.debug_frame
  19              		.file 1 "Drivers/STM32F4xx_HAL_Driver/Src/stm32f4xx_hal_flash_ex.c"
  20              		.section	.text.HAL_FLASHEx_OBProgram,"ax",%progbits
  21              		.align	1
  22              		.p2align 2,,3
  23              		.global	HAL_FLASHEx_OBProgram
  24              		.syntax unified
  25              		.thumb
  26              		.thumb_func
  28              	HAL_FLASHEx_OBProgram:
  29              	.LVL0:
  30              	.LFB136:
   1:Drivers/STM32F4xx_HAL_Driver/Src/stm32f4xx_hal_flash_ex.c **** /**
   2:Drivers/STM32F4xx_HAL_Driver/Src/stm32f4xx_hal_flash_ex.c ****   ******************************************************************************
   3:Drivers/STM32F4xx_HAL_Driver/Src/stm32f4xx_hal_flash_ex.c ****   * @file    stm32f4xx_hal_flash_ex.c
   4:Drivers/STM32F4xx_HAL_Driver/Src/stm32f4xx_hal_flash_ex.c ****   * @author  MCD Application Team
   5:Drivers/STM32F4xx_HAL_Driver/Src/stm32f4xx_hal_flash_ex.c ****   * @brief   Extended FLASH HAL module driver.
   6:Drivers/STM32F4xx_HAL_Driver/Src/stm32f4xx_hal_flash_ex.c ****   *          This file provides firmware functions to manage the following
   7:Drivers/STM32F4xx_HAL_Driver/Src/stm32f4xx_hal_flash_ex.c ****   *          functionalities of the FLASH extension peripheral:
   8:Drivers/STM32F4xx_HAL_Driver/Src/stm32f4xx_hal_flash_ex.c ****   *           + Extended programming operations functions
   9:Drivers/STM32F4xx_HAL_Driver/Src/stm32f4xx_hal_flash_ex.c ****   *
  10:Drivers/STM32F4xx_HAL_Driver/Src/stm32f4xx_hal_flash_ex.c ****   @verbatim
  11:Drivers/STM32F4xx_HAL_Driver/Src/stm32f4xx_hal_flash_ex.c ****   ==============================================================================
  12:Drivers/STM32F4xx_HAL_Driver/Src/stm32f4xx_hal_flash_ex.c ****                    ##### Flash Extension features #####
  13:Drivers/STM32F4xx_HAL_Driver/Src/stm32f4xx_hal_flash_ex.c ****   ==============================================================================
  14:Drivers/STM32F4xx_HAL_Driver/Src/stm32f4xx_hal_flash_ex.c **** 
  15:Drivers/STM32F4xx_HAL_Driver/Src/stm32f4xx_hal_flash_ex.c ****   [..] Comparing to other previous devices, the FLASH interface for STM32F427xx/437xx and
  16:Drivers/STM32F4xx_HAL_Driver/Src/stm32f4xx_hal_flash_ex.c ****        STM32F429xx/439xx devices contains the following additional features
  17:Drivers/STM32F4xx_HAL_Driver/Src/stm32f4xx_hal_flash_ex.c **** 
  18:Drivers/STM32F4xx_HAL_Driver/Src/stm32f4xx_hal_flash_ex.c ****        (+) Capacity up to 2 Mbyte with dual bank architecture supporting read-while-write
  19:Drivers/STM32F4xx_HAL_Driver/Src/stm32f4xx_hal_flash_ex.c ****            capability (RWW)
  20:Drivers/STM32F4xx_HAL_Driver/Src/stm32f4xx_hal_flash_ex.c ****        (+) Dual bank memory organization
  21:Drivers/STM32F4xx_HAL_Driver/Src/stm32f4xx_hal_flash_ex.c ****        (+) PCROP protection for all banks
  22:Drivers/STM32F4xx_HAL_Driver/Src/stm32f4xx_hal_flash_ex.c **** 
  23:Drivers/STM32F4xx_HAL_Driver/Src/stm32f4xx_hal_flash_ex.c ****                       ##### How to use this driver #####
  24:Drivers/STM32F4xx_HAL_Driver/Src/stm32f4xx_hal_flash_ex.c ****   ==============================================================================
  25:Drivers/STM32F4xx_HAL_Driver/Src/stm32f4xx_hal_flash_ex.c ****   [..] This driver provides functions to configure and program the FLASH memory
  26:Drivers/STM32F4xx_HAL_Driver/Src/stm32f4xx_hal_flash_ex.c ****        of all STM32F427xx/437xx, STM32F429xx/439xx, STM32F469xx/479xx and STM32F446xx
  27:Drivers/STM32F4xx_HAL_Driver/Src/stm32f4xx_hal_flash_ex.c ****        devices. It includes
  28:Drivers/STM32F4xx_HAL_Driver/Src/stm32f4xx_hal_flash_ex.c ****       (#) FLASH Memory Erase functions:
ARM GAS  C:\Users\techn\AppData\Local\Temp\cch1DoTg.s 			page 2


  29:Drivers/STM32F4xx_HAL_Driver/Src/stm32f4xx_hal_flash_ex.c ****            (++) Lock and Unlock the FLASH interface using HAL_FLASH_Unlock() and
  30:Drivers/STM32F4xx_HAL_Driver/Src/stm32f4xx_hal_flash_ex.c ****                 HAL_FLASH_Lock() functions
  31:Drivers/STM32F4xx_HAL_Driver/Src/stm32f4xx_hal_flash_ex.c ****            (++) Erase function: Erase sector, erase all sectors
  32:Drivers/STM32F4xx_HAL_Driver/Src/stm32f4xx_hal_flash_ex.c ****            (++) There are two modes of erase :
  33:Drivers/STM32F4xx_HAL_Driver/Src/stm32f4xx_hal_flash_ex.c ****              (+++) Polling Mode using HAL_FLASHEx_Erase()
  34:Drivers/STM32F4xx_HAL_Driver/Src/stm32f4xx_hal_flash_ex.c ****              (+++) Interrupt Mode using HAL_FLASHEx_Erase_IT()
  35:Drivers/STM32F4xx_HAL_Driver/Src/stm32f4xx_hal_flash_ex.c **** 
  36:Drivers/STM32F4xx_HAL_Driver/Src/stm32f4xx_hal_flash_ex.c ****       (#) Option Bytes Programming functions: Use HAL_FLASHEx_OBProgram() to :
  37:Drivers/STM32F4xx_HAL_Driver/Src/stm32f4xx_hal_flash_ex.c ****            (++) Set/Reset the write protection
  38:Drivers/STM32F4xx_HAL_Driver/Src/stm32f4xx_hal_flash_ex.c ****            (++) Set the Read protection Level
  39:Drivers/STM32F4xx_HAL_Driver/Src/stm32f4xx_hal_flash_ex.c ****            (++) Set the BOR level
  40:Drivers/STM32F4xx_HAL_Driver/Src/stm32f4xx_hal_flash_ex.c ****            (++) Program the user Option Bytes
  41:Drivers/STM32F4xx_HAL_Driver/Src/stm32f4xx_hal_flash_ex.c ****       (#) Advanced Option Bytes Programming functions: Use HAL_FLASHEx_AdvOBProgram() to :
  42:Drivers/STM32F4xx_HAL_Driver/Src/stm32f4xx_hal_flash_ex.c ****        (++) Extended space (bank 2) erase function
  43:Drivers/STM32F4xx_HAL_Driver/Src/stm32f4xx_hal_flash_ex.c ****        (++) Full FLASH space (2 Mo) erase (bank 1 and bank 2)
  44:Drivers/STM32F4xx_HAL_Driver/Src/stm32f4xx_hal_flash_ex.c ****        (++) Dual Boot activation
  45:Drivers/STM32F4xx_HAL_Driver/Src/stm32f4xx_hal_flash_ex.c ****        (++) Write protection configuration for bank 2
  46:Drivers/STM32F4xx_HAL_Driver/Src/stm32f4xx_hal_flash_ex.c ****        (++) PCROP protection configuration and control for both banks
  47:Drivers/STM32F4xx_HAL_Driver/Src/stm32f4xx_hal_flash_ex.c **** 
  48:Drivers/STM32F4xx_HAL_Driver/Src/stm32f4xx_hal_flash_ex.c ****   @endverbatim
  49:Drivers/STM32F4xx_HAL_Driver/Src/stm32f4xx_hal_flash_ex.c ****   ******************************************************************************
  50:Drivers/STM32F4xx_HAL_Driver/Src/stm32f4xx_hal_flash_ex.c ****   * @attention
  51:Drivers/STM32F4xx_HAL_Driver/Src/stm32f4xx_hal_flash_ex.c ****   *
  52:Drivers/STM32F4xx_HAL_Driver/Src/stm32f4xx_hal_flash_ex.c ****   * Copyright (c) 2017 STMicroelectronics.
  53:Drivers/STM32F4xx_HAL_Driver/Src/stm32f4xx_hal_flash_ex.c ****   * All rights reserved.
  54:Drivers/STM32F4xx_HAL_Driver/Src/stm32f4xx_hal_flash_ex.c ****   *
  55:Drivers/STM32F4xx_HAL_Driver/Src/stm32f4xx_hal_flash_ex.c ****   * This software is licensed under terms that can be found in the LICENSE file in
  56:Drivers/STM32F4xx_HAL_Driver/Src/stm32f4xx_hal_flash_ex.c ****   * the root directory of this software component.
  57:Drivers/STM32F4xx_HAL_Driver/Src/stm32f4xx_hal_flash_ex.c ****   * If no LICENSE file comes with this software, it is provided AS-IS.
  58:Drivers/STM32F4xx_HAL_Driver/Src/stm32f4xx_hal_flash_ex.c ****   ******************************************************************************
  59:Drivers/STM32F4xx_HAL_Driver/Src/stm32f4xx_hal_flash_ex.c ****   */
  60:Drivers/STM32F4xx_HAL_Driver/Src/stm32f4xx_hal_flash_ex.c **** 
  61:Drivers/STM32F4xx_HAL_Driver/Src/stm32f4xx_hal_flash_ex.c **** /* Includes ------------------------------------------------------------------*/
  62:Drivers/STM32F4xx_HAL_Driver/Src/stm32f4xx_hal_flash_ex.c **** #include "stm32f4xx_hal.h"
  63:Drivers/STM32F4xx_HAL_Driver/Src/stm32f4xx_hal_flash_ex.c **** 
  64:Drivers/STM32F4xx_HAL_Driver/Src/stm32f4xx_hal_flash_ex.c **** /** @addtogroup STM32F4xx_HAL_Driver
  65:Drivers/STM32F4xx_HAL_Driver/Src/stm32f4xx_hal_flash_ex.c ****   * @{
  66:Drivers/STM32F4xx_HAL_Driver/Src/stm32f4xx_hal_flash_ex.c ****   */
  67:Drivers/STM32F4xx_HAL_Driver/Src/stm32f4xx_hal_flash_ex.c **** 
  68:Drivers/STM32F4xx_HAL_Driver/Src/stm32f4xx_hal_flash_ex.c **** /** @defgroup FLASHEx FLASHEx
  69:Drivers/STM32F4xx_HAL_Driver/Src/stm32f4xx_hal_flash_ex.c ****   * @brief FLASH HAL Extension module driver
  70:Drivers/STM32F4xx_HAL_Driver/Src/stm32f4xx_hal_flash_ex.c ****   * @{
  71:Drivers/STM32F4xx_HAL_Driver/Src/stm32f4xx_hal_flash_ex.c ****   */
  72:Drivers/STM32F4xx_HAL_Driver/Src/stm32f4xx_hal_flash_ex.c **** 
  73:Drivers/STM32F4xx_HAL_Driver/Src/stm32f4xx_hal_flash_ex.c **** #ifdef HAL_FLASH_MODULE_ENABLED
  74:Drivers/STM32F4xx_HAL_Driver/Src/stm32f4xx_hal_flash_ex.c **** 
  75:Drivers/STM32F4xx_HAL_Driver/Src/stm32f4xx_hal_flash_ex.c **** /* Private typedef -----------------------------------------------------------*/
  76:Drivers/STM32F4xx_HAL_Driver/Src/stm32f4xx_hal_flash_ex.c **** /* Private define ------------------------------------------------------------*/
  77:Drivers/STM32F4xx_HAL_Driver/Src/stm32f4xx_hal_flash_ex.c **** /** @addtogroup FLASHEx_Private_Constants
  78:Drivers/STM32F4xx_HAL_Driver/Src/stm32f4xx_hal_flash_ex.c ****   * @{
  79:Drivers/STM32F4xx_HAL_Driver/Src/stm32f4xx_hal_flash_ex.c ****   */
  80:Drivers/STM32F4xx_HAL_Driver/Src/stm32f4xx_hal_flash_ex.c **** #define FLASH_TIMEOUT_VALUE       50000U /* 50 s */
  81:Drivers/STM32F4xx_HAL_Driver/Src/stm32f4xx_hal_flash_ex.c **** /**
  82:Drivers/STM32F4xx_HAL_Driver/Src/stm32f4xx_hal_flash_ex.c ****   * @}
  83:Drivers/STM32F4xx_HAL_Driver/Src/stm32f4xx_hal_flash_ex.c ****   */
  84:Drivers/STM32F4xx_HAL_Driver/Src/stm32f4xx_hal_flash_ex.c **** 
  85:Drivers/STM32F4xx_HAL_Driver/Src/stm32f4xx_hal_flash_ex.c **** /* Private macro -------------------------------------------------------------*/
ARM GAS  C:\Users\techn\AppData\Local\Temp\cch1DoTg.s 			page 3


  86:Drivers/STM32F4xx_HAL_Driver/Src/stm32f4xx_hal_flash_ex.c **** /* Private variables ---------------------------------------------------------*/
  87:Drivers/STM32F4xx_HAL_Driver/Src/stm32f4xx_hal_flash_ex.c **** /** @addtogroup FLASHEx_Private_Variables
  88:Drivers/STM32F4xx_HAL_Driver/Src/stm32f4xx_hal_flash_ex.c ****   * @{
  89:Drivers/STM32F4xx_HAL_Driver/Src/stm32f4xx_hal_flash_ex.c ****   */
  90:Drivers/STM32F4xx_HAL_Driver/Src/stm32f4xx_hal_flash_ex.c **** extern FLASH_ProcessTypeDef pFlash;
  91:Drivers/STM32F4xx_HAL_Driver/Src/stm32f4xx_hal_flash_ex.c **** /**
  92:Drivers/STM32F4xx_HAL_Driver/Src/stm32f4xx_hal_flash_ex.c ****   * @}
  93:Drivers/STM32F4xx_HAL_Driver/Src/stm32f4xx_hal_flash_ex.c ****   */
  94:Drivers/STM32F4xx_HAL_Driver/Src/stm32f4xx_hal_flash_ex.c **** 
  95:Drivers/STM32F4xx_HAL_Driver/Src/stm32f4xx_hal_flash_ex.c **** /* Private function prototypes -----------------------------------------------*/
  96:Drivers/STM32F4xx_HAL_Driver/Src/stm32f4xx_hal_flash_ex.c **** /** @addtogroup FLASHEx_Private_Functions
  97:Drivers/STM32F4xx_HAL_Driver/Src/stm32f4xx_hal_flash_ex.c ****   * @{
  98:Drivers/STM32F4xx_HAL_Driver/Src/stm32f4xx_hal_flash_ex.c ****   */
  99:Drivers/STM32F4xx_HAL_Driver/Src/stm32f4xx_hal_flash_ex.c **** /* Option bytes control */
 100:Drivers/STM32F4xx_HAL_Driver/Src/stm32f4xx_hal_flash_ex.c **** static void               FLASH_MassErase(uint8_t VoltageRange, uint32_t Banks);
 101:Drivers/STM32F4xx_HAL_Driver/Src/stm32f4xx_hal_flash_ex.c **** static HAL_StatusTypeDef  FLASH_OB_EnableWRP(uint32_t WRPSector, uint32_t Banks);
 102:Drivers/STM32F4xx_HAL_Driver/Src/stm32f4xx_hal_flash_ex.c **** static HAL_StatusTypeDef  FLASH_OB_DisableWRP(uint32_t WRPSector, uint32_t Banks);
 103:Drivers/STM32F4xx_HAL_Driver/Src/stm32f4xx_hal_flash_ex.c **** static HAL_StatusTypeDef  FLASH_OB_RDP_LevelConfig(uint8_t Level);
 104:Drivers/STM32F4xx_HAL_Driver/Src/stm32f4xx_hal_flash_ex.c **** static HAL_StatusTypeDef  FLASH_OB_UserConfig(uint8_t Iwdg, uint8_t Stop, uint8_t Stdby);
 105:Drivers/STM32F4xx_HAL_Driver/Src/stm32f4xx_hal_flash_ex.c **** static HAL_StatusTypeDef  FLASH_OB_BOR_LevelConfig(uint8_t Level);
 106:Drivers/STM32F4xx_HAL_Driver/Src/stm32f4xx_hal_flash_ex.c **** static uint8_t            FLASH_OB_GetUser(void);
 107:Drivers/STM32F4xx_HAL_Driver/Src/stm32f4xx_hal_flash_ex.c **** static uint16_t           FLASH_OB_GetWRP(void);
 108:Drivers/STM32F4xx_HAL_Driver/Src/stm32f4xx_hal_flash_ex.c **** static uint8_t            FLASH_OB_GetRDP(void);
 109:Drivers/STM32F4xx_HAL_Driver/Src/stm32f4xx_hal_flash_ex.c **** static uint8_t            FLASH_OB_GetBOR(void);
 110:Drivers/STM32F4xx_HAL_Driver/Src/stm32f4xx_hal_flash_ex.c **** 
 111:Drivers/STM32F4xx_HAL_Driver/Src/stm32f4xx_hal_flash_ex.c **** #if defined(STM32F401xC) || defined(STM32F401xE) || defined(STM32F410Tx) || defined(STM32F410Cx) ||
 112:Drivers/STM32F4xx_HAL_Driver/Src/stm32f4xx_hal_flash_ex.c ****     defined(STM32F446xx) || defined(STM32F412Zx) || defined(STM32F412Vx) || defined(STM32F412Rx) ||
 113:Drivers/STM32F4xx_HAL_Driver/Src/stm32f4xx_hal_flash_ex.c ****     defined(STM32F423xx)
 114:Drivers/STM32F4xx_HAL_Driver/Src/stm32f4xx_hal_flash_ex.c **** static HAL_StatusTypeDef  FLASH_OB_EnablePCROP(uint32_t Sector);
 115:Drivers/STM32F4xx_HAL_Driver/Src/stm32f4xx_hal_flash_ex.c **** static HAL_StatusTypeDef  FLASH_OB_DisablePCROP(uint32_t Sector);
 116:Drivers/STM32F4xx_HAL_Driver/Src/stm32f4xx_hal_flash_ex.c **** #endif /* STM32F401xC || STM32F401xE || STM32F410xx || STM32F411xE || STM32F446xx || STM32F412Zx ||
 117:Drivers/STM32F4xx_HAL_Driver/Src/stm32f4xx_hal_flash_ex.c ****           STM32F413xx || STM32F423xx */
 118:Drivers/STM32F4xx_HAL_Driver/Src/stm32f4xx_hal_flash_ex.c **** 
 119:Drivers/STM32F4xx_HAL_Driver/Src/stm32f4xx_hal_flash_ex.c **** #if defined(STM32F427xx) || defined(STM32F437xx) || defined(STM32F429xx)|| defined(STM32F439xx) || 
 120:Drivers/STM32F4xx_HAL_Driver/Src/stm32f4xx_hal_flash_ex.c **** static HAL_StatusTypeDef FLASH_OB_EnablePCROP(uint32_t SectorBank1, uint32_t SectorBank2, uint32_t 
 121:Drivers/STM32F4xx_HAL_Driver/Src/stm32f4xx_hal_flash_ex.c **** static HAL_StatusTypeDef FLASH_OB_DisablePCROP(uint32_t SectorBank1, uint32_t SectorBank2, uint32_t
 122:Drivers/STM32F4xx_HAL_Driver/Src/stm32f4xx_hal_flash_ex.c **** static HAL_StatusTypeDef FLASH_OB_BootConfig(uint8_t BootConfig);
 123:Drivers/STM32F4xx_HAL_Driver/Src/stm32f4xx_hal_flash_ex.c **** #endif /* STM32F427xx || STM32F437xx || STM32F429xx || STM32F439xx || STM32F469xx || STM32F479xx */
 124:Drivers/STM32F4xx_HAL_Driver/Src/stm32f4xx_hal_flash_ex.c **** 
 125:Drivers/STM32F4xx_HAL_Driver/Src/stm32f4xx_hal_flash_ex.c **** extern HAL_StatusTypeDef         FLASH_WaitForLastOperation(uint32_t Timeout);
 126:Drivers/STM32F4xx_HAL_Driver/Src/stm32f4xx_hal_flash_ex.c **** /**
 127:Drivers/STM32F4xx_HAL_Driver/Src/stm32f4xx_hal_flash_ex.c ****   * @}
 128:Drivers/STM32F4xx_HAL_Driver/Src/stm32f4xx_hal_flash_ex.c ****   */
 129:Drivers/STM32F4xx_HAL_Driver/Src/stm32f4xx_hal_flash_ex.c **** 
 130:Drivers/STM32F4xx_HAL_Driver/Src/stm32f4xx_hal_flash_ex.c **** /* Exported functions --------------------------------------------------------*/
 131:Drivers/STM32F4xx_HAL_Driver/Src/stm32f4xx_hal_flash_ex.c **** /** @defgroup FLASHEx_Exported_Functions FLASHEx Exported Functions
 132:Drivers/STM32F4xx_HAL_Driver/Src/stm32f4xx_hal_flash_ex.c ****   * @{
 133:Drivers/STM32F4xx_HAL_Driver/Src/stm32f4xx_hal_flash_ex.c ****   */
 134:Drivers/STM32F4xx_HAL_Driver/Src/stm32f4xx_hal_flash_ex.c **** 
 135:Drivers/STM32F4xx_HAL_Driver/Src/stm32f4xx_hal_flash_ex.c **** /** @defgroup FLASHEx_Exported_Functions_Group1 Extended IO operation functions
 136:Drivers/STM32F4xx_HAL_Driver/Src/stm32f4xx_hal_flash_ex.c ****   *  @brief   Extended IO operation functions
 137:Drivers/STM32F4xx_HAL_Driver/Src/stm32f4xx_hal_flash_ex.c ****   *
 138:Drivers/STM32F4xx_HAL_Driver/Src/stm32f4xx_hal_flash_ex.c **** @verbatim
 139:Drivers/STM32F4xx_HAL_Driver/Src/stm32f4xx_hal_flash_ex.c ****  ===============================================================================
 140:Drivers/STM32F4xx_HAL_Driver/Src/stm32f4xx_hal_flash_ex.c ****                 ##### Extended programming operation functions #####
 141:Drivers/STM32F4xx_HAL_Driver/Src/stm32f4xx_hal_flash_ex.c ****  ===============================================================================
 142:Drivers/STM32F4xx_HAL_Driver/Src/stm32f4xx_hal_flash_ex.c ****     [..]
ARM GAS  C:\Users\techn\AppData\Local\Temp\cch1DoTg.s 			page 4


 143:Drivers/STM32F4xx_HAL_Driver/Src/stm32f4xx_hal_flash_ex.c ****     This subsection provides a set of functions allowing to manage the Extension FLASH
 144:Drivers/STM32F4xx_HAL_Driver/Src/stm32f4xx_hal_flash_ex.c ****     programming operations.
 145:Drivers/STM32F4xx_HAL_Driver/Src/stm32f4xx_hal_flash_ex.c **** 
 146:Drivers/STM32F4xx_HAL_Driver/Src/stm32f4xx_hal_flash_ex.c **** @endverbatim
 147:Drivers/STM32F4xx_HAL_Driver/Src/stm32f4xx_hal_flash_ex.c ****   * @{
 148:Drivers/STM32F4xx_HAL_Driver/Src/stm32f4xx_hal_flash_ex.c ****   */
 149:Drivers/STM32F4xx_HAL_Driver/Src/stm32f4xx_hal_flash_ex.c **** /**
 150:Drivers/STM32F4xx_HAL_Driver/Src/stm32f4xx_hal_flash_ex.c ****   * @brief  Perform a mass erase or erase the specified FLASH memory sectors
 151:Drivers/STM32F4xx_HAL_Driver/Src/stm32f4xx_hal_flash_ex.c ****   * @param[in]  pEraseInit pointer to an FLASH_EraseInitTypeDef structure that
 152:Drivers/STM32F4xx_HAL_Driver/Src/stm32f4xx_hal_flash_ex.c ****   *         contains the configuration information for the erasing.
 153:Drivers/STM32F4xx_HAL_Driver/Src/stm32f4xx_hal_flash_ex.c ****   *
 154:Drivers/STM32F4xx_HAL_Driver/Src/stm32f4xx_hal_flash_ex.c ****   * @param[out]  SectorError pointer to variable  that
 155:Drivers/STM32F4xx_HAL_Driver/Src/stm32f4xx_hal_flash_ex.c ****   *         contains the configuration information on faulty sector in case of error
 156:Drivers/STM32F4xx_HAL_Driver/Src/stm32f4xx_hal_flash_ex.c ****   *         (0xFFFFFFFFU means that all the sectors have been correctly erased)
 157:Drivers/STM32F4xx_HAL_Driver/Src/stm32f4xx_hal_flash_ex.c ****   *
 158:Drivers/STM32F4xx_HAL_Driver/Src/stm32f4xx_hal_flash_ex.c ****   * @retval HAL Status
 159:Drivers/STM32F4xx_HAL_Driver/Src/stm32f4xx_hal_flash_ex.c ****   */
 160:Drivers/STM32F4xx_HAL_Driver/Src/stm32f4xx_hal_flash_ex.c **** HAL_StatusTypeDef HAL_FLASHEx_Erase(FLASH_EraseInitTypeDef *pEraseInit, uint32_t *SectorError)
 161:Drivers/STM32F4xx_HAL_Driver/Src/stm32f4xx_hal_flash_ex.c **** {
 162:Drivers/STM32F4xx_HAL_Driver/Src/stm32f4xx_hal_flash_ex.c ****   HAL_StatusTypeDef status;
 163:Drivers/STM32F4xx_HAL_Driver/Src/stm32f4xx_hal_flash_ex.c ****   uint32_t index = 0U;
 164:Drivers/STM32F4xx_HAL_Driver/Src/stm32f4xx_hal_flash_ex.c **** 
 165:Drivers/STM32F4xx_HAL_Driver/Src/stm32f4xx_hal_flash_ex.c ****   /* Process Locked */
 166:Drivers/STM32F4xx_HAL_Driver/Src/stm32f4xx_hal_flash_ex.c ****   __HAL_LOCK(&pFlash);
 167:Drivers/STM32F4xx_HAL_Driver/Src/stm32f4xx_hal_flash_ex.c **** 
 168:Drivers/STM32F4xx_HAL_Driver/Src/stm32f4xx_hal_flash_ex.c ****   /* Check the parameters */
 169:Drivers/STM32F4xx_HAL_Driver/Src/stm32f4xx_hal_flash_ex.c ****   assert_param(IS_FLASH_TYPEERASE(pEraseInit->TypeErase));
 170:Drivers/STM32F4xx_HAL_Driver/Src/stm32f4xx_hal_flash_ex.c **** 
 171:Drivers/STM32F4xx_HAL_Driver/Src/stm32f4xx_hal_flash_ex.c ****   /* Wait for last operation to be completed */
 172:Drivers/STM32F4xx_HAL_Driver/Src/stm32f4xx_hal_flash_ex.c ****   status = FLASH_WaitForLastOperation((uint32_t)FLASH_TIMEOUT_VALUE);
 173:Drivers/STM32F4xx_HAL_Driver/Src/stm32f4xx_hal_flash_ex.c **** 
 174:Drivers/STM32F4xx_HAL_Driver/Src/stm32f4xx_hal_flash_ex.c ****   if (status == HAL_OK)
 175:Drivers/STM32F4xx_HAL_Driver/Src/stm32f4xx_hal_flash_ex.c ****   {
 176:Drivers/STM32F4xx_HAL_Driver/Src/stm32f4xx_hal_flash_ex.c ****     /*Initialization of SectorError variable*/
 177:Drivers/STM32F4xx_HAL_Driver/Src/stm32f4xx_hal_flash_ex.c ****     *SectorError = 0xFFFFFFFFU;
 178:Drivers/STM32F4xx_HAL_Driver/Src/stm32f4xx_hal_flash_ex.c **** 
 179:Drivers/STM32F4xx_HAL_Driver/Src/stm32f4xx_hal_flash_ex.c ****     if (pEraseInit->TypeErase == FLASH_TYPEERASE_MASSERASE)
 180:Drivers/STM32F4xx_HAL_Driver/Src/stm32f4xx_hal_flash_ex.c ****     {
 181:Drivers/STM32F4xx_HAL_Driver/Src/stm32f4xx_hal_flash_ex.c ****       /*Mass erase to be done*/
 182:Drivers/STM32F4xx_HAL_Driver/Src/stm32f4xx_hal_flash_ex.c ****       FLASH_MassErase((uint8_t) pEraseInit->VoltageRange, pEraseInit->Banks);
 183:Drivers/STM32F4xx_HAL_Driver/Src/stm32f4xx_hal_flash_ex.c **** 
 184:Drivers/STM32F4xx_HAL_Driver/Src/stm32f4xx_hal_flash_ex.c ****       /* Wait for last operation to be completed */
 185:Drivers/STM32F4xx_HAL_Driver/Src/stm32f4xx_hal_flash_ex.c ****       status = FLASH_WaitForLastOperation((uint32_t)FLASH_TIMEOUT_VALUE);
 186:Drivers/STM32F4xx_HAL_Driver/Src/stm32f4xx_hal_flash_ex.c **** 
 187:Drivers/STM32F4xx_HAL_Driver/Src/stm32f4xx_hal_flash_ex.c ****       /* if the erase operation is completed, disable the MER Bit */
 188:Drivers/STM32F4xx_HAL_Driver/Src/stm32f4xx_hal_flash_ex.c ****       FLASH->CR &= (~FLASH_MER_BIT);
 189:Drivers/STM32F4xx_HAL_Driver/Src/stm32f4xx_hal_flash_ex.c ****     }
 190:Drivers/STM32F4xx_HAL_Driver/Src/stm32f4xx_hal_flash_ex.c ****     else
 191:Drivers/STM32F4xx_HAL_Driver/Src/stm32f4xx_hal_flash_ex.c ****     {
 192:Drivers/STM32F4xx_HAL_Driver/Src/stm32f4xx_hal_flash_ex.c ****       /* Check the parameters */
 193:Drivers/STM32F4xx_HAL_Driver/Src/stm32f4xx_hal_flash_ex.c ****       assert_param(IS_FLASH_NBSECTORS(pEraseInit->NbSectors + pEraseInit->Sector));
 194:Drivers/STM32F4xx_HAL_Driver/Src/stm32f4xx_hal_flash_ex.c **** 
 195:Drivers/STM32F4xx_HAL_Driver/Src/stm32f4xx_hal_flash_ex.c ****       /* Erase by sector by sector to be done*/
 196:Drivers/STM32F4xx_HAL_Driver/Src/stm32f4xx_hal_flash_ex.c ****       for (index = pEraseInit->Sector; index < (pEraseInit->NbSectors + pEraseInit->Sector); index+
 197:Drivers/STM32F4xx_HAL_Driver/Src/stm32f4xx_hal_flash_ex.c ****       {
 198:Drivers/STM32F4xx_HAL_Driver/Src/stm32f4xx_hal_flash_ex.c ****         FLASH_Erase_Sector(index, (uint8_t) pEraseInit->VoltageRange);
 199:Drivers/STM32F4xx_HAL_Driver/Src/stm32f4xx_hal_flash_ex.c **** 
ARM GAS  C:\Users\techn\AppData\Local\Temp\cch1DoTg.s 			page 5


 200:Drivers/STM32F4xx_HAL_Driver/Src/stm32f4xx_hal_flash_ex.c ****         /* Wait for last operation to be completed */
 201:Drivers/STM32F4xx_HAL_Driver/Src/stm32f4xx_hal_flash_ex.c ****         status = FLASH_WaitForLastOperation((uint32_t)FLASH_TIMEOUT_VALUE);
 202:Drivers/STM32F4xx_HAL_Driver/Src/stm32f4xx_hal_flash_ex.c **** 
 203:Drivers/STM32F4xx_HAL_Driver/Src/stm32f4xx_hal_flash_ex.c ****         /* If the erase operation is completed, disable the SER and SNB Bits */
 204:Drivers/STM32F4xx_HAL_Driver/Src/stm32f4xx_hal_flash_ex.c ****         CLEAR_BIT(FLASH->CR, (FLASH_CR_SER | FLASH_CR_SNB));
 205:Drivers/STM32F4xx_HAL_Driver/Src/stm32f4xx_hal_flash_ex.c **** 
 206:Drivers/STM32F4xx_HAL_Driver/Src/stm32f4xx_hal_flash_ex.c ****         if (status != HAL_OK)
 207:Drivers/STM32F4xx_HAL_Driver/Src/stm32f4xx_hal_flash_ex.c ****         {
 208:Drivers/STM32F4xx_HAL_Driver/Src/stm32f4xx_hal_flash_ex.c ****           /* In case of error, stop erase procedure and return the faulty sector*/
 209:Drivers/STM32F4xx_HAL_Driver/Src/stm32f4xx_hal_flash_ex.c ****           *SectorError = index;
 210:Drivers/STM32F4xx_HAL_Driver/Src/stm32f4xx_hal_flash_ex.c ****           break;
 211:Drivers/STM32F4xx_HAL_Driver/Src/stm32f4xx_hal_flash_ex.c ****         }
 212:Drivers/STM32F4xx_HAL_Driver/Src/stm32f4xx_hal_flash_ex.c ****       }
 213:Drivers/STM32F4xx_HAL_Driver/Src/stm32f4xx_hal_flash_ex.c ****     }
 214:Drivers/STM32F4xx_HAL_Driver/Src/stm32f4xx_hal_flash_ex.c ****     /* Flush the caches to be sure of the data consistency */
 215:Drivers/STM32F4xx_HAL_Driver/Src/stm32f4xx_hal_flash_ex.c ****     FLASH_FlushCaches();
 216:Drivers/STM32F4xx_HAL_Driver/Src/stm32f4xx_hal_flash_ex.c ****   }
 217:Drivers/STM32F4xx_HAL_Driver/Src/stm32f4xx_hal_flash_ex.c **** 
 218:Drivers/STM32F4xx_HAL_Driver/Src/stm32f4xx_hal_flash_ex.c ****   /* Process Unlocked */
 219:Drivers/STM32F4xx_HAL_Driver/Src/stm32f4xx_hal_flash_ex.c ****   __HAL_UNLOCK(&pFlash);
 220:Drivers/STM32F4xx_HAL_Driver/Src/stm32f4xx_hal_flash_ex.c **** 
 221:Drivers/STM32F4xx_HAL_Driver/Src/stm32f4xx_hal_flash_ex.c ****   return status;
 222:Drivers/STM32F4xx_HAL_Driver/Src/stm32f4xx_hal_flash_ex.c **** }
 223:Drivers/STM32F4xx_HAL_Driver/Src/stm32f4xx_hal_flash_ex.c **** 
 224:Drivers/STM32F4xx_HAL_Driver/Src/stm32f4xx_hal_flash_ex.c **** /**
 225:Drivers/STM32F4xx_HAL_Driver/Src/stm32f4xx_hal_flash_ex.c ****   * @brief  Perform a mass erase or erase the specified FLASH memory sectors  with interrupt enable
 226:Drivers/STM32F4xx_HAL_Driver/Src/stm32f4xx_hal_flash_ex.c ****   * @param  pEraseInit pointer to an FLASH_EraseInitTypeDef structure that
 227:Drivers/STM32F4xx_HAL_Driver/Src/stm32f4xx_hal_flash_ex.c ****   *         contains the configuration information for the erasing.
 228:Drivers/STM32F4xx_HAL_Driver/Src/stm32f4xx_hal_flash_ex.c ****   *
 229:Drivers/STM32F4xx_HAL_Driver/Src/stm32f4xx_hal_flash_ex.c ****   * @retval HAL Status
 230:Drivers/STM32F4xx_HAL_Driver/Src/stm32f4xx_hal_flash_ex.c ****   */
 231:Drivers/STM32F4xx_HAL_Driver/Src/stm32f4xx_hal_flash_ex.c **** HAL_StatusTypeDef HAL_FLASHEx_Erase_IT(FLASH_EraseInitTypeDef *pEraseInit)
 232:Drivers/STM32F4xx_HAL_Driver/Src/stm32f4xx_hal_flash_ex.c **** {
 233:Drivers/STM32F4xx_HAL_Driver/Src/stm32f4xx_hal_flash_ex.c ****   HAL_StatusTypeDef status = HAL_OK;
 234:Drivers/STM32F4xx_HAL_Driver/Src/stm32f4xx_hal_flash_ex.c **** 
 235:Drivers/STM32F4xx_HAL_Driver/Src/stm32f4xx_hal_flash_ex.c ****   /* Check the parameters */
 236:Drivers/STM32F4xx_HAL_Driver/Src/stm32f4xx_hal_flash_ex.c ****   assert_param(IS_FLASH_TYPEERASE(pEraseInit->TypeErase));
 237:Drivers/STM32F4xx_HAL_Driver/Src/stm32f4xx_hal_flash_ex.c **** 
 238:Drivers/STM32F4xx_HAL_Driver/Src/stm32f4xx_hal_flash_ex.c ****   /* Enable End of FLASH Operation interrupt */
 239:Drivers/STM32F4xx_HAL_Driver/Src/stm32f4xx_hal_flash_ex.c ****   __HAL_FLASH_ENABLE_IT(FLASH_IT_EOP);
 240:Drivers/STM32F4xx_HAL_Driver/Src/stm32f4xx_hal_flash_ex.c **** 
 241:Drivers/STM32F4xx_HAL_Driver/Src/stm32f4xx_hal_flash_ex.c ****   /* Enable Error source interrupt */
 242:Drivers/STM32F4xx_HAL_Driver/Src/stm32f4xx_hal_flash_ex.c ****   __HAL_FLASH_ENABLE_IT(FLASH_IT_ERR);
 243:Drivers/STM32F4xx_HAL_Driver/Src/stm32f4xx_hal_flash_ex.c **** 
 244:Drivers/STM32F4xx_HAL_Driver/Src/stm32f4xx_hal_flash_ex.c ****   /* Clear pending flags (if any) */
 245:Drivers/STM32F4xx_HAL_Driver/Src/stm32f4xx_hal_flash_ex.c ****   __HAL_FLASH_CLEAR_FLAG(FLASH_FLAG_EOP    | FLASH_FLAG_OPERR | FLASH_FLAG_WRPERR | \
 246:Drivers/STM32F4xx_HAL_Driver/Src/stm32f4xx_hal_flash_ex.c ****                          FLASH_FLAG_PGAERR | FLASH_FLAG_PGPERR | FLASH_FLAG_PGSERR);
 247:Drivers/STM32F4xx_HAL_Driver/Src/stm32f4xx_hal_flash_ex.c **** 
 248:Drivers/STM32F4xx_HAL_Driver/Src/stm32f4xx_hal_flash_ex.c ****   if (pEraseInit->TypeErase == FLASH_TYPEERASE_MASSERASE)
 249:Drivers/STM32F4xx_HAL_Driver/Src/stm32f4xx_hal_flash_ex.c ****   {
 250:Drivers/STM32F4xx_HAL_Driver/Src/stm32f4xx_hal_flash_ex.c ****     /*Mass erase to be done*/
 251:Drivers/STM32F4xx_HAL_Driver/Src/stm32f4xx_hal_flash_ex.c ****     pFlash.ProcedureOnGoing = FLASH_PROC_MASSERASE;
 252:Drivers/STM32F4xx_HAL_Driver/Src/stm32f4xx_hal_flash_ex.c ****     pFlash.Bank = pEraseInit->Banks;
 253:Drivers/STM32F4xx_HAL_Driver/Src/stm32f4xx_hal_flash_ex.c ****     FLASH_MassErase((uint8_t) pEraseInit->VoltageRange, pEraseInit->Banks);
 254:Drivers/STM32F4xx_HAL_Driver/Src/stm32f4xx_hal_flash_ex.c ****   }
 255:Drivers/STM32F4xx_HAL_Driver/Src/stm32f4xx_hal_flash_ex.c ****   else
 256:Drivers/STM32F4xx_HAL_Driver/Src/stm32f4xx_hal_flash_ex.c ****   {
ARM GAS  C:\Users\techn\AppData\Local\Temp\cch1DoTg.s 			page 6


 257:Drivers/STM32F4xx_HAL_Driver/Src/stm32f4xx_hal_flash_ex.c ****     /* Erase by sector to be done*/
 258:Drivers/STM32F4xx_HAL_Driver/Src/stm32f4xx_hal_flash_ex.c **** 
 259:Drivers/STM32F4xx_HAL_Driver/Src/stm32f4xx_hal_flash_ex.c ****     /* Check the parameters */
 260:Drivers/STM32F4xx_HAL_Driver/Src/stm32f4xx_hal_flash_ex.c ****     assert_param(IS_FLASH_NBSECTORS(pEraseInit->NbSectors + pEraseInit->Sector));
 261:Drivers/STM32F4xx_HAL_Driver/Src/stm32f4xx_hal_flash_ex.c **** 
 262:Drivers/STM32F4xx_HAL_Driver/Src/stm32f4xx_hal_flash_ex.c ****     pFlash.ProcedureOnGoing = FLASH_PROC_SECTERASE;
 263:Drivers/STM32F4xx_HAL_Driver/Src/stm32f4xx_hal_flash_ex.c ****     pFlash.NbSectorsToErase = pEraseInit->NbSectors;
 264:Drivers/STM32F4xx_HAL_Driver/Src/stm32f4xx_hal_flash_ex.c ****     pFlash.Sector = pEraseInit->Sector;
 265:Drivers/STM32F4xx_HAL_Driver/Src/stm32f4xx_hal_flash_ex.c ****     pFlash.VoltageForErase = (uint8_t)pEraseInit->VoltageRange;
 266:Drivers/STM32F4xx_HAL_Driver/Src/stm32f4xx_hal_flash_ex.c **** 
 267:Drivers/STM32F4xx_HAL_Driver/Src/stm32f4xx_hal_flash_ex.c ****     /*Erase 1st sector and wait for IT*/
 268:Drivers/STM32F4xx_HAL_Driver/Src/stm32f4xx_hal_flash_ex.c ****     FLASH_Erase_Sector(pEraseInit->Sector, pEraseInit->VoltageRange);
 269:Drivers/STM32F4xx_HAL_Driver/Src/stm32f4xx_hal_flash_ex.c ****   }
 270:Drivers/STM32F4xx_HAL_Driver/Src/stm32f4xx_hal_flash_ex.c **** 
 271:Drivers/STM32F4xx_HAL_Driver/Src/stm32f4xx_hal_flash_ex.c ****   return status;
 272:Drivers/STM32F4xx_HAL_Driver/Src/stm32f4xx_hal_flash_ex.c **** }
 273:Drivers/STM32F4xx_HAL_Driver/Src/stm32f4xx_hal_flash_ex.c **** 
 274:Drivers/STM32F4xx_HAL_Driver/Src/stm32f4xx_hal_flash_ex.c **** /**
 275:Drivers/STM32F4xx_HAL_Driver/Src/stm32f4xx_hal_flash_ex.c ****   * @brief   Program option bytes
 276:Drivers/STM32F4xx_HAL_Driver/Src/stm32f4xx_hal_flash_ex.c ****   * @param  pOBInit pointer to an FLASH_OBInitStruct structure that
 277:Drivers/STM32F4xx_HAL_Driver/Src/stm32f4xx_hal_flash_ex.c ****   *         contains the configuration information for the programming.
 278:Drivers/STM32F4xx_HAL_Driver/Src/stm32f4xx_hal_flash_ex.c ****   *
 279:Drivers/STM32F4xx_HAL_Driver/Src/stm32f4xx_hal_flash_ex.c ****   * @retval HAL Status
 280:Drivers/STM32F4xx_HAL_Driver/Src/stm32f4xx_hal_flash_ex.c ****   */
 281:Drivers/STM32F4xx_HAL_Driver/Src/stm32f4xx_hal_flash_ex.c **** HAL_StatusTypeDef HAL_FLASHEx_OBProgram(FLASH_OBProgramInitTypeDef *pOBInit)
 282:Drivers/STM32F4xx_HAL_Driver/Src/stm32f4xx_hal_flash_ex.c **** {
  31              		.loc 1 282 1 view -0
  32              		.cfi_startproc
  33              		@ args = 0, pretend = 0, frame = 0
  34              		@ frame_needed = 0, uses_anonymous_args = 0
 283:Drivers/STM32F4xx_HAL_Driver/Src/stm32f4xx_hal_flash_ex.c ****   HAL_StatusTypeDef status = HAL_ERROR;
  35              		.loc 1 283 3 view .LVU1
 284:Drivers/STM32F4xx_HAL_Driver/Src/stm32f4xx_hal_flash_ex.c **** 
 285:Drivers/STM32F4xx_HAL_Driver/Src/stm32f4xx_hal_flash_ex.c ****   /* Process Locked */
 286:Drivers/STM32F4xx_HAL_Driver/Src/stm32f4xx_hal_flash_ex.c ****   __HAL_LOCK(&pFlash);
  36              		.loc 1 286 3 view .LVU2
  37              		.loc 1 286 3 view .LVU3
 282:Drivers/STM32F4xx_HAL_Driver/Src/stm32f4xx_hal_flash_ex.c ****   HAL_StatusTypeDef status = HAL_ERROR;
  38              		.loc 1 282 1 is_stmt 0 view .LVU4
  39 0000 70B5     		push	{r4, r5, r6, lr}
  40              	.LCFI0:
  41              		.cfi_def_cfa_offset 16
  42              		.cfi_offset 4, -16
  43              		.cfi_offset 5, -12
  44              		.cfi_offset 6, -8
  45              		.cfi_offset 14, -4
  46              		.loc 1 286 3 view .LVU5
  47 0002 2D4D     		ldr	r5, .L32
  48 0004 2B7E     		ldrb	r3, [r5, #24]	@ zero_extendqisi2
  49 0006 012B     		cmp	r3, #1
  50 0008 53D0     		beq	.L12
  51              		.loc 1 286 3 is_stmt 1 discriminator 2 view .LVU6
  52 000a 0446     		mov	r4, r0
  53 000c 0120     		movs	r0, #1
  54              	.LVL1:
  55              		.loc 1 286 3 is_stmt 0 discriminator 2 view .LVU7
  56 000e 2876     		strb	r0, [r5, #24]
ARM GAS  C:\Users\techn\AppData\Local\Temp\cch1DoTg.s 			page 7


  57              		.loc 1 286 3 is_stmt 1 discriminator 2 view .LVU8
 287:Drivers/STM32F4xx_HAL_Driver/Src/stm32f4xx_hal_flash_ex.c **** 
 288:Drivers/STM32F4xx_HAL_Driver/Src/stm32f4xx_hal_flash_ex.c ****   /* Check the parameters */
 289:Drivers/STM32F4xx_HAL_Driver/Src/stm32f4xx_hal_flash_ex.c ****   assert_param(IS_OPTIONBYTE(pOBInit->OptionType));
  58              		.loc 1 289 3 view .LVU9
 290:Drivers/STM32F4xx_HAL_Driver/Src/stm32f4xx_hal_flash_ex.c **** 
 291:Drivers/STM32F4xx_HAL_Driver/Src/stm32f4xx_hal_flash_ex.c ****   /*Write protection configuration*/
 292:Drivers/STM32F4xx_HAL_Driver/Src/stm32f4xx_hal_flash_ex.c ****   if ((pOBInit->OptionType & OPTIONBYTE_WRP) == OPTIONBYTE_WRP)
  59              		.loc 1 292 3 view .LVU10
  60              		.loc 1 292 15 is_stmt 0 view .LVU11
  61 0010 2368     		ldr	r3, [r4]
  62              		.loc 1 292 6 view .LVU12
  63 0012 DE07     		lsls	r6, r3, #31
  64 0014 12D4     		bmi	.L28
  65              	.L3:
  66              	.LVL2:
 293:Drivers/STM32F4xx_HAL_Driver/Src/stm32f4xx_hal_flash_ex.c ****   {
 294:Drivers/STM32F4xx_HAL_Driver/Src/stm32f4xx_hal_flash_ex.c ****     assert_param(IS_WRPSTATE(pOBInit->WRPState));
 295:Drivers/STM32F4xx_HAL_Driver/Src/stm32f4xx_hal_flash_ex.c ****     if (pOBInit->WRPState == OB_WRPSTATE_ENABLE)
 296:Drivers/STM32F4xx_HAL_Driver/Src/stm32f4xx_hal_flash_ex.c ****     {
 297:Drivers/STM32F4xx_HAL_Driver/Src/stm32f4xx_hal_flash_ex.c ****       /*Enable of Write protection on the selected Sector*/
 298:Drivers/STM32F4xx_HAL_Driver/Src/stm32f4xx_hal_flash_ex.c ****       status = FLASH_OB_EnableWRP(pOBInit->WRPSector, pOBInit->Banks);
 299:Drivers/STM32F4xx_HAL_Driver/Src/stm32f4xx_hal_flash_ex.c ****     }
 300:Drivers/STM32F4xx_HAL_Driver/Src/stm32f4xx_hal_flash_ex.c ****     else
 301:Drivers/STM32F4xx_HAL_Driver/Src/stm32f4xx_hal_flash_ex.c ****     {
 302:Drivers/STM32F4xx_HAL_Driver/Src/stm32f4xx_hal_flash_ex.c ****       /*Disable of Write protection on the selected Sector*/
 303:Drivers/STM32F4xx_HAL_Driver/Src/stm32f4xx_hal_flash_ex.c ****       status = FLASH_OB_DisableWRP(pOBInit->WRPSector, pOBInit->Banks);
 304:Drivers/STM32F4xx_HAL_Driver/Src/stm32f4xx_hal_flash_ex.c ****     }
 305:Drivers/STM32F4xx_HAL_Driver/Src/stm32f4xx_hal_flash_ex.c ****   }
 306:Drivers/STM32F4xx_HAL_Driver/Src/stm32f4xx_hal_flash_ex.c **** 
 307:Drivers/STM32F4xx_HAL_Driver/Src/stm32f4xx_hal_flash_ex.c ****   /*Read protection configuration*/
 308:Drivers/STM32F4xx_HAL_Driver/Src/stm32f4xx_hal_flash_ex.c ****   if ((pOBInit->OptionType & OPTIONBYTE_RDP) == OPTIONBYTE_RDP)
  67              		.loc 1 308 3 is_stmt 1 view .LVU13
  68              		.loc 1 308 6 is_stmt 0 view .LVU14
  69 0016 9907     		lsls	r1, r3, #30
  70 0018 21D4     		bmi	.L29
  71              	.L7:
 309:Drivers/STM32F4xx_HAL_Driver/Src/stm32f4xx_hal_flash_ex.c ****   {
 310:Drivers/STM32F4xx_HAL_Driver/Src/stm32f4xx_hal_flash_ex.c ****     status = FLASH_OB_RDP_LevelConfig(pOBInit->RDPLevel);
 311:Drivers/STM32F4xx_HAL_Driver/Src/stm32f4xx_hal_flash_ex.c ****   }
 312:Drivers/STM32F4xx_HAL_Driver/Src/stm32f4xx_hal_flash_ex.c **** 
 313:Drivers/STM32F4xx_HAL_Driver/Src/stm32f4xx_hal_flash_ex.c ****   /*USER  configuration*/
 314:Drivers/STM32F4xx_HAL_Driver/Src/stm32f4xx_hal_flash_ex.c ****   if ((pOBInit->OptionType & OPTIONBYTE_USER) == OPTIONBYTE_USER)
  72              		.loc 1 314 3 is_stmt 1 view .LVU15
  73              		.loc 1 314 6 is_stmt 0 view .LVU16
  74 001a 5A07     		lsls	r2, r3, #29
  75 001c 2BD4     		bmi	.L30
  76              	.LVL3:
  77              	.L9:
 315:Drivers/STM32F4xx_HAL_Driver/Src/stm32f4xx_hal_flash_ex.c ****   {
 316:Drivers/STM32F4xx_HAL_Driver/Src/stm32f4xx_hal_flash_ex.c ****     status = FLASH_OB_UserConfig(pOBInit->USERConfig & OB_IWDG_SW,
 317:Drivers/STM32F4xx_HAL_Driver/Src/stm32f4xx_hal_flash_ex.c ****                                  pOBInit->USERConfig & OB_STOP_NO_RST,
 318:Drivers/STM32F4xx_HAL_Driver/Src/stm32f4xx_hal_flash_ex.c ****                                  pOBInit->USERConfig & OB_STDBY_NO_RST);
 319:Drivers/STM32F4xx_HAL_Driver/Src/stm32f4xx_hal_flash_ex.c ****   }
 320:Drivers/STM32F4xx_HAL_Driver/Src/stm32f4xx_hal_flash_ex.c **** 
 321:Drivers/STM32F4xx_HAL_Driver/Src/stm32f4xx_hal_flash_ex.c ****   /*BOR Level  configuration*/
 322:Drivers/STM32F4xx_HAL_Driver/Src/stm32f4xx_hal_flash_ex.c ****   if ((pOBInit->OptionType & OPTIONBYTE_BOR) == OPTIONBYTE_BOR)
ARM GAS  C:\Users\techn\AppData\Local\Temp\cch1DoTg.s 			page 8


  78              		.loc 1 322 3 is_stmt 1 view .LVU17
  79              		.loc 1 322 6 is_stmt 0 view .LVU18
  80 001e 1B07     		lsls	r3, r3, #28
  81 0020 09D5     		bpl	.L11
 323:Drivers/STM32F4xx_HAL_Driver/Src/stm32f4xx_hal_flash_ex.c ****   {
 324:Drivers/STM32F4xx_HAL_Driver/Src/stm32f4xx_hal_flash_ex.c ****     status = FLASH_OB_BOR_LevelConfig(pOBInit->BORLevel);
  82              		.loc 1 324 5 is_stmt 1 view .LVU19
  83              	.LBB24:
  84              	.LBB25:
 325:Drivers/STM32F4xx_HAL_Driver/Src/stm32f4xx_hal_flash_ex.c ****   }
 326:Drivers/STM32F4xx_HAL_Driver/Src/stm32f4xx_hal_flash_ex.c **** 
 327:Drivers/STM32F4xx_HAL_Driver/Src/stm32f4xx_hal_flash_ex.c ****   /* Process Unlocked */
 328:Drivers/STM32F4xx_HAL_Driver/Src/stm32f4xx_hal_flash_ex.c ****   __HAL_UNLOCK(&pFlash);
 329:Drivers/STM32F4xx_HAL_Driver/Src/stm32f4xx_hal_flash_ex.c **** 
 330:Drivers/STM32F4xx_HAL_Driver/Src/stm32f4xx_hal_flash_ex.c ****   return status;
 331:Drivers/STM32F4xx_HAL_Driver/Src/stm32f4xx_hal_flash_ex.c **** }
 332:Drivers/STM32F4xx_HAL_Driver/Src/stm32f4xx_hal_flash_ex.c **** 
 333:Drivers/STM32F4xx_HAL_Driver/Src/stm32f4xx_hal_flash_ex.c **** /**
 334:Drivers/STM32F4xx_HAL_Driver/Src/stm32f4xx_hal_flash_ex.c ****   * @brief   Get the Option byte configuration
 335:Drivers/STM32F4xx_HAL_Driver/Src/stm32f4xx_hal_flash_ex.c ****   * @param  pOBInit pointer to an FLASH_OBInitStruct structure that
 336:Drivers/STM32F4xx_HAL_Driver/Src/stm32f4xx_hal_flash_ex.c ****   *         contains the configuration information for the programming.
 337:Drivers/STM32F4xx_HAL_Driver/Src/stm32f4xx_hal_flash_ex.c ****   *
 338:Drivers/STM32F4xx_HAL_Driver/Src/stm32f4xx_hal_flash_ex.c ****   * @retval None
 339:Drivers/STM32F4xx_HAL_Driver/Src/stm32f4xx_hal_flash_ex.c ****   */
 340:Drivers/STM32F4xx_HAL_Driver/Src/stm32f4xx_hal_flash_ex.c **** void HAL_FLASHEx_OBGetConfig(FLASH_OBProgramInitTypeDef *pOBInit)
 341:Drivers/STM32F4xx_HAL_Driver/Src/stm32f4xx_hal_flash_ex.c **** {
 342:Drivers/STM32F4xx_HAL_Driver/Src/stm32f4xx_hal_flash_ex.c ****   pOBInit->OptionType = OPTIONBYTE_WRP | OPTIONBYTE_RDP | OPTIONBYTE_USER | OPTIONBYTE_BOR;
 343:Drivers/STM32F4xx_HAL_Driver/Src/stm32f4xx_hal_flash_ex.c **** 
 344:Drivers/STM32F4xx_HAL_Driver/Src/stm32f4xx_hal_flash_ex.c ****   /*Get WRP*/
 345:Drivers/STM32F4xx_HAL_Driver/Src/stm32f4xx_hal_flash_ex.c ****   pOBInit->WRPSector = (uint32_t)FLASH_OB_GetWRP();
 346:Drivers/STM32F4xx_HAL_Driver/Src/stm32f4xx_hal_flash_ex.c **** 
 347:Drivers/STM32F4xx_HAL_Driver/Src/stm32f4xx_hal_flash_ex.c ****   /*Get RDP Level*/
 348:Drivers/STM32F4xx_HAL_Driver/Src/stm32f4xx_hal_flash_ex.c ****   pOBInit->RDPLevel = (uint32_t)FLASH_OB_GetRDP();
 349:Drivers/STM32F4xx_HAL_Driver/Src/stm32f4xx_hal_flash_ex.c **** 
 350:Drivers/STM32F4xx_HAL_Driver/Src/stm32f4xx_hal_flash_ex.c ****   /*Get USER*/
 351:Drivers/STM32F4xx_HAL_Driver/Src/stm32f4xx_hal_flash_ex.c ****   pOBInit->USERConfig = (uint8_t)FLASH_OB_GetUser();
 352:Drivers/STM32F4xx_HAL_Driver/Src/stm32f4xx_hal_flash_ex.c **** 
 353:Drivers/STM32F4xx_HAL_Driver/Src/stm32f4xx_hal_flash_ex.c ****   /*Get BOR Level*/
 354:Drivers/STM32F4xx_HAL_Driver/Src/stm32f4xx_hal_flash_ex.c ****   pOBInit->BORLevel = (uint32_t)FLASH_OB_GetBOR();
 355:Drivers/STM32F4xx_HAL_Driver/Src/stm32f4xx_hal_flash_ex.c **** }
 356:Drivers/STM32F4xx_HAL_Driver/Src/stm32f4xx_hal_flash_ex.c **** 
 357:Drivers/STM32F4xx_HAL_Driver/Src/stm32f4xx_hal_flash_ex.c **** #if defined(STM32F427xx) || defined(STM32F437xx) || defined(STM32F429xx) || defined(STM32F439xx) ||
 358:Drivers/STM32F4xx_HAL_Driver/Src/stm32f4xx_hal_flash_ex.c ****     defined(STM32F401xC) || defined(STM32F401xE) || defined(STM32F410Tx) || defined(STM32F410Cx) ||
 359:Drivers/STM32F4xx_HAL_Driver/Src/stm32f4xx_hal_flash_ex.c ****     defined(STM32F410Rx) || defined(STM32F411xE) || defined(STM32F446xx) || defined(STM32F469xx) ||
 360:Drivers/STM32F4xx_HAL_Driver/Src/stm32f4xx_hal_flash_ex.c ****     defined(STM32F479xx) || defined(STM32F412Zx) || defined(STM32F412Vx) || defined(STM32F412Rx) ||
 361:Drivers/STM32F4xx_HAL_Driver/Src/stm32f4xx_hal_flash_ex.c ****     defined(STM32F412Cx) || defined(STM32F413xx) || defined(STM32F423xx)
 362:Drivers/STM32F4xx_HAL_Driver/Src/stm32f4xx_hal_flash_ex.c **** /**
 363:Drivers/STM32F4xx_HAL_Driver/Src/stm32f4xx_hal_flash_ex.c ****   * @brief   Program option bytes
 364:Drivers/STM32F4xx_HAL_Driver/Src/stm32f4xx_hal_flash_ex.c ****   * @param  pAdvOBInit pointer to an FLASH_AdvOBProgramInitTypeDef structure that
 365:Drivers/STM32F4xx_HAL_Driver/Src/stm32f4xx_hal_flash_ex.c ****   *         contains the configuration information for the programming.
 366:Drivers/STM32F4xx_HAL_Driver/Src/stm32f4xx_hal_flash_ex.c ****   *
 367:Drivers/STM32F4xx_HAL_Driver/Src/stm32f4xx_hal_flash_ex.c ****   * @retval HAL Status
 368:Drivers/STM32F4xx_HAL_Driver/Src/stm32f4xx_hal_flash_ex.c ****   */
 369:Drivers/STM32F4xx_HAL_Driver/Src/stm32f4xx_hal_flash_ex.c **** HAL_StatusTypeDef HAL_FLASHEx_AdvOBProgram(FLASH_AdvOBProgramInitTypeDef *pAdvOBInit)
 370:Drivers/STM32F4xx_HAL_Driver/Src/stm32f4xx_hal_flash_ex.c **** {
 371:Drivers/STM32F4xx_HAL_Driver/Src/stm32f4xx_hal_flash_ex.c ****   HAL_StatusTypeDef status = HAL_ERROR;
 372:Drivers/STM32F4xx_HAL_Driver/Src/stm32f4xx_hal_flash_ex.c **** 
ARM GAS  C:\Users\techn\AppData\Local\Temp\cch1DoTg.s 			page 9


 373:Drivers/STM32F4xx_HAL_Driver/Src/stm32f4xx_hal_flash_ex.c ****   /* Check the parameters */
 374:Drivers/STM32F4xx_HAL_Driver/Src/stm32f4xx_hal_flash_ex.c ****   assert_param(IS_OBEX(pAdvOBInit->OptionType));
 375:Drivers/STM32F4xx_HAL_Driver/Src/stm32f4xx_hal_flash_ex.c **** 
 376:Drivers/STM32F4xx_HAL_Driver/Src/stm32f4xx_hal_flash_ex.c ****   /*Program PCROP option byte*/
 377:Drivers/STM32F4xx_HAL_Driver/Src/stm32f4xx_hal_flash_ex.c ****   if (((pAdvOBInit->OptionType) & OPTIONBYTE_PCROP) == OPTIONBYTE_PCROP)
 378:Drivers/STM32F4xx_HAL_Driver/Src/stm32f4xx_hal_flash_ex.c ****   {
 379:Drivers/STM32F4xx_HAL_Driver/Src/stm32f4xx_hal_flash_ex.c ****     /* Check the parameters */
 380:Drivers/STM32F4xx_HAL_Driver/Src/stm32f4xx_hal_flash_ex.c ****     assert_param(IS_PCROPSTATE(pAdvOBInit->PCROPState));
 381:Drivers/STM32F4xx_HAL_Driver/Src/stm32f4xx_hal_flash_ex.c ****     if ((pAdvOBInit->PCROPState) == OB_PCROP_STATE_ENABLE)
 382:Drivers/STM32F4xx_HAL_Driver/Src/stm32f4xx_hal_flash_ex.c ****     {
 383:Drivers/STM32F4xx_HAL_Driver/Src/stm32f4xx_hal_flash_ex.c ****       /*Enable of Write protection on the selected Sector*/
 384:Drivers/STM32F4xx_HAL_Driver/Src/stm32f4xx_hal_flash_ex.c **** #if defined(STM32F401xC) || defined(STM32F401xE) || defined(STM32F410Tx) || defined(STM32F410Cx) ||
 385:Drivers/STM32F4xx_HAL_Driver/Src/stm32f4xx_hal_flash_ex.c ****     defined(STM32F411xE) || defined(STM32F446xx) || defined(STM32F412Zx) || defined(STM32F412Vx) ||
 386:Drivers/STM32F4xx_HAL_Driver/Src/stm32f4xx_hal_flash_ex.c ****     defined(STM32F412Cx) || defined(STM32F413xx) || defined(STM32F423xx)
 387:Drivers/STM32F4xx_HAL_Driver/Src/stm32f4xx_hal_flash_ex.c ****       status = FLASH_OB_EnablePCROP(pAdvOBInit->Sectors);
 388:Drivers/STM32F4xx_HAL_Driver/Src/stm32f4xx_hal_flash_ex.c **** #else  /* STM32F427xx || STM32F437xx || STM32F429xx|| STM32F439xx || STM32F469xx || STM32F479xx */
 389:Drivers/STM32F4xx_HAL_Driver/Src/stm32f4xx_hal_flash_ex.c ****       status = FLASH_OB_EnablePCROP(pAdvOBInit->SectorsBank1, pAdvOBInit->SectorsBank2, pAdvOBInit-
 390:Drivers/STM32F4xx_HAL_Driver/Src/stm32f4xx_hal_flash_ex.c **** #endif /* STM32F401xC || STM32F401xE || STM32F410xx || STM32F411xE || STM32F446xx || STM32F412Zx ||
 391:Drivers/STM32F4xx_HAL_Driver/Src/stm32f4xx_hal_flash_ex.c ****           STM32F413xx || STM32F423xx */
 392:Drivers/STM32F4xx_HAL_Driver/Src/stm32f4xx_hal_flash_ex.c ****     }
 393:Drivers/STM32F4xx_HAL_Driver/Src/stm32f4xx_hal_flash_ex.c ****     else
 394:Drivers/STM32F4xx_HAL_Driver/Src/stm32f4xx_hal_flash_ex.c ****     {
 395:Drivers/STM32F4xx_HAL_Driver/Src/stm32f4xx_hal_flash_ex.c ****       /*Disable of Write protection on the selected Sector*/
 396:Drivers/STM32F4xx_HAL_Driver/Src/stm32f4xx_hal_flash_ex.c **** #if defined(STM32F401xC) || defined(STM32F401xE) || defined(STM32F410Tx) || defined(STM32F410Cx) ||
 397:Drivers/STM32F4xx_HAL_Driver/Src/stm32f4xx_hal_flash_ex.c ****     defined(STM32F411xE) || defined(STM32F446xx) || defined(STM32F412Zx) || defined(STM32F412Vx) ||
 398:Drivers/STM32F4xx_HAL_Driver/Src/stm32f4xx_hal_flash_ex.c ****     defined(STM32F412Cx) || defined(STM32F413xx) || defined(STM32F423xx)
 399:Drivers/STM32F4xx_HAL_Driver/Src/stm32f4xx_hal_flash_ex.c ****       status = FLASH_OB_DisablePCROP(pAdvOBInit->Sectors);
 400:Drivers/STM32F4xx_HAL_Driver/Src/stm32f4xx_hal_flash_ex.c **** #else /* STM32F427xx || STM32F437xx || STM32F429xx|| STM32F439xx || STM32F469xx || STM32F479xx */
 401:Drivers/STM32F4xx_HAL_Driver/Src/stm32f4xx_hal_flash_ex.c ****       status = FLASH_OB_DisablePCROP(pAdvOBInit->SectorsBank1, pAdvOBInit->SectorsBank2, pAdvOBInit
 402:Drivers/STM32F4xx_HAL_Driver/Src/stm32f4xx_hal_flash_ex.c **** #endif /* STM32F401xC || STM32F401xE || STM32F410xx || STM32F411xE || STM32F446xx || STM32F412Zx ||
 403:Drivers/STM32F4xx_HAL_Driver/Src/stm32f4xx_hal_flash_ex.c ****           STM32F413xx || STM32F423xx */
 404:Drivers/STM32F4xx_HAL_Driver/Src/stm32f4xx_hal_flash_ex.c ****     }
 405:Drivers/STM32F4xx_HAL_Driver/Src/stm32f4xx_hal_flash_ex.c ****   }
 406:Drivers/STM32F4xx_HAL_Driver/Src/stm32f4xx_hal_flash_ex.c **** 
 407:Drivers/STM32F4xx_HAL_Driver/Src/stm32f4xx_hal_flash_ex.c **** #if defined(STM32F427xx) || defined(STM32F437xx) || defined(STM32F429xx) || defined(STM32F439xx) ||
 408:Drivers/STM32F4xx_HAL_Driver/Src/stm32f4xx_hal_flash_ex.c ****   /*Program BOOT config option byte*/
 409:Drivers/STM32F4xx_HAL_Driver/Src/stm32f4xx_hal_flash_ex.c ****   if (((pAdvOBInit->OptionType) & OPTIONBYTE_BOOTCONFIG) == OPTIONBYTE_BOOTCONFIG)
 410:Drivers/STM32F4xx_HAL_Driver/Src/stm32f4xx_hal_flash_ex.c ****   {
 411:Drivers/STM32F4xx_HAL_Driver/Src/stm32f4xx_hal_flash_ex.c ****     status = FLASH_OB_BootConfig(pAdvOBInit->BootConfig);
 412:Drivers/STM32F4xx_HAL_Driver/Src/stm32f4xx_hal_flash_ex.c ****   }
 413:Drivers/STM32F4xx_HAL_Driver/Src/stm32f4xx_hal_flash_ex.c **** #endif /* STM32F427xx || STM32F437xx || STM32F429xx || STM32F439xx || STM32F469xx || STM32F479xx */
 414:Drivers/STM32F4xx_HAL_Driver/Src/stm32f4xx_hal_flash_ex.c **** 
 415:Drivers/STM32F4xx_HAL_Driver/Src/stm32f4xx_hal_flash_ex.c ****   return status;
 416:Drivers/STM32F4xx_HAL_Driver/Src/stm32f4xx_hal_flash_ex.c **** }
 417:Drivers/STM32F4xx_HAL_Driver/Src/stm32f4xx_hal_flash_ex.c **** 
 418:Drivers/STM32F4xx_HAL_Driver/Src/stm32f4xx_hal_flash_ex.c **** /**
 419:Drivers/STM32F4xx_HAL_Driver/Src/stm32f4xx_hal_flash_ex.c ****   * @brief   Get the OBEX byte configuration
 420:Drivers/STM32F4xx_HAL_Driver/Src/stm32f4xx_hal_flash_ex.c ****   * @param  pAdvOBInit pointer to an FLASH_AdvOBProgramInitTypeDef structure that
 421:Drivers/STM32F4xx_HAL_Driver/Src/stm32f4xx_hal_flash_ex.c ****   *         contains the configuration information for the programming.
 422:Drivers/STM32F4xx_HAL_Driver/Src/stm32f4xx_hal_flash_ex.c ****   *
 423:Drivers/STM32F4xx_HAL_Driver/Src/stm32f4xx_hal_flash_ex.c ****   * @retval None
 424:Drivers/STM32F4xx_HAL_Driver/Src/stm32f4xx_hal_flash_ex.c ****   */
 425:Drivers/STM32F4xx_HAL_Driver/Src/stm32f4xx_hal_flash_ex.c **** void HAL_FLASHEx_AdvOBGetConfig(FLASH_AdvOBProgramInitTypeDef *pAdvOBInit)
 426:Drivers/STM32F4xx_HAL_Driver/Src/stm32f4xx_hal_flash_ex.c **** {
 427:Drivers/STM32F4xx_HAL_Driver/Src/stm32f4xx_hal_flash_ex.c **** #if defined(STM32F401xC) || defined(STM32F401xE) || defined(STM32F410Tx) || defined(STM32F410Cx) ||
 428:Drivers/STM32F4xx_HAL_Driver/Src/stm32f4xx_hal_flash_ex.c ****     defined(STM32F411xE) || defined(STM32F446xx) || defined(STM32F412Zx) || defined(STM32F412Vx) ||
 429:Drivers/STM32F4xx_HAL_Driver/Src/stm32f4xx_hal_flash_ex.c ****     defined(STM32F412Cx) || defined(STM32F413xx) || defined(STM32F423xx)
ARM GAS  C:\Users\techn\AppData\Local\Temp\cch1DoTg.s 			page 10


 430:Drivers/STM32F4xx_HAL_Driver/Src/stm32f4xx_hal_flash_ex.c ****   /*Get Sector*/
 431:Drivers/STM32F4xx_HAL_Driver/Src/stm32f4xx_hal_flash_ex.c ****   pAdvOBInit->Sectors = (*(__IO uint16_t *)(OPTCR_BYTE2_ADDRESS));
 432:Drivers/STM32F4xx_HAL_Driver/Src/stm32f4xx_hal_flash_ex.c **** #else  /* STM32F427xx || STM32F437xx || STM32F429xx|| STM32F439xx || STM32F469xx || STM32F479xx */
 433:Drivers/STM32F4xx_HAL_Driver/Src/stm32f4xx_hal_flash_ex.c ****   /*Get Sector for Bank1*/
 434:Drivers/STM32F4xx_HAL_Driver/Src/stm32f4xx_hal_flash_ex.c ****   pAdvOBInit->SectorsBank1 = (*(__IO uint16_t *)(OPTCR_BYTE2_ADDRESS));
 435:Drivers/STM32F4xx_HAL_Driver/Src/stm32f4xx_hal_flash_ex.c **** 
 436:Drivers/STM32F4xx_HAL_Driver/Src/stm32f4xx_hal_flash_ex.c ****   /*Get Sector for Bank2*/
 437:Drivers/STM32F4xx_HAL_Driver/Src/stm32f4xx_hal_flash_ex.c ****   pAdvOBInit->SectorsBank2 = (*(__IO uint16_t *)(OPTCR1_BYTE2_ADDRESS));
 438:Drivers/STM32F4xx_HAL_Driver/Src/stm32f4xx_hal_flash_ex.c **** 
 439:Drivers/STM32F4xx_HAL_Driver/Src/stm32f4xx_hal_flash_ex.c ****   /*Get Boot config OB*/
 440:Drivers/STM32F4xx_HAL_Driver/Src/stm32f4xx_hal_flash_ex.c ****   pAdvOBInit->BootConfig = *(__IO uint8_t *)OPTCR_BYTE0_ADDRESS;
 441:Drivers/STM32F4xx_HAL_Driver/Src/stm32f4xx_hal_flash_ex.c **** #endif /* STM32F401xC || STM32F401xE || STM32F410xx || STM32F411xE || STM32F446xx || STM32F412Zx ||
 442:Drivers/STM32F4xx_HAL_Driver/Src/stm32f4xx_hal_flash_ex.c ****           STM32F413xx || STM32F423xx */
 443:Drivers/STM32F4xx_HAL_Driver/Src/stm32f4xx_hal_flash_ex.c **** }
 444:Drivers/STM32F4xx_HAL_Driver/Src/stm32f4xx_hal_flash_ex.c **** 
 445:Drivers/STM32F4xx_HAL_Driver/Src/stm32f4xx_hal_flash_ex.c **** /**
 446:Drivers/STM32F4xx_HAL_Driver/Src/stm32f4xx_hal_flash_ex.c ****   * @brief  Select the Protection Mode
 447:Drivers/STM32F4xx_HAL_Driver/Src/stm32f4xx_hal_flash_ex.c ****   *
 448:Drivers/STM32F4xx_HAL_Driver/Src/stm32f4xx_hal_flash_ex.c ****   * @note   After PCROP activated Option Byte modification NOT POSSIBLE! excepted
 449:Drivers/STM32F4xx_HAL_Driver/Src/stm32f4xx_hal_flash_ex.c ****   *         Global Read Out Protection modification (from level1 to level0)
 450:Drivers/STM32F4xx_HAL_Driver/Src/stm32f4xx_hal_flash_ex.c ****   * @note   Once SPRMOD bit is active unprotection of a protected sector is not possible
 451:Drivers/STM32F4xx_HAL_Driver/Src/stm32f4xx_hal_flash_ex.c ****   * @note   Read a protected sector will set RDERR Flag and write a protected sector will set WRPER
 452:Drivers/STM32F4xx_HAL_Driver/Src/stm32f4xx_hal_flash_ex.c ****   * @note   This function can be used only for STM32F42xxx/STM32F43xxx/STM32F401xx/STM32F411xx/STM3
 453:Drivers/STM32F4xx_HAL_Driver/Src/stm32f4xx_hal_flash_ex.c ****   *         STM32F469xx/STM32F479xx/STM32F412xx/STM32F413xx devices.
 454:Drivers/STM32F4xx_HAL_Driver/Src/stm32f4xx_hal_flash_ex.c ****   *
 455:Drivers/STM32F4xx_HAL_Driver/Src/stm32f4xx_hal_flash_ex.c ****   * @retval HAL Status
 456:Drivers/STM32F4xx_HAL_Driver/Src/stm32f4xx_hal_flash_ex.c ****   */
 457:Drivers/STM32F4xx_HAL_Driver/Src/stm32f4xx_hal_flash_ex.c **** HAL_StatusTypeDef HAL_FLASHEx_OB_SelectPCROP(void)
 458:Drivers/STM32F4xx_HAL_Driver/Src/stm32f4xx_hal_flash_ex.c **** {
 459:Drivers/STM32F4xx_HAL_Driver/Src/stm32f4xx_hal_flash_ex.c ****   uint8_t optiontmp;
 460:Drivers/STM32F4xx_HAL_Driver/Src/stm32f4xx_hal_flash_ex.c **** 
 461:Drivers/STM32F4xx_HAL_Driver/Src/stm32f4xx_hal_flash_ex.c ****   /* Mask SPRMOD bit */
 462:Drivers/STM32F4xx_HAL_Driver/Src/stm32f4xx_hal_flash_ex.c ****   optiontmp = (uint8_t)((*(__IO uint8_t *)OPTCR_BYTE3_ADDRESS) & (uint8_t)0x7F);
 463:Drivers/STM32F4xx_HAL_Driver/Src/stm32f4xx_hal_flash_ex.c **** 
 464:Drivers/STM32F4xx_HAL_Driver/Src/stm32f4xx_hal_flash_ex.c ****   /* Update Option Byte */
 465:Drivers/STM32F4xx_HAL_Driver/Src/stm32f4xx_hal_flash_ex.c ****   *(__IO uint8_t *)OPTCR_BYTE3_ADDRESS = (uint8_t)(OB_PCROP_SELECTED | optiontmp);
 466:Drivers/STM32F4xx_HAL_Driver/Src/stm32f4xx_hal_flash_ex.c **** 
 467:Drivers/STM32F4xx_HAL_Driver/Src/stm32f4xx_hal_flash_ex.c ****   return HAL_OK;
 468:Drivers/STM32F4xx_HAL_Driver/Src/stm32f4xx_hal_flash_ex.c **** }
 469:Drivers/STM32F4xx_HAL_Driver/Src/stm32f4xx_hal_flash_ex.c **** 
 470:Drivers/STM32F4xx_HAL_Driver/Src/stm32f4xx_hal_flash_ex.c **** /**
 471:Drivers/STM32F4xx_HAL_Driver/Src/stm32f4xx_hal_flash_ex.c ****   * @brief  Deselect the Protection Mode
 472:Drivers/STM32F4xx_HAL_Driver/Src/stm32f4xx_hal_flash_ex.c ****   *
 473:Drivers/STM32F4xx_HAL_Driver/Src/stm32f4xx_hal_flash_ex.c ****   * @note   After PCROP activated Option Byte modification NOT POSSIBLE! excepted
 474:Drivers/STM32F4xx_HAL_Driver/Src/stm32f4xx_hal_flash_ex.c ****   *         Global Read Out Protection modification (from level1 to level0)
 475:Drivers/STM32F4xx_HAL_Driver/Src/stm32f4xx_hal_flash_ex.c ****   * @note   Once SPRMOD bit is active unprotection of a protected sector is not possible
 476:Drivers/STM32F4xx_HAL_Driver/Src/stm32f4xx_hal_flash_ex.c ****   * @note   Read a protected sector will set RDERR Flag and write a protected sector will set WRPER
 477:Drivers/STM32F4xx_HAL_Driver/Src/stm32f4xx_hal_flash_ex.c ****   * @note   This function can be used only for STM32F42xxx/STM32F43xxx/STM32F401xx/STM32F411xx/STM3
 478:Drivers/STM32F4xx_HAL_Driver/Src/stm32f4xx_hal_flash_ex.c ****   *         STM32F469xx/STM32F479xx/STM32F412xx/STM32F413xx devices.
 479:Drivers/STM32F4xx_HAL_Driver/Src/stm32f4xx_hal_flash_ex.c ****   *
 480:Drivers/STM32F4xx_HAL_Driver/Src/stm32f4xx_hal_flash_ex.c ****   * @retval HAL Status
 481:Drivers/STM32F4xx_HAL_Driver/Src/stm32f4xx_hal_flash_ex.c ****   */
 482:Drivers/STM32F4xx_HAL_Driver/Src/stm32f4xx_hal_flash_ex.c **** HAL_StatusTypeDef HAL_FLASHEx_OB_DeSelectPCROP(void)
 483:Drivers/STM32F4xx_HAL_Driver/Src/stm32f4xx_hal_flash_ex.c **** {
 484:Drivers/STM32F4xx_HAL_Driver/Src/stm32f4xx_hal_flash_ex.c ****   uint8_t optiontmp;
 485:Drivers/STM32F4xx_HAL_Driver/Src/stm32f4xx_hal_flash_ex.c **** 
 486:Drivers/STM32F4xx_HAL_Driver/Src/stm32f4xx_hal_flash_ex.c ****   /* Mask SPRMOD bit */
ARM GAS  C:\Users\techn\AppData\Local\Temp\cch1DoTg.s 			page 11


 487:Drivers/STM32F4xx_HAL_Driver/Src/stm32f4xx_hal_flash_ex.c ****   optiontmp = (uint8_t)((*(__IO uint8_t *)OPTCR_BYTE3_ADDRESS) & (uint8_t)0x7F);
 488:Drivers/STM32F4xx_HAL_Driver/Src/stm32f4xx_hal_flash_ex.c **** 
 489:Drivers/STM32F4xx_HAL_Driver/Src/stm32f4xx_hal_flash_ex.c ****   /* Update Option Byte */
 490:Drivers/STM32F4xx_HAL_Driver/Src/stm32f4xx_hal_flash_ex.c ****   *(__IO uint8_t *)OPTCR_BYTE3_ADDRESS = (uint8_t)(OB_PCROP_DESELECTED | optiontmp);
 491:Drivers/STM32F4xx_HAL_Driver/Src/stm32f4xx_hal_flash_ex.c **** 
 492:Drivers/STM32F4xx_HAL_Driver/Src/stm32f4xx_hal_flash_ex.c ****   return HAL_OK;
 493:Drivers/STM32F4xx_HAL_Driver/Src/stm32f4xx_hal_flash_ex.c **** }
 494:Drivers/STM32F4xx_HAL_Driver/Src/stm32f4xx_hal_flash_ex.c **** #endif /* STM32F427xx || STM32F437xx || STM32F429xx || STM32F439xx || STM32F401xC || STM32F401xE ||
 495:Drivers/STM32F4xx_HAL_Driver/Src/stm32f4xx_hal_flash_ex.c ****           STM32F411xE || STM32F469xx || STM32F479xx || STM32F412Zx || STM32F412Vx || STM32F412Rx ||
 496:Drivers/STM32F4xx_HAL_Driver/Src/stm32f4xx_hal_flash_ex.c ****           STM32F413xx || STM32F423xx */
 497:Drivers/STM32F4xx_HAL_Driver/Src/stm32f4xx_hal_flash_ex.c **** 
 498:Drivers/STM32F4xx_HAL_Driver/Src/stm32f4xx_hal_flash_ex.c **** #if defined(STM32F427xx) || defined(STM32F437xx) || defined(STM32F429xx)|| defined(STM32F439xx) || 
 499:Drivers/STM32F4xx_HAL_Driver/Src/stm32f4xx_hal_flash_ex.c **** /**
 500:Drivers/STM32F4xx_HAL_Driver/Src/stm32f4xx_hal_flash_ex.c ****   * @brief  Returns the FLASH Write Protection Option Bytes value for Bank 2
 501:Drivers/STM32F4xx_HAL_Driver/Src/stm32f4xx_hal_flash_ex.c ****   * @note   This function can be used only for STM32F42xxx/STM32F43xxx/STM32F469xx/STM32F479xx devi
 502:Drivers/STM32F4xx_HAL_Driver/Src/stm32f4xx_hal_flash_ex.c ****   * @retval The FLASH Write Protection  Option Bytes value
 503:Drivers/STM32F4xx_HAL_Driver/Src/stm32f4xx_hal_flash_ex.c ****   */
 504:Drivers/STM32F4xx_HAL_Driver/Src/stm32f4xx_hal_flash_ex.c **** uint16_t HAL_FLASHEx_OB_GetBank2WRP(void)
 505:Drivers/STM32F4xx_HAL_Driver/Src/stm32f4xx_hal_flash_ex.c **** {
 506:Drivers/STM32F4xx_HAL_Driver/Src/stm32f4xx_hal_flash_ex.c ****   /* Return the FLASH write protection Register value */
 507:Drivers/STM32F4xx_HAL_Driver/Src/stm32f4xx_hal_flash_ex.c ****   return (*(__IO uint16_t *)(OPTCR1_BYTE2_ADDRESS));
 508:Drivers/STM32F4xx_HAL_Driver/Src/stm32f4xx_hal_flash_ex.c **** }
 509:Drivers/STM32F4xx_HAL_Driver/Src/stm32f4xx_hal_flash_ex.c **** #endif /* STM32F427xx || STM32F437xx || STM32F429xx || STM32F439xx || STM32F469xx || STM32F479xx */
 510:Drivers/STM32F4xx_HAL_Driver/Src/stm32f4xx_hal_flash_ex.c **** 
 511:Drivers/STM32F4xx_HAL_Driver/Src/stm32f4xx_hal_flash_ex.c **** /**
 512:Drivers/STM32F4xx_HAL_Driver/Src/stm32f4xx_hal_flash_ex.c ****   * @}
 513:Drivers/STM32F4xx_HAL_Driver/Src/stm32f4xx_hal_flash_ex.c ****   */
 514:Drivers/STM32F4xx_HAL_Driver/Src/stm32f4xx_hal_flash_ex.c **** 
 515:Drivers/STM32F4xx_HAL_Driver/Src/stm32f4xx_hal_flash_ex.c **** #if defined(STM32F427xx) || defined(STM32F437xx) || defined(STM32F429xx) || defined(STM32F439xx) ||
 516:Drivers/STM32F4xx_HAL_Driver/Src/stm32f4xx_hal_flash_ex.c **** /**
 517:Drivers/STM32F4xx_HAL_Driver/Src/stm32f4xx_hal_flash_ex.c ****   * @brief  Full erase of FLASH memory sectors
 518:Drivers/STM32F4xx_HAL_Driver/Src/stm32f4xx_hal_flash_ex.c ****   * @param  VoltageRange The device voltage range which defines the erase parallelism.
 519:Drivers/STM32F4xx_HAL_Driver/Src/stm32f4xx_hal_flash_ex.c ****   *          This parameter can be one of the following values:
 520:Drivers/STM32F4xx_HAL_Driver/Src/stm32f4xx_hal_flash_ex.c ****   *            @arg FLASH_VOLTAGE_RANGE_1: when the device voltage range is 1.8V to 2.1V,
 521:Drivers/STM32F4xx_HAL_Driver/Src/stm32f4xx_hal_flash_ex.c ****   *                                  the operation will be done by byte (8-bit)
 522:Drivers/STM32F4xx_HAL_Driver/Src/stm32f4xx_hal_flash_ex.c ****   *            @arg FLASH_VOLTAGE_RANGE_2: when the device voltage range is 2.1V to 2.7V,
 523:Drivers/STM32F4xx_HAL_Driver/Src/stm32f4xx_hal_flash_ex.c ****   *                                  the operation will be done by half word (16-bit)
 524:Drivers/STM32F4xx_HAL_Driver/Src/stm32f4xx_hal_flash_ex.c ****   *            @arg FLASH_VOLTAGE_RANGE_3: when the device voltage range is 2.7V to 3.6V,
 525:Drivers/STM32F4xx_HAL_Driver/Src/stm32f4xx_hal_flash_ex.c ****   *                                  the operation will be done by word (32-bit)
 526:Drivers/STM32F4xx_HAL_Driver/Src/stm32f4xx_hal_flash_ex.c ****   *            @arg FLASH_VOLTAGE_RANGE_4: when the device voltage range is 2.7V to 3.6V + External
 527:Drivers/STM32F4xx_HAL_Driver/Src/stm32f4xx_hal_flash_ex.c ****   *                                  the operation will be done by double word (64-bit)
 528:Drivers/STM32F4xx_HAL_Driver/Src/stm32f4xx_hal_flash_ex.c ****   *
 529:Drivers/STM32F4xx_HAL_Driver/Src/stm32f4xx_hal_flash_ex.c ****   * @param  Banks Banks to be erased
 530:Drivers/STM32F4xx_HAL_Driver/Src/stm32f4xx_hal_flash_ex.c ****   *          This parameter can be one of the following values:
 531:Drivers/STM32F4xx_HAL_Driver/Src/stm32f4xx_hal_flash_ex.c ****   *            @arg FLASH_BANK_1: Bank1 to be erased
 532:Drivers/STM32F4xx_HAL_Driver/Src/stm32f4xx_hal_flash_ex.c ****   *            @arg FLASH_BANK_2: Bank2 to be erased
 533:Drivers/STM32F4xx_HAL_Driver/Src/stm32f4xx_hal_flash_ex.c ****   *            @arg FLASH_BANK_BOTH: Bank1 and Bank2 to be erased
 534:Drivers/STM32F4xx_HAL_Driver/Src/stm32f4xx_hal_flash_ex.c ****   *
 535:Drivers/STM32F4xx_HAL_Driver/Src/stm32f4xx_hal_flash_ex.c ****   * @retval HAL Status
 536:Drivers/STM32F4xx_HAL_Driver/Src/stm32f4xx_hal_flash_ex.c ****   */
 537:Drivers/STM32F4xx_HAL_Driver/Src/stm32f4xx_hal_flash_ex.c **** static void FLASH_MassErase(uint8_t VoltageRange, uint32_t Banks)
 538:Drivers/STM32F4xx_HAL_Driver/Src/stm32f4xx_hal_flash_ex.c **** {
 539:Drivers/STM32F4xx_HAL_Driver/Src/stm32f4xx_hal_flash_ex.c ****   /* Check the parameters */
 540:Drivers/STM32F4xx_HAL_Driver/Src/stm32f4xx_hal_flash_ex.c ****   assert_param(IS_VOLTAGERANGE(VoltageRange));
 541:Drivers/STM32F4xx_HAL_Driver/Src/stm32f4xx_hal_flash_ex.c ****   assert_param(IS_FLASH_BANK(Banks));
 542:Drivers/STM32F4xx_HAL_Driver/Src/stm32f4xx_hal_flash_ex.c **** 
 543:Drivers/STM32F4xx_HAL_Driver/Src/stm32f4xx_hal_flash_ex.c ****   /* if the previous operation is completed, proceed to erase all sectors */
ARM GAS  C:\Users\techn\AppData\Local\Temp\cch1DoTg.s 			page 12


 544:Drivers/STM32F4xx_HAL_Driver/Src/stm32f4xx_hal_flash_ex.c ****   CLEAR_BIT(FLASH->CR, FLASH_CR_PSIZE);
 545:Drivers/STM32F4xx_HAL_Driver/Src/stm32f4xx_hal_flash_ex.c **** 
 546:Drivers/STM32F4xx_HAL_Driver/Src/stm32f4xx_hal_flash_ex.c ****   if (Banks == FLASH_BANK_BOTH)
 547:Drivers/STM32F4xx_HAL_Driver/Src/stm32f4xx_hal_flash_ex.c ****   {
 548:Drivers/STM32F4xx_HAL_Driver/Src/stm32f4xx_hal_flash_ex.c ****     /* bank1 & bank2 will be erased*/
 549:Drivers/STM32F4xx_HAL_Driver/Src/stm32f4xx_hal_flash_ex.c ****     FLASH->CR |= FLASH_MER_BIT;
 550:Drivers/STM32F4xx_HAL_Driver/Src/stm32f4xx_hal_flash_ex.c ****   }
 551:Drivers/STM32F4xx_HAL_Driver/Src/stm32f4xx_hal_flash_ex.c ****   else if (Banks == FLASH_BANK_1)
 552:Drivers/STM32F4xx_HAL_Driver/Src/stm32f4xx_hal_flash_ex.c ****   {
 553:Drivers/STM32F4xx_HAL_Driver/Src/stm32f4xx_hal_flash_ex.c ****     /*Only bank1 will be erased*/
 554:Drivers/STM32F4xx_HAL_Driver/Src/stm32f4xx_hal_flash_ex.c ****     FLASH->CR |= FLASH_CR_MER1;
 555:Drivers/STM32F4xx_HAL_Driver/Src/stm32f4xx_hal_flash_ex.c ****   }
 556:Drivers/STM32F4xx_HAL_Driver/Src/stm32f4xx_hal_flash_ex.c ****   else
 557:Drivers/STM32F4xx_HAL_Driver/Src/stm32f4xx_hal_flash_ex.c ****   {
 558:Drivers/STM32F4xx_HAL_Driver/Src/stm32f4xx_hal_flash_ex.c ****     /*Only bank2 will be erased*/
 559:Drivers/STM32F4xx_HAL_Driver/Src/stm32f4xx_hal_flash_ex.c ****     FLASH->CR |= FLASH_CR_MER2;
 560:Drivers/STM32F4xx_HAL_Driver/Src/stm32f4xx_hal_flash_ex.c ****   }
 561:Drivers/STM32F4xx_HAL_Driver/Src/stm32f4xx_hal_flash_ex.c ****   FLASH->CR |= FLASH_CR_STRT | ((uint32_t)VoltageRange << 8U);
 562:Drivers/STM32F4xx_HAL_Driver/Src/stm32f4xx_hal_flash_ex.c **** }
 563:Drivers/STM32F4xx_HAL_Driver/Src/stm32f4xx_hal_flash_ex.c **** 
 564:Drivers/STM32F4xx_HAL_Driver/Src/stm32f4xx_hal_flash_ex.c **** /**
 565:Drivers/STM32F4xx_HAL_Driver/Src/stm32f4xx_hal_flash_ex.c ****   * @brief  Erase the specified FLASH memory sector
 566:Drivers/STM32F4xx_HAL_Driver/Src/stm32f4xx_hal_flash_ex.c ****   * @param  Sector FLASH sector to erase
 567:Drivers/STM32F4xx_HAL_Driver/Src/stm32f4xx_hal_flash_ex.c ****   *         The value of this parameter depend on device used within the same series
 568:Drivers/STM32F4xx_HAL_Driver/Src/stm32f4xx_hal_flash_ex.c ****   * @param  VoltageRange The device voltage range which defines the erase parallelism.
 569:Drivers/STM32F4xx_HAL_Driver/Src/stm32f4xx_hal_flash_ex.c ****   *          This parameter can be one of the following values:
 570:Drivers/STM32F4xx_HAL_Driver/Src/stm32f4xx_hal_flash_ex.c ****   *            @arg FLASH_VOLTAGE_RANGE_1: when the device voltage range is 1.8V to 2.1V,
 571:Drivers/STM32F4xx_HAL_Driver/Src/stm32f4xx_hal_flash_ex.c ****   *                                  the operation will be done by byte (8-bit)
 572:Drivers/STM32F4xx_HAL_Driver/Src/stm32f4xx_hal_flash_ex.c ****   *            @arg FLASH_VOLTAGE_RANGE_2: when the device voltage range is 2.1V to 2.7V,
 573:Drivers/STM32F4xx_HAL_Driver/Src/stm32f4xx_hal_flash_ex.c ****   *                                  the operation will be done by half word (16-bit)
 574:Drivers/STM32F4xx_HAL_Driver/Src/stm32f4xx_hal_flash_ex.c ****   *            @arg FLASH_VOLTAGE_RANGE_3: when the device voltage range is 2.7V to 3.6V,
 575:Drivers/STM32F4xx_HAL_Driver/Src/stm32f4xx_hal_flash_ex.c ****   *                                  the operation will be done by word (32-bit)
 576:Drivers/STM32F4xx_HAL_Driver/Src/stm32f4xx_hal_flash_ex.c ****   *            @arg FLASH_VOLTAGE_RANGE_4: when the device voltage range is 2.7V to 3.6V + External
 577:Drivers/STM32F4xx_HAL_Driver/Src/stm32f4xx_hal_flash_ex.c ****   *                                  the operation will be done by double word (64-bit)
 578:Drivers/STM32F4xx_HAL_Driver/Src/stm32f4xx_hal_flash_ex.c ****   *
 579:Drivers/STM32F4xx_HAL_Driver/Src/stm32f4xx_hal_flash_ex.c ****   * @retval None
 580:Drivers/STM32F4xx_HAL_Driver/Src/stm32f4xx_hal_flash_ex.c ****   */
 581:Drivers/STM32F4xx_HAL_Driver/Src/stm32f4xx_hal_flash_ex.c **** void FLASH_Erase_Sector(uint32_t Sector, uint8_t VoltageRange)
 582:Drivers/STM32F4xx_HAL_Driver/Src/stm32f4xx_hal_flash_ex.c **** {
 583:Drivers/STM32F4xx_HAL_Driver/Src/stm32f4xx_hal_flash_ex.c ****   uint32_t tmp_psize = 0U;
 584:Drivers/STM32F4xx_HAL_Driver/Src/stm32f4xx_hal_flash_ex.c **** 
 585:Drivers/STM32F4xx_HAL_Driver/Src/stm32f4xx_hal_flash_ex.c ****   /* Check the parameters */
 586:Drivers/STM32F4xx_HAL_Driver/Src/stm32f4xx_hal_flash_ex.c ****   assert_param(IS_FLASH_SECTOR(Sector));
 587:Drivers/STM32F4xx_HAL_Driver/Src/stm32f4xx_hal_flash_ex.c ****   assert_param(IS_VOLTAGERANGE(VoltageRange));
 588:Drivers/STM32F4xx_HAL_Driver/Src/stm32f4xx_hal_flash_ex.c **** 
 589:Drivers/STM32F4xx_HAL_Driver/Src/stm32f4xx_hal_flash_ex.c ****   if (VoltageRange == FLASH_VOLTAGE_RANGE_1)
 590:Drivers/STM32F4xx_HAL_Driver/Src/stm32f4xx_hal_flash_ex.c ****   {
 591:Drivers/STM32F4xx_HAL_Driver/Src/stm32f4xx_hal_flash_ex.c ****     tmp_psize = FLASH_PSIZE_BYTE;
 592:Drivers/STM32F4xx_HAL_Driver/Src/stm32f4xx_hal_flash_ex.c ****   }
 593:Drivers/STM32F4xx_HAL_Driver/Src/stm32f4xx_hal_flash_ex.c ****   else if (VoltageRange == FLASH_VOLTAGE_RANGE_2)
 594:Drivers/STM32F4xx_HAL_Driver/Src/stm32f4xx_hal_flash_ex.c ****   {
 595:Drivers/STM32F4xx_HAL_Driver/Src/stm32f4xx_hal_flash_ex.c ****     tmp_psize = FLASH_PSIZE_HALF_WORD;
 596:Drivers/STM32F4xx_HAL_Driver/Src/stm32f4xx_hal_flash_ex.c ****   }
 597:Drivers/STM32F4xx_HAL_Driver/Src/stm32f4xx_hal_flash_ex.c ****   else if (VoltageRange == FLASH_VOLTAGE_RANGE_3)
 598:Drivers/STM32F4xx_HAL_Driver/Src/stm32f4xx_hal_flash_ex.c ****   {
 599:Drivers/STM32F4xx_HAL_Driver/Src/stm32f4xx_hal_flash_ex.c ****     tmp_psize = FLASH_PSIZE_WORD;
 600:Drivers/STM32F4xx_HAL_Driver/Src/stm32f4xx_hal_flash_ex.c ****   }
ARM GAS  C:\Users\techn\AppData\Local\Temp\cch1DoTg.s 			page 13


 601:Drivers/STM32F4xx_HAL_Driver/Src/stm32f4xx_hal_flash_ex.c ****   else
 602:Drivers/STM32F4xx_HAL_Driver/Src/stm32f4xx_hal_flash_ex.c ****   {
 603:Drivers/STM32F4xx_HAL_Driver/Src/stm32f4xx_hal_flash_ex.c ****     tmp_psize = FLASH_PSIZE_DOUBLE_WORD;
 604:Drivers/STM32F4xx_HAL_Driver/Src/stm32f4xx_hal_flash_ex.c ****   }
 605:Drivers/STM32F4xx_HAL_Driver/Src/stm32f4xx_hal_flash_ex.c **** 
 606:Drivers/STM32F4xx_HAL_Driver/Src/stm32f4xx_hal_flash_ex.c ****   /* Need to add offset of 4 when sector higher than FLASH_SECTOR_11 */
 607:Drivers/STM32F4xx_HAL_Driver/Src/stm32f4xx_hal_flash_ex.c ****   if (Sector > FLASH_SECTOR_11)
 608:Drivers/STM32F4xx_HAL_Driver/Src/stm32f4xx_hal_flash_ex.c ****   {
 609:Drivers/STM32F4xx_HAL_Driver/Src/stm32f4xx_hal_flash_ex.c ****     Sector += 4U;
 610:Drivers/STM32F4xx_HAL_Driver/Src/stm32f4xx_hal_flash_ex.c ****   }
 611:Drivers/STM32F4xx_HAL_Driver/Src/stm32f4xx_hal_flash_ex.c ****   /* If the previous operation is completed, proceed to erase the sector */
 612:Drivers/STM32F4xx_HAL_Driver/Src/stm32f4xx_hal_flash_ex.c ****   CLEAR_BIT(FLASH->CR, FLASH_CR_PSIZE);
 613:Drivers/STM32F4xx_HAL_Driver/Src/stm32f4xx_hal_flash_ex.c ****   FLASH->CR |= tmp_psize;
 614:Drivers/STM32F4xx_HAL_Driver/Src/stm32f4xx_hal_flash_ex.c ****   CLEAR_BIT(FLASH->CR, FLASH_CR_SNB);
 615:Drivers/STM32F4xx_HAL_Driver/Src/stm32f4xx_hal_flash_ex.c ****   FLASH->CR |= FLASH_CR_SER | (Sector << FLASH_CR_SNB_Pos);
 616:Drivers/STM32F4xx_HAL_Driver/Src/stm32f4xx_hal_flash_ex.c ****   FLASH->CR |= FLASH_CR_STRT;
 617:Drivers/STM32F4xx_HAL_Driver/Src/stm32f4xx_hal_flash_ex.c **** }
 618:Drivers/STM32F4xx_HAL_Driver/Src/stm32f4xx_hal_flash_ex.c **** 
 619:Drivers/STM32F4xx_HAL_Driver/Src/stm32f4xx_hal_flash_ex.c **** /**
 620:Drivers/STM32F4xx_HAL_Driver/Src/stm32f4xx_hal_flash_ex.c ****   * @brief  Enable the write protection of the desired bank1 or bank 2 sectors
 621:Drivers/STM32F4xx_HAL_Driver/Src/stm32f4xx_hal_flash_ex.c ****   *
 622:Drivers/STM32F4xx_HAL_Driver/Src/stm32f4xx_hal_flash_ex.c ****   * @note   When the memory read protection level is selected (RDP level = 1),
 623:Drivers/STM32F4xx_HAL_Driver/Src/stm32f4xx_hal_flash_ex.c ****   *         it is not possible to program or erase the flash sector i if CortexM4
 624:Drivers/STM32F4xx_HAL_Driver/Src/stm32f4xx_hal_flash_ex.c ****   *         debug features are connected or boot code is executed in RAM, even if nWRPi = 1
 625:Drivers/STM32F4xx_HAL_Driver/Src/stm32f4xx_hal_flash_ex.c ****   * @note   Active value of nWRPi bits is inverted when PCROP mode is active (SPRMOD =1).
 626:Drivers/STM32F4xx_HAL_Driver/Src/stm32f4xx_hal_flash_ex.c ****   *
 627:Drivers/STM32F4xx_HAL_Driver/Src/stm32f4xx_hal_flash_ex.c ****   * @param  WRPSector specifies the sector(s) to be write protected.
 628:Drivers/STM32F4xx_HAL_Driver/Src/stm32f4xx_hal_flash_ex.c ****   *          This parameter can be one of the following values:
 629:Drivers/STM32F4xx_HAL_Driver/Src/stm32f4xx_hal_flash_ex.c ****   *            @arg WRPSector: A value between OB_WRP_SECTOR_0 and OB_WRP_SECTOR_23
 630:Drivers/STM32F4xx_HAL_Driver/Src/stm32f4xx_hal_flash_ex.c ****   *            @arg OB_WRP_SECTOR_All
 631:Drivers/STM32F4xx_HAL_Driver/Src/stm32f4xx_hal_flash_ex.c ****   * @note   BANK2 starts from OB_WRP_SECTOR_12
 632:Drivers/STM32F4xx_HAL_Driver/Src/stm32f4xx_hal_flash_ex.c ****   *
 633:Drivers/STM32F4xx_HAL_Driver/Src/stm32f4xx_hal_flash_ex.c ****   * @param  Banks Enable write protection on all the sectors for the specific bank
 634:Drivers/STM32F4xx_HAL_Driver/Src/stm32f4xx_hal_flash_ex.c ****   *          This parameter can be one of the following values:
 635:Drivers/STM32F4xx_HAL_Driver/Src/stm32f4xx_hal_flash_ex.c ****   *            @arg FLASH_BANK_1: WRP on all sectors of bank1
 636:Drivers/STM32F4xx_HAL_Driver/Src/stm32f4xx_hal_flash_ex.c ****   *            @arg FLASH_BANK_2: WRP on all sectors of bank2
 637:Drivers/STM32F4xx_HAL_Driver/Src/stm32f4xx_hal_flash_ex.c ****   *            @arg FLASH_BANK_BOTH: WRP on all sectors of bank1 & bank2
 638:Drivers/STM32F4xx_HAL_Driver/Src/stm32f4xx_hal_flash_ex.c ****   *
 639:Drivers/STM32F4xx_HAL_Driver/Src/stm32f4xx_hal_flash_ex.c ****   * @retval HAL FLASH State
 640:Drivers/STM32F4xx_HAL_Driver/Src/stm32f4xx_hal_flash_ex.c ****   */
 641:Drivers/STM32F4xx_HAL_Driver/Src/stm32f4xx_hal_flash_ex.c **** static HAL_StatusTypeDef FLASH_OB_EnableWRP(uint32_t WRPSector, uint32_t Banks)
 642:Drivers/STM32F4xx_HAL_Driver/Src/stm32f4xx_hal_flash_ex.c **** {
 643:Drivers/STM32F4xx_HAL_Driver/Src/stm32f4xx_hal_flash_ex.c ****   HAL_StatusTypeDef status = HAL_OK;
 644:Drivers/STM32F4xx_HAL_Driver/Src/stm32f4xx_hal_flash_ex.c **** 
 645:Drivers/STM32F4xx_HAL_Driver/Src/stm32f4xx_hal_flash_ex.c ****   /* Check the parameters */
 646:Drivers/STM32F4xx_HAL_Driver/Src/stm32f4xx_hal_flash_ex.c ****   assert_param(IS_OB_WRP_SECTOR(WRPSector));
 647:Drivers/STM32F4xx_HAL_Driver/Src/stm32f4xx_hal_flash_ex.c ****   assert_param(IS_FLASH_BANK(Banks));
 648:Drivers/STM32F4xx_HAL_Driver/Src/stm32f4xx_hal_flash_ex.c **** 
 649:Drivers/STM32F4xx_HAL_Driver/Src/stm32f4xx_hal_flash_ex.c ****   /* Wait for last operation to be completed */
 650:Drivers/STM32F4xx_HAL_Driver/Src/stm32f4xx_hal_flash_ex.c ****   status = FLASH_WaitForLastOperation((uint32_t)FLASH_TIMEOUT_VALUE);
 651:Drivers/STM32F4xx_HAL_Driver/Src/stm32f4xx_hal_flash_ex.c **** 
 652:Drivers/STM32F4xx_HAL_Driver/Src/stm32f4xx_hal_flash_ex.c ****   if (status == HAL_OK)
 653:Drivers/STM32F4xx_HAL_Driver/Src/stm32f4xx_hal_flash_ex.c ****   {
 654:Drivers/STM32F4xx_HAL_Driver/Src/stm32f4xx_hal_flash_ex.c ****     if (((WRPSector == OB_WRP_SECTOR_All) && ((Banks == FLASH_BANK_1) || (Banks == FLASH_BANK_BOTH)
 655:Drivers/STM32F4xx_HAL_Driver/Src/stm32f4xx_hal_flash_ex.c ****         (WRPSector < OB_WRP_SECTOR_12))
 656:Drivers/STM32F4xx_HAL_Driver/Src/stm32f4xx_hal_flash_ex.c ****     {
 657:Drivers/STM32F4xx_HAL_Driver/Src/stm32f4xx_hal_flash_ex.c ****       if (WRPSector == OB_WRP_SECTOR_All)
ARM GAS  C:\Users\techn\AppData\Local\Temp\cch1DoTg.s 			page 14


 658:Drivers/STM32F4xx_HAL_Driver/Src/stm32f4xx_hal_flash_ex.c ****       {
 659:Drivers/STM32F4xx_HAL_Driver/Src/stm32f4xx_hal_flash_ex.c ****         /*Write protection on all sector of BANK1*/
 660:Drivers/STM32F4xx_HAL_Driver/Src/stm32f4xx_hal_flash_ex.c ****         *(__IO uint16_t *)OPTCR_BYTE2_ADDRESS &= (~(WRPSector >> 12));
 661:Drivers/STM32F4xx_HAL_Driver/Src/stm32f4xx_hal_flash_ex.c ****       }
 662:Drivers/STM32F4xx_HAL_Driver/Src/stm32f4xx_hal_flash_ex.c ****       else
 663:Drivers/STM32F4xx_HAL_Driver/Src/stm32f4xx_hal_flash_ex.c ****       {
 664:Drivers/STM32F4xx_HAL_Driver/Src/stm32f4xx_hal_flash_ex.c ****         /*Write protection done on sectors of BANK1*/
 665:Drivers/STM32F4xx_HAL_Driver/Src/stm32f4xx_hal_flash_ex.c ****         *(__IO uint16_t *)OPTCR_BYTE2_ADDRESS &= (~WRPSector);
 666:Drivers/STM32F4xx_HAL_Driver/Src/stm32f4xx_hal_flash_ex.c ****       }
 667:Drivers/STM32F4xx_HAL_Driver/Src/stm32f4xx_hal_flash_ex.c ****     }
 668:Drivers/STM32F4xx_HAL_Driver/Src/stm32f4xx_hal_flash_ex.c ****     else
 669:Drivers/STM32F4xx_HAL_Driver/Src/stm32f4xx_hal_flash_ex.c ****     {
 670:Drivers/STM32F4xx_HAL_Driver/Src/stm32f4xx_hal_flash_ex.c ****       /*Write protection done on sectors of BANK2*/
 671:Drivers/STM32F4xx_HAL_Driver/Src/stm32f4xx_hal_flash_ex.c ****       *(__IO uint16_t *)OPTCR1_BYTE2_ADDRESS &= (~(WRPSector >> 12));
 672:Drivers/STM32F4xx_HAL_Driver/Src/stm32f4xx_hal_flash_ex.c ****     }
 673:Drivers/STM32F4xx_HAL_Driver/Src/stm32f4xx_hal_flash_ex.c **** 
 674:Drivers/STM32F4xx_HAL_Driver/Src/stm32f4xx_hal_flash_ex.c ****     /*Write protection on all sector of BANK2*/
 675:Drivers/STM32F4xx_HAL_Driver/Src/stm32f4xx_hal_flash_ex.c ****     if ((WRPSector == OB_WRP_SECTOR_All) && (Banks == FLASH_BANK_BOTH))
 676:Drivers/STM32F4xx_HAL_Driver/Src/stm32f4xx_hal_flash_ex.c ****     {
 677:Drivers/STM32F4xx_HAL_Driver/Src/stm32f4xx_hal_flash_ex.c ****       /* Wait for last operation to be completed */
 678:Drivers/STM32F4xx_HAL_Driver/Src/stm32f4xx_hal_flash_ex.c ****       status = FLASH_WaitForLastOperation((uint32_t)FLASH_TIMEOUT_VALUE);
 679:Drivers/STM32F4xx_HAL_Driver/Src/stm32f4xx_hal_flash_ex.c **** 
 680:Drivers/STM32F4xx_HAL_Driver/Src/stm32f4xx_hal_flash_ex.c ****       if (status == HAL_OK)
 681:Drivers/STM32F4xx_HAL_Driver/Src/stm32f4xx_hal_flash_ex.c ****       {
 682:Drivers/STM32F4xx_HAL_Driver/Src/stm32f4xx_hal_flash_ex.c ****         *(__IO uint16_t *)OPTCR1_BYTE2_ADDRESS &= (~(WRPSector >> 12));
 683:Drivers/STM32F4xx_HAL_Driver/Src/stm32f4xx_hal_flash_ex.c ****       }
 684:Drivers/STM32F4xx_HAL_Driver/Src/stm32f4xx_hal_flash_ex.c ****     }
 685:Drivers/STM32F4xx_HAL_Driver/Src/stm32f4xx_hal_flash_ex.c **** 
 686:Drivers/STM32F4xx_HAL_Driver/Src/stm32f4xx_hal_flash_ex.c ****   }
 687:Drivers/STM32F4xx_HAL_Driver/Src/stm32f4xx_hal_flash_ex.c ****   return status;
 688:Drivers/STM32F4xx_HAL_Driver/Src/stm32f4xx_hal_flash_ex.c **** }
 689:Drivers/STM32F4xx_HAL_Driver/Src/stm32f4xx_hal_flash_ex.c **** 
 690:Drivers/STM32F4xx_HAL_Driver/Src/stm32f4xx_hal_flash_ex.c **** /**
 691:Drivers/STM32F4xx_HAL_Driver/Src/stm32f4xx_hal_flash_ex.c ****   * @brief  Disable the write protection of the desired bank1 or bank 2 sectors
 692:Drivers/STM32F4xx_HAL_Driver/Src/stm32f4xx_hal_flash_ex.c ****   *
 693:Drivers/STM32F4xx_HAL_Driver/Src/stm32f4xx_hal_flash_ex.c ****   * @note   When the memory read protection level is selected (RDP level = 1),
 694:Drivers/STM32F4xx_HAL_Driver/Src/stm32f4xx_hal_flash_ex.c ****   *         it is not possible to program or erase the flash sector i if CortexM4
 695:Drivers/STM32F4xx_HAL_Driver/Src/stm32f4xx_hal_flash_ex.c ****   *         debug features are connected or boot code is executed in RAM, even if nWRPi = 1
 696:Drivers/STM32F4xx_HAL_Driver/Src/stm32f4xx_hal_flash_ex.c ****   * @note   Active value of nWRPi bits is inverted when PCROP mode is active (SPRMOD =1).
 697:Drivers/STM32F4xx_HAL_Driver/Src/stm32f4xx_hal_flash_ex.c ****   *
 698:Drivers/STM32F4xx_HAL_Driver/Src/stm32f4xx_hal_flash_ex.c ****   * @param  WRPSector specifies the sector(s) to be write protected.
 699:Drivers/STM32F4xx_HAL_Driver/Src/stm32f4xx_hal_flash_ex.c ****   *          This parameter can be one of the following values:
 700:Drivers/STM32F4xx_HAL_Driver/Src/stm32f4xx_hal_flash_ex.c ****   *            @arg WRPSector: A value between OB_WRP_SECTOR_0 and OB_WRP_SECTOR_23
 701:Drivers/STM32F4xx_HAL_Driver/Src/stm32f4xx_hal_flash_ex.c ****   *            @arg OB_WRP_Sector_All
 702:Drivers/STM32F4xx_HAL_Driver/Src/stm32f4xx_hal_flash_ex.c ****   * @note   BANK2 starts from OB_WRP_SECTOR_12
 703:Drivers/STM32F4xx_HAL_Driver/Src/stm32f4xx_hal_flash_ex.c ****   *
 704:Drivers/STM32F4xx_HAL_Driver/Src/stm32f4xx_hal_flash_ex.c ****   * @param  Banks Disable write protection on all the sectors for the specific bank
 705:Drivers/STM32F4xx_HAL_Driver/Src/stm32f4xx_hal_flash_ex.c ****   *          This parameter can be one of the following values:
 706:Drivers/STM32F4xx_HAL_Driver/Src/stm32f4xx_hal_flash_ex.c ****   *            @arg FLASH_BANK_1: Bank1 to be erased
 707:Drivers/STM32F4xx_HAL_Driver/Src/stm32f4xx_hal_flash_ex.c ****   *            @arg FLASH_BANK_2: Bank2 to be erased
 708:Drivers/STM32F4xx_HAL_Driver/Src/stm32f4xx_hal_flash_ex.c ****   *            @arg FLASH_BANK_BOTH: Bank1 and Bank2 to be erased
 709:Drivers/STM32F4xx_HAL_Driver/Src/stm32f4xx_hal_flash_ex.c ****   *
 710:Drivers/STM32F4xx_HAL_Driver/Src/stm32f4xx_hal_flash_ex.c ****   * @retval HAL Status
 711:Drivers/STM32F4xx_HAL_Driver/Src/stm32f4xx_hal_flash_ex.c ****   */
 712:Drivers/STM32F4xx_HAL_Driver/Src/stm32f4xx_hal_flash_ex.c **** static HAL_StatusTypeDef FLASH_OB_DisableWRP(uint32_t WRPSector, uint32_t Banks)
 713:Drivers/STM32F4xx_HAL_Driver/Src/stm32f4xx_hal_flash_ex.c **** {
 714:Drivers/STM32F4xx_HAL_Driver/Src/stm32f4xx_hal_flash_ex.c ****   HAL_StatusTypeDef status = HAL_OK;
ARM GAS  C:\Users\techn\AppData\Local\Temp\cch1DoTg.s 			page 15


 715:Drivers/STM32F4xx_HAL_Driver/Src/stm32f4xx_hal_flash_ex.c **** 
 716:Drivers/STM32F4xx_HAL_Driver/Src/stm32f4xx_hal_flash_ex.c ****   /* Check the parameters */
 717:Drivers/STM32F4xx_HAL_Driver/Src/stm32f4xx_hal_flash_ex.c ****   assert_param(IS_OB_WRP_SECTOR(WRPSector));
 718:Drivers/STM32F4xx_HAL_Driver/Src/stm32f4xx_hal_flash_ex.c ****   assert_param(IS_FLASH_BANK(Banks));
 719:Drivers/STM32F4xx_HAL_Driver/Src/stm32f4xx_hal_flash_ex.c **** 
 720:Drivers/STM32F4xx_HAL_Driver/Src/stm32f4xx_hal_flash_ex.c ****   /* Wait for last operation to be completed */
 721:Drivers/STM32F4xx_HAL_Driver/Src/stm32f4xx_hal_flash_ex.c ****   status = FLASH_WaitForLastOperation((uint32_t)FLASH_TIMEOUT_VALUE);
 722:Drivers/STM32F4xx_HAL_Driver/Src/stm32f4xx_hal_flash_ex.c **** 
 723:Drivers/STM32F4xx_HAL_Driver/Src/stm32f4xx_hal_flash_ex.c ****   if (status == HAL_OK)
 724:Drivers/STM32F4xx_HAL_Driver/Src/stm32f4xx_hal_flash_ex.c ****   {
 725:Drivers/STM32F4xx_HAL_Driver/Src/stm32f4xx_hal_flash_ex.c ****     if (((WRPSector == OB_WRP_SECTOR_All) && ((Banks == FLASH_BANK_1) || (Banks == FLASH_BANK_BOTH)
 726:Drivers/STM32F4xx_HAL_Driver/Src/stm32f4xx_hal_flash_ex.c ****         (WRPSector < OB_WRP_SECTOR_12))
 727:Drivers/STM32F4xx_HAL_Driver/Src/stm32f4xx_hal_flash_ex.c ****     {
 728:Drivers/STM32F4xx_HAL_Driver/Src/stm32f4xx_hal_flash_ex.c ****       if (WRPSector == OB_WRP_SECTOR_All)
 729:Drivers/STM32F4xx_HAL_Driver/Src/stm32f4xx_hal_flash_ex.c ****       {
 730:Drivers/STM32F4xx_HAL_Driver/Src/stm32f4xx_hal_flash_ex.c ****         /*Write protection on all sector of BANK1*/
 731:Drivers/STM32F4xx_HAL_Driver/Src/stm32f4xx_hal_flash_ex.c ****         *(__IO uint16_t *)OPTCR_BYTE2_ADDRESS |= (uint16_t)(WRPSector >> 12);
 732:Drivers/STM32F4xx_HAL_Driver/Src/stm32f4xx_hal_flash_ex.c ****       }
 733:Drivers/STM32F4xx_HAL_Driver/Src/stm32f4xx_hal_flash_ex.c ****       else
 734:Drivers/STM32F4xx_HAL_Driver/Src/stm32f4xx_hal_flash_ex.c ****       {
 735:Drivers/STM32F4xx_HAL_Driver/Src/stm32f4xx_hal_flash_ex.c ****         /*Write protection done on sectors of BANK1*/
 736:Drivers/STM32F4xx_HAL_Driver/Src/stm32f4xx_hal_flash_ex.c ****         *(__IO uint16_t *)OPTCR_BYTE2_ADDRESS |= (uint16_t)WRPSector;
 737:Drivers/STM32F4xx_HAL_Driver/Src/stm32f4xx_hal_flash_ex.c ****       }
 738:Drivers/STM32F4xx_HAL_Driver/Src/stm32f4xx_hal_flash_ex.c ****     }
 739:Drivers/STM32F4xx_HAL_Driver/Src/stm32f4xx_hal_flash_ex.c ****     else
 740:Drivers/STM32F4xx_HAL_Driver/Src/stm32f4xx_hal_flash_ex.c ****     {
 741:Drivers/STM32F4xx_HAL_Driver/Src/stm32f4xx_hal_flash_ex.c ****       /*Write protection done on sectors of BANK2*/
 742:Drivers/STM32F4xx_HAL_Driver/Src/stm32f4xx_hal_flash_ex.c ****       *(__IO uint16_t *)OPTCR1_BYTE2_ADDRESS |= (uint16_t)(WRPSector >> 12);
 743:Drivers/STM32F4xx_HAL_Driver/Src/stm32f4xx_hal_flash_ex.c ****     }
 744:Drivers/STM32F4xx_HAL_Driver/Src/stm32f4xx_hal_flash_ex.c **** 
 745:Drivers/STM32F4xx_HAL_Driver/Src/stm32f4xx_hal_flash_ex.c ****     /*Write protection on all sector  of BANK2*/
 746:Drivers/STM32F4xx_HAL_Driver/Src/stm32f4xx_hal_flash_ex.c ****     if ((WRPSector == OB_WRP_SECTOR_All) && (Banks == FLASH_BANK_BOTH))
 747:Drivers/STM32F4xx_HAL_Driver/Src/stm32f4xx_hal_flash_ex.c ****     {
 748:Drivers/STM32F4xx_HAL_Driver/Src/stm32f4xx_hal_flash_ex.c ****       /* Wait for last operation to be completed */
 749:Drivers/STM32F4xx_HAL_Driver/Src/stm32f4xx_hal_flash_ex.c ****       status = FLASH_WaitForLastOperation((uint32_t)FLASH_TIMEOUT_VALUE);
 750:Drivers/STM32F4xx_HAL_Driver/Src/stm32f4xx_hal_flash_ex.c **** 
 751:Drivers/STM32F4xx_HAL_Driver/Src/stm32f4xx_hal_flash_ex.c ****       if (status == HAL_OK)
 752:Drivers/STM32F4xx_HAL_Driver/Src/stm32f4xx_hal_flash_ex.c ****       {
 753:Drivers/STM32F4xx_HAL_Driver/Src/stm32f4xx_hal_flash_ex.c ****         *(__IO uint16_t *)OPTCR1_BYTE2_ADDRESS |= (uint16_t)(WRPSector >> 12);
 754:Drivers/STM32F4xx_HAL_Driver/Src/stm32f4xx_hal_flash_ex.c ****       }
 755:Drivers/STM32F4xx_HAL_Driver/Src/stm32f4xx_hal_flash_ex.c ****     }
 756:Drivers/STM32F4xx_HAL_Driver/Src/stm32f4xx_hal_flash_ex.c **** 
 757:Drivers/STM32F4xx_HAL_Driver/Src/stm32f4xx_hal_flash_ex.c ****   }
 758:Drivers/STM32F4xx_HAL_Driver/Src/stm32f4xx_hal_flash_ex.c **** 
 759:Drivers/STM32F4xx_HAL_Driver/Src/stm32f4xx_hal_flash_ex.c ****   return status;
 760:Drivers/STM32F4xx_HAL_Driver/Src/stm32f4xx_hal_flash_ex.c **** }
 761:Drivers/STM32F4xx_HAL_Driver/Src/stm32f4xx_hal_flash_ex.c **** 
 762:Drivers/STM32F4xx_HAL_Driver/Src/stm32f4xx_hal_flash_ex.c **** /**
 763:Drivers/STM32F4xx_HAL_Driver/Src/stm32f4xx_hal_flash_ex.c ****   * @brief  Configure the Dual Bank Boot.
 764:Drivers/STM32F4xx_HAL_Driver/Src/stm32f4xx_hal_flash_ex.c ****   *
 765:Drivers/STM32F4xx_HAL_Driver/Src/stm32f4xx_hal_flash_ex.c ****   * @note   This function can be used only for STM32F42xxx/43xxx devices.
 766:Drivers/STM32F4xx_HAL_Driver/Src/stm32f4xx_hal_flash_ex.c ****   *
 767:Drivers/STM32F4xx_HAL_Driver/Src/stm32f4xx_hal_flash_ex.c ****   * @param  BootConfig specifies the Dual Bank Boot Option byte.
 768:Drivers/STM32F4xx_HAL_Driver/Src/stm32f4xx_hal_flash_ex.c ****   *          This parameter can be one of the following values:
 769:Drivers/STM32F4xx_HAL_Driver/Src/stm32f4xx_hal_flash_ex.c ****   *            @arg OB_Dual_BootEnabled: Dual Bank Boot Enable
 770:Drivers/STM32F4xx_HAL_Driver/Src/stm32f4xx_hal_flash_ex.c ****   *            @arg OB_Dual_BootDisabled: Dual Bank Boot Disabled
 771:Drivers/STM32F4xx_HAL_Driver/Src/stm32f4xx_hal_flash_ex.c ****   * @retval None
ARM GAS  C:\Users\techn\AppData\Local\Temp\cch1DoTg.s 			page 16


 772:Drivers/STM32F4xx_HAL_Driver/Src/stm32f4xx_hal_flash_ex.c ****   */
 773:Drivers/STM32F4xx_HAL_Driver/Src/stm32f4xx_hal_flash_ex.c **** static HAL_StatusTypeDef FLASH_OB_BootConfig(uint8_t BootConfig)
 774:Drivers/STM32F4xx_HAL_Driver/Src/stm32f4xx_hal_flash_ex.c **** {
 775:Drivers/STM32F4xx_HAL_Driver/Src/stm32f4xx_hal_flash_ex.c ****   HAL_StatusTypeDef status = HAL_OK;
 776:Drivers/STM32F4xx_HAL_Driver/Src/stm32f4xx_hal_flash_ex.c **** 
 777:Drivers/STM32F4xx_HAL_Driver/Src/stm32f4xx_hal_flash_ex.c ****   /* Check the parameters */
 778:Drivers/STM32F4xx_HAL_Driver/Src/stm32f4xx_hal_flash_ex.c ****   assert_param(IS_OB_BOOT(BootConfig));
 779:Drivers/STM32F4xx_HAL_Driver/Src/stm32f4xx_hal_flash_ex.c **** 
 780:Drivers/STM32F4xx_HAL_Driver/Src/stm32f4xx_hal_flash_ex.c ****   /* Wait for last operation to be completed */
 781:Drivers/STM32F4xx_HAL_Driver/Src/stm32f4xx_hal_flash_ex.c ****   status = FLASH_WaitForLastOperation((uint32_t)FLASH_TIMEOUT_VALUE);
 782:Drivers/STM32F4xx_HAL_Driver/Src/stm32f4xx_hal_flash_ex.c **** 
 783:Drivers/STM32F4xx_HAL_Driver/Src/stm32f4xx_hal_flash_ex.c ****   if (status == HAL_OK)
 784:Drivers/STM32F4xx_HAL_Driver/Src/stm32f4xx_hal_flash_ex.c ****   {
 785:Drivers/STM32F4xx_HAL_Driver/Src/stm32f4xx_hal_flash_ex.c ****     /* Set Dual Bank Boot */
 786:Drivers/STM32F4xx_HAL_Driver/Src/stm32f4xx_hal_flash_ex.c ****     *(__IO uint8_t *)OPTCR_BYTE0_ADDRESS &= (~FLASH_OPTCR_BFB2);
 787:Drivers/STM32F4xx_HAL_Driver/Src/stm32f4xx_hal_flash_ex.c ****     *(__IO uint8_t *)OPTCR_BYTE0_ADDRESS |= BootConfig;
 788:Drivers/STM32F4xx_HAL_Driver/Src/stm32f4xx_hal_flash_ex.c ****   }
 789:Drivers/STM32F4xx_HAL_Driver/Src/stm32f4xx_hal_flash_ex.c **** 
 790:Drivers/STM32F4xx_HAL_Driver/Src/stm32f4xx_hal_flash_ex.c ****   return status;
 791:Drivers/STM32F4xx_HAL_Driver/Src/stm32f4xx_hal_flash_ex.c **** }
 792:Drivers/STM32F4xx_HAL_Driver/Src/stm32f4xx_hal_flash_ex.c **** 
 793:Drivers/STM32F4xx_HAL_Driver/Src/stm32f4xx_hal_flash_ex.c **** /**
 794:Drivers/STM32F4xx_HAL_Driver/Src/stm32f4xx_hal_flash_ex.c ****   * @brief  Enable the read/write protection (PCROP) of the desired
 795:Drivers/STM32F4xx_HAL_Driver/Src/stm32f4xx_hal_flash_ex.c ****   *         sectors of Bank 1 and/or Bank 2.
 796:Drivers/STM32F4xx_HAL_Driver/Src/stm32f4xx_hal_flash_ex.c ****   * @note   This function can be used only for STM32F42xxx/43xxx devices.
 797:Drivers/STM32F4xx_HAL_Driver/Src/stm32f4xx_hal_flash_ex.c ****   * @param  SectorBank1 Specifies the sector(s) to be read/write protected or unprotected for bank1
 798:Drivers/STM32F4xx_HAL_Driver/Src/stm32f4xx_hal_flash_ex.c ****   *          This parameter can be one of the following values:
 799:Drivers/STM32F4xx_HAL_Driver/Src/stm32f4xx_hal_flash_ex.c ****   *            @arg OB_PCROP: A value between OB_PCROP_SECTOR_0 and OB_PCROP_SECTOR_11
 800:Drivers/STM32F4xx_HAL_Driver/Src/stm32f4xx_hal_flash_ex.c ****   *            @arg OB_PCROP_SECTOR__All
 801:Drivers/STM32F4xx_HAL_Driver/Src/stm32f4xx_hal_flash_ex.c ****   * @param  SectorBank2 Specifies the sector(s) to be read/write protected or unprotected for bank2
 802:Drivers/STM32F4xx_HAL_Driver/Src/stm32f4xx_hal_flash_ex.c ****   *          This parameter can be one of the following values:
 803:Drivers/STM32F4xx_HAL_Driver/Src/stm32f4xx_hal_flash_ex.c ****   *            @arg OB_PCROP: A value between OB_PCROP_SECTOR_12 and OB_PCROP_SECTOR_23
 804:Drivers/STM32F4xx_HAL_Driver/Src/stm32f4xx_hal_flash_ex.c ****   *            @arg OB_PCROP_SECTOR__All
 805:Drivers/STM32F4xx_HAL_Driver/Src/stm32f4xx_hal_flash_ex.c ****   * @param  Banks Enable PCROP protection on all the sectors for the specific bank
 806:Drivers/STM32F4xx_HAL_Driver/Src/stm32f4xx_hal_flash_ex.c ****   *          This parameter can be one of the following values:
 807:Drivers/STM32F4xx_HAL_Driver/Src/stm32f4xx_hal_flash_ex.c ****   *            @arg FLASH_BANK_1: WRP on all sectors of bank1
 808:Drivers/STM32F4xx_HAL_Driver/Src/stm32f4xx_hal_flash_ex.c ****   *            @arg FLASH_BANK_2: WRP on all sectors of bank2
 809:Drivers/STM32F4xx_HAL_Driver/Src/stm32f4xx_hal_flash_ex.c ****   *            @arg FLASH_BANK_BOTH: WRP on all sectors of bank1 & bank2
 810:Drivers/STM32F4xx_HAL_Driver/Src/stm32f4xx_hal_flash_ex.c ****   *
 811:Drivers/STM32F4xx_HAL_Driver/Src/stm32f4xx_hal_flash_ex.c ****   * @retval HAL Status
 812:Drivers/STM32F4xx_HAL_Driver/Src/stm32f4xx_hal_flash_ex.c ****   */
 813:Drivers/STM32F4xx_HAL_Driver/Src/stm32f4xx_hal_flash_ex.c **** static HAL_StatusTypeDef FLASH_OB_EnablePCROP(uint32_t SectorBank1, uint32_t SectorBank2, uint32_t 
 814:Drivers/STM32F4xx_HAL_Driver/Src/stm32f4xx_hal_flash_ex.c **** {
 815:Drivers/STM32F4xx_HAL_Driver/Src/stm32f4xx_hal_flash_ex.c ****   HAL_StatusTypeDef status = HAL_OK;
 816:Drivers/STM32F4xx_HAL_Driver/Src/stm32f4xx_hal_flash_ex.c **** 
 817:Drivers/STM32F4xx_HAL_Driver/Src/stm32f4xx_hal_flash_ex.c ****   assert_param(IS_FLASH_BANK(Banks));
 818:Drivers/STM32F4xx_HAL_Driver/Src/stm32f4xx_hal_flash_ex.c **** 
 819:Drivers/STM32F4xx_HAL_Driver/Src/stm32f4xx_hal_flash_ex.c ****   /* Wait for last operation to be completed */
 820:Drivers/STM32F4xx_HAL_Driver/Src/stm32f4xx_hal_flash_ex.c ****   status = FLASH_WaitForLastOperation((uint32_t)FLASH_TIMEOUT_VALUE);
 821:Drivers/STM32F4xx_HAL_Driver/Src/stm32f4xx_hal_flash_ex.c **** 
 822:Drivers/STM32F4xx_HAL_Driver/Src/stm32f4xx_hal_flash_ex.c ****   if (status == HAL_OK)
 823:Drivers/STM32F4xx_HAL_Driver/Src/stm32f4xx_hal_flash_ex.c ****   {
 824:Drivers/STM32F4xx_HAL_Driver/Src/stm32f4xx_hal_flash_ex.c ****     if ((Banks == FLASH_BANK_1) || (Banks == FLASH_BANK_BOTH))
 825:Drivers/STM32F4xx_HAL_Driver/Src/stm32f4xx_hal_flash_ex.c ****     {
 826:Drivers/STM32F4xx_HAL_Driver/Src/stm32f4xx_hal_flash_ex.c ****       assert_param(IS_OB_PCROP(SectorBank1));
 827:Drivers/STM32F4xx_HAL_Driver/Src/stm32f4xx_hal_flash_ex.c ****       /*Write protection done on sectors of BANK1*/
 828:Drivers/STM32F4xx_HAL_Driver/Src/stm32f4xx_hal_flash_ex.c ****       *(__IO uint16_t *)OPTCR_BYTE2_ADDRESS |= (uint16_t)SectorBank1;
ARM GAS  C:\Users\techn\AppData\Local\Temp\cch1DoTg.s 			page 17


 829:Drivers/STM32F4xx_HAL_Driver/Src/stm32f4xx_hal_flash_ex.c ****     }
 830:Drivers/STM32F4xx_HAL_Driver/Src/stm32f4xx_hal_flash_ex.c ****     else
 831:Drivers/STM32F4xx_HAL_Driver/Src/stm32f4xx_hal_flash_ex.c ****     {
 832:Drivers/STM32F4xx_HAL_Driver/Src/stm32f4xx_hal_flash_ex.c ****       assert_param(IS_OB_PCROP(SectorBank2));
 833:Drivers/STM32F4xx_HAL_Driver/Src/stm32f4xx_hal_flash_ex.c ****       /*Write protection done on sectors of BANK2*/
 834:Drivers/STM32F4xx_HAL_Driver/Src/stm32f4xx_hal_flash_ex.c ****       *(__IO uint16_t *)OPTCR1_BYTE2_ADDRESS |= (uint16_t)SectorBank2;
 835:Drivers/STM32F4xx_HAL_Driver/Src/stm32f4xx_hal_flash_ex.c ****     }
 836:Drivers/STM32F4xx_HAL_Driver/Src/stm32f4xx_hal_flash_ex.c **** 
 837:Drivers/STM32F4xx_HAL_Driver/Src/stm32f4xx_hal_flash_ex.c ****     /*Write protection on all sector  of BANK2*/
 838:Drivers/STM32F4xx_HAL_Driver/Src/stm32f4xx_hal_flash_ex.c ****     if (Banks == FLASH_BANK_BOTH)
 839:Drivers/STM32F4xx_HAL_Driver/Src/stm32f4xx_hal_flash_ex.c ****     {
 840:Drivers/STM32F4xx_HAL_Driver/Src/stm32f4xx_hal_flash_ex.c ****       assert_param(IS_OB_PCROP(SectorBank2));
 841:Drivers/STM32F4xx_HAL_Driver/Src/stm32f4xx_hal_flash_ex.c ****       /* Wait for last operation to be completed */
 842:Drivers/STM32F4xx_HAL_Driver/Src/stm32f4xx_hal_flash_ex.c ****       status = FLASH_WaitForLastOperation((uint32_t)FLASH_TIMEOUT_VALUE);
 843:Drivers/STM32F4xx_HAL_Driver/Src/stm32f4xx_hal_flash_ex.c **** 
 844:Drivers/STM32F4xx_HAL_Driver/Src/stm32f4xx_hal_flash_ex.c ****       if (status == HAL_OK)
 845:Drivers/STM32F4xx_HAL_Driver/Src/stm32f4xx_hal_flash_ex.c ****       {
 846:Drivers/STM32F4xx_HAL_Driver/Src/stm32f4xx_hal_flash_ex.c ****         /*Write protection done on sectors of BANK2*/
 847:Drivers/STM32F4xx_HAL_Driver/Src/stm32f4xx_hal_flash_ex.c ****         *(__IO uint16_t *)OPTCR1_BYTE2_ADDRESS |= (uint16_t)SectorBank2;
 848:Drivers/STM32F4xx_HAL_Driver/Src/stm32f4xx_hal_flash_ex.c ****       }
 849:Drivers/STM32F4xx_HAL_Driver/Src/stm32f4xx_hal_flash_ex.c ****     }
 850:Drivers/STM32F4xx_HAL_Driver/Src/stm32f4xx_hal_flash_ex.c **** 
 851:Drivers/STM32F4xx_HAL_Driver/Src/stm32f4xx_hal_flash_ex.c ****   }
 852:Drivers/STM32F4xx_HAL_Driver/Src/stm32f4xx_hal_flash_ex.c **** 
 853:Drivers/STM32F4xx_HAL_Driver/Src/stm32f4xx_hal_flash_ex.c ****   return status;
 854:Drivers/STM32F4xx_HAL_Driver/Src/stm32f4xx_hal_flash_ex.c **** }
 855:Drivers/STM32F4xx_HAL_Driver/Src/stm32f4xx_hal_flash_ex.c **** 
 856:Drivers/STM32F4xx_HAL_Driver/Src/stm32f4xx_hal_flash_ex.c **** 
 857:Drivers/STM32F4xx_HAL_Driver/Src/stm32f4xx_hal_flash_ex.c **** /**
 858:Drivers/STM32F4xx_HAL_Driver/Src/stm32f4xx_hal_flash_ex.c ****   * @brief  Disable the read/write protection (PCROP) of the desired
 859:Drivers/STM32F4xx_HAL_Driver/Src/stm32f4xx_hal_flash_ex.c ****   *         sectors  of Bank 1 and/or Bank 2.
 860:Drivers/STM32F4xx_HAL_Driver/Src/stm32f4xx_hal_flash_ex.c ****   * @note   This function can be used only for STM32F42xxx/43xxx devices.
 861:Drivers/STM32F4xx_HAL_Driver/Src/stm32f4xx_hal_flash_ex.c ****   * @param  SectorBank1 specifies the sector(s) to be read/write protected or unprotected for bank1
 862:Drivers/STM32F4xx_HAL_Driver/Src/stm32f4xx_hal_flash_ex.c ****   *          This parameter can be one of the following values:
 863:Drivers/STM32F4xx_HAL_Driver/Src/stm32f4xx_hal_flash_ex.c ****   *            @arg OB_PCROP: A value between OB_PCROP_SECTOR_0 and OB_PCROP_SECTOR_11
 864:Drivers/STM32F4xx_HAL_Driver/Src/stm32f4xx_hal_flash_ex.c ****   *            @arg OB_PCROP_SECTOR__All
 865:Drivers/STM32F4xx_HAL_Driver/Src/stm32f4xx_hal_flash_ex.c ****   * @param  SectorBank2 Specifies the sector(s) to be read/write protected or unprotected for bank2
 866:Drivers/STM32F4xx_HAL_Driver/Src/stm32f4xx_hal_flash_ex.c ****   *          This parameter can be one of the following values:
 867:Drivers/STM32F4xx_HAL_Driver/Src/stm32f4xx_hal_flash_ex.c ****   *            @arg OB_PCROP: A value between OB_PCROP_SECTOR_12 and OB_PCROP_SECTOR_23
 868:Drivers/STM32F4xx_HAL_Driver/Src/stm32f4xx_hal_flash_ex.c ****   *            @arg OB_PCROP_SECTOR__All
 869:Drivers/STM32F4xx_HAL_Driver/Src/stm32f4xx_hal_flash_ex.c ****   * @param  Banks Disable PCROP protection on all the sectors for the specific bank
 870:Drivers/STM32F4xx_HAL_Driver/Src/stm32f4xx_hal_flash_ex.c ****   *          This parameter can be one of the following values:
 871:Drivers/STM32F4xx_HAL_Driver/Src/stm32f4xx_hal_flash_ex.c ****   *            @arg FLASH_BANK_1: WRP on all sectors of bank1
 872:Drivers/STM32F4xx_HAL_Driver/Src/stm32f4xx_hal_flash_ex.c ****   *            @arg FLASH_BANK_2: WRP on all sectors of bank2
 873:Drivers/STM32F4xx_HAL_Driver/Src/stm32f4xx_hal_flash_ex.c ****   *            @arg FLASH_BANK_BOTH: WRP on all sectors of bank1 & bank2
 874:Drivers/STM32F4xx_HAL_Driver/Src/stm32f4xx_hal_flash_ex.c ****   *
 875:Drivers/STM32F4xx_HAL_Driver/Src/stm32f4xx_hal_flash_ex.c ****   * @retval HAL Status
 876:Drivers/STM32F4xx_HAL_Driver/Src/stm32f4xx_hal_flash_ex.c ****   */
 877:Drivers/STM32F4xx_HAL_Driver/Src/stm32f4xx_hal_flash_ex.c **** static HAL_StatusTypeDef FLASH_OB_DisablePCROP(uint32_t SectorBank1, uint32_t SectorBank2, uint32_t
 878:Drivers/STM32F4xx_HAL_Driver/Src/stm32f4xx_hal_flash_ex.c **** {
 879:Drivers/STM32F4xx_HAL_Driver/Src/stm32f4xx_hal_flash_ex.c ****   HAL_StatusTypeDef status = HAL_OK;
 880:Drivers/STM32F4xx_HAL_Driver/Src/stm32f4xx_hal_flash_ex.c **** 
 881:Drivers/STM32F4xx_HAL_Driver/Src/stm32f4xx_hal_flash_ex.c ****   /* Check the parameters */
 882:Drivers/STM32F4xx_HAL_Driver/Src/stm32f4xx_hal_flash_ex.c ****   assert_param(IS_FLASH_BANK(Banks));
 883:Drivers/STM32F4xx_HAL_Driver/Src/stm32f4xx_hal_flash_ex.c **** 
 884:Drivers/STM32F4xx_HAL_Driver/Src/stm32f4xx_hal_flash_ex.c ****   /* Wait for last operation to be completed */
 885:Drivers/STM32F4xx_HAL_Driver/Src/stm32f4xx_hal_flash_ex.c ****   status = FLASH_WaitForLastOperation((uint32_t)FLASH_TIMEOUT_VALUE);
ARM GAS  C:\Users\techn\AppData\Local\Temp\cch1DoTg.s 			page 18


 886:Drivers/STM32F4xx_HAL_Driver/Src/stm32f4xx_hal_flash_ex.c **** 
 887:Drivers/STM32F4xx_HAL_Driver/Src/stm32f4xx_hal_flash_ex.c ****   if (status == HAL_OK)
 888:Drivers/STM32F4xx_HAL_Driver/Src/stm32f4xx_hal_flash_ex.c ****   {
 889:Drivers/STM32F4xx_HAL_Driver/Src/stm32f4xx_hal_flash_ex.c ****     if ((Banks == FLASH_BANK_1) || (Banks == FLASH_BANK_BOTH))
 890:Drivers/STM32F4xx_HAL_Driver/Src/stm32f4xx_hal_flash_ex.c ****     {
 891:Drivers/STM32F4xx_HAL_Driver/Src/stm32f4xx_hal_flash_ex.c ****       assert_param(IS_OB_PCROP(SectorBank1));
 892:Drivers/STM32F4xx_HAL_Driver/Src/stm32f4xx_hal_flash_ex.c ****       /*Write protection done on sectors of BANK1*/
 893:Drivers/STM32F4xx_HAL_Driver/Src/stm32f4xx_hal_flash_ex.c ****       *(__IO uint16_t *)OPTCR_BYTE2_ADDRESS &= (~SectorBank1);
 894:Drivers/STM32F4xx_HAL_Driver/Src/stm32f4xx_hal_flash_ex.c ****     }
 895:Drivers/STM32F4xx_HAL_Driver/Src/stm32f4xx_hal_flash_ex.c ****     else
 896:Drivers/STM32F4xx_HAL_Driver/Src/stm32f4xx_hal_flash_ex.c ****     {
 897:Drivers/STM32F4xx_HAL_Driver/Src/stm32f4xx_hal_flash_ex.c ****       /*Write protection done on sectors of BANK2*/
 898:Drivers/STM32F4xx_HAL_Driver/Src/stm32f4xx_hal_flash_ex.c ****       assert_param(IS_OB_PCROP(SectorBank2));
 899:Drivers/STM32F4xx_HAL_Driver/Src/stm32f4xx_hal_flash_ex.c ****       *(__IO uint16_t *)OPTCR1_BYTE2_ADDRESS &= (~SectorBank2);
 900:Drivers/STM32F4xx_HAL_Driver/Src/stm32f4xx_hal_flash_ex.c ****     }
 901:Drivers/STM32F4xx_HAL_Driver/Src/stm32f4xx_hal_flash_ex.c **** 
 902:Drivers/STM32F4xx_HAL_Driver/Src/stm32f4xx_hal_flash_ex.c ****     /*Write protection on all sector  of BANK2*/
 903:Drivers/STM32F4xx_HAL_Driver/Src/stm32f4xx_hal_flash_ex.c ****     if (Banks == FLASH_BANK_BOTH)
 904:Drivers/STM32F4xx_HAL_Driver/Src/stm32f4xx_hal_flash_ex.c ****     {
 905:Drivers/STM32F4xx_HAL_Driver/Src/stm32f4xx_hal_flash_ex.c ****       assert_param(IS_OB_PCROP(SectorBank2));
 906:Drivers/STM32F4xx_HAL_Driver/Src/stm32f4xx_hal_flash_ex.c ****       /* Wait for last operation to be completed */
 907:Drivers/STM32F4xx_HAL_Driver/Src/stm32f4xx_hal_flash_ex.c ****       status = FLASH_WaitForLastOperation((uint32_t)FLASH_TIMEOUT_VALUE);
 908:Drivers/STM32F4xx_HAL_Driver/Src/stm32f4xx_hal_flash_ex.c **** 
 909:Drivers/STM32F4xx_HAL_Driver/Src/stm32f4xx_hal_flash_ex.c ****       if (status == HAL_OK)
 910:Drivers/STM32F4xx_HAL_Driver/Src/stm32f4xx_hal_flash_ex.c ****       {
 911:Drivers/STM32F4xx_HAL_Driver/Src/stm32f4xx_hal_flash_ex.c ****         /*Write protection done on sectors of BANK2*/
 912:Drivers/STM32F4xx_HAL_Driver/Src/stm32f4xx_hal_flash_ex.c ****         *(__IO uint16_t *)OPTCR1_BYTE2_ADDRESS &= (~SectorBank2);
 913:Drivers/STM32F4xx_HAL_Driver/Src/stm32f4xx_hal_flash_ex.c ****       }
 914:Drivers/STM32F4xx_HAL_Driver/Src/stm32f4xx_hal_flash_ex.c ****     }
 915:Drivers/STM32F4xx_HAL_Driver/Src/stm32f4xx_hal_flash_ex.c **** 
 916:Drivers/STM32F4xx_HAL_Driver/Src/stm32f4xx_hal_flash_ex.c ****   }
 917:Drivers/STM32F4xx_HAL_Driver/Src/stm32f4xx_hal_flash_ex.c **** 
 918:Drivers/STM32F4xx_HAL_Driver/Src/stm32f4xx_hal_flash_ex.c ****   return status;
 919:Drivers/STM32F4xx_HAL_Driver/Src/stm32f4xx_hal_flash_ex.c **** 
 920:Drivers/STM32F4xx_HAL_Driver/Src/stm32f4xx_hal_flash_ex.c **** }
 921:Drivers/STM32F4xx_HAL_Driver/Src/stm32f4xx_hal_flash_ex.c **** 
 922:Drivers/STM32F4xx_HAL_Driver/Src/stm32f4xx_hal_flash_ex.c **** #endif /* STM32F427xx || STM32F437xx || STM32F429xx || STM32F439xx || STM32F469xx || STM32F479xx */
 923:Drivers/STM32F4xx_HAL_Driver/Src/stm32f4xx_hal_flash_ex.c **** 
 924:Drivers/STM32F4xx_HAL_Driver/Src/stm32f4xx_hal_flash_ex.c **** #if defined(STM32F405xx) || defined(STM32F415xx) || defined(STM32F407xx) || defined(STM32F417xx) ||
 925:Drivers/STM32F4xx_HAL_Driver/Src/stm32f4xx_hal_flash_ex.c ****     defined(STM32F401xC) || defined(STM32F401xE) || defined(STM32F410Tx) || defined(STM32F410Cx) ||
 926:Drivers/STM32F4xx_HAL_Driver/Src/stm32f4xx_hal_flash_ex.c ****     defined(STM32F410Rx) || defined(STM32F411xE) || defined(STM32F446xx) || defined(STM32F412Zx) ||
 927:Drivers/STM32F4xx_HAL_Driver/Src/stm32f4xx_hal_flash_ex.c ****     defined(STM32F412Vx) || defined(STM32F412Rx) || defined(STM32F412Cx) || defined(STM32F413xx) ||
 928:Drivers/STM32F4xx_HAL_Driver/Src/stm32f4xx_hal_flash_ex.c ****     defined(STM32F423xx)
 929:Drivers/STM32F4xx_HAL_Driver/Src/stm32f4xx_hal_flash_ex.c **** /**
 930:Drivers/STM32F4xx_HAL_Driver/Src/stm32f4xx_hal_flash_ex.c ****   * @brief  Mass erase of FLASH memory
 931:Drivers/STM32F4xx_HAL_Driver/Src/stm32f4xx_hal_flash_ex.c ****   * @param  VoltageRange The device voltage range which defines the erase parallelism.
 932:Drivers/STM32F4xx_HAL_Driver/Src/stm32f4xx_hal_flash_ex.c ****   *          This parameter can be one of the following values:
 933:Drivers/STM32F4xx_HAL_Driver/Src/stm32f4xx_hal_flash_ex.c ****   *            @arg FLASH_VOLTAGE_RANGE_1: when the device voltage range is 1.8V to 2.1V,
 934:Drivers/STM32F4xx_HAL_Driver/Src/stm32f4xx_hal_flash_ex.c ****   *                                  the operation will be done by byte (8-bit)
 935:Drivers/STM32F4xx_HAL_Driver/Src/stm32f4xx_hal_flash_ex.c ****   *            @arg FLASH_VOLTAGE_RANGE_2: when the device voltage range is 2.1V to 2.7V,
 936:Drivers/STM32F4xx_HAL_Driver/Src/stm32f4xx_hal_flash_ex.c ****   *                                  the operation will be done by half word (16-bit)
 937:Drivers/STM32F4xx_HAL_Driver/Src/stm32f4xx_hal_flash_ex.c ****   *            @arg FLASH_VOLTAGE_RANGE_3: when the device voltage range is 2.7V to 3.6V,
 938:Drivers/STM32F4xx_HAL_Driver/Src/stm32f4xx_hal_flash_ex.c ****   *                                  the operation will be done by word (32-bit)
 939:Drivers/STM32F4xx_HAL_Driver/Src/stm32f4xx_hal_flash_ex.c ****   *            @arg FLASH_VOLTAGE_RANGE_4: when the device voltage range is 2.7V to 3.6V + External
 940:Drivers/STM32F4xx_HAL_Driver/Src/stm32f4xx_hal_flash_ex.c ****   *                                  the operation will be done by double word (64-bit)
 941:Drivers/STM32F4xx_HAL_Driver/Src/stm32f4xx_hal_flash_ex.c ****   *
 942:Drivers/STM32F4xx_HAL_Driver/Src/stm32f4xx_hal_flash_ex.c ****   * @param  Banks Banks to be erased
ARM GAS  C:\Users\techn\AppData\Local\Temp\cch1DoTg.s 			page 19


 943:Drivers/STM32F4xx_HAL_Driver/Src/stm32f4xx_hal_flash_ex.c ****   *          This parameter can be one of the following values:
 944:Drivers/STM32F4xx_HAL_Driver/Src/stm32f4xx_hal_flash_ex.c ****   *            @arg FLASH_BANK_1: Bank1 to be erased
 945:Drivers/STM32F4xx_HAL_Driver/Src/stm32f4xx_hal_flash_ex.c ****   *
 946:Drivers/STM32F4xx_HAL_Driver/Src/stm32f4xx_hal_flash_ex.c ****   * @retval None
 947:Drivers/STM32F4xx_HAL_Driver/Src/stm32f4xx_hal_flash_ex.c ****   */
 948:Drivers/STM32F4xx_HAL_Driver/Src/stm32f4xx_hal_flash_ex.c **** static void FLASH_MassErase(uint8_t VoltageRange, uint32_t Banks)
 949:Drivers/STM32F4xx_HAL_Driver/Src/stm32f4xx_hal_flash_ex.c **** {
 950:Drivers/STM32F4xx_HAL_Driver/Src/stm32f4xx_hal_flash_ex.c ****   /* Check the parameters */
 951:Drivers/STM32F4xx_HAL_Driver/Src/stm32f4xx_hal_flash_ex.c ****   assert_param(IS_VOLTAGERANGE(VoltageRange));
 952:Drivers/STM32F4xx_HAL_Driver/Src/stm32f4xx_hal_flash_ex.c ****   assert_param(IS_FLASH_BANK(Banks));
 953:Drivers/STM32F4xx_HAL_Driver/Src/stm32f4xx_hal_flash_ex.c **** 
 954:Drivers/STM32F4xx_HAL_Driver/Src/stm32f4xx_hal_flash_ex.c ****   /* If the previous operation is completed, proceed to erase all sectors */
 955:Drivers/STM32F4xx_HAL_Driver/Src/stm32f4xx_hal_flash_ex.c ****   CLEAR_BIT(FLASH->CR, FLASH_CR_PSIZE);
 956:Drivers/STM32F4xx_HAL_Driver/Src/stm32f4xx_hal_flash_ex.c ****   FLASH->CR |= FLASH_CR_MER;
 957:Drivers/STM32F4xx_HAL_Driver/Src/stm32f4xx_hal_flash_ex.c ****   FLASH->CR |= FLASH_CR_STRT | ((uint32_t)VoltageRange << 8U);
 958:Drivers/STM32F4xx_HAL_Driver/Src/stm32f4xx_hal_flash_ex.c **** }
 959:Drivers/STM32F4xx_HAL_Driver/Src/stm32f4xx_hal_flash_ex.c **** 
 960:Drivers/STM32F4xx_HAL_Driver/Src/stm32f4xx_hal_flash_ex.c **** /**
 961:Drivers/STM32F4xx_HAL_Driver/Src/stm32f4xx_hal_flash_ex.c ****   * @brief  Erase the specified FLASH memory sector
 962:Drivers/STM32F4xx_HAL_Driver/Src/stm32f4xx_hal_flash_ex.c ****   * @param  Sector FLASH sector to erase
 963:Drivers/STM32F4xx_HAL_Driver/Src/stm32f4xx_hal_flash_ex.c ****   *         The value of this parameter depend on device used within the same series
 964:Drivers/STM32F4xx_HAL_Driver/Src/stm32f4xx_hal_flash_ex.c ****   * @param  VoltageRange The device voltage range which defines the erase parallelism.
 965:Drivers/STM32F4xx_HAL_Driver/Src/stm32f4xx_hal_flash_ex.c ****   *          This parameter can be one of the following values:
 966:Drivers/STM32F4xx_HAL_Driver/Src/stm32f4xx_hal_flash_ex.c ****   *            @arg FLASH_VOLTAGE_RANGE_1: when the device voltage range is 1.8V to 2.1V,
 967:Drivers/STM32F4xx_HAL_Driver/Src/stm32f4xx_hal_flash_ex.c ****   *                                  the operation will be done by byte (8-bit)
 968:Drivers/STM32F4xx_HAL_Driver/Src/stm32f4xx_hal_flash_ex.c ****   *            @arg FLASH_VOLTAGE_RANGE_2: when the device voltage range is 2.1V to 2.7V,
 969:Drivers/STM32F4xx_HAL_Driver/Src/stm32f4xx_hal_flash_ex.c ****   *                                  the operation will be done by half word (16-bit)
 970:Drivers/STM32F4xx_HAL_Driver/Src/stm32f4xx_hal_flash_ex.c ****   *            @arg FLASH_VOLTAGE_RANGE_3: when the device voltage range is 2.7V to 3.6V,
 971:Drivers/STM32F4xx_HAL_Driver/Src/stm32f4xx_hal_flash_ex.c ****   *                                  the operation will be done by word (32-bit)
 972:Drivers/STM32F4xx_HAL_Driver/Src/stm32f4xx_hal_flash_ex.c ****   *            @arg FLASH_VOLTAGE_RANGE_4: when the device voltage range is 2.7V to 3.6V + External
 973:Drivers/STM32F4xx_HAL_Driver/Src/stm32f4xx_hal_flash_ex.c ****   *                                  the operation will be done by double word (64-bit)
 974:Drivers/STM32F4xx_HAL_Driver/Src/stm32f4xx_hal_flash_ex.c ****   *
 975:Drivers/STM32F4xx_HAL_Driver/Src/stm32f4xx_hal_flash_ex.c ****   * @retval None
 976:Drivers/STM32F4xx_HAL_Driver/Src/stm32f4xx_hal_flash_ex.c ****   */
 977:Drivers/STM32F4xx_HAL_Driver/Src/stm32f4xx_hal_flash_ex.c **** void FLASH_Erase_Sector(uint32_t Sector, uint8_t VoltageRange)
 978:Drivers/STM32F4xx_HAL_Driver/Src/stm32f4xx_hal_flash_ex.c **** {
 979:Drivers/STM32F4xx_HAL_Driver/Src/stm32f4xx_hal_flash_ex.c ****   uint32_t tmp_psize = 0U;
 980:Drivers/STM32F4xx_HAL_Driver/Src/stm32f4xx_hal_flash_ex.c **** 
 981:Drivers/STM32F4xx_HAL_Driver/Src/stm32f4xx_hal_flash_ex.c ****   /* Check the parameters */
 982:Drivers/STM32F4xx_HAL_Driver/Src/stm32f4xx_hal_flash_ex.c ****   assert_param(IS_FLASH_SECTOR(Sector));
 983:Drivers/STM32F4xx_HAL_Driver/Src/stm32f4xx_hal_flash_ex.c ****   assert_param(IS_VOLTAGERANGE(VoltageRange));
 984:Drivers/STM32F4xx_HAL_Driver/Src/stm32f4xx_hal_flash_ex.c **** 
 985:Drivers/STM32F4xx_HAL_Driver/Src/stm32f4xx_hal_flash_ex.c ****   if (VoltageRange == FLASH_VOLTAGE_RANGE_1)
 986:Drivers/STM32F4xx_HAL_Driver/Src/stm32f4xx_hal_flash_ex.c ****   {
 987:Drivers/STM32F4xx_HAL_Driver/Src/stm32f4xx_hal_flash_ex.c ****     tmp_psize = FLASH_PSIZE_BYTE;
 988:Drivers/STM32F4xx_HAL_Driver/Src/stm32f4xx_hal_flash_ex.c ****   }
 989:Drivers/STM32F4xx_HAL_Driver/Src/stm32f4xx_hal_flash_ex.c ****   else if (VoltageRange == FLASH_VOLTAGE_RANGE_2)
 990:Drivers/STM32F4xx_HAL_Driver/Src/stm32f4xx_hal_flash_ex.c ****   {
 991:Drivers/STM32F4xx_HAL_Driver/Src/stm32f4xx_hal_flash_ex.c ****     tmp_psize = FLASH_PSIZE_HALF_WORD;
 992:Drivers/STM32F4xx_HAL_Driver/Src/stm32f4xx_hal_flash_ex.c ****   }
 993:Drivers/STM32F4xx_HAL_Driver/Src/stm32f4xx_hal_flash_ex.c ****   else if (VoltageRange == FLASH_VOLTAGE_RANGE_3)
 994:Drivers/STM32F4xx_HAL_Driver/Src/stm32f4xx_hal_flash_ex.c ****   {
 995:Drivers/STM32F4xx_HAL_Driver/Src/stm32f4xx_hal_flash_ex.c ****     tmp_psize = FLASH_PSIZE_WORD;
 996:Drivers/STM32F4xx_HAL_Driver/Src/stm32f4xx_hal_flash_ex.c ****   }
 997:Drivers/STM32F4xx_HAL_Driver/Src/stm32f4xx_hal_flash_ex.c ****   else
 998:Drivers/STM32F4xx_HAL_Driver/Src/stm32f4xx_hal_flash_ex.c ****   {
 999:Drivers/STM32F4xx_HAL_Driver/Src/stm32f4xx_hal_flash_ex.c ****     tmp_psize = FLASH_PSIZE_DOUBLE_WORD;
ARM GAS  C:\Users\techn\AppData\Local\Temp\cch1DoTg.s 			page 20


1000:Drivers/STM32F4xx_HAL_Driver/Src/stm32f4xx_hal_flash_ex.c ****   }
1001:Drivers/STM32F4xx_HAL_Driver/Src/stm32f4xx_hal_flash_ex.c **** 
1002:Drivers/STM32F4xx_HAL_Driver/Src/stm32f4xx_hal_flash_ex.c ****   /* If the previous operation is completed, proceed to erase the sector */
1003:Drivers/STM32F4xx_HAL_Driver/Src/stm32f4xx_hal_flash_ex.c ****   CLEAR_BIT(FLASH->CR, FLASH_CR_PSIZE);
1004:Drivers/STM32F4xx_HAL_Driver/Src/stm32f4xx_hal_flash_ex.c ****   FLASH->CR |= tmp_psize;
1005:Drivers/STM32F4xx_HAL_Driver/Src/stm32f4xx_hal_flash_ex.c ****   CLEAR_BIT(FLASH->CR, FLASH_CR_SNB);
1006:Drivers/STM32F4xx_HAL_Driver/Src/stm32f4xx_hal_flash_ex.c ****   FLASH->CR |= FLASH_CR_SER | (Sector << FLASH_CR_SNB_Pos);
1007:Drivers/STM32F4xx_HAL_Driver/Src/stm32f4xx_hal_flash_ex.c ****   FLASH->CR |= FLASH_CR_STRT;
1008:Drivers/STM32F4xx_HAL_Driver/Src/stm32f4xx_hal_flash_ex.c **** }
1009:Drivers/STM32F4xx_HAL_Driver/Src/stm32f4xx_hal_flash_ex.c **** 
1010:Drivers/STM32F4xx_HAL_Driver/Src/stm32f4xx_hal_flash_ex.c **** /**
1011:Drivers/STM32F4xx_HAL_Driver/Src/stm32f4xx_hal_flash_ex.c ****   * @brief  Enable the write protection of the desired bank 1 sectors
1012:Drivers/STM32F4xx_HAL_Driver/Src/stm32f4xx_hal_flash_ex.c ****   *
1013:Drivers/STM32F4xx_HAL_Driver/Src/stm32f4xx_hal_flash_ex.c ****   * @note   When the memory read protection level is selected (RDP level = 1),
1014:Drivers/STM32F4xx_HAL_Driver/Src/stm32f4xx_hal_flash_ex.c ****   *         it is not possible to program or erase the flash sector i if CortexM4
1015:Drivers/STM32F4xx_HAL_Driver/Src/stm32f4xx_hal_flash_ex.c ****   *         debug features are connected or boot code is executed in RAM, even if nWRPi = 1
1016:Drivers/STM32F4xx_HAL_Driver/Src/stm32f4xx_hal_flash_ex.c ****   * @note   Active value of nWRPi bits is inverted when PCROP mode is active (SPRMOD =1).
1017:Drivers/STM32F4xx_HAL_Driver/Src/stm32f4xx_hal_flash_ex.c ****   *
1018:Drivers/STM32F4xx_HAL_Driver/Src/stm32f4xx_hal_flash_ex.c ****   * @param  WRPSector specifies the sector(s) to be write protected.
1019:Drivers/STM32F4xx_HAL_Driver/Src/stm32f4xx_hal_flash_ex.c ****   *         The value of this parameter depend on device used within the same series
1020:Drivers/STM32F4xx_HAL_Driver/Src/stm32f4xx_hal_flash_ex.c ****   *
1021:Drivers/STM32F4xx_HAL_Driver/Src/stm32f4xx_hal_flash_ex.c ****   * @param  Banks Enable write protection on all the sectors for the specific bank
1022:Drivers/STM32F4xx_HAL_Driver/Src/stm32f4xx_hal_flash_ex.c ****   *          This parameter can be one of the following values:
1023:Drivers/STM32F4xx_HAL_Driver/Src/stm32f4xx_hal_flash_ex.c ****   *            @arg FLASH_BANK_1: WRP on all sectors of bank1
1024:Drivers/STM32F4xx_HAL_Driver/Src/stm32f4xx_hal_flash_ex.c ****   *
1025:Drivers/STM32F4xx_HAL_Driver/Src/stm32f4xx_hal_flash_ex.c ****   * @retval HAL Status
1026:Drivers/STM32F4xx_HAL_Driver/Src/stm32f4xx_hal_flash_ex.c ****   */
1027:Drivers/STM32F4xx_HAL_Driver/Src/stm32f4xx_hal_flash_ex.c **** static HAL_StatusTypeDef FLASH_OB_EnableWRP(uint32_t WRPSector, uint32_t Banks)
1028:Drivers/STM32F4xx_HAL_Driver/Src/stm32f4xx_hal_flash_ex.c **** {
1029:Drivers/STM32F4xx_HAL_Driver/Src/stm32f4xx_hal_flash_ex.c ****   HAL_StatusTypeDef status = HAL_OK;
1030:Drivers/STM32F4xx_HAL_Driver/Src/stm32f4xx_hal_flash_ex.c **** 
1031:Drivers/STM32F4xx_HAL_Driver/Src/stm32f4xx_hal_flash_ex.c ****   /* Check the parameters */
1032:Drivers/STM32F4xx_HAL_Driver/Src/stm32f4xx_hal_flash_ex.c ****   assert_param(IS_OB_WRP_SECTOR(WRPSector));
1033:Drivers/STM32F4xx_HAL_Driver/Src/stm32f4xx_hal_flash_ex.c ****   assert_param(IS_FLASH_BANK(Banks));
1034:Drivers/STM32F4xx_HAL_Driver/Src/stm32f4xx_hal_flash_ex.c **** 
1035:Drivers/STM32F4xx_HAL_Driver/Src/stm32f4xx_hal_flash_ex.c ****   /* Wait for last operation to be completed */
1036:Drivers/STM32F4xx_HAL_Driver/Src/stm32f4xx_hal_flash_ex.c ****   status = FLASH_WaitForLastOperation((uint32_t)FLASH_TIMEOUT_VALUE);
1037:Drivers/STM32F4xx_HAL_Driver/Src/stm32f4xx_hal_flash_ex.c **** 
1038:Drivers/STM32F4xx_HAL_Driver/Src/stm32f4xx_hal_flash_ex.c ****   if (status == HAL_OK)
1039:Drivers/STM32F4xx_HAL_Driver/Src/stm32f4xx_hal_flash_ex.c ****   {
1040:Drivers/STM32F4xx_HAL_Driver/Src/stm32f4xx_hal_flash_ex.c ****     *(__IO uint16_t *)OPTCR_BYTE2_ADDRESS &= (~WRPSector);
1041:Drivers/STM32F4xx_HAL_Driver/Src/stm32f4xx_hal_flash_ex.c ****   }
1042:Drivers/STM32F4xx_HAL_Driver/Src/stm32f4xx_hal_flash_ex.c **** 
1043:Drivers/STM32F4xx_HAL_Driver/Src/stm32f4xx_hal_flash_ex.c ****   return status;
1044:Drivers/STM32F4xx_HAL_Driver/Src/stm32f4xx_hal_flash_ex.c **** }
1045:Drivers/STM32F4xx_HAL_Driver/Src/stm32f4xx_hal_flash_ex.c **** 
1046:Drivers/STM32F4xx_HAL_Driver/Src/stm32f4xx_hal_flash_ex.c **** /**
1047:Drivers/STM32F4xx_HAL_Driver/Src/stm32f4xx_hal_flash_ex.c ****   * @brief  Disable the write protection of the desired bank 1 sectors
1048:Drivers/STM32F4xx_HAL_Driver/Src/stm32f4xx_hal_flash_ex.c ****   *
1049:Drivers/STM32F4xx_HAL_Driver/Src/stm32f4xx_hal_flash_ex.c ****   * @note   When the memory read protection level is selected (RDP level = 1),
1050:Drivers/STM32F4xx_HAL_Driver/Src/stm32f4xx_hal_flash_ex.c ****   *         it is not possible to program or erase the flash sector i if CortexM4
1051:Drivers/STM32F4xx_HAL_Driver/Src/stm32f4xx_hal_flash_ex.c ****   *         debug features are connected or boot code is executed in RAM, even if nWRPi = 1
1052:Drivers/STM32F4xx_HAL_Driver/Src/stm32f4xx_hal_flash_ex.c ****   * @note   Active value of nWRPi bits is inverted when PCROP mode is active (SPRMOD =1).
1053:Drivers/STM32F4xx_HAL_Driver/Src/stm32f4xx_hal_flash_ex.c ****   *
1054:Drivers/STM32F4xx_HAL_Driver/Src/stm32f4xx_hal_flash_ex.c ****   * @param  WRPSector specifies the sector(s) to be write protected.
1055:Drivers/STM32F4xx_HAL_Driver/Src/stm32f4xx_hal_flash_ex.c ****   *         The value of this parameter depend on device used within the same series
1056:Drivers/STM32F4xx_HAL_Driver/Src/stm32f4xx_hal_flash_ex.c ****   *
ARM GAS  C:\Users\techn\AppData\Local\Temp\cch1DoTg.s 			page 21


1057:Drivers/STM32F4xx_HAL_Driver/Src/stm32f4xx_hal_flash_ex.c ****   * @param  Banks Enable write protection on all the sectors for the specific bank
1058:Drivers/STM32F4xx_HAL_Driver/Src/stm32f4xx_hal_flash_ex.c ****   *          This parameter can be one of the following values:
1059:Drivers/STM32F4xx_HAL_Driver/Src/stm32f4xx_hal_flash_ex.c ****   *            @arg FLASH_BANK_1: WRP on all sectors of bank1
1060:Drivers/STM32F4xx_HAL_Driver/Src/stm32f4xx_hal_flash_ex.c ****   *
1061:Drivers/STM32F4xx_HAL_Driver/Src/stm32f4xx_hal_flash_ex.c ****   * @retval HAL Status
1062:Drivers/STM32F4xx_HAL_Driver/Src/stm32f4xx_hal_flash_ex.c ****   */
1063:Drivers/STM32F4xx_HAL_Driver/Src/stm32f4xx_hal_flash_ex.c **** static HAL_StatusTypeDef FLASH_OB_DisableWRP(uint32_t WRPSector, uint32_t Banks)
1064:Drivers/STM32F4xx_HAL_Driver/Src/stm32f4xx_hal_flash_ex.c **** {
1065:Drivers/STM32F4xx_HAL_Driver/Src/stm32f4xx_hal_flash_ex.c ****   HAL_StatusTypeDef status = HAL_OK;
1066:Drivers/STM32F4xx_HAL_Driver/Src/stm32f4xx_hal_flash_ex.c **** 
1067:Drivers/STM32F4xx_HAL_Driver/Src/stm32f4xx_hal_flash_ex.c ****   /* Check the parameters */
1068:Drivers/STM32F4xx_HAL_Driver/Src/stm32f4xx_hal_flash_ex.c ****   assert_param(IS_OB_WRP_SECTOR(WRPSector));
1069:Drivers/STM32F4xx_HAL_Driver/Src/stm32f4xx_hal_flash_ex.c ****   assert_param(IS_FLASH_BANK(Banks));
1070:Drivers/STM32F4xx_HAL_Driver/Src/stm32f4xx_hal_flash_ex.c **** 
1071:Drivers/STM32F4xx_HAL_Driver/Src/stm32f4xx_hal_flash_ex.c ****   /* Wait for last operation to be completed */
1072:Drivers/STM32F4xx_HAL_Driver/Src/stm32f4xx_hal_flash_ex.c ****   status = FLASH_WaitForLastOperation((uint32_t)FLASH_TIMEOUT_VALUE);
1073:Drivers/STM32F4xx_HAL_Driver/Src/stm32f4xx_hal_flash_ex.c **** 
1074:Drivers/STM32F4xx_HAL_Driver/Src/stm32f4xx_hal_flash_ex.c ****   if (status == HAL_OK)
1075:Drivers/STM32F4xx_HAL_Driver/Src/stm32f4xx_hal_flash_ex.c ****   {
1076:Drivers/STM32F4xx_HAL_Driver/Src/stm32f4xx_hal_flash_ex.c ****     *(__IO uint16_t *)OPTCR_BYTE2_ADDRESS |= (uint16_t)WRPSector;
1077:Drivers/STM32F4xx_HAL_Driver/Src/stm32f4xx_hal_flash_ex.c ****   }
1078:Drivers/STM32F4xx_HAL_Driver/Src/stm32f4xx_hal_flash_ex.c **** 
1079:Drivers/STM32F4xx_HAL_Driver/Src/stm32f4xx_hal_flash_ex.c ****   return status;
1080:Drivers/STM32F4xx_HAL_Driver/Src/stm32f4xx_hal_flash_ex.c **** }
1081:Drivers/STM32F4xx_HAL_Driver/Src/stm32f4xx_hal_flash_ex.c **** #endif /* STM32F40xxx || STM32F41xxx || STM32F401xx || STM32F410xx || STM32F411xE || STM32F446xx ||
1082:Drivers/STM32F4xx_HAL_Driver/Src/stm32f4xx_hal_flash_ex.c ****           STM32F413xx || STM32F423xx */
1083:Drivers/STM32F4xx_HAL_Driver/Src/stm32f4xx_hal_flash_ex.c **** 
1084:Drivers/STM32F4xx_HAL_Driver/Src/stm32f4xx_hal_flash_ex.c **** #if defined(STM32F401xC) || defined(STM32F401xE) || defined(STM32F410Tx) || defined(STM32F410Cx) ||
1085:Drivers/STM32F4xx_HAL_Driver/Src/stm32f4xx_hal_flash_ex.c ****     defined(STM32F411xE) || defined(STM32F446xx) || defined(STM32F412Zx) || defined(STM32F412Vx) ||
1086:Drivers/STM32F4xx_HAL_Driver/Src/stm32f4xx_hal_flash_ex.c ****     defined(STM32F412Cx) || defined(STM32F413xx) || defined(STM32F423xx)
1087:Drivers/STM32F4xx_HAL_Driver/Src/stm32f4xx_hal_flash_ex.c **** /**
1088:Drivers/STM32F4xx_HAL_Driver/Src/stm32f4xx_hal_flash_ex.c ****   * @brief  Enable the read/write protection (PCROP) of the desired sectors.
1089:Drivers/STM32F4xx_HAL_Driver/Src/stm32f4xx_hal_flash_ex.c ****   * @note   This function can be used only for STM32F401xx devices.
1090:Drivers/STM32F4xx_HAL_Driver/Src/stm32f4xx_hal_flash_ex.c ****   * @param  Sector specifies the sector(s) to be read/write protected or unprotected.
1091:Drivers/STM32F4xx_HAL_Driver/Src/stm32f4xx_hal_flash_ex.c ****   *          This parameter can be one of the following values:
1092:Drivers/STM32F4xx_HAL_Driver/Src/stm32f4xx_hal_flash_ex.c ****   *            @arg OB_PCROP: A value between OB_PCROP_Sector0 and OB_PCROP_Sector5
1093:Drivers/STM32F4xx_HAL_Driver/Src/stm32f4xx_hal_flash_ex.c ****   *            @arg OB_PCROP_Sector_All
1094:Drivers/STM32F4xx_HAL_Driver/Src/stm32f4xx_hal_flash_ex.c ****   * @retval HAL Status
1095:Drivers/STM32F4xx_HAL_Driver/Src/stm32f4xx_hal_flash_ex.c ****   */
1096:Drivers/STM32F4xx_HAL_Driver/Src/stm32f4xx_hal_flash_ex.c **** static HAL_StatusTypeDef FLASH_OB_EnablePCROP(uint32_t Sector)
1097:Drivers/STM32F4xx_HAL_Driver/Src/stm32f4xx_hal_flash_ex.c **** {
1098:Drivers/STM32F4xx_HAL_Driver/Src/stm32f4xx_hal_flash_ex.c ****   HAL_StatusTypeDef status = HAL_OK;
1099:Drivers/STM32F4xx_HAL_Driver/Src/stm32f4xx_hal_flash_ex.c **** 
1100:Drivers/STM32F4xx_HAL_Driver/Src/stm32f4xx_hal_flash_ex.c ****   /* Check the parameters */
1101:Drivers/STM32F4xx_HAL_Driver/Src/stm32f4xx_hal_flash_ex.c ****   assert_param(IS_OB_PCROP(Sector));
1102:Drivers/STM32F4xx_HAL_Driver/Src/stm32f4xx_hal_flash_ex.c **** 
1103:Drivers/STM32F4xx_HAL_Driver/Src/stm32f4xx_hal_flash_ex.c ****   /* Wait for last operation to be completed */
1104:Drivers/STM32F4xx_HAL_Driver/Src/stm32f4xx_hal_flash_ex.c ****   status = FLASH_WaitForLastOperation((uint32_t)FLASH_TIMEOUT_VALUE);
1105:Drivers/STM32F4xx_HAL_Driver/Src/stm32f4xx_hal_flash_ex.c **** 
1106:Drivers/STM32F4xx_HAL_Driver/Src/stm32f4xx_hal_flash_ex.c ****   if (status == HAL_OK)
1107:Drivers/STM32F4xx_HAL_Driver/Src/stm32f4xx_hal_flash_ex.c ****   {
1108:Drivers/STM32F4xx_HAL_Driver/Src/stm32f4xx_hal_flash_ex.c ****     *(__IO uint16_t *)OPTCR_BYTE2_ADDRESS |= (uint16_t)Sector;
1109:Drivers/STM32F4xx_HAL_Driver/Src/stm32f4xx_hal_flash_ex.c ****   }
1110:Drivers/STM32F4xx_HAL_Driver/Src/stm32f4xx_hal_flash_ex.c **** 
1111:Drivers/STM32F4xx_HAL_Driver/Src/stm32f4xx_hal_flash_ex.c ****   return status;
1112:Drivers/STM32F4xx_HAL_Driver/Src/stm32f4xx_hal_flash_ex.c **** }
1113:Drivers/STM32F4xx_HAL_Driver/Src/stm32f4xx_hal_flash_ex.c **** 
ARM GAS  C:\Users\techn\AppData\Local\Temp\cch1DoTg.s 			page 22


1114:Drivers/STM32F4xx_HAL_Driver/Src/stm32f4xx_hal_flash_ex.c **** 
1115:Drivers/STM32F4xx_HAL_Driver/Src/stm32f4xx_hal_flash_ex.c **** /**
1116:Drivers/STM32F4xx_HAL_Driver/Src/stm32f4xx_hal_flash_ex.c ****   * @brief  Disable the read/write protection (PCROP) of the desired sectors.
1117:Drivers/STM32F4xx_HAL_Driver/Src/stm32f4xx_hal_flash_ex.c ****   * @note   This function can be used only for STM32F401xx devices.
1118:Drivers/STM32F4xx_HAL_Driver/Src/stm32f4xx_hal_flash_ex.c ****   * @param  Sector specifies the sector(s) to be read/write protected or unprotected.
1119:Drivers/STM32F4xx_HAL_Driver/Src/stm32f4xx_hal_flash_ex.c ****   *          This parameter can be one of the following values:
1120:Drivers/STM32F4xx_HAL_Driver/Src/stm32f4xx_hal_flash_ex.c ****   *            @arg OB_PCROP: A value between OB_PCROP_Sector0 and OB_PCROP_Sector5
1121:Drivers/STM32F4xx_HAL_Driver/Src/stm32f4xx_hal_flash_ex.c ****   *            @arg OB_PCROP_Sector_All
1122:Drivers/STM32F4xx_HAL_Driver/Src/stm32f4xx_hal_flash_ex.c ****   * @retval HAL Status
1123:Drivers/STM32F4xx_HAL_Driver/Src/stm32f4xx_hal_flash_ex.c ****   */
1124:Drivers/STM32F4xx_HAL_Driver/Src/stm32f4xx_hal_flash_ex.c **** static HAL_StatusTypeDef FLASH_OB_DisablePCROP(uint32_t Sector)
1125:Drivers/STM32F4xx_HAL_Driver/Src/stm32f4xx_hal_flash_ex.c **** {
1126:Drivers/STM32F4xx_HAL_Driver/Src/stm32f4xx_hal_flash_ex.c ****   HAL_StatusTypeDef status = HAL_OK;
1127:Drivers/STM32F4xx_HAL_Driver/Src/stm32f4xx_hal_flash_ex.c **** 
1128:Drivers/STM32F4xx_HAL_Driver/Src/stm32f4xx_hal_flash_ex.c ****   /* Check the parameters */
1129:Drivers/STM32F4xx_HAL_Driver/Src/stm32f4xx_hal_flash_ex.c ****   assert_param(IS_OB_PCROP(Sector));
1130:Drivers/STM32F4xx_HAL_Driver/Src/stm32f4xx_hal_flash_ex.c **** 
1131:Drivers/STM32F4xx_HAL_Driver/Src/stm32f4xx_hal_flash_ex.c ****   /* Wait for last operation to be completed */
1132:Drivers/STM32F4xx_HAL_Driver/Src/stm32f4xx_hal_flash_ex.c ****   status = FLASH_WaitForLastOperation((uint32_t)FLASH_TIMEOUT_VALUE);
1133:Drivers/STM32F4xx_HAL_Driver/Src/stm32f4xx_hal_flash_ex.c **** 
1134:Drivers/STM32F4xx_HAL_Driver/Src/stm32f4xx_hal_flash_ex.c ****   if (status == HAL_OK)
1135:Drivers/STM32F4xx_HAL_Driver/Src/stm32f4xx_hal_flash_ex.c ****   {
1136:Drivers/STM32F4xx_HAL_Driver/Src/stm32f4xx_hal_flash_ex.c ****     *(__IO uint16_t *)OPTCR_BYTE2_ADDRESS &= (~Sector);
1137:Drivers/STM32F4xx_HAL_Driver/Src/stm32f4xx_hal_flash_ex.c ****   }
1138:Drivers/STM32F4xx_HAL_Driver/Src/stm32f4xx_hal_flash_ex.c **** 
1139:Drivers/STM32F4xx_HAL_Driver/Src/stm32f4xx_hal_flash_ex.c ****   return status;
1140:Drivers/STM32F4xx_HAL_Driver/Src/stm32f4xx_hal_flash_ex.c **** 
1141:Drivers/STM32F4xx_HAL_Driver/Src/stm32f4xx_hal_flash_ex.c **** }
1142:Drivers/STM32F4xx_HAL_Driver/Src/stm32f4xx_hal_flash_ex.c **** #endif /* STM32F401xC || STM32F401xE || STM32F411xE || STM32F446xx || STM32F412Zx || STM32F412Vx ||
1143:Drivers/STM32F4xx_HAL_Driver/Src/stm32f4xx_hal_flash_ex.c ****           STM32F413xx || STM32F423xx */
1144:Drivers/STM32F4xx_HAL_Driver/Src/stm32f4xx_hal_flash_ex.c **** 
1145:Drivers/STM32F4xx_HAL_Driver/Src/stm32f4xx_hal_flash_ex.c **** /**
1146:Drivers/STM32F4xx_HAL_Driver/Src/stm32f4xx_hal_flash_ex.c ****   * @brief  Set the read protection level.
1147:Drivers/STM32F4xx_HAL_Driver/Src/stm32f4xx_hal_flash_ex.c ****   * @param  Level specifies the read protection level.
1148:Drivers/STM32F4xx_HAL_Driver/Src/stm32f4xx_hal_flash_ex.c ****   *          This parameter can be one of the following values:
1149:Drivers/STM32F4xx_HAL_Driver/Src/stm32f4xx_hal_flash_ex.c ****   *            @arg OB_RDP_LEVEL_0: No protection
1150:Drivers/STM32F4xx_HAL_Driver/Src/stm32f4xx_hal_flash_ex.c ****   *            @arg OB_RDP_LEVEL_1: Read protection of the memory
1151:Drivers/STM32F4xx_HAL_Driver/Src/stm32f4xx_hal_flash_ex.c ****   *            @arg OB_RDP_LEVEL_2: Full chip protection
1152:Drivers/STM32F4xx_HAL_Driver/Src/stm32f4xx_hal_flash_ex.c ****   *
1153:Drivers/STM32F4xx_HAL_Driver/Src/stm32f4xx_hal_flash_ex.c ****   * @note WARNING: When enabling OB_RDP level 2 it's no more possible to go back to level 1 or 0
1154:Drivers/STM32F4xx_HAL_Driver/Src/stm32f4xx_hal_flash_ex.c ****   *
1155:Drivers/STM32F4xx_HAL_Driver/Src/stm32f4xx_hal_flash_ex.c ****   * @retval HAL Status
1156:Drivers/STM32F4xx_HAL_Driver/Src/stm32f4xx_hal_flash_ex.c ****   */
1157:Drivers/STM32F4xx_HAL_Driver/Src/stm32f4xx_hal_flash_ex.c **** static HAL_StatusTypeDef FLASH_OB_RDP_LevelConfig(uint8_t Level)
1158:Drivers/STM32F4xx_HAL_Driver/Src/stm32f4xx_hal_flash_ex.c **** {
1159:Drivers/STM32F4xx_HAL_Driver/Src/stm32f4xx_hal_flash_ex.c ****   HAL_StatusTypeDef status = HAL_OK;
1160:Drivers/STM32F4xx_HAL_Driver/Src/stm32f4xx_hal_flash_ex.c **** 
1161:Drivers/STM32F4xx_HAL_Driver/Src/stm32f4xx_hal_flash_ex.c ****   /* Check the parameters */
1162:Drivers/STM32F4xx_HAL_Driver/Src/stm32f4xx_hal_flash_ex.c ****   assert_param(IS_OB_RDP_LEVEL(Level));
1163:Drivers/STM32F4xx_HAL_Driver/Src/stm32f4xx_hal_flash_ex.c **** 
1164:Drivers/STM32F4xx_HAL_Driver/Src/stm32f4xx_hal_flash_ex.c ****   /* Wait for last operation to be completed */
1165:Drivers/STM32F4xx_HAL_Driver/Src/stm32f4xx_hal_flash_ex.c ****   status = FLASH_WaitForLastOperation((uint32_t)FLASH_TIMEOUT_VALUE);
1166:Drivers/STM32F4xx_HAL_Driver/Src/stm32f4xx_hal_flash_ex.c **** 
1167:Drivers/STM32F4xx_HAL_Driver/Src/stm32f4xx_hal_flash_ex.c ****   if (status == HAL_OK)
1168:Drivers/STM32F4xx_HAL_Driver/Src/stm32f4xx_hal_flash_ex.c ****   {
1169:Drivers/STM32F4xx_HAL_Driver/Src/stm32f4xx_hal_flash_ex.c ****     *(__IO uint8_t *)OPTCR_BYTE1_ADDRESS = Level;
1170:Drivers/STM32F4xx_HAL_Driver/Src/stm32f4xx_hal_flash_ex.c ****   }
ARM GAS  C:\Users\techn\AppData\Local\Temp\cch1DoTg.s 			page 23


1171:Drivers/STM32F4xx_HAL_Driver/Src/stm32f4xx_hal_flash_ex.c **** 
1172:Drivers/STM32F4xx_HAL_Driver/Src/stm32f4xx_hal_flash_ex.c ****   return status;
1173:Drivers/STM32F4xx_HAL_Driver/Src/stm32f4xx_hal_flash_ex.c **** }
1174:Drivers/STM32F4xx_HAL_Driver/Src/stm32f4xx_hal_flash_ex.c **** 
1175:Drivers/STM32F4xx_HAL_Driver/Src/stm32f4xx_hal_flash_ex.c **** /**
1176:Drivers/STM32F4xx_HAL_Driver/Src/stm32f4xx_hal_flash_ex.c ****   * @brief  Program the FLASH User Option Byte: IWDG_SW / RST_STOP / RST_STDBY.
1177:Drivers/STM32F4xx_HAL_Driver/Src/stm32f4xx_hal_flash_ex.c ****   * @param  Iwdg Selects the IWDG mode
1178:Drivers/STM32F4xx_HAL_Driver/Src/stm32f4xx_hal_flash_ex.c ****   *          This parameter can be one of the following values:
1179:Drivers/STM32F4xx_HAL_Driver/Src/stm32f4xx_hal_flash_ex.c ****   *            @arg OB_IWDG_SW: Software IWDG selected
1180:Drivers/STM32F4xx_HAL_Driver/Src/stm32f4xx_hal_flash_ex.c ****   *            @arg OB_IWDG_HW: Hardware IWDG selected
1181:Drivers/STM32F4xx_HAL_Driver/Src/stm32f4xx_hal_flash_ex.c ****   * @param  Stop Reset event when entering STOP mode.
1182:Drivers/STM32F4xx_HAL_Driver/Src/stm32f4xx_hal_flash_ex.c ****   *          This parameter  can be one of the following values:
1183:Drivers/STM32F4xx_HAL_Driver/Src/stm32f4xx_hal_flash_ex.c ****   *            @arg OB_STOP_NO_RST: No reset generated when entering in STOP
1184:Drivers/STM32F4xx_HAL_Driver/Src/stm32f4xx_hal_flash_ex.c ****   *            @arg OB_STOP_RST: Reset generated when entering in STOP
1185:Drivers/STM32F4xx_HAL_Driver/Src/stm32f4xx_hal_flash_ex.c ****   * @param  Stdby Reset event when entering Standby mode.
1186:Drivers/STM32F4xx_HAL_Driver/Src/stm32f4xx_hal_flash_ex.c ****   *          This parameter  can be one of the following values:
1187:Drivers/STM32F4xx_HAL_Driver/Src/stm32f4xx_hal_flash_ex.c ****   *            @arg OB_STDBY_NO_RST: No reset generated when entering in STANDBY
1188:Drivers/STM32F4xx_HAL_Driver/Src/stm32f4xx_hal_flash_ex.c ****   *            @arg OB_STDBY_RST: Reset generated when entering in STANDBY
1189:Drivers/STM32F4xx_HAL_Driver/Src/stm32f4xx_hal_flash_ex.c ****   * @retval HAL Status
1190:Drivers/STM32F4xx_HAL_Driver/Src/stm32f4xx_hal_flash_ex.c ****   */
1191:Drivers/STM32F4xx_HAL_Driver/Src/stm32f4xx_hal_flash_ex.c **** static HAL_StatusTypeDef FLASH_OB_UserConfig(uint8_t Iwdg, uint8_t Stop, uint8_t Stdby)
1192:Drivers/STM32F4xx_HAL_Driver/Src/stm32f4xx_hal_flash_ex.c **** {
1193:Drivers/STM32F4xx_HAL_Driver/Src/stm32f4xx_hal_flash_ex.c ****   uint8_t optiontmp;
1194:Drivers/STM32F4xx_HAL_Driver/Src/stm32f4xx_hal_flash_ex.c ****   HAL_StatusTypeDef status = HAL_OK;
1195:Drivers/STM32F4xx_HAL_Driver/Src/stm32f4xx_hal_flash_ex.c **** 
1196:Drivers/STM32F4xx_HAL_Driver/Src/stm32f4xx_hal_flash_ex.c ****   /* Check the parameters */
1197:Drivers/STM32F4xx_HAL_Driver/Src/stm32f4xx_hal_flash_ex.c ****   assert_param(IS_OB_IWDG_SOURCE(Iwdg));
1198:Drivers/STM32F4xx_HAL_Driver/Src/stm32f4xx_hal_flash_ex.c ****   assert_param(IS_OB_STOP_SOURCE(Stop));
1199:Drivers/STM32F4xx_HAL_Driver/Src/stm32f4xx_hal_flash_ex.c ****   assert_param(IS_OB_STDBY_SOURCE(Stdby));
1200:Drivers/STM32F4xx_HAL_Driver/Src/stm32f4xx_hal_flash_ex.c **** 
1201:Drivers/STM32F4xx_HAL_Driver/Src/stm32f4xx_hal_flash_ex.c ****   /* Wait for last operation to be completed */
1202:Drivers/STM32F4xx_HAL_Driver/Src/stm32f4xx_hal_flash_ex.c ****   status = FLASH_WaitForLastOperation((uint32_t)FLASH_TIMEOUT_VALUE);
1203:Drivers/STM32F4xx_HAL_Driver/Src/stm32f4xx_hal_flash_ex.c **** 
1204:Drivers/STM32F4xx_HAL_Driver/Src/stm32f4xx_hal_flash_ex.c ****   if (status == HAL_OK)
1205:Drivers/STM32F4xx_HAL_Driver/Src/stm32f4xx_hal_flash_ex.c ****   {
1206:Drivers/STM32F4xx_HAL_Driver/Src/stm32f4xx_hal_flash_ex.c ****     /* Mask OPTLOCK, OPTSTRT, BOR_LEV and BFB2 bits */
1207:Drivers/STM32F4xx_HAL_Driver/Src/stm32f4xx_hal_flash_ex.c ****     optiontmp = (uint8_t)((*(__IO uint8_t *)OPTCR_BYTE0_ADDRESS) & (uint8_t)0x1F);
1208:Drivers/STM32F4xx_HAL_Driver/Src/stm32f4xx_hal_flash_ex.c **** 
1209:Drivers/STM32F4xx_HAL_Driver/Src/stm32f4xx_hal_flash_ex.c ****     /* Update User Option Byte */
1210:Drivers/STM32F4xx_HAL_Driver/Src/stm32f4xx_hal_flash_ex.c ****     *(__IO uint8_t *)OPTCR_BYTE0_ADDRESS = Iwdg | (uint8_t)(Stdby | (uint8_t)(Stop | ((uint8_t)opti
1211:Drivers/STM32F4xx_HAL_Driver/Src/stm32f4xx_hal_flash_ex.c ****   }
1212:Drivers/STM32F4xx_HAL_Driver/Src/stm32f4xx_hal_flash_ex.c **** 
1213:Drivers/STM32F4xx_HAL_Driver/Src/stm32f4xx_hal_flash_ex.c ****   return status;
1214:Drivers/STM32F4xx_HAL_Driver/Src/stm32f4xx_hal_flash_ex.c **** }
1215:Drivers/STM32F4xx_HAL_Driver/Src/stm32f4xx_hal_flash_ex.c **** 
1216:Drivers/STM32F4xx_HAL_Driver/Src/stm32f4xx_hal_flash_ex.c **** /**
1217:Drivers/STM32F4xx_HAL_Driver/Src/stm32f4xx_hal_flash_ex.c ****   * @brief  Set the BOR Level.
1218:Drivers/STM32F4xx_HAL_Driver/Src/stm32f4xx_hal_flash_ex.c ****   * @param  Level specifies the Option Bytes BOR Reset Level.
1219:Drivers/STM32F4xx_HAL_Driver/Src/stm32f4xx_hal_flash_ex.c ****   *          This parameter can be one of the following values:
1220:Drivers/STM32F4xx_HAL_Driver/Src/stm32f4xx_hal_flash_ex.c ****   *            @arg OB_BOR_LEVEL3: Supply voltage ranges from 2.7 to 3.6 V
1221:Drivers/STM32F4xx_HAL_Driver/Src/stm32f4xx_hal_flash_ex.c ****   *            @arg OB_BOR_LEVEL2: Supply voltage ranges from 2.4 to 2.7 V
1222:Drivers/STM32F4xx_HAL_Driver/Src/stm32f4xx_hal_flash_ex.c ****   *            @arg OB_BOR_LEVEL1: Supply voltage ranges from 2.1 to 2.4 V
1223:Drivers/STM32F4xx_HAL_Driver/Src/stm32f4xx_hal_flash_ex.c ****   *            @arg OB_BOR_OFF: Supply voltage ranges from 1.62 to 2.1 V
1224:Drivers/STM32F4xx_HAL_Driver/Src/stm32f4xx_hal_flash_ex.c ****   * @retval HAL Status
1225:Drivers/STM32F4xx_HAL_Driver/Src/stm32f4xx_hal_flash_ex.c ****   */
1226:Drivers/STM32F4xx_HAL_Driver/Src/stm32f4xx_hal_flash_ex.c **** static HAL_StatusTypeDef FLASH_OB_BOR_LevelConfig(uint8_t Level)
1227:Drivers/STM32F4xx_HAL_Driver/Src/stm32f4xx_hal_flash_ex.c **** {
ARM GAS  C:\Users\techn\AppData\Local\Temp\cch1DoTg.s 			page 24


1228:Drivers/STM32F4xx_HAL_Driver/Src/stm32f4xx_hal_flash_ex.c ****   /* Check the parameters */
1229:Drivers/STM32F4xx_HAL_Driver/Src/stm32f4xx_hal_flash_ex.c ****   assert_param(IS_OB_BOR_LEVEL(Level));
1230:Drivers/STM32F4xx_HAL_Driver/Src/stm32f4xx_hal_flash_ex.c **** 
1231:Drivers/STM32F4xx_HAL_Driver/Src/stm32f4xx_hal_flash_ex.c ****   /* Set the BOR Level */
1232:Drivers/STM32F4xx_HAL_Driver/Src/stm32f4xx_hal_flash_ex.c ****   *(__IO uint8_t *)OPTCR_BYTE0_ADDRESS &= (~FLASH_OPTCR_BOR_LEV);
  85              		.loc 1 1232 3 is_stmt 0 view .LVU20
  86 0022 264B     		ldr	r3, .L32+4
  87              	.LBE25:
  88              	.LBE24:
 324:Drivers/STM32F4xx_HAL_Driver/Src/stm32f4xx_hal_flash_ex.c ****   }
  89              		.loc 1 324 14 view .LVU21
  90 0024 227D     		ldrb	r2, [r4, #20]	@ zero_extendqisi2
  91              	.LVL4:
  92              	.LBB28:
  93              	.LBI24:
1226:Drivers/STM32F4xx_HAL_Driver/Src/stm32f4xx_hal_flash_ex.c **** {
  94              		.loc 1 1226 26 is_stmt 1 view .LVU22
  95              	.LBB26:
1229:Drivers/STM32F4xx_HAL_Driver/Src/stm32f4xx_hal_flash_ex.c **** 
  96              		.loc 1 1229 3 view .LVU23
  97              		.loc 1 1232 3 view .LVU24
  98 0026 197D     		ldrb	r1, [r3, #20]	@ zero_extendqisi2
  99              		.loc 1 1232 40 is_stmt 0 view .LVU25
 100 0028 01F0F301 		and	r1, r1, #243
 101 002c 1975     		strb	r1, [r3, #20]
1233:Drivers/STM32F4xx_HAL_Driver/Src/stm32f4xx_hal_flash_ex.c ****   *(__IO uint8_t *)OPTCR_BYTE0_ADDRESS |= Level;
 102              		.loc 1 1233 3 is_stmt 1 view .LVU26
 103 002e 197D     		ldrb	r1, [r3, #20]	@ zero_extendqisi2
 104              		.loc 1 1233 40 is_stmt 0 view .LVU27
 105 0030 0A43     		orrs	r2, r2, r1
 106              	.LVL5:
 107              		.loc 1 1233 40 view .LVU28
 108              	.LBE26:
 109              	.LBE28:
 324:Drivers/STM32F4xx_HAL_Driver/Src/stm32f4xx_hal_flash_ex.c ****   }
 110              		.loc 1 324 14 view .LVU29
 111 0032 0020     		movs	r0, #0
 112              	.LVL6:
 113              	.LBB29:
 114              	.LBB27:
 115              		.loc 1 1233 40 view .LVU30
 116 0034 1A75     		strb	r2, [r3, #20]
1234:Drivers/STM32F4xx_HAL_Driver/Src/stm32f4xx_hal_flash_ex.c **** 
1235:Drivers/STM32F4xx_HAL_Driver/Src/stm32f4xx_hal_flash_ex.c ****   return HAL_OK;
 117              		.loc 1 1235 3 is_stmt 1 view .LVU31
 118              	.LVL7:
 119              	.L11:
 120              		.loc 1 1235 3 is_stmt 0 view .LVU32
 121              	.LBE27:
 122              	.LBE29:
 328:Drivers/STM32F4xx_HAL_Driver/Src/stm32f4xx_hal_flash_ex.c **** 
 123              		.loc 1 328 3 is_stmt 1 view .LVU33
 328:Drivers/STM32F4xx_HAL_Driver/Src/stm32f4xx_hal_flash_ex.c **** 
 124              		.loc 1 328 3 view .LVU34
 125 0036 0023     		movs	r3, #0
 126 0038 2B76     		strb	r3, [r5, #24]
 328:Drivers/STM32F4xx_HAL_Driver/Src/stm32f4xx_hal_flash_ex.c **** 
ARM GAS  C:\Users\techn\AppData\Local\Temp\cch1DoTg.s 			page 25


 127              		.loc 1 328 3 view .LVU35
 330:Drivers/STM32F4xx_HAL_Driver/Src/stm32f4xx_hal_flash_ex.c **** }
 128              		.loc 1 330 3 view .LVU36
 331:Drivers/STM32F4xx_HAL_Driver/Src/stm32f4xx_hal_flash_ex.c **** 
 129              		.loc 1 331 1 is_stmt 0 view .LVU37
 130 003a 70BD     		pop	{r4, r5, r6, pc}
 131              	.LVL8:
 132              	.L28:
 294:Drivers/STM32F4xx_HAL_Driver/Src/stm32f4xx_hal_flash_ex.c ****     if (pOBInit->WRPState == OB_WRPSTATE_ENABLE)
 133              		.loc 1 294 5 is_stmt 1 view .LVU38
 295:Drivers/STM32F4xx_HAL_Driver/Src/stm32f4xx_hal_flash_ex.c ****     {
 134              		.loc 1 295 5 view .LVU39
 298:Drivers/STM32F4xx_HAL_Driver/Src/stm32f4xx_hal_flash_ex.c ****     }
 135              		.loc 1 298 16 is_stmt 0 view .LVU40
 136 003c D4E90136 		ldrd	r3, r6, [r4, #4]
 295:Drivers/STM32F4xx_HAL_Driver/Src/stm32f4xx_hal_flash_ex.c ****     {
 137              		.loc 1 295 8 view .LVU41
 138 0040 8342     		cmp	r3, r0
 139              	.LBB30:
 140              	.LBB31:
1036:Drivers/STM32F4xx_HAL_Driver/Src/stm32f4xx_hal_flash_ex.c **** 
 141              		.loc 1 1036 12 view .LVU42
 142 0042 4CF25030 		movw	r0, #50000
 143              	.LBE31:
 144              	.LBE30:
 295:Drivers/STM32F4xx_HAL_Driver/Src/stm32f4xx_hal_flash_ex.c ****     {
 145              		.loc 1 295 8 view .LVU43
 146 0046 28D0     		beq	.L31
 303:Drivers/STM32F4xx_HAL_Driver/Src/stm32f4xx_hal_flash_ex.c ****     }
 147              		.loc 1 303 7 is_stmt 1 view .LVU44
 148              	.LVL9:
 149              	.LBB34:
 150              	.LBI34:
1063:Drivers/STM32F4xx_HAL_Driver/Src/stm32f4xx_hal_flash_ex.c **** {
 151              		.loc 1 1063 26 view .LVU45
 152              	.LBB35:
1065:Drivers/STM32F4xx_HAL_Driver/Src/stm32f4xx_hal_flash_ex.c **** 
 153              		.loc 1 1065 3 view .LVU46
1068:Drivers/STM32F4xx_HAL_Driver/Src/stm32f4xx_hal_flash_ex.c ****   assert_param(IS_FLASH_BANK(Banks));
 154              		.loc 1 1068 3 view .LVU47
1069:Drivers/STM32F4xx_HAL_Driver/Src/stm32f4xx_hal_flash_ex.c **** 
 155              		.loc 1 1069 3 view .LVU48
1072:Drivers/STM32F4xx_HAL_Driver/Src/stm32f4xx_hal_flash_ex.c **** 
 156              		.loc 1 1072 3 view .LVU49
1072:Drivers/STM32F4xx_HAL_Driver/Src/stm32f4xx_hal_flash_ex.c **** 
 157              		.loc 1 1072 12 is_stmt 0 view .LVU50
 158 0048 FFF7FEFF 		bl	FLASH_WaitForLastOperation
 159              	.LVL10:
1074:Drivers/STM32F4xx_HAL_Driver/Src/stm32f4xx_hal_flash_ex.c ****   {
 160              		.loc 1 1074 3 is_stmt 1 view .LVU51
1074:Drivers/STM32F4xx_HAL_Driver/Src/stm32f4xx_hal_flash_ex.c ****   {
 161              		.loc 1 1074 6 is_stmt 0 view .LVU52
 162 004c 18BB     		cbnz	r0, .L24
1076:Drivers/STM32F4xx_HAL_Driver/Src/stm32f4xx_hal_flash_ex.c ****   }
 163              		.loc 1 1076 5 is_stmt 1 view .LVU53
 164 004e 1B4A     		ldr	r2, .L32+4
 165              	.LBE35:
ARM GAS  C:\Users\techn\AppData\Local\Temp\cch1DoTg.s 			page 26


 166              	.LBE34:
 308:Drivers/STM32F4xx_HAL_Driver/Src/stm32f4xx_hal_flash_ex.c ****   {
 167              		.loc 1 308 15 is_stmt 0 view .LVU54
 168 0050 2368     		ldr	r3, [r4]
 169              	.LBB38:
 170              	.LBB36:
1076:Drivers/STM32F4xx_HAL_Driver/Src/stm32f4xx_hal_flash_ex.c ****   }
 171              		.loc 1 1076 5 view .LVU55
 172 0052 D18A     		ldrh	r1, [r2, #22]
1076:Drivers/STM32F4xx_HAL_Driver/Src/stm32f4xx_hal_flash_ex.c ****   }
 173              		.loc 1 1076 43 view .LVU56
 174 0054 0E43     		orrs	r6, r6, r1
 175              	.LVL11:
1076:Drivers/STM32F4xx_HAL_Driver/Src/stm32f4xx_hal_flash_ex.c ****   }
 176              		.loc 1 1076 43 view .LVU57
 177 0056 B6B2     		uxth	r6, r6
 178              	.LBE36:
 179              	.LBE38:
 308:Drivers/STM32F4xx_HAL_Driver/Src/stm32f4xx_hal_flash_ex.c ****   {
 180              		.loc 1 308 6 view .LVU58
 181 0058 9907     		lsls	r1, r3, #30
 182              	.LBB39:
 183              	.LBB37:
1076:Drivers/STM32F4xx_HAL_Driver/Src/stm32f4xx_hal_flash_ex.c ****   }
 184              		.loc 1 1076 43 view .LVU59
 185 005a D682     		strh	r6, [r2, #22]	@ movhi
 186              	.LVL12:
1076:Drivers/STM32F4xx_HAL_Driver/Src/stm32f4xx_hal_flash_ex.c ****   }
 187              		.loc 1 1076 43 view .LVU60
 188              	.LBE37:
 189              	.LBE39:
 308:Drivers/STM32F4xx_HAL_Driver/Src/stm32f4xx_hal_flash_ex.c ****   {
 190              		.loc 1 308 3 is_stmt 1 view .LVU61
 308:Drivers/STM32F4xx_HAL_Driver/Src/stm32f4xx_hal_flash_ex.c ****   {
 191              		.loc 1 308 6 is_stmt 0 view .LVU62
 192 005c DDD5     		bpl	.L7
 193              	.L29:
 310:Drivers/STM32F4xx_HAL_Driver/Src/stm32f4xx_hal_flash_ex.c ****   }
 194              		.loc 1 310 5 is_stmt 1 view .LVU63
 195              	.LBB40:
 196              	.LBB41:
1165:Drivers/STM32F4xx_HAL_Driver/Src/stm32f4xx_hal_flash_ex.c **** 
 197              		.loc 1 1165 12 is_stmt 0 view .LVU64
 198 005e 4CF25030 		movw	r0, #50000
 199              	.LVL13:
1165:Drivers/STM32F4xx_HAL_Driver/Src/stm32f4xx_hal_flash_ex.c **** 
 200              		.loc 1 1165 12 view .LVU65
 201              	.LBE41:
 202              	.LBE40:
 310:Drivers/STM32F4xx_HAL_Driver/Src/stm32f4xx_hal_flash_ex.c ****   }
 203              		.loc 1 310 46 view .LVU66
 204 0062 2669     		ldr	r6, [r4, #16]
 205              	.LVL14:
 206              	.LBB44:
 207              	.LBI40:
1157:Drivers/STM32F4xx_HAL_Driver/Src/stm32f4xx_hal_flash_ex.c **** {
 208              		.loc 1 1157 26 is_stmt 1 view .LVU67
ARM GAS  C:\Users\techn\AppData\Local\Temp\cch1DoTg.s 			page 27


 209              	.LBB42:
1159:Drivers/STM32F4xx_HAL_Driver/Src/stm32f4xx_hal_flash_ex.c **** 
 210              		.loc 1 1159 3 view .LVU68
1162:Drivers/STM32F4xx_HAL_Driver/Src/stm32f4xx_hal_flash_ex.c **** 
 211              		.loc 1 1162 3 view .LVU69
1165:Drivers/STM32F4xx_HAL_Driver/Src/stm32f4xx_hal_flash_ex.c **** 
 212              		.loc 1 1165 3 view .LVU70
1165:Drivers/STM32F4xx_HAL_Driver/Src/stm32f4xx_hal_flash_ex.c **** 
 213              		.loc 1 1165 12 is_stmt 0 view .LVU71
 214 0064 FFF7FEFF 		bl	FLASH_WaitForLastOperation
 215              	.LVL15:
1167:Drivers/STM32F4xx_HAL_Driver/Src/stm32f4xx_hal_flash_ex.c ****   {
 216              		.loc 1 1167 3 is_stmt 1 view .LVU72
1167:Drivers/STM32F4xx_HAL_Driver/Src/stm32f4xx_hal_flash_ex.c ****   {
 217              		.loc 1 1167 6 is_stmt 0 view .LVU73
 218 0068 10B9     		cbnz	r0, .L25
1169:Drivers/STM32F4xx_HAL_Driver/Src/stm32f4xx_hal_flash_ex.c ****   }
 219              		.loc 1 1169 5 is_stmt 1 view .LVU74
1169:Drivers/STM32F4xx_HAL_Driver/Src/stm32f4xx_hal_flash_ex.c ****   }
 220              		.loc 1 1169 42 is_stmt 0 view .LVU75
 221 006a 144B     		ldr	r3, .L32+4
 222              	.LBE42:
 223              	.LBE44:
 310:Drivers/STM32F4xx_HAL_Driver/Src/stm32f4xx_hal_flash_ex.c ****   }
 224              		.loc 1 310 14 view .LVU76
 225 006c F6B2     		uxtb	r6, r6
 226              	.LBB45:
 227              	.LBB43:
1169:Drivers/STM32F4xx_HAL_Driver/Src/stm32f4xx_hal_flash_ex.c ****   }
 228              		.loc 1 1169 42 view .LVU77
 229 006e 5E75     		strb	r6, [r3, #21]
 230              	.LVL16:
 231              	.L25:
1169:Drivers/STM32F4xx_HAL_Driver/Src/stm32f4xx_hal_flash_ex.c ****   }
 232              		.loc 1 1169 42 view .LVU78
 233              	.LBE43:
 234              	.LBE45:
 314:Drivers/STM32F4xx_HAL_Driver/Src/stm32f4xx_hal_flash_ex.c ****   {
 235              		.loc 1 314 15 view .LVU79
 236 0070 2368     		ldr	r3, [r4]
 237              	.LVL17:
 314:Drivers/STM32F4xx_HAL_Driver/Src/stm32f4xx_hal_flash_ex.c ****   {
 238              		.loc 1 314 3 is_stmt 1 view .LVU80
 314:Drivers/STM32F4xx_HAL_Driver/Src/stm32f4xx_hal_flash_ex.c ****   {
 239              		.loc 1 314 6 is_stmt 0 view .LVU81
 240 0072 5A07     		lsls	r2, r3, #29
 241 0074 D3D5     		bpl	.L9
 242              	.L30:
 316:Drivers/STM32F4xx_HAL_Driver/Src/stm32f4xx_hal_flash_ex.c ****                                  pOBInit->USERConfig & OB_STOP_NO_RST,
 243              		.loc 1 316 5 is_stmt 1 view .LVU82
 244              	.LBB46:
 245              	.LBB47:
1202:Drivers/STM32F4xx_HAL_Driver/Src/stm32f4xx_hal_flash_ex.c **** 
 246              		.loc 1 1202 12 is_stmt 0 view .LVU83
 247 0076 4CF25030 		movw	r0, #50000
 248              	.LVL18:
1202:Drivers/STM32F4xx_HAL_Driver/Src/stm32f4xx_hal_flash_ex.c **** 
ARM GAS  C:\Users\techn\AppData\Local\Temp\cch1DoTg.s 			page 28


 249              		.loc 1 1202 12 view .LVU84
 250              	.LBE47:
 251              	.LBE46:
 316:Drivers/STM32F4xx_HAL_Driver/Src/stm32f4xx_hal_flash_ex.c ****                                  pOBInit->USERConfig & OB_STOP_NO_RST,
 252              		.loc 1 316 41 view .LVU85
 253 007a 267E     		ldrb	r6, [r4, #24]	@ zero_extendqisi2
 254              	.LVL19:
 255              	.LBB49:
 256              	.LBI46:
1191:Drivers/STM32F4xx_HAL_Driver/Src/stm32f4xx_hal_flash_ex.c **** {
 257              		.loc 1 1191 26 is_stmt 1 view .LVU86
 258              	.LBB48:
1193:Drivers/STM32F4xx_HAL_Driver/Src/stm32f4xx_hal_flash_ex.c ****   HAL_StatusTypeDef status = HAL_OK;
 259              		.loc 1 1193 3 view .LVU87
1194:Drivers/STM32F4xx_HAL_Driver/Src/stm32f4xx_hal_flash_ex.c **** 
 260              		.loc 1 1194 3 view .LVU88
1197:Drivers/STM32F4xx_HAL_Driver/Src/stm32f4xx_hal_flash_ex.c ****   assert_param(IS_OB_STOP_SOURCE(Stop));
 261              		.loc 1 1197 3 view .LVU89
1198:Drivers/STM32F4xx_HAL_Driver/Src/stm32f4xx_hal_flash_ex.c ****   assert_param(IS_OB_STDBY_SOURCE(Stdby));
 262              		.loc 1 1198 3 view .LVU90
1199:Drivers/STM32F4xx_HAL_Driver/Src/stm32f4xx_hal_flash_ex.c **** 
 263              		.loc 1 1199 3 view .LVU91
1202:Drivers/STM32F4xx_HAL_Driver/Src/stm32f4xx_hal_flash_ex.c **** 
 264              		.loc 1 1202 3 view .LVU92
1202:Drivers/STM32F4xx_HAL_Driver/Src/stm32f4xx_hal_flash_ex.c **** 
 265              		.loc 1 1202 12 is_stmt 0 view .LVU93
 266 007c FFF7FEFF 		bl	FLASH_WaitForLastOperation
 267              	.LVL20:
1204:Drivers/STM32F4xx_HAL_Driver/Src/stm32f4xx_hal_flash_ex.c ****   {
 268              		.loc 1 1204 3 is_stmt 1 view .LVU94
1204:Drivers/STM32F4xx_HAL_Driver/Src/stm32f4xx_hal_flash_ex.c ****   {
 269              		.loc 1 1204 6 is_stmt 0 view .LVU95
 270 0080 38B9     		cbnz	r0, .L26
1207:Drivers/STM32F4xx_HAL_Driver/Src/stm32f4xx_hal_flash_ex.c **** 
 271              		.loc 1 1207 5 is_stmt 1 view .LVU96
1207:Drivers/STM32F4xx_HAL_Driver/Src/stm32f4xx_hal_flash_ex.c **** 
 272              		.loc 1 1207 66 is_stmt 0 view .LVU97
 273 0082 0E4A     		ldr	r2, .L32+4
 274 0084 137D     		ldrb	r3, [r2, #20]	@ zero_extendqisi2
 275              	.LVL21:
1210:Drivers/STM32F4xx_HAL_Driver/Src/stm32f4xx_hal_flash_ex.c ****   }
 276              		.loc 1 1210 5 is_stmt 1 view .LVU98
1210:Drivers/STM32F4xx_HAL_Driver/Src/stm32f4xx_hal_flash_ex.c ****   }
 277              		.loc 1 1210 42 is_stmt 0 view .LVU99
 278 0086 26F01F06 		bic	r6, r6, #31
 279              	.LVL22:
1207:Drivers/STM32F4xx_HAL_Driver/Src/stm32f4xx_hal_flash_ex.c **** 
 280              		.loc 1 1207 15 view .LVU100
 281 008a 03F01F03 		and	r3, r3, #31
 282              	.LVL23:
1210:Drivers/STM32F4xx_HAL_Driver/Src/stm32f4xx_hal_flash_ex.c ****   }
 283              		.loc 1 1210 42 view .LVU101
 284 008e 1E43     		orrs	r6, r6, r3
 285 0090 1675     		strb	r6, [r2, #20]
 286              	.LVL24:
 287              	.L26:
1210:Drivers/STM32F4xx_HAL_Driver/Src/stm32f4xx_hal_flash_ex.c ****   }
ARM GAS  C:\Users\techn\AppData\Local\Temp\cch1DoTg.s 			page 29


 288              		.loc 1 1210 42 view .LVU102
 289              	.LBE48:
 290              	.LBE49:
 322:Drivers/STM32F4xx_HAL_Driver/Src/stm32f4xx_hal_flash_ex.c ****   {
 291              		.loc 1 322 15 view .LVU103
 292 0092 2368     		ldr	r3, [r4]
 293 0094 C3E7     		b	.L9
 294              	.LVL25:
 295              	.L24:
 308:Drivers/STM32F4xx_HAL_Driver/Src/stm32f4xx_hal_flash_ex.c ****   {
 296              		.loc 1 308 15 view .LVU104
 297 0096 2368     		ldr	r3, [r4]
 298 0098 BDE7     		b	.L3
 299              	.L31:
 298:Drivers/STM32F4xx_HAL_Driver/Src/stm32f4xx_hal_flash_ex.c ****     }
 300              		.loc 1 298 7 is_stmt 1 view .LVU105
 301              	.LVL26:
 302              	.LBB50:
 303              	.LBI30:
1027:Drivers/STM32F4xx_HAL_Driver/Src/stm32f4xx_hal_flash_ex.c **** {
 304              		.loc 1 1027 26 view .LVU106
 305              	.LBB32:
1029:Drivers/STM32F4xx_HAL_Driver/Src/stm32f4xx_hal_flash_ex.c **** 
 306              		.loc 1 1029 3 view .LVU107
1032:Drivers/STM32F4xx_HAL_Driver/Src/stm32f4xx_hal_flash_ex.c ****   assert_param(IS_FLASH_BANK(Banks));
 307              		.loc 1 1032 3 view .LVU108
1033:Drivers/STM32F4xx_HAL_Driver/Src/stm32f4xx_hal_flash_ex.c **** 
 308              		.loc 1 1033 3 view .LVU109
1036:Drivers/STM32F4xx_HAL_Driver/Src/stm32f4xx_hal_flash_ex.c **** 
 309              		.loc 1 1036 3 view .LVU110
1036:Drivers/STM32F4xx_HAL_Driver/Src/stm32f4xx_hal_flash_ex.c **** 
 310              		.loc 1 1036 12 is_stmt 0 view .LVU111
 311 009a FFF7FEFF 		bl	FLASH_WaitForLastOperation
 312              	.LVL27:
1038:Drivers/STM32F4xx_HAL_Driver/Src/stm32f4xx_hal_flash_ex.c ****   {
 313              		.loc 1 1038 3 is_stmt 1 view .LVU112
1038:Drivers/STM32F4xx_HAL_Driver/Src/stm32f4xx_hal_flash_ex.c ****   {
 314              		.loc 1 1038 6 is_stmt 0 view .LVU113
 315 009e 0028     		cmp	r0, #0
 316 00a0 F9D1     		bne	.L24
1040:Drivers/STM32F4xx_HAL_Driver/Src/stm32f4xx_hal_flash_ex.c ****   }
 317              		.loc 1 1040 5 is_stmt 1 view .LVU114
 318 00a2 0649     		ldr	r1, .L32+4
 319              	.LBE32:
 320              	.LBE50:
 308:Drivers/STM32F4xx_HAL_Driver/Src/stm32f4xx_hal_flash_ex.c ****   {
 321              		.loc 1 308 15 is_stmt 0 view .LVU115
 322 00a4 2368     		ldr	r3, [r4]
 323              	.LBB51:
 324              	.LBB33:
1040:Drivers/STM32F4xx_HAL_Driver/Src/stm32f4xx_hal_flash_ex.c ****   }
 325              		.loc 1 1040 5 view .LVU116
 326 00a6 CA8A     		ldrh	r2, [r1, #22]
 327 00a8 92B2     		uxth	r2, r2
1040:Drivers/STM32F4xx_HAL_Driver/Src/stm32f4xx_hal_flash_ex.c ****   }
 328              		.loc 1 1040 43 view .LVU117
 329 00aa 22EA0602 		bic	r2, r2, r6
ARM GAS  C:\Users\techn\AppData\Local\Temp\cch1DoTg.s 			page 30


 330 00ae CA82     		strh	r2, [r1, #22]	@ movhi
 331 00b0 B1E7     		b	.L3
 332              	.LVL28:
 333              	.L12:
1040:Drivers/STM32F4xx_HAL_Driver/Src/stm32f4xx_hal_flash_ex.c ****   }
 334              		.loc 1 1040 43 view .LVU118
 335              	.LBE33:
 336              	.LBE51:
 286:Drivers/STM32F4xx_HAL_Driver/Src/stm32f4xx_hal_flash_ex.c **** 
 337              		.loc 1 286 3 discriminator 1 view .LVU119
 338 00b2 0220     		movs	r0, #2
 339              	.LVL29:
 331:Drivers/STM32F4xx_HAL_Driver/Src/stm32f4xx_hal_flash_ex.c **** 
 340              		.loc 1 331 1 view .LVU120
 341 00b4 70BD     		pop	{r4, r5, r6, pc}
 342              	.L33:
 343 00b6 00BF     		.align	2
 344              	.L32:
 345 00b8 00000000 		.word	pFlash
 346 00bc 003C0240 		.word	1073888256
 347              		.cfi_endproc
 348              	.LFE136:
 350              		.section	.text.HAL_FLASHEx_OBGetConfig,"ax",%progbits
 351              		.align	1
 352              		.p2align 2,,3
 353              		.global	HAL_FLASHEx_OBGetConfig
 354              		.syntax unified
 355              		.thumb
 356              		.thumb_func
 358              	HAL_FLASHEx_OBGetConfig:
 359              	.LVL30:
 360              	.LFB137:
 341:Drivers/STM32F4xx_HAL_Driver/Src/stm32f4xx_hal_flash_ex.c ****   pOBInit->OptionType = OPTIONBYTE_WRP | OPTIONBYTE_RDP | OPTIONBYTE_USER | OPTIONBYTE_BOR;
 361              		.loc 1 341 1 is_stmt 1 view -0
 362              		.cfi_startproc
 363              		@ args = 0, pretend = 0, frame = 0
 364              		@ frame_needed = 0, uses_anonymous_args = 0
 365              		@ link register save eliminated.
 342:Drivers/STM32F4xx_HAL_Driver/Src/stm32f4xx_hal_flash_ex.c **** 
 366              		.loc 1 342 3 view .LVU122
 367              	.LBB52:
 368              	.LBB53:
1236:Drivers/STM32F4xx_HAL_Driver/Src/stm32f4xx_hal_flash_ex.c **** 
1237:Drivers/STM32F4xx_HAL_Driver/Src/stm32f4xx_hal_flash_ex.c **** }
1238:Drivers/STM32F4xx_HAL_Driver/Src/stm32f4xx_hal_flash_ex.c **** 
1239:Drivers/STM32F4xx_HAL_Driver/Src/stm32f4xx_hal_flash_ex.c **** /**
1240:Drivers/STM32F4xx_HAL_Driver/Src/stm32f4xx_hal_flash_ex.c ****   * @brief  Return the FLASH User Option Byte value.
1241:Drivers/STM32F4xx_HAL_Driver/Src/stm32f4xx_hal_flash_ex.c ****   * @retval uint8_t FLASH User Option Bytes values: IWDG_SW(Bit0), RST_STOP(Bit1)
1242:Drivers/STM32F4xx_HAL_Driver/Src/stm32f4xx_hal_flash_ex.c ****   *         and RST_STDBY(Bit2).
1243:Drivers/STM32F4xx_HAL_Driver/Src/stm32f4xx_hal_flash_ex.c ****   */
1244:Drivers/STM32F4xx_HAL_Driver/Src/stm32f4xx_hal_flash_ex.c **** static uint8_t FLASH_OB_GetUser(void)
1245:Drivers/STM32F4xx_HAL_Driver/Src/stm32f4xx_hal_flash_ex.c **** {
1246:Drivers/STM32F4xx_HAL_Driver/Src/stm32f4xx_hal_flash_ex.c ****   /* Return the User Option Byte */
1247:Drivers/STM32F4xx_HAL_Driver/Src/stm32f4xx_hal_flash_ex.c ****   return ((uint8_t)(FLASH->OPTCR & 0xE0));
1248:Drivers/STM32F4xx_HAL_Driver/Src/stm32f4xx_hal_flash_ex.c **** }
1249:Drivers/STM32F4xx_HAL_Driver/Src/stm32f4xx_hal_flash_ex.c **** 
1250:Drivers/STM32F4xx_HAL_Driver/Src/stm32f4xx_hal_flash_ex.c **** /**
ARM GAS  C:\Users\techn\AppData\Local\Temp\cch1DoTg.s 			page 31


1251:Drivers/STM32F4xx_HAL_Driver/Src/stm32f4xx_hal_flash_ex.c ****   * @brief  Return the FLASH Write Protection Option Bytes value.
1252:Drivers/STM32F4xx_HAL_Driver/Src/stm32f4xx_hal_flash_ex.c ****   * @retval uint16_t FLASH Write Protection Option Bytes value
1253:Drivers/STM32F4xx_HAL_Driver/Src/stm32f4xx_hal_flash_ex.c ****   */
1254:Drivers/STM32F4xx_HAL_Driver/Src/stm32f4xx_hal_flash_ex.c **** static uint16_t FLASH_OB_GetWRP(void)
1255:Drivers/STM32F4xx_HAL_Driver/Src/stm32f4xx_hal_flash_ex.c **** {
1256:Drivers/STM32F4xx_HAL_Driver/Src/stm32f4xx_hal_flash_ex.c ****   /* Return the FLASH write protection Register value */
1257:Drivers/STM32F4xx_HAL_Driver/Src/stm32f4xx_hal_flash_ex.c ****   return (*(__IO uint16_t *)(OPTCR_BYTE2_ADDRESS));
 369              		.loc 1 1257 11 is_stmt 0 view .LVU123
 370 0000 0C4A     		ldr	r2, .L38
 371 0002 D38A     		ldrh	r3, [r2, #22]
 372              	.LBE53:
 373              	.LBE52:
 342:Drivers/STM32F4xx_HAL_Driver/Src/stm32f4xx_hal_flash_ex.c **** 
 374              		.loc 1 342 23 view .LVU124
 375 0004 0F21     		movs	r1, #15
 376              	.LBB56:
 377              	.LBB54:
 378              		.loc 1 1257 11 view .LVU125
 379 0006 9BB2     		uxth	r3, r3
 380              	.LBE54:
 381              	.LBE56:
 345:Drivers/STM32F4xx_HAL_Driver/Src/stm32f4xx_hal_flash_ex.c **** 
 382              		.loc 1 345 24 discriminator 1 view .LVU126
 383 0008 8360     		str	r3, [r0, #8]
 342:Drivers/STM32F4xx_HAL_Driver/Src/stm32f4xx_hal_flash_ex.c **** 
 384              		.loc 1 342 23 view .LVU127
 385 000a 0160     		str	r1, [r0]
 345:Drivers/STM32F4xx_HAL_Driver/Src/stm32f4xx_hal_flash_ex.c **** 
 386              		.loc 1 345 3 is_stmt 1 view .LVU128
 387              	.LBB57:
 388              	.LBI52:
1254:Drivers/STM32F4xx_HAL_Driver/Src/stm32f4xx_hal_flash_ex.c **** {
 389              		.loc 1 1254 17 view .LVU129
 390              	.LBB55:
 391              		.loc 1 1257 3 view .LVU130
 392              	.LBE55:
 393              	.LBE57:
 348:Drivers/STM32F4xx_HAL_Driver/Src/stm32f4xx_hal_flash_ex.c **** 
 394              		.loc 1 348 3 view .LVU131
 395              	.LBB58:
 396              	.LBI58:
1258:Drivers/STM32F4xx_HAL_Driver/Src/stm32f4xx_hal_flash_ex.c **** }
1259:Drivers/STM32F4xx_HAL_Driver/Src/stm32f4xx_hal_flash_ex.c **** 
1260:Drivers/STM32F4xx_HAL_Driver/Src/stm32f4xx_hal_flash_ex.c **** /**
1261:Drivers/STM32F4xx_HAL_Driver/Src/stm32f4xx_hal_flash_ex.c ****   * @brief  Returns the FLASH Read Protection level.
1262:Drivers/STM32F4xx_HAL_Driver/Src/stm32f4xx_hal_flash_ex.c ****   * @retval FLASH ReadOut Protection Status:
1263:Drivers/STM32F4xx_HAL_Driver/Src/stm32f4xx_hal_flash_ex.c ****   *         This parameter can be one of the following values:
1264:Drivers/STM32F4xx_HAL_Driver/Src/stm32f4xx_hal_flash_ex.c ****   *            @arg OB_RDP_LEVEL_0: No protection
1265:Drivers/STM32F4xx_HAL_Driver/Src/stm32f4xx_hal_flash_ex.c ****   *            @arg OB_RDP_LEVEL_1: Read protection of the memory
1266:Drivers/STM32F4xx_HAL_Driver/Src/stm32f4xx_hal_flash_ex.c ****   *            @arg OB_RDP_LEVEL_2: Full chip protection
1267:Drivers/STM32F4xx_HAL_Driver/Src/stm32f4xx_hal_flash_ex.c ****   */
1268:Drivers/STM32F4xx_HAL_Driver/Src/stm32f4xx_hal_flash_ex.c **** static uint8_t FLASH_OB_GetRDP(void)
 397              		.loc 1 1268 16 view .LVU132
 398              	.LBB59:
1269:Drivers/STM32F4xx_HAL_Driver/Src/stm32f4xx_hal_flash_ex.c **** {
1270:Drivers/STM32F4xx_HAL_Driver/Src/stm32f4xx_hal_flash_ex.c ****   uint8_t readstatus = OB_RDP_LEVEL_0;
 399              		.loc 1 1270 3 view .LVU133
ARM GAS  C:\Users\techn\AppData\Local\Temp\cch1DoTg.s 			page 32


 400              	.LVL31:
1271:Drivers/STM32F4xx_HAL_Driver/Src/stm32f4xx_hal_flash_ex.c **** 
1272:Drivers/STM32F4xx_HAL_Driver/Src/stm32f4xx_hal_flash_ex.c ****   if (*(__IO uint8_t *)(OPTCR_BYTE1_ADDRESS) == (uint8_t)OB_RDP_LEVEL_2)
 401              		.loc 1 1272 3 view .LVU134
 402              		.loc 1 1272 7 is_stmt 0 view .LVU135
 403 000c 517D     		ldrb	r1, [r2, #21]	@ zero_extendqisi2
 404              		.loc 1 1272 6 view .LVU136
 405 000e CC29     		cmp	r1, #204
 406              		.loc 1 1272 7 view .LVU137
 407 0010 CBB2     		uxtb	r3, r1
 408              		.loc 1 1272 6 view .LVU138
 409 0012 04D0     		beq	.L35
1273:Drivers/STM32F4xx_HAL_Driver/Src/stm32f4xx_hal_flash_ex.c ****   {
1274:Drivers/STM32F4xx_HAL_Driver/Src/stm32f4xx_hal_flash_ex.c ****     readstatus = OB_RDP_LEVEL_2;
1275:Drivers/STM32F4xx_HAL_Driver/Src/stm32f4xx_hal_flash_ex.c ****   }
1276:Drivers/STM32F4xx_HAL_Driver/Src/stm32f4xx_hal_flash_ex.c ****   else if (*(__IO uint8_t *)(OPTCR_BYTE1_ADDRESS) == (uint8_t)OB_RDP_LEVEL_0)
 410              		.loc 1 1276 8 is_stmt 1 view .LVU139
 411              		.loc 1 1276 12 is_stmt 0 view .LVU140
 412 0014 537D     		ldrb	r3, [r2, #21]	@ zero_extendqisi2
 413              		.loc 1 1276 11 view .LVU141
 414 0016 AA2B     		cmp	r3, #170
 415 0018 14BF     		ite	ne
 416 001a 5523     		movne	r3, #85
 417 001c AA23     		moveq	r3, #170
 418              	.L35:
 419              	.LVL32:
1277:Drivers/STM32F4xx_HAL_Driver/Src/stm32f4xx_hal_flash_ex.c ****   {
1278:Drivers/STM32F4xx_HAL_Driver/Src/stm32f4xx_hal_flash_ex.c ****     readstatus = OB_RDP_LEVEL_0;
1279:Drivers/STM32F4xx_HAL_Driver/Src/stm32f4xx_hal_flash_ex.c ****   }
1280:Drivers/STM32F4xx_HAL_Driver/Src/stm32f4xx_hal_flash_ex.c ****   else
1281:Drivers/STM32F4xx_HAL_Driver/Src/stm32f4xx_hal_flash_ex.c ****   {
1282:Drivers/STM32F4xx_HAL_Driver/Src/stm32f4xx_hal_flash_ex.c ****     readstatus = OB_RDP_LEVEL_1;
1283:Drivers/STM32F4xx_HAL_Driver/Src/stm32f4xx_hal_flash_ex.c ****   }
1284:Drivers/STM32F4xx_HAL_Driver/Src/stm32f4xx_hal_flash_ex.c **** 
1285:Drivers/STM32F4xx_HAL_Driver/Src/stm32f4xx_hal_flash_ex.c ****   return readstatus;
 420              		.loc 1 1285 3 is_stmt 1 view .LVU142
 421              	.LBE59:
 422              	.LBE58:
 423              	.LBB60:
 424              	.LBB61:
1247:Drivers/STM32F4xx_HAL_Driver/Src/stm32f4xx_hal_flash_ex.c **** }
 425              		.loc 1 1247 26 is_stmt 0 view .LVU143
 426 001e 054A     		ldr	r2, .L38
 427              	.LBE61:
 428              	.LBE60:
 348:Drivers/STM32F4xx_HAL_Driver/Src/stm32f4xx_hal_flash_ex.c **** 
 429              		.loc 1 348 21 discriminator 1 view .LVU144
 430 0020 0361     		str	r3, [r0, #16]
 351:Drivers/STM32F4xx_HAL_Driver/Src/stm32f4xx_hal_flash_ex.c **** 
 431              		.loc 1 351 3 is_stmt 1 view .LVU145
 432              	.LBB63:
 433              	.LBI60:
1244:Drivers/STM32F4xx_HAL_Driver/Src/stm32f4xx_hal_flash_ex.c **** {
 434              		.loc 1 1244 16 view .LVU146
 435              	.LBB62:
1247:Drivers/STM32F4xx_HAL_Driver/Src/stm32f4xx_hal_flash_ex.c **** }
 436              		.loc 1 1247 3 view .LVU147
ARM GAS  C:\Users\techn\AppData\Local\Temp\cch1DoTg.s 			page 33


1247:Drivers/STM32F4xx_HAL_Driver/Src/stm32f4xx_hal_flash_ex.c **** }
 437              		.loc 1 1247 26 is_stmt 0 view .LVU148
 438 0022 5369     		ldr	r3, [r2, #20]
1247:Drivers/STM32F4xx_HAL_Driver/Src/stm32f4xx_hal_flash_ex.c **** }
 439              		.loc 1 1247 11 view .LVU149
 440 0024 23F01F03 		bic	r3, r3, #31
 441              	.LBE62:
 442              	.LBE63:
 351:Drivers/STM32F4xx_HAL_Driver/Src/stm32f4xx_hal_flash_ex.c **** 
 443              		.loc 1 351 23 discriminator 1 view .LVU150
 444 0028 0376     		strb	r3, [r0, #24]
 354:Drivers/STM32F4xx_HAL_Driver/Src/stm32f4xx_hal_flash_ex.c **** }
 445              		.loc 1 354 3 is_stmt 1 view .LVU151
 446              	.LBB64:
 447              	.LBI64:
1286:Drivers/STM32F4xx_HAL_Driver/Src/stm32f4xx_hal_flash_ex.c **** }
1287:Drivers/STM32F4xx_HAL_Driver/Src/stm32f4xx_hal_flash_ex.c **** 
1288:Drivers/STM32F4xx_HAL_Driver/Src/stm32f4xx_hal_flash_ex.c **** /**
1289:Drivers/STM32F4xx_HAL_Driver/Src/stm32f4xx_hal_flash_ex.c ****   * @brief  Returns the FLASH BOR level.
1290:Drivers/STM32F4xx_HAL_Driver/Src/stm32f4xx_hal_flash_ex.c ****   * @retval uint8_t The FLASH BOR level:
1291:Drivers/STM32F4xx_HAL_Driver/Src/stm32f4xx_hal_flash_ex.c ****   *           - OB_BOR_LEVEL3: Supply voltage ranges from 2.7 to 3.6 V
1292:Drivers/STM32F4xx_HAL_Driver/Src/stm32f4xx_hal_flash_ex.c ****   *           - OB_BOR_LEVEL2: Supply voltage ranges from 2.4 to 2.7 V
1293:Drivers/STM32F4xx_HAL_Driver/Src/stm32f4xx_hal_flash_ex.c ****   *           - OB_BOR_LEVEL1: Supply voltage ranges from 2.1 to 2.4 V
1294:Drivers/STM32F4xx_HAL_Driver/Src/stm32f4xx_hal_flash_ex.c ****   *           - OB_BOR_OFF   : Supply voltage ranges from 1.62 to 2.1 V
1295:Drivers/STM32F4xx_HAL_Driver/Src/stm32f4xx_hal_flash_ex.c ****   */
1296:Drivers/STM32F4xx_HAL_Driver/Src/stm32f4xx_hal_flash_ex.c **** static uint8_t FLASH_OB_GetBOR(void)
 448              		.loc 1 1296 16 view .LVU152
 449              	.LBB65:
1297:Drivers/STM32F4xx_HAL_Driver/Src/stm32f4xx_hal_flash_ex.c **** {
1298:Drivers/STM32F4xx_HAL_Driver/Src/stm32f4xx_hal_flash_ex.c ****   /* Return the FLASH BOR level */
1299:Drivers/STM32F4xx_HAL_Driver/Src/stm32f4xx_hal_flash_ex.c ****   return (uint8_t)(*(__IO uint8_t *)(OPTCR_BYTE0_ADDRESS) & (uint8_t)0x0C);
 450              		.loc 1 1299 3 view .LVU153
 451              		.loc 1 1299 10 is_stmt 0 view .LVU154
 452 002a 137D     		ldrb	r3, [r2, #20]	@ zero_extendqisi2
 453              	.LBE65:
 454              	.LBE64:
 354:Drivers/STM32F4xx_HAL_Driver/Src/stm32f4xx_hal_flash_ex.c **** }
 455              		.loc 1 354 23 discriminator 1 view .LVU155
 456 002c 03F00C03 		and	r3, r3, #12
 457 0030 4361     		str	r3, [r0, #20]
 355:Drivers/STM32F4xx_HAL_Driver/Src/stm32f4xx_hal_flash_ex.c **** 
 458              		.loc 1 355 1 view .LVU156
 459 0032 7047     		bx	lr
 460              	.L39:
 461              		.align	2
 462              	.L38:
 463 0034 003C0240 		.word	1073888256
 464              		.cfi_endproc
 465              	.LFE137:
 467              		.section	.text.HAL_FLASHEx_AdvOBProgram,"ax",%progbits
 468              		.align	1
 469              		.p2align 2,,3
 470              		.global	HAL_FLASHEx_AdvOBProgram
 471              		.syntax unified
 472              		.thumb
 473              		.thumb_func
 475              	HAL_FLASHEx_AdvOBProgram:
ARM GAS  C:\Users\techn\AppData\Local\Temp\cch1DoTg.s 			page 34


 476              	.LVL33:
 477              	.LFB138:
 370:Drivers/STM32F4xx_HAL_Driver/Src/stm32f4xx_hal_flash_ex.c ****   HAL_StatusTypeDef status = HAL_ERROR;
 478              		.loc 1 370 1 is_stmt 1 view -0
 479              		.cfi_startproc
 480              		@ args = 0, pretend = 0, frame = 0
 481              		@ frame_needed = 0, uses_anonymous_args = 0
 371:Drivers/STM32F4xx_HAL_Driver/Src/stm32f4xx_hal_flash_ex.c **** 
 482              		.loc 1 371 3 view .LVU158
 374:Drivers/STM32F4xx_HAL_Driver/Src/stm32f4xx_hal_flash_ex.c **** 
 483              		.loc 1 374 3 view .LVU159
 377:Drivers/STM32F4xx_HAL_Driver/Src/stm32f4xx_hal_flash_ex.c ****   {
 484              		.loc 1 377 3 view .LVU160
 377:Drivers/STM32F4xx_HAL_Driver/Src/stm32f4xx_hal_flash_ex.c ****   {
 485              		.loc 1 377 33 is_stmt 0 view .LVU161
 486 0000 0368     		ldr	r3, [r0]
 377:Drivers/STM32F4xx_HAL_Driver/Src/stm32f4xx_hal_flash_ex.c ****   {
 487              		.loc 1 377 6 view .LVU162
 488 0002 DB07     		lsls	r3, r3, #31
 489 0004 10D5     		bpl	.L45
 380:Drivers/STM32F4xx_HAL_Driver/Src/stm32f4xx_hal_flash_ex.c ****     if ((pAdvOBInit->PCROPState) == OB_PCROP_STATE_ENABLE)
 490              		.loc 1 380 5 is_stmt 1 view .LVU163
 381:Drivers/STM32F4xx_HAL_Driver/Src/stm32f4xx_hal_flash_ex.c ****     {
 491              		.loc 1 381 5 view .LVU164
 381:Drivers/STM32F4xx_HAL_Driver/Src/stm32f4xx_hal_flash_ex.c ****     {
 492              		.loc 1 381 8 is_stmt 0 view .LVU165
 493 0006 4368     		ldr	r3, [r0, #4]
 494 0008 012B     		cmp	r3, #1
 370:Drivers/STM32F4xx_HAL_Driver/Src/stm32f4xx_hal_flash_ex.c ****   HAL_StatusTypeDef status = HAL_ERROR;
 495              		.loc 1 370 1 view .LVU166
 496 000a 10B5     		push	{r4, lr}
 497              	.LCFI1:
 498              		.cfi_def_cfa_offset 8
 499              		.cfi_offset 4, -8
 500              		.cfi_offset 14, -4
 387:Drivers/STM32F4xx_HAL_Driver/Src/stm32f4xx_hal_flash_ex.c **** #else  /* STM32F427xx || STM32F437xx || STM32F429xx|| STM32F439xx || STM32F469xx || STM32F479xx */
 501              		.loc 1 387 47 view .LVU167
 502 000c 0489     		ldrh	r4, [r0, #8]
 503              	.LBB70:
 504              	.LBB71:
1104:Drivers/STM32F4xx_HAL_Driver/Src/stm32f4xx_hal_flash_ex.c **** 
 505              		.loc 1 1104 12 view .LVU168
 506 000e 4CF25030 		movw	r0, #50000
 507              	.LVL34:
1104:Drivers/STM32F4xx_HAL_Driver/Src/stm32f4xx_hal_flash_ex.c **** 
 508              		.loc 1 1104 12 view .LVU169
 509              	.LBE71:
 510              	.LBE70:
 381:Drivers/STM32F4xx_HAL_Driver/Src/stm32f4xx_hal_flash_ex.c ****     {
 511              		.loc 1 381 8 view .LVU170
 512 0012 0BD0     		beq	.L50
 399:Drivers/STM32F4xx_HAL_Driver/Src/stm32f4xx_hal_flash_ex.c **** #else /* STM32F427xx || STM32F437xx || STM32F429xx|| STM32F439xx || STM32F469xx || STM32F479xx */
 513              		.loc 1 399 7 is_stmt 1 view .LVU171
 514              	.LVL35:
 515              	.LBB73:
 516              	.LBI73:
1124:Drivers/STM32F4xx_HAL_Driver/Src/stm32f4xx_hal_flash_ex.c **** {
ARM GAS  C:\Users\techn\AppData\Local\Temp\cch1DoTg.s 			page 35


 517              		.loc 1 1124 26 view .LVU172
 518              	.LBB74:
1126:Drivers/STM32F4xx_HAL_Driver/Src/stm32f4xx_hal_flash_ex.c **** 
 519              		.loc 1 1126 3 view .LVU173
1129:Drivers/STM32F4xx_HAL_Driver/Src/stm32f4xx_hal_flash_ex.c **** 
 520              		.loc 1 1129 3 view .LVU174
1132:Drivers/STM32F4xx_HAL_Driver/Src/stm32f4xx_hal_flash_ex.c **** 
 521              		.loc 1 1132 3 view .LVU175
1132:Drivers/STM32F4xx_HAL_Driver/Src/stm32f4xx_hal_flash_ex.c **** 
 522              		.loc 1 1132 12 is_stmt 0 view .LVU176
 523 0014 FFF7FEFF 		bl	FLASH_WaitForLastOperation
 524              	.LVL36:
1134:Drivers/STM32F4xx_HAL_Driver/Src/stm32f4xx_hal_flash_ex.c ****   {
 525              		.loc 1 1134 3 is_stmt 1 view .LVU177
1134:Drivers/STM32F4xx_HAL_Driver/Src/stm32f4xx_hal_flash_ex.c ****   {
 526              		.loc 1 1134 6 is_stmt 0 view .LVU178
 527 0018 28B9     		cbnz	r0, .L41
1136:Drivers/STM32F4xx_HAL_Driver/Src/stm32f4xx_hal_flash_ex.c ****   }
 528              		.loc 1 1136 5 is_stmt 1 view .LVU179
 529 001a 094A     		ldr	r2, .L51
 530 001c D38A     		ldrh	r3, [r2, #22]
 531 001e 9BB2     		uxth	r3, r3
1136:Drivers/STM32F4xx_HAL_Driver/Src/stm32f4xx_hal_flash_ex.c ****   }
 532              		.loc 1 1136 43 is_stmt 0 view .LVU180
 533 0020 23EA0403 		bic	r3, r3, r4
 534 0024 D382     		strh	r3, [r2, #22]	@ movhi
 535              	.LVL37:
 536              	.L41:
1136:Drivers/STM32F4xx_HAL_Driver/Src/stm32f4xx_hal_flash_ex.c ****   }
 537              		.loc 1 1136 43 view .LVU181
 538              	.LBE74:
 539              	.LBE73:
 415:Drivers/STM32F4xx_HAL_Driver/Src/stm32f4xx_hal_flash_ex.c **** }
 540              		.loc 1 415 3 is_stmt 1 view .LVU182
 416:Drivers/STM32F4xx_HAL_Driver/Src/stm32f4xx_hal_flash_ex.c **** 
 541              		.loc 1 416 1 is_stmt 0 view .LVU183
 542 0026 10BD     		pop	{r4, pc}
 543              	.LVL38:
 544              	.L45:
 545              	.LCFI2:
 546              		.cfi_def_cfa_offset 0
 547              		.cfi_restore 4
 548              		.cfi_restore 14
 371:Drivers/STM32F4xx_HAL_Driver/Src/stm32f4xx_hal_flash_ex.c **** 
 549              		.loc 1 371 21 view .LVU184
 550 0028 0120     		movs	r0, #1
 551              	.LVL39:
 415:Drivers/STM32F4xx_HAL_Driver/Src/stm32f4xx_hal_flash_ex.c **** }
 552              		.loc 1 415 3 is_stmt 1 view .LVU185
 416:Drivers/STM32F4xx_HAL_Driver/Src/stm32f4xx_hal_flash_ex.c **** 
 553              		.loc 1 416 1 is_stmt 0 view .LVU186
 554 002a 7047     		bx	lr
 555              	.LVL40:
 556              	.L50:
 557              	.LCFI3:
 558              		.cfi_def_cfa_offset 8
 559              		.cfi_offset 4, -8
ARM GAS  C:\Users\techn\AppData\Local\Temp\cch1DoTg.s 			page 36


 560              		.cfi_offset 14, -4
 387:Drivers/STM32F4xx_HAL_Driver/Src/stm32f4xx_hal_flash_ex.c **** #else  /* STM32F427xx || STM32F437xx || STM32F429xx|| STM32F439xx || STM32F469xx || STM32F479xx */
 561              		.loc 1 387 7 is_stmt 1 view .LVU187
 562              	.LBB75:
 563              	.LBI70:
1096:Drivers/STM32F4xx_HAL_Driver/Src/stm32f4xx_hal_flash_ex.c **** {
 564              		.loc 1 1096 26 view .LVU188
 565              	.LBB72:
1098:Drivers/STM32F4xx_HAL_Driver/Src/stm32f4xx_hal_flash_ex.c **** 
 566              		.loc 1 1098 3 view .LVU189
1101:Drivers/STM32F4xx_HAL_Driver/Src/stm32f4xx_hal_flash_ex.c **** 
 567              		.loc 1 1101 3 view .LVU190
1104:Drivers/STM32F4xx_HAL_Driver/Src/stm32f4xx_hal_flash_ex.c **** 
 568              		.loc 1 1104 3 view .LVU191
1104:Drivers/STM32F4xx_HAL_Driver/Src/stm32f4xx_hal_flash_ex.c **** 
 569              		.loc 1 1104 12 is_stmt 0 view .LVU192
 570 002c FFF7FEFF 		bl	FLASH_WaitForLastOperation
 571              	.LVL41:
1106:Drivers/STM32F4xx_HAL_Driver/Src/stm32f4xx_hal_flash_ex.c ****   {
 572              		.loc 1 1106 3 is_stmt 1 view .LVU193
1106:Drivers/STM32F4xx_HAL_Driver/Src/stm32f4xx_hal_flash_ex.c ****   {
 573              		.loc 1 1106 6 is_stmt 0 view .LVU194
 574 0030 0028     		cmp	r0, #0
 575 0032 F8D1     		bne	.L41
1108:Drivers/STM32F4xx_HAL_Driver/Src/stm32f4xx_hal_flash_ex.c ****   }
 576              		.loc 1 1108 5 is_stmt 1 view .LVU195
 577 0034 024A     		ldr	r2, .L51
 578 0036 D38A     		ldrh	r3, [r2, #22]
 579 0038 9BB2     		uxth	r3, r3
1108:Drivers/STM32F4xx_HAL_Driver/Src/stm32f4xx_hal_flash_ex.c ****   }
 580              		.loc 1 1108 43 is_stmt 0 view .LVU196
 581 003a 2343     		orrs	r3, r3, r4
 582 003c D382     		strh	r3, [r2, #22]	@ movhi
 583              	.LVL42:
1108:Drivers/STM32F4xx_HAL_Driver/Src/stm32f4xx_hal_flash_ex.c ****   }
 584              		.loc 1 1108 43 view .LVU197
 585              	.LBE72:
 586              	.LBE75:
 415:Drivers/STM32F4xx_HAL_Driver/Src/stm32f4xx_hal_flash_ex.c **** }
 587              		.loc 1 415 3 is_stmt 1 view .LVU198
 416:Drivers/STM32F4xx_HAL_Driver/Src/stm32f4xx_hal_flash_ex.c **** 
 588              		.loc 1 416 1 is_stmt 0 view .LVU199
 589 003e 10BD     		pop	{r4, pc}
 590              	.L52:
 591              		.align	2
 592              	.L51:
 593 0040 003C0240 		.word	1073888256
 594              		.cfi_endproc
 595              	.LFE138:
 597              		.section	.text.HAL_FLASHEx_AdvOBGetConfig,"ax",%progbits
 598              		.align	1
 599              		.p2align 2,,3
 600              		.global	HAL_FLASHEx_AdvOBGetConfig
 601              		.syntax unified
 602              		.thumb
 603              		.thumb_func
 605              	HAL_FLASHEx_AdvOBGetConfig:
ARM GAS  C:\Users\techn\AppData\Local\Temp\cch1DoTg.s 			page 37


 606              	.LVL43:
 607              	.LFB139:
 426:Drivers/STM32F4xx_HAL_Driver/Src/stm32f4xx_hal_flash_ex.c **** #if defined(STM32F401xC) || defined(STM32F401xE) || defined(STM32F410Tx) || defined(STM32F410Cx) ||
 608              		.loc 1 426 1 is_stmt 1 view -0
 609              		.cfi_startproc
 610              		@ args = 0, pretend = 0, frame = 0
 611              		@ frame_needed = 0, uses_anonymous_args = 0
 612              		@ link register save eliminated.
 431:Drivers/STM32F4xx_HAL_Driver/Src/stm32f4xx_hal_flash_ex.c **** #else  /* STM32F427xx || STM32F437xx || STM32F429xx|| STM32F439xx || STM32F469xx || STM32F479xx */
 613              		.loc 1 431 3 view .LVU201
 431:Drivers/STM32F4xx_HAL_Driver/Src/stm32f4xx_hal_flash_ex.c **** #else  /* STM32F427xx || STM32F437xx || STM32F429xx|| STM32F439xx || STM32F469xx || STM32F479xx */
 614              		.loc 1 431 26 is_stmt 0 view .LVU202
 615 0000 014B     		ldr	r3, .L54
 616 0002 DB8A     		ldrh	r3, [r3, #22]
 431:Drivers/STM32F4xx_HAL_Driver/Src/stm32f4xx_hal_flash_ex.c **** #else  /* STM32F427xx || STM32F437xx || STM32F429xx|| STM32F439xx || STM32F469xx || STM32F479xx */
 617              		.loc 1 431 23 view .LVU203
 618 0004 0381     		strh	r3, [r0, #8]	@ movhi
 443:Drivers/STM32F4xx_HAL_Driver/Src/stm32f4xx_hal_flash_ex.c **** 
 619              		.loc 1 443 1 view .LVU204
 620 0006 7047     		bx	lr
 621              	.L55:
 622              		.align	2
 623              	.L54:
 624 0008 003C0240 		.word	1073888256
 625              		.cfi_endproc
 626              	.LFE139:
 628              		.section	.text.HAL_FLASHEx_OB_SelectPCROP,"ax",%progbits
 629              		.align	1
 630              		.p2align 2,,3
 631              		.global	HAL_FLASHEx_OB_SelectPCROP
 632              		.syntax unified
 633              		.thumb
 634              		.thumb_func
 636              	HAL_FLASHEx_OB_SelectPCROP:
 637              	.LFB140:
 458:Drivers/STM32F4xx_HAL_Driver/Src/stm32f4xx_hal_flash_ex.c ****   uint8_t optiontmp;
 638              		.loc 1 458 1 is_stmt 1 view -0
 639              		.cfi_startproc
 640              		@ args = 0, pretend = 0, frame = 0
 641              		@ frame_needed = 0, uses_anonymous_args = 0
 642              		@ link register save eliminated.
 459:Drivers/STM32F4xx_HAL_Driver/Src/stm32f4xx_hal_flash_ex.c **** 
 643              		.loc 1 459 3 view .LVU206
 462:Drivers/STM32F4xx_HAL_Driver/Src/stm32f4xx_hal_flash_ex.c **** 
 644              		.loc 1 462 3 view .LVU207
 462:Drivers/STM32F4xx_HAL_Driver/Src/stm32f4xx_hal_flash_ex.c **** 
 645              		.loc 1 462 64 is_stmt 0 view .LVU208
 646 0000 034A     		ldr	r2, .L57
 647 0002 D37D     		ldrb	r3, [r2, #23]	@ zero_extendqisi2
 648              	.LVL44:
 465:Drivers/STM32F4xx_HAL_Driver/Src/stm32f4xx_hal_flash_ex.c **** 
 649              		.loc 1 465 3 is_stmt 1 view .LVU209
 465:Drivers/STM32F4xx_HAL_Driver/Src/stm32f4xx_hal_flash_ex.c **** 
 650              		.loc 1 465 42 is_stmt 0 view .LVU210
 651 0004 43F08003 		orr	r3, r3, #128
 652              	.LVL45:
 468:Drivers/STM32F4xx_HAL_Driver/Src/stm32f4xx_hal_flash_ex.c **** 
ARM GAS  C:\Users\techn\AppData\Local\Temp\cch1DoTg.s 			page 38


 653              		.loc 1 468 1 view .LVU211
 654 0008 0020     		movs	r0, #0
 465:Drivers/STM32F4xx_HAL_Driver/Src/stm32f4xx_hal_flash_ex.c **** 
 655              		.loc 1 465 40 view .LVU212
 656 000a D375     		strb	r3, [r2, #23]
 467:Drivers/STM32F4xx_HAL_Driver/Src/stm32f4xx_hal_flash_ex.c **** }
 657              		.loc 1 467 3 is_stmt 1 view .LVU213
 468:Drivers/STM32F4xx_HAL_Driver/Src/stm32f4xx_hal_flash_ex.c **** 
 658              		.loc 1 468 1 is_stmt 0 view .LVU214
 659 000c 7047     		bx	lr
 660              	.L58:
 661 000e 00BF     		.align	2
 662              	.L57:
 663 0010 003C0240 		.word	1073888256
 664              		.cfi_endproc
 665              	.LFE140:
 667              		.section	.text.HAL_FLASHEx_OB_DeSelectPCROP,"ax",%progbits
 668              		.align	1
 669              		.p2align 2,,3
 670              		.global	HAL_FLASHEx_OB_DeSelectPCROP
 671              		.syntax unified
 672              		.thumb
 673              		.thumb_func
 675              	HAL_FLASHEx_OB_DeSelectPCROP:
 676              	.LFB141:
 483:Drivers/STM32F4xx_HAL_Driver/Src/stm32f4xx_hal_flash_ex.c ****   uint8_t optiontmp;
 677              		.loc 1 483 1 is_stmt 1 view -0
 678              		.cfi_startproc
 679              		@ args = 0, pretend = 0, frame = 0
 680              		@ frame_needed = 0, uses_anonymous_args = 0
 681              		@ link register save eliminated.
 484:Drivers/STM32F4xx_HAL_Driver/Src/stm32f4xx_hal_flash_ex.c **** 
 682              		.loc 1 484 3 view .LVU216
 487:Drivers/STM32F4xx_HAL_Driver/Src/stm32f4xx_hal_flash_ex.c **** 
 683              		.loc 1 487 3 view .LVU217
 487:Drivers/STM32F4xx_HAL_Driver/Src/stm32f4xx_hal_flash_ex.c **** 
 684              		.loc 1 487 64 is_stmt 0 view .LVU218
 685 0000 034A     		ldr	r2, .L60
 686 0002 D37D     		ldrb	r3, [r2, #23]	@ zero_extendqisi2
 487:Drivers/STM32F4xx_HAL_Driver/Src/stm32f4xx_hal_flash_ex.c **** 
 687              		.loc 1 487 13 view .LVU219
 688 0004 03F07F03 		and	r3, r3, #127
 689              	.LVL46:
 490:Drivers/STM32F4xx_HAL_Driver/Src/stm32f4xx_hal_flash_ex.c **** 
 690              		.loc 1 490 3 is_stmt 1 view .LVU220
 493:Drivers/STM32F4xx_HAL_Driver/Src/stm32f4xx_hal_flash_ex.c **** #endif /* STM32F427xx || STM32F437xx || STM32F429xx || STM32F439xx || STM32F401xC || STM32F401xE ||
 691              		.loc 1 493 1 is_stmt 0 view .LVU221
 692 0008 0020     		movs	r0, #0
 490:Drivers/STM32F4xx_HAL_Driver/Src/stm32f4xx_hal_flash_ex.c **** 
 693              		.loc 1 490 40 view .LVU222
 694 000a D375     		strb	r3, [r2, #23]
 492:Drivers/STM32F4xx_HAL_Driver/Src/stm32f4xx_hal_flash_ex.c **** }
 695              		.loc 1 492 3 is_stmt 1 view .LVU223
 493:Drivers/STM32F4xx_HAL_Driver/Src/stm32f4xx_hal_flash_ex.c **** #endif /* STM32F427xx || STM32F437xx || STM32F429xx || STM32F439xx || STM32F401xC || STM32F401xE ||
 696              		.loc 1 493 1 is_stmt 0 view .LVU224
 697 000c 7047     		bx	lr
 698              	.L61:
ARM GAS  C:\Users\techn\AppData\Local\Temp\cch1DoTg.s 			page 39


 699 000e 00BF     		.align	2
 700              	.L60:
 701 0010 003C0240 		.word	1073888256
 702              		.cfi_endproc
 703              	.LFE141:
 705              		.section	.text.FLASH_Erase_Sector,"ax",%progbits
 706              		.align	1
 707              		.p2align 2,,3
 708              		.global	FLASH_Erase_Sector
 709              		.syntax unified
 710              		.thumb
 711              		.thumb_func
 713              	FLASH_Erase_Sector:
 714              	.LVL47:
 715              	.LFB143:
 978:Drivers/STM32F4xx_HAL_Driver/Src/stm32f4xx_hal_flash_ex.c ****   uint32_t tmp_psize = 0U;
 716              		.loc 1 978 1 is_stmt 1 view -0
 717              		.cfi_startproc
 718              		@ args = 0, pretend = 0, frame = 0
 719              		@ frame_needed = 0, uses_anonymous_args = 0
 720              		@ link register save eliminated.
 979:Drivers/STM32F4xx_HAL_Driver/Src/stm32f4xx_hal_flash_ex.c **** 
 721              		.loc 1 979 3 view .LVU226
 982:Drivers/STM32F4xx_HAL_Driver/Src/stm32f4xx_hal_flash_ex.c ****   assert_param(IS_VOLTAGERANGE(VoltageRange));
 722              		.loc 1 982 3 view .LVU227
 983:Drivers/STM32F4xx_HAL_Driver/Src/stm32f4xx_hal_flash_ex.c **** 
 723              		.loc 1 983 3 view .LVU228
 985:Drivers/STM32F4xx_HAL_Driver/Src/stm32f4xx_hal_flash_ex.c ****   {
 724              		.loc 1 985 3 view .LVU229
1003:Drivers/STM32F4xx_HAL_Driver/Src/stm32f4xx_hal_flash_ex.c ****   FLASH->CR |= tmp_psize;
 725              		.loc 1 1003 3 is_stmt 0 view .LVU230
 726 0000 0D4B     		ldr	r3, .L65
 727 0002 1A69     		ldr	r2, [r3, #16]
 728 0004 22F44072 		bic	r2, r2, #768
 729 0008 1A61     		str	r2, [r3, #16]
1004:Drivers/STM32F4xx_HAL_Driver/Src/stm32f4xx_hal_flash_ex.c ****   CLEAR_BIT(FLASH->CR, FLASH_CR_SNB);
 730              		.loc 1 1004 8 view .LVU231
 731 000a 1A69     		ldr	r2, [r3, #16]
 732 000c 0229     		cmp	r1, #2
 733 000e 94BF     		ite	ls
 734 0010 0902     		lslls	r1, r1, #8
 735              	.LVL48:
 978:Drivers/STM32F4xx_HAL_Driver/Src/stm32f4xx_hal_flash_ex.c ****   uint32_t tmp_psize = 0U;
 736              		.loc 1 978 1 view .LVU232
 737 0012 4FF44071 		movhi	r1, #768
 738              	.LVL49:
1003:Drivers/STM32F4xx_HAL_Driver/Src/stm32f4xx_hal_flash_ex.c ****   FLASH->CR |= tmp_psize;
 739              		.loc 1 1003 3 is_stmt 1 view .LVU233
1004:Drivers/STM32F4xx_HAL_Driver/Src/stm32f4xx_hal_flash_ex.c ****   CLEAR_BIT(FLASH->CR, FLASH_CR_SNB);
 740              		.loc 1 1004 3 view .LVU234
1004:Drivers/STM32F4xx_HAL_Driver/Src/stm32f4xx_hal_flash_ex.c ****   CLEAR_BIT(FLASH->CR, FLASH_CR_SNB);
 741              		.loc 1 1004 13 is_stmt 0 view .LVU235
 742 0016 0A43     		orrs	r2, r2, r1
 743 0018 1A61     		str	r2, [r3, #16]
1005:Drivers/STM32F4xx_HAL_Driver/Src/stm32f4xx_hal_flash_ex.c ****   FLASH->CR |= FLASH_CR_SER | (Sector << FLASH_CR_SNB_Pos);
 744              		.loc 1 1005 3 is_stmt 1 view .LVU236
 745 001a 1A69     		ldr	r2, [r3, #16]
ARM GAS  C:\Users\techn\AppData\Local\Temp\cch1DoTg.s 			page 40


 746 001c 22F0F802 		bic	r2, r2, #248
 747 0020 1A61     		str	r2, [r3, #16]
1006:Drivers/STM32F4xx_HAL_Driver/Src/stm32f4xx_hal_flash_ex.c ****   FLASH->CR |= FLASH_CR_STRT;
 748              		.loc 1 1006 3 view .LVU237
1006:Drivers/STM32F4xx_HAL_Driver/Src/stm32f4xx_hal_flash_ex.c ****   FLASH->CR |= FLASH_CR_STRT;
 749              		.loc 1 1006 8 is_stmt 0 view .LVU238
 750 0022 1A69     		ldr	r2, [r3, #16]
1006:Drivers/STM32F4xx_HAL_Driver/Src/stm32f4xx_hal_flash_ex.c ****   FLASH->CR |= FLASH_CR_STRT;
 751              		.loc 1 1006 13 view .LVU239
 752 0024 42EAC000 		orr	r0, r2, r0, lsl #3
 753              	.LVL50:
1006:Drivers/STM32F4xx_HAL_Driver/Src/stm32f4xx_hal_flash_ex.c ****   FLASH->CR |= FLASH_CR_STRT;
 754              		.loc 1 1006 13 view .LVU240
 755 0028 40F00200 		orr	r0, r0, #2
 756 002c 1861     		str	r0, [r3, #16]
1007:Drivers/STM32F4xx_HAL_Driver/Src/stm32f4xx_hal_flash_ex.c **** }
 757              		.loc 1 1007 3 is_stmt 1 view .LVU241
1007:Drivers/STM32F4xx_HAL_Driver/Src/stm32f4xx_hal_flash_ex.c **** }
 758              		.loc 1 1007 8 is_stmt 0 view .LVU242
 759 002e 1A69     		ldr	r2, [r3, #16]
1007:Drivers/STM32F4xx_HAL_Driver/Src/stm32f4xx_hal_flash_ex.c **** }
 760              		.loc 1 1007 13 view .LVU243
 761 0030 42F48032 		orr	r2, r2, #65536
 762 0034 1A61     		str	r2, [r3, #16]
1008:Drivers/STM32F4xx_HAL_Driver/Src/stm32f4xx_hal_flash_ex.c **** 
 763              		.loc 1 1008 1 view .LVU244
 764 0036 7047     		bx	lr
 765              	.L66:
 766              		.align	2
 767              	.L65:
 768 0038 003C0240 		.word	1073888256
 769              		.cfi_endproc
 770              	.LFE143:
 772              		.section	.text.HAL_FLASHEx_Erase_IT,"ax",%progbits
 773              		.align	1
 774              		.p2align 2,,3
 775              		.global	HAL_FLASHEx_Erase_IT
 776              		.syntax unified
 777              		.thumb
 778              		.thumb_func
 780              	HAL_FLASHEx_Erase_IT:
 781              	.LVL51:
 782              	.LFB135:
 232:Drivers/STM32F4xx_HAL_Driver/Src/stm32f4xx_hal_flash_ex.c ****   HAL_StatusTypeDef status = HAL_OK;
 783              		.loc 1 232 1 is_stmt 1 view -0
 784              		.cfi_startproc
 785              		@ args = 0, pretend = 0, frame = 0
 786              		@ frame_needed = 0, uses_anonymous_args = 0
 233:Drivers/STM32F4xx_HAL_Driver/Src/stm32f4xx_hal_flash_ex.c **** 
 787              		.loc 1 233 3 view .LVU246
 236:Drivers/STM32F4xx_HAL_Driver/Src/stm32f4xx_hal_flash_ex.c **** 
 788              		.loc 1 236 3 view .LVU247
 239:Drivers/STM32F4xx_HAL_Driver/Src/stm32f4xx_hal_flash_ex.c **** 
 789              		.loc 1 239 3 view .LVU248
 232:Drivers/STM32F4xx_HAL_Driver/Src/stm32f4xx_hal_flash_ex.c ****   HAL_StatusTypeDef status = HAL_OK;
 790              		.loc 1 232 1 is_stmt 0 view .LVU249
 791 0000 08B5     		push	{r3, lr}
ARM GAS  C:\Users\techn\AppData\Local\Temp\cch1DoTg.s 			page 41


 792              	.LCFI4:
 793              		.cfi_def_cfa_offset 8
 794              		.cfi_offset 3, -8
 795              		.cfi_offset 14, -4
 239:Drivers/STM32F4xx_HAL_Driver/Src/stm32f4xx_hal_flash_ex.c **** 
 796              		.loc 1 239 3 view .LVU250
 797 0002 1B4B     		ldr	r3, .L72
 798 0004 1969     		ldr	r1, [r3, #16]
 799 0006 41F08071 		orr	r1, r1, #16777216
 800 000a 1961     		str	r1, [r3, #16]
 242:Drivers/STM32F4xx_HAL_Driver/Src/stm32f4xx_hal_flash_ex.c **** 
 801              		.loc 1 242 3 is_stmt 1 view .LVU251
 802 000c 1969     		ldr	r1, [r3, #16]
 232:Drivers/STM32F4xx_HAL_Driver/Src/stm32f4xx_hal_flash_ex.c ****   HAL_StatusTypeDef status = HAL_OK;
 803              		.loc 1 232 1 is_stmt 0 view .LVU252
 804 000e 0246     		mov	r2, r0
 242:Drivers/STM32F4xx_HAL_Driver/Src/stm32f4xx_hal_flash_ex.c **** 
 805              		.loc 1 242 3 view .LVU253
 806 0010 41F00071 		orr	r1, r1, #33554432
 245:Drivers/STM32F4xx_HAL_Driver/Src/stm32f4xx_hal_flash_ex.c ****                          FLASH_FLAG_PGAERR | FLASH_FLAG_PGPERR | FLASH_FLAG_PGSERR);
 807              		.loc 1 245 3 view .LVU254
 808 0014 F320     		movs	r0, #243
 809              	.LVL52:
 242:Drivers/STM32F4xx_HAL_Driver/Src/stm32f4xx_hal_flash_ex.c **** 
 810              		.loc 1 242 3 view .LVU255
 811 0016 1961     		str	r1, [r3, #16]
 245:Drivers/STM32F4xx_HAL_Driver/Src/stm32f4xx_hal_flash_ex.c ****                          FLASH_FLAG_PGAERR | FLASH_FLAG_PGPERR | FLASH_FLAG_PGSERR);
 812              		.loc 1 245 3 is_stmt 1 view .LVU256
 813 0018 D860     		str	r0, [r3, #12]
 248:Drivers/STM32F4xx_HAL_Driver/Src/stm32f4xx_hal_flash_ex.c ****   {
 814              		.loc 1 248 3 view .LVU257
 248:Drivers/STM32F4xx_HAL_Driver/Src/stm32f4xx_hal_flash_ex.c ****   {
 815              		.loc 1 248 6 is_stmt 0 view .LVU258
 816 001a 1068     		ldr	r0, [r2]
 253:Drivers/STM32F4xx_HAL_Driver/Src/stm32f4xx_hal_flash_ex.c ****   }
 817              		.loc 1 253 41 view .LVU259
 818 001c 1169     		ldr	r1, [r2, #16]
 248:Drivers/STM32F4xx_HAL_Driver/Src/stm32f4xx_hal_flash_ex.c ****   {
 819              		.loc 1 248 6 view .LVU260
 820 001e 0128     		cmp	r0, #1
 821 0020 0ED0     		beq	.L71
 260:Drivers/STM32F4xx_HAL_Driver/Src/stm32f4xx_hal_flash_ex.c **** 
 822              		.loc 1 260 5 is_stmt 1 view .LVU261
 262:Drivers/STM32F4xx_HAL_Driver/Src/stm32f4xx_hal_flash_ex.c ****     pFlash.NbSectorsToErase = pEraseInit->NbSectors;
 823              		.loc 1 262 5 view .LVU262
 262:Drivers/STM32F4xx_HAL_Driver/Src/stm32f4xx_hal_flash_ex.c ****     pFlash.NbSectorsToErase = pEraseInit->NbSectors;
 824              		.loc 1 262 29 is_stmt 0 view .LVU263
 825 0022 144B     		ldr	r3, .L72+4
 264:Drivers/STM32F4xx_HAL_Driver/Src/stm32f4xx_hal_flash_ex.c ****     pFlash.VoltageForErase = (uint8_t)pEraseInit->VoltageRange;
 826              		.loc 1 264 31 view .LVU264
 827 0024 9068     		ldr	r0, [r2, #8]
 263:Drivers/STM32F4xx_HAL_Driver/Src/stm32f4xx_hal_flash_ex.c ****     pFlash.Sector = pEraseInit->Sector;
 828              		.loc 1 263 41 view .LVU265
 829 0026 D268     		ldr	r2, [r2, #12]
 830              	.LVL53:
 265:Drivers/STM32F4xx_HAL_Driver/Src/stm32f4xx_hal_flash_ex.c **** 
 831              		.loc 1 265 30 view .LVU266
ARM GAS  C:\Users\techn\AppData\Local\Temp\cch1DoTg.s 			page 42


 832 0028 C9B2     		uxtb	r1, r1
 262:Drivers/STM32F4xx_HAL_Driver/Src/stm32f4xx_hal_flash_ex.c ****     pFlash.NbSectorsToErase = pEraseInit->NbSectors;
 833              		.loc 1 262 29 view .LVU267
 834 002a 4FF0010C 		mov	ip, #1
 835 002e 83F800C0 		strb	ip, [r3]
 263:Drivers/STM32F4xx_HAL_Driver/Src/stm32f4xx_hal_flash_ex.c ****     pFlash.Sector = pEraseInit->Sector;
 836              		.loc 1 263 5 is_stmt 1 view .LVU268
 263:Drivers/STM32F4xx_HAL_Driver/Src/stm32f4xx_hal_flash_ex.c ****     pFlash.Sector = pEraseInit->Sector;
 837              		.loc 1 263 29 is_stmt 0 view .LVU269
 838 0032 5A60     		str	r2, [r3, #4]
 264:Drivers/STM32F4xx_HAL_Driver/Src/stm32f4xx_hal_flash_ex.c ****     pFlash.VoltageForErase = (uint8_t)pEraseInit->VoltageRange;
 839              		.loc 1 264 5 is_stmt 1 view .LVU270
 264:Drivers/STM32F4xx_HAL_Driver/Src/stm32f4xx_hal_flash_ex.c ****     pFlash.VoltageForErase = (uint8_t)pEraseInit->VoltageRange;
 840              		.loc 1 264 19 is_stmt 0 view .LVU271
 841 0034 D860     		str	r0, [r3, #12]
 265:Drivers/STM32F4xx_HAL_Driver/Src/stm32f4xx_hal_flash_ex.c **** 
 842              		.loc 1 265 5 is_stmt 1 view .LVU272
 265:Drivers/STM32F4xx_HAL_Driver/Src/stm32f4xx_hal_flash_ex.c **** 
 843              		.loc 1 265 28 is_stmt 0 view .LVU273
 844 0036 1972     		strb	r1, [r3, #8]
 268:Drivers/STM32F4xx_HAL_Driver/Src/stm32f4xx_hal_flash_ex.c ****   }
 845              		.loc 1 268 5 is_stmt 1 view .LVU274
 846 0038 FFF7FEFF 		bl	FLASH_Erase_Sector
 847              	.LVL54:
 271:Drivers/STM32F4xx_HAL_Driver/Src/stm32f4xx_hal_flash_ex.c **** }
 848              		.loc 1 271 3 view .LVU275
 272:Drivers/STM32F4xx_HAL_Driver/Src/stm32f4xx_hal_flash_ex.c **** 
 849              		.loc 1 272 1 is_stmt 0 view .LVU276
 850 003c 0020     		movs	r0, #0
 851 003e 08BD     		pop	{r3, pc}
 852              	.LVL55:
 853              	.L71:
 251:Drivers/STM32F4xx_HAL_Driver/Src/stm32f4xx_hal_flash_ex.c ****     pFlash.Bank = pEraseInit->Banks;
 854              		.loc 1 251 5 is_stmt 1 view .LVU277
 251:Drivers/STM32F4xx_HAL_Driver/Src/stm32f4xx_hal_flash_ex.c ****     pFlash.Bank = pEraseInit->Banks;
 855              		.loc 1 251 29 is_stmt 0 view .LVU278
 856 0040 0C48     		ldr	r0, .L72+4
 252:Drivers/STM32F4xx_HAL_Driver/Src/stm32f4xx_hal_flash_ex.c ****     FLASH_MassErase((uint8_t) pEraseInit->VoltageRange, pEraseInit->Banks);
 857              		.loc 1 252 29 view .LVU279
 858 0042 5268     		ldr	r2, [r2, #4]
 859              	.LVL56:
 251:Drivers/STM32F4xx_HAL_Driver/Src/stm32f4xx_hal_flash_ex.c ****     pFlash.Bank = pEraseInit->Banks;
 860              		.loc 1 251 29 view .LVU280
 861 0044 4FF0020C 		mov	ip, #2
 862 0048 80F800C0 		strb	ip, [r0]
 252:Drivers/STM32F4xx_HAL_Driver/Src/stm32f4xx_hal_flash_ex.c ****     FLASH_MassErase((uint8_t) pEraseInit->VoltageRange, pEraseInit->Banks);
 863              		.loc 1 252 5 is_stmt 1 view .LVU281
 252:Drivers/STM32F4xx_HAL_Driver/Src/stm32f4xx_hal_flash_ex.c ****     FLASH_MassErase((uint8_t) pEraseInit->VoltageRange, pEraseInit->Banks);
 864              		.loc 1 252 17 is_stmt 0 view .LVU282
 865 004c 0261     		str	r2, [r0, #16]
 253:Drivers/STM32F4xx_HAL_Driver/Src/stm32f4xx_hal_flash_ex.c ****   }
 866              		.loc 1 253 5 is_stmt 1 view .LVU283
 867              	.LVL57:
 868              	.LBB78:
 869              	.LBI78:
 948:Drivers/STM32F4xx_HAL_Driver/Src/stm32f4xx_hal_flash_ex.c **** {
 870              		.loc 1 948 13 view .LVU284
ARM GAS  C:\Users\techn\AppData\Local\Temp\cch1DoTg.s 			page 43


 871              	.LBB79:
 951:Drivers/STM32F4xx_HAL_Driver/Src/stm32f4xx_hal_flash_ex.c ****   assert_param(IS_FLASH_BANK(Banks));
 872              		.loc 1 951 3 view .LVU285
 952:Drivers/STM32F4xx_HAL_Driver/Src/stm32f4xx_hal_flash_ex.c **** 
 873              		.loc 1 952 3 view .LVU286
 955:Drivers/STM32F4xx_HAL_Driver/Src/stm32f4xx_hal_flash_ex.c ****   FLASH->CR |= FLASH_CR_MER;
 874              		.loc 1 955 3 view .LVU287
 875 004e 1A69     		ldr	r2, [r3, #16]
 876              	.LVL58:
 955:Drivers/STM32F4xx_HAL_Driver/Src/stm32f4xx_hal_flash_ex.c ****   FLASH->CR |= FLASH_CR_MER;
 877              		.loc 1 955 3 is_stmt 0 view .LVU288
 878 0050 22F44072 		bic	r2, r2, #768
 879 0054 1A61     		str	r2, [r3, #16]
 880              	.LVL59:
 956:Drivers/STM32F4xx_HAL_Driver/Src/stm32f4xx_hal_flash_ex.c ****   FLASH->CR |= FLASH_CR_STRT | ((uint32_t)VoltageRange << 8U);
 881              		.loc 1 956 3 is_stmt 1 view .LVU289
 956:Drivers/STM32F4xx_HAL_Driver/Src/stm32f4xx_hal_flash_ex.c ****   FLASH->CR |= FLASH_CR_STRT | ((uint32_t)VoltageRange << 8U);
 882              		.loc 1 956 8 is_stmt 0 view .LVU290
 883 0056 1A69     		ldr	r2, [r3, #16]
 956:Drivers/STM32F4xx_HAL_Driver/Src/stm32f4xx_hal_flash_ex.c ****   FLASH->CR |= FLASH_CR_STRT | ((uint32_t)VoltageRange << 8U);
 884              		.loc 1 956 13 view .LVU291
 885 0058 42F00402 		orr	r2, r2, #4
 886 005c 1A61     		str	r2, [r3, #16]
 957:Drivers/STM32F4xx_HAL_Driver/Src/stm32f4xx_hal_flash_ex.c **** }
 887              		.loc 1 957 3 is_stmt 1 view .LVU292
 957:Drivers/STM32F4xx_HAL_Driver/Src/stm32f4xx_hal_flash_ex.c **** }
 888              		.loc 1 957 8 is_stmt 0 view .LVU293
 889 005e 1A69     		ldr	r2, [r3, #16]
 957:Drivers/STM32F4xx_HAL_Driver/Src/stm32f4xx_hal_flash_ex.c **** }
 890              		.loc 1 957 56 view .LVU294
 891 0060 0902     		lsls	r1, r1, #8
 892 0062 89B2     		uxth	r1, r1
 957:Drivers/STM32F4xx_HAL_Driver/Src/stm32f4xx_hal_flash_ex.c **** }
 893              		.loc 1 957 13 view .LVU295
 894 0064 1143     		orrs	r1, r1, r2
 895 0066 41F48031 		orr	r1, r1, #65536
 896 006a 1961     		str	r1, [r3, #16]
 897              	.LVL60:
 957:Drivers/STM32F4xx_HAL_Driver/Src/stm32f4xx_hal_flash_ex.c **** }
 898              		.loc 1 957 13 view .LVU296
 899              	.LBE79:
 900              	.LBE78:
 271:Drivers/STM32F4xx_HAL_Driver/Src/stm32f4xx_hal_flash_ex.c **** }
 901              		.loc 1 271 3 is_stmt 1 view .LVU297
 272:Drivers/STM32F4xx_HAL_Driver/Src/stm32f4xx_hal_flash_ex.c **** 
 902              		.loc 1 272 1 is_stmt 0 view .LVU298
 903 006c 0020     		movs	r0, #0
 904 006e 08BD     		pop	{r3, pc}
 905              	.L73:
 906              		.align	2
 907              	.L72:
 908 0070 003C0240 		.word	1073888256
 909 0074 00000000 		.word	pFlash
 910              		.cfi_endproc
 911              	.LFE135:
 913              		.section	.text.FLASH_FlushCaches,"ax",%progbits
 914              		.align	1
ARM GAS  C:\Users\techn\AppData\Local\Temp\cch1DoTg.s 			page 44


 915              		.p2align 2,,3
 916              		.global	FLASH_FlushCaches
 917              		.syntax unified
 918              		.thumb
 919              		.thumb_func
 921              	FLASH_FlushCaches:
 922              	.LFB155:
1300:Drivers/STM32F4xx_HAL_Driver/Src/stm32f4xx_hal_flash_ex.c **** }
1301:Drivers/STM32F4xx_HAL_Driver/Src/stm32f4xx_hal_flash_ex.c **** 
1302:Drivers/STM32F4xx_HAL_Driver/Src/stm32f4xx_hal_flash_ex.c **** /**
1303:Drivers/STM32F4xx_HAL_Driver/Src/stm32f4xx_hal_flash_ex.c ****   * @brief  Flush the instruction and data caches
1304:Drivers/STM32F4xx_HAL_Driver/Src/stm32f4xx_hal_flash_ex.c ****   * @retval None
1305:Drivers/STM32F4xx_HAL_Driver/Src/stm32f4xx_hal_flash_ex.c ****   */
1306:Drivers/STM32F4xx_HAL_Driver/Src/stm32f4xx_hal_flash_ex.c **** void FLASH_FlushCaches(void)
1307:Drivers/STM32F4xx_HAL_Driver/Src/stm32f4xx_hal_flash_ex.c **** {
 923              		.loc 1 1307 1 is_stmt 1 view -0
 924              		.cfi_startproc
 925              		@ args = 0, pretend = 0, frame = 0
 926              		@ frame_needed = 0, uses_anonymous_args = 0
 927              		@ link register save eliminated.
1308:Drivers/STM32F4xx_HAL_Driver/Src/stm32f4xx_hal_flash_ex.c ****   /* Flush instruction cache  */
1309:Drivers/STM32F4xx_HAL_Driver/Src/stm32f4xx_hal_flash_ex.c ****   if (READ_BIT(FLASH->ACR, FLASH_ACR_ICEN) != RESET)
 928              		.loc 1 1309 3 view .LVU300
 929              		.loc 1 1309 7 is_stmt 0 view .LVU301
 930 0000 144B     		ldr	r3, .L83
 931 0002 1A68     		ldr	r2, [r3]
 932              		.loc 1 1309 6 view .LVU302
 933 0004 9105     		lsls	r1, r2, #22
 934 0006 0FD5     		bpl	.L75
1310:Drivers/STM32F4xx_HAL_Driver/Src/stm32f4xx_hal_flash_ex.c ****   {
1311:Drivers/STM32F4xx_HAL_Driver/Src/stm32f4xx_hal_flash_ex.c ****     /* Disable instruction cache  */
1312:Drivers/STM32F4xx_HAL_Driver/Src/stm32f4xx_hal_flash_ex.c ****     __HAL_FLASH_INSTRUCTION_CACHE_DISABLE();
 935              		.loc 1 1312 5 is_stmt 1 view .LVU303
 936 0008 1A68     		ldr	r2, [r3]
 937 000a 22F40072 		bic	r2, r2, #512
 938 000e 1A60     		str	r2, [r3]
1313:Drivers/STM32F4xx_HAL_Driver/Src/stm32f4xx_hal_flash_ex.c ****     /* Reset instruction cache */
1314:Drivers/STM32F4xx_HAL_Driver/Src/stm32f4xx_hal_flash_ex.c ****     __HAL_FLASH_INSTRUCTION_CACHE_RESET();
 939              		.loc 1 1314 5 view .LVU304
 940              		.loc 1 1314 5 view .LVU305
 941 0010 1A68     		ldr	r2, [r3]
 942 0012 42F40062 		orr	r2, r2, #2048
 943 0016 1A60     		str	r2, [r3]
 944              		.loc 1 1314 5 view .LVU306
 945 0018 1A68     		ldr	r2, [r3]
 946 001a 22F40062 		bic	r2, r2, #2048
 947 001e 1A60     		str	r2, [r3]
 948              		.loc 1 1314 5 view .LVU307
1315:Drivers/STM32F4xx_HAL_Driver/Src/stm32f4xx_hal_flash_ex.c ****     /* Enable instruction cache */
1316:Drivers/STM32F4xx_HAL_Driver/Src/stm32f4xx_hal_flash_ex.c ****     __HAL_FLASH_INSTRUCTION_CACHE_ENABLE();
 949              		.loc 1 1316 5 view .LVU308
 950 0020 1A68     		ldr	r2, [r3]
 951 0022 42F40072 		orr	r2, r2, #512
 952 0026 1A60     		str	r2, [r3]
 953              	.L75:
1317:Drivers/STM32F4xx_HAL_Driver/Src/stm32f4xx_hal_flash_ex.c ****   }
1318:Drivers/STM32F4xx_HAL_Driver/Src/stm32f4xx_hal_flash_ex.c **** 
ARM GAS  C:\Users\techn\AppData\Local\Temp\cch1DoTg.s 			page 45


1319:Drivers/STM32F4xx_HAL_Driver/Src/stm32f4xx_hal_flash_ex.c ****   /* Flush data cache */
1320:Drivers/STM32F4xx_HAL_Driver/Src/stm32f4xx_hal_flash_ex.c ****   if (READ_BIT(FLASH->ACR, FLASH_ACR_DCEN) != RESET)
 954              		.loc 1 1320 3 view .LVU309
 955              		.loc 1 1320 7 is_stmt 0 view .LVU310
 956 0028 0A4B     		ldr	r3, .L83
 957 002a 1A68     		ldr	r2, [r3]
 958              		.loc 1 1320 6 view .LVU311
 959 002c 5205     		lsls	r2, r2, #21
 960 002e 0FD5     		bpl	.L74
 961              	.LBB82:
 962              	.LBI82:
1306:Drivers/STM32F4xx_HAL_Driver/Src/stm32f4xx_hal_flash_ex.c **** {
 963              		.loc 1 1306 6 is_stmt 1 view .LVU312
 964              	.LBB83:
1321:Drivers/STM32F4xx_HAL_Driver/Src/stm32f4xx_hal_flash_ex.c ****   {
1322:Drivers/STM32F4xx_HAL_Driver/Src/stm32f4xx_hal_flash_ex.c ****     /* Disable data cache  */
1323:Drivers/STM32F4xx_HAL_Driver/Src/stm32f4xx_hal_flash_ex.c ****     __HAL_FLASH_DATA_CACHE_DISABLE();
 965              		.loc 1 1323 5 view .LVU313
 966 0030 1A68     		ldr	r2, [r3]
 967 0032 22F48062 		bic	r2, r2, #1024
 968 0036 1A60     		str	r2, [r3]
1324:Drivers/STM32F4xx_HAL_Driver/Src/stm32f4xx_hal_flash_ex.c ****     /* Reset data cache */
1325:Drivers/STM32F4xx_HAL_Driver/Src/stm32f4xx_hal_flash_ex.c ****     __HAL_FLASH_DATA_CACHE_RESET();
 969              		.loc 1 1325 5 view .LVU314
 970              		.loc 1 1325 5 view .LVU315
 971 0038 1A68     		ldr	r2, [r3]
 972 003a 42F48052 		orr	r2, r2, #4096
 973 003e 1A60     		str	r2, [r3]
 974              		.loc 1 1325 5 view .LVU316
 975 0040 1A68     		ldr	r2, [r3]
 976 0042 22F48052 		bic	r2, r2, #4096
 977 0046 1A60     		str	r2, [r3]
 978              		.loc 1 1325 5 view .LVU317
1326:Drivers/STM32F4xx_HAL_Driver/Src/stm32f4xx_hal_flash_ex.c ****     /* Enable data cache */
1327:Drivers/STM32F4xx_HAL_Driver/Src/stm32f4xx_hal_flash_ex.c ****     __HAL_FLASH_DATA_CACHE_ENABLE();
 979              		.loc 1 1327 5 view .LVU318
 980 0048 1A68     		ldr	r2, [r3]
 981 004a 42F48062 		orr	r2, r2, #1024
 982 004e 1A60     		str	r2, [r3]
 983              	.L74:
 984              	.LBE83:
 985              	.LBE82:
1328:Drivers/STM32F4xx_HAL_Driver/Src/stm32f4xx_hal_flash_ex.c ****   }
1329:Drivers/STM32F4xx_HAL_Driver/Src/stm32f4xx_hal_flash_ex.c **** }
 986              		.loc 1 1329 1 is_stmt 0 view .LVU319
 987 0050 7047     		bx	lr
 988              	.L84:
 989 0052 00BF     		.align	2
 990              	.L83:
 991 0054 003C0240 		.word	1073888256
 992              		.cfi_endproc
 993              	.LFE155:
 995              		.section	.text.HAL_FLASHEx_Erase,"ax",%progbits
 996              		.align	1
 997              		.p2align 2,,3
 998              		.global	HAL_FLASHEx_Erase
 999              		.syntax unified
ARM GAS  C:\Users\techn\AppData\Local\Temp\cch1DoTg.s 			page 46


 1000              		.thumb
 1001              		.thumb_func
 1003              	HAL_FLASHEx_Erase:
 1004              	.LVL61:
 1005              	.LFB134:
 161:Drivers/STM32F4xx_HAL_Driver/Src/stm32f4xx_hal_flash_ex.c ****   HAL_StatusTypeDef status;
 1006              		.loc 1 161 1 is_stmt 1 view -0
 1007              		.cfi_startproc
 1008              		@ args = 0, pretend = 0, frame = 0
 1009              		@ frame_needed = 0, uses_anonymous_args = 0
 162:Drivers/STM32F4xx_HAL_Driver/Src/stm32f4xx_hal_flash_ex.c ****   uint32_t index = 0U;
 1010              		.loc 1 162 3 view .LVU321
 163:Drivers/STM32F4xx_HAL_Driver/Src/stm32f4xx_hal_flash_ex.c **** 
 1011              		.loc 1 163 3 view .LVU322
 166:Drivers/STM32F4xx_HAL_Driver/Src/stm32f4xx_hal_flash_ex.c **** 
 1012              		.loc 1 166 3 view .LVU323
 166:Drivers/STM32F4xx_HAL_Driver/Src/stm32f4xx_hal_flash_ex.c **** 
 1013              		.loc 1 166 3 view .LVU324
 161:Drivers/STM32F4xx_HAL_Driver/Src/stm32f4xx_hal_flash_ex.c ****   HAL_StatusTypeDef status;
 1014              		.loc 1 161 1 is_stmt 0 view .LVU325
 1015 0000 2DE9F843 		push	{r3, r4, r5, r6, r7, r8, r9, lr}
 1016              	.LCFI5:
 1017              		.cfi_def_cfa_offset 32
 1018              		.cfi_offset 3, -32
 1019              		.cfi_offset 4, -28
 1020              		.cfi_offset 5, -24
 1021              		.cfi_offset 6, -20
 1022              		.cfi_offset 7, -16
 1023              		.cfi_offset 8, -12
 1024              		.cfi_offset 9, -8
 1025              		.cfi_offset 14, -4
 166:Drivers/STM32F4xx_HAL_Driver/Src/stm32f4xx_hal_flash_ex.c **** 
 1026              		.loc 1 166 3 view .LVU326
 1027 0004 2D4F     		ldr	r7, .L97
 1028 0006 3B7E     		ldrb	r3, [r7, #24]	@ zero_extendqisi2
 1029 0008 012B     		cmp	r3, #1
 1030 000a 38D0     		beq	.L93
 166:Drivers/STM32F4xx_HAL_Driver/Src/stm32f4xx_hal_flash_ex.c **** 
 1031              		.loc 1 166 3 is_stmt 1 discriminator 2 view .LVU327
 1032 000c 0123     		movs	r3, #1
 1033 000e 0446     		mov	r4, r0
 172:Drivers/STM32F4xx_HAL_Driver/Src/stm32f4xx_hal_flash_ex.c **** 
 1034              		.loc 1 172 12 is_stmt 0 view .LVU328
 1035 0010 4CF25030 		movw	r0, #50000
 1036              	.LVL62:
 172:Drivers/STM32F4xx_HAL_Driver/Src/stm32f4xx_hal_flash_ex.c **** 
 1037              		.loc 1 172 12 view .LVU329
 1038 0014 8846     		mov	r8, r1
 166:Drivers/STM32F4xx_HAL_Driver/Src/stm32f4xx_hal_flash_ex.c **** 
 1039              		.loc 1 166 3 discriminator 2 view .LVU330
 1040 0016 3B76     		strb	r3, [r7, #24]
 166:Drivers/STM32F4xx_HAL_Driver/Src/stm32f4xx_hal_flash_ex.c **** 
 1041              		.loc 1 166 3 is_stmt 1 discriminator 2 view .LVU331
 169:Drivers/STM32F4xx_HAL_Driver/Src/stm32f4xx_hal_flash_ex.c **** 
 1042              		.loc 1 169 3 view .LVU332
 172:Drivers/STM32F4xx_HAL_Driver/Src/stm32f4xx_hal_flash_ex.c **** 
 1043              		.loc 1 172 3 view .LVU333
ARM GAS  C:\Users\techn\AppData\Local\Temp\cch1DoTg.s 			page 47


 172:Drivers/STM32F4xx_HAL_Driver/Src/stm32f4xx_hal_flash_ex.c **** 
 1044              		.loc 1 172 12 is_stmt 0 view .LVU334
 1045 0018 FFF7FEFF 		bl	FLASH_WaitForLastOperation
 1046              	.LVL63:
 174:Drivers/STM32F4xx_HAL_Driver/Src/stm32f4xx_hal_flash_ex.c ****   {
 1047              		.loc 1 174 3 is_stmt 1 view .LVU335
 174:Drivers/STM32F4xx_HAL_Driver/Src/stm32f4xx_hal_flash_ex.c ****   {
 1048              		.loc 1 174 6 is_stmt 0 view .LVU336
 1049 001c 0646     		mov	r6, r0
 1050 001e 48BB     		cbnz	r0, .L87
 177:Drivers/STM32F4xx_HAL_Driver/Src/stm32f4xx_hal_flash_ex.c **** 
 1051              		.loc 1 177 5 is_stmt 1 view .LVU337
 177:Drivers/STM32F4xx_HAL_Driver/Src/stm32f4xx_hal_flash_ex.c **** 
 1052              		.loc 1 177 18 is_stmt 0 view .LVU338
 1053 0020 4FF0FF33 		mov	r3, #-1
 1054 0024 C8F80030 		str	r3, [r8]
 179:Drivers/STM32F4xx_HAL_Driver/Src/stm32f4xx_hal_flash_ex.c ****     {
 1055              		.loc 1 179 5 is_stmt 1 view .LVU339
 179:Drivers/STM32F4xx_HAL_Driver/Src/stm32f4xx_hal_flash_ex.c ****     {
 1056              		.loc 1 179 8 is_stmt 0 view .LVU340
 1057 0028 2368     		ldr	r3, [r4]
 1058 002a 012B     		cmp	r3, #1
 1059 002c 2BD0     		beq	.L96
 193:Drivers/STM32F4xx_HAL_Driver/Src/stm32f4xx_hal_flash_ex.c **** 
 1060              		.loc 1 193 7 is_stmt 1 view .LVU341
 196:Drivers/STM32F4xx_HAL_Driver/Src/stm32f4xx_hal_flash_ex.c ****       {
 1061              		.loc 1 196 7 view .LVU342
 196:Drivers/STM32F4xx_HAL_Driver/Src/stm32f4xx_hal_flash_ex.c ****       {
 1062              		.loc 1 196 71 is_stmt 0 discriminator 1 view .LVU343
 1063 002e D4E90253 		ldrd	r5, r3, [r4, #8]
 1064 0032 2B44     		add	r3, r3, r5
 196:Drivers/STM32F4xx_HAL_Driver/Src/stm32f4xx_hal_flash_ex.c ****       {
 1065              		.loc 1 196 46 discriminator 1 view .LVU344
 1066 0034 AB42     		cmp	r3, r5
 1067 0036 1BD9     		bls	.L89
 204:Drivers/STM32F4xx_HAL_Driver/Src/stm32f4xx_hal_flash_ex.c **** 
 1068              		.loc 1 204 9 view .LVU345
 1069 0038 DFF88490 		ldr	r9, .L97+4
 1070 003c 05E0     		b	.L92
 1071              	.LVL64:
 1072              	.L91:
 196:Drivers/STM32F4xx_HAL_Driver/Src/stm32f4xx_hal_flash_ex.c ****       {
 1073              		.loc 1 196 71 discriminator 1 view .LVU346
 1074 003e D4E90223 		ldrd	r2, r3, [r4, #8]
 196:Drivers/STM32F4xx_HAL_Driver/Src/stm32f4xx_hal_flash_ex.c ****       {
 1075              		.loc 1 196 99 discriminator 2 view .LVU347
 1076 0042 0135     		adds	r5, r5, #1
 1077              	.LVL65:
 196:Drivers/STM32F4xx_HAL_Driver/Src/stm32f4xx_hal_flash_ex.c ****       {
 1078              		.loc 1 196 46 is_stmt 1 discriminator 1 view .LVU348
 196:Drivers/STM32F4xx_HAL_Driver/Src/stm32f4xx_hal_flash_ex.c ****       {
 1079              		.loc 1 196 71 is_stmt 0 discriminator 1 view .LVU349
 1080 0044 1344     		add	r3, r3, r2
 196:Drivers/STM32F4xx_HAL_Driver/Src/stm32f4xx_hal_flash_ex.c ****       {
 1081              		.loc 1 196 46 discriminator 1 view .LVU350
 1082 0046 AB42     		cmp	r3, r5
 1083 0048 12D9     		bls	.L89
ARM GAS  C:\Users\techn\AppData\Local\Temp\cch1DoTg.s 			page 48


 1084              	.LVL66:
 1085              	.L92:
 198:Drivers/STM32F4xx_HAL_Driver/Src/stm32f4xx_hal_flash_ex.c **** 
 1086              		.loc 1 198 9 is_stmt 1 view .LVU351
 1087 004a 217C     		ldrb	r1, [r4, #16]	@ zero_extendqisi2
 1088 004c 2846     		mov	r0, r5
 1089 004e FFF7FEFF 		bl	FLASH_Erase_Sector
 1090              	.LVL67:
 201:Drivers/STM32F4xx_HAL_Driver/Src/stm32f4xx_hal_flash_ex.c **** 
 1091              		.loc 1 201 9 view .LVU352
 201:Drivers/STM32F4xx_HAL_Driver/Src/stm32f4xx_hal_flash_ex.c **** 
 1092              		.loc 1 201 18 is_stmt 0 view .LVU353
 1093 0052 4CF25030 		movw	r0, #50000
 1094 0056 FFF7FEFF 		bl	FLASH_WaitForLastOperation
 1095              	.LVL68:
 196:Drivers/STM32F4xx_HAL_Driver/Src/stm32f4xx_hal_flash_ex.c ****       {
 1096              		.loc 1 196 99 is_stmt 1 discriminator 2 view .LVU354
 204:Drivers/STM32F4xx_HAL_Driver/Src/stm32f4xx_hal_flash_ex.c **** 
 1097              		.loc 1 204 9 view .LVU355
 1098 005a D9F81030 		ldr	r3, [r9, #16]
 1099 005e 23F0FA03 		bic	r3, r3, #250
 1100 0062 C9F81030 		str	r3, [r9, #16]
 206:Drivers/STM32F4xx_HAL_Driver/Src/stm32f4xx_hal_flash_ex.c ****         {
 1101              		.loc 1 206 9 view .LVU356
 206:Drivers/STM32F4xx_HAL_Driver/Src/stm32f4xx_hal_flash_ex.c ****         {
 1102              		.loc 1 206 12 is_stmt 0 view .LVU357
 1103 0066 0028     		cmp	r0, #0
 1104 0068 E9D0     		beq	.L91
 209:Drivers/STM32F4xx_HAL_Driver/Src/stm32f4xx_hal_flash_ex.c ****           break;
 1105              		.loc 1 209 11 is_stmt 1 view .LVU358
 209:Drivers/STM32F4xx_HAL_Driver/Src/stm32f4xx_hal_flash_ex.c ****           break;
 1106              		.loc 1 209 24 is_stmt 0 view .LVU359
 1107 006a C8F80050 		str	r5, [r8]
 210:Drivers/STM32F4xx_HAL_Driver/Src/stm32f4xx_hal_flash_ex.c ****         }
 1108              		.loc 1 210 11 is_stmt 1 view .LVU360
 201:Drivers/STM32F4xx_HAL_Driver/Src/stm32f4xx_hal_flash_ex.c **** 
 1109              		.loc 1 201 18 is_stmt 0 view .LVU361
 1110 006e 0646     		mov	r6, r0
 1111              	.LVL69:
 1112              	.L89:
 215:Drivers/STM32F4xx_HAL_Driver/Src/stm32f4xx_hal_flash_ex.c ****   }
 1113              		.loc 1 215 5 is_stmt 1 view .LVU362
 1114 0070 FFF7FEFF 		bl	FLASH_FlushCaches
 1115              	.LVL70:
 1116              	.L87:
 219:Drivers/STM32F4xx_HAL_Driver/Src/stm32f4xx_hal_flash_ex.c **** 
 1117              		.loc 1 219 3 view .LVU363
 219:Drivers/STM32F4xx_HAL_Driver/Src/stm32f4xx_hal_flash_ex.c **** 
 1118              		.loc 1 219 3 view .LVU364
 1119 0074 0023     		movs	r3, #0
 1120 0076 3B76     		strb	r3, [r7, #24]
 219:Drivers/STM32F4xx_HAL_Driver/Src/stm32f4xx_hal_flash_ex.c **** 
 1121              		.loc 1 219 3 view .LVU365
 221:Drivers/STM32F4xx_HAL_Driver/Src/stm32f4xx_hal_flash_ex.c **** }
 1122              		.loc 1 221 3 view .LVU366
 222:Drivers/STM32F4xx_HAL_Driver/Src/stm32f4xx_hal_flash_ex.c **** 
 1123              		.loc 1 222 1 is_stmt 0 view .LVU367
ARM GAS  C:\Users\techn\AppData\Local\Temp\cch1DoTg.s 			page 49


 1124 0078 3046     		mov	r0, r6
 1125 007a BDE8F883 		pop	{r3, r4, r5, r6, r7, r8, r9, pc}
 1126              	.LVL71:
 1127              	.L93:
 166:Drivers/STM32F4xx_HAL_Driver/Src/stm32f4xx_hal_flash_ex.c **** 
 1128              		.loc 1 166 3 discriminator 1 view .LVU368
 1129 007e 0226     		movs	r6, #2
 222:Drivers/STM32F4xx_HAL_Driver/Src/stm32f4xx_hal_flash_ex.c **** 
 1130              		.loc 1 222 1 view .LVU369
 1131 0080 3046     		mov	r0, r6
 1132              	.LVL72:
 222:Drivers/STM32F4xx_HAL_Driver/Src/stm32f4xx_hal_flash_ex.c **** 
 1133              		.loc 1 222 1 view .LVU370
 1134 0082 BDE8F883 		pop	{r3, r4, r5, r6, r7, r8, r9, pc}
 1135              	.LVL73:
 1136              	.L96:
 182:Drivers/STM32F4xx_HAL_Driver/Src/stm32f4xx_hal_flash_ex.c **** 
 1137              		.loc 1 182 7 is_stmt 1 view .LVU371
 1138              	.LBB86:
 1139              	.LBB87:
 955:Drivers/STM32F4xx_HAL_Driver/Src/stm32f4xx_hal_flash_ex.c ****   FLASH->CR |= FLASH_CR_MER;
 1140              		.loc 1 955 3 is_stmt 0 view .LVU372
 1141 0086 0E4D     		ldr	r5, .L97+4
 1142              	.LBE87:
 1143              	.LBE86:
 182:Drivers/STM32F4xx_HAL_Driver/Src/stm32f4xx_hal_flash_ex.c **** 
 1144              		.loc 1 182 43 view .LVU373
 1145 0088 2369     		ldr	r3, [r4, #16]
 1146              	.LVL74:
 1147              	.LBB89:
 1148              	.LBI86:
 948:Drivers/STM32F4xx_HAL_Driver/Src/stm32f4xx_hal_flash_ex.c **** {
 1149              		.loc 1 948 13 is_stmt 1 view .LVU374
 1150              	.LBB88:
 951:Drivers/STM32F4xx_HAL_Driver/Src/stm32f4xx_hal_flash_ex.c ****   assert_param(IS_FLASH_BANK(Banks));
 1151              		.loc 1 951 3 view .LVU375
 952:Drivers/STM32F4xx_HAL_Driver/Src/stm32f4xx_hal_flash_ex.c **** 
 1152              		.loc 1 952 3 view .LVU376
 955:Drivers/STM32F4xx_HAL_Driver/Src/stm32f4xx_hal_flash_ex.c ****   FLASH->CR |= FLASH_CR_MER;
 1153              		.loc 1 955 3 view .LVU377
 1154 008a 2A69     		ldr	r2, [r5, #16]
 1155 008c 22F44072 		bic	r2, r2, #768
 1156 0090 2A61     		str	r2, [r5, #16]
 1157              	.LVL75:
 956:Drivers/STM32F4xx_HAL_Driver/Src/stm32f4xx_hal_flash_ex.c ****   FLASH->CR |= FLASH_CR_STRT | ((uint32_t)VoltageRange << 8U);
 1158              		.loc 1 956 3 view .LVU378
 956:Drivers/STM32F4xx_HAL_Driver/Src/stm32f4xx_hal_flash_ex.c ****   FLASH->CR |= FLASH_CR_STRT | ((uint32_t)VoltageRange << 8U);
 1159              		.loc 1 956 8 is_stmt 0 view .LVU379
 1160 0092 2A69     		ldr	r2, [r5, #16]
 956:Drivers/STM32F4xx_HAL_Driver/Src/stm32f4xx_hal_flash_ex.c ****   FLASH->CR |= FLASH_CR_STRT | ((uint32_t)VoltageRange << 8U);
 1161              		.loc 1 956 13 view .LVU380
 1162 0094 42F00402 		orr	r2, r2, #4
 1163 0098 2A61     		str	r2, [r5, #16]
 957:Drivers/STM32F4xx_HAL_Driver/Src/stm32f4xx_hal_flash_ex.c **** }
 1164              		.loc 1 957 3 is_stmt 1 view .LVU381
 957:Drivers/STM32F4xx_HAL_Driver/Src/stm32f4xx_hal_flash_ex.c **** }
 1165              		.loc 1 957 8 is_stmt 0 view .LVU382
ARM GAS  C:\Users\techn\AppData\Local\Temp\cch1DoTg.s 			page 50


 1166 009a 2A69     		ldr	r2, [r5, #16]
 957:Drivers/STM32F4xx_HAL_Driver/Src/stm32f4xx_hal_flash_ex.c **** }
 1167              		.loc 1 957 56 view .LVU383
 1168 009c 1B02     		lsls	r3, r3, #8
 1169 009e 9BB2     		uxth	r3, r3
 957:Drivers/STM32F4xx_HAL_Driver/Src/stm32f4xx_hal_flash_ex.c **** }
 1170              		.loc 1 957 13 view .LVU384
 1171 00a0 1343     		orrs	r3, r3, r2
 1172 00a2 43F48033 		orr	r3, r3, #65536
 1173 00a6 2B61     		str	r3, [r5, #16]
 1174              	.LVL76:
 957:Drivers/STM32F4xx_HAL_Driver/Src/stm32f4xx_hal_flash_ex.c **** }
 1175              		.loc 1 957 13 view .LVU385
 1176              	.LBE88:
 1177              	.LBE89:
 185:Drivers/STM32F4xx_HAL_Driver/Src/stm32f4xx_hal_flash_ex.c **** 
 1178              		.loc 1 185 7 is_stmt 1 view .LVU386
 185:Drivers/STM32F4xx_HAL_Driver/Src/stm32f4xx_hal_flash_ex.c **** 
 1179              		.loc 1 185 16 is_stmt 0 view .LVU387
 1180 00a8 4CF25030 		movw	r0, #50000
 1181              	.LVL77:
 185:Drivers/STM32F4xx_HAL_Driver/Src/stm32f4xx_hal_flash_ex.c **** 
 1182              		.loc 1 185 16 view .LVU388
 1183 00ac FFF7FEFF 		bl	FLASH_WaitForLastOperation
 1184              	.LVL78:
 188:Drivers/STM32F4xx_HAL_Driver/Src/stm32f4xx_hal_flash_ex.c ****     }
 1185              		.loc 1 188 12 view .LVU389
 1186 00b0 2B69     		ldr	r3, [r5, #16]
 188:Drivers/STM32F4xx_HAL_Driver/Src/stm32f4xx_hal_flash_ex.c ****     }
 1187              		.loc 1 188 17 view .LVU390
 1188 00b2 23F00403 		bic	r3, r3, #4
 185:Drivers/STM32F4xx_HAL_Driver/Src/stm32f4xx_hal_flash_ex.c **** 
 1189              		.loc 1 185 16 view .LVU391
 1190 00b6 0646     		mov	r6, r0
 1191              	.LVL79:
 188:Drivers/STM32F4xx_HAL_Driver/Src/stm32f4xx_hal_flash_ex.c ****     }
 1192              		.loc 1 188 7 is_stmt 1 view .LVU392
 188:Drivers/STM32F4xx_HAL_Driver/Src/stm32f4xx_hal_flash_ex.c ****     }
 1193              		.loc 1 188 17 is_stmt 0 view .LVU393
 1194 00b8 2B61     		str	r3, [r5, #16]
 1195 00ba D9E7     		b	.L89
 1196              	.L98:
 1197              		.align	2
 1198              	.L97:
 1199 00bc 00000000 		.word	pFlash
 1200 00c0 003C0240 		.word	1073888256
 1201              		.cfi_endproc
 1202              	.LFE134:
 1204              		.text
 1205              	.Letext0:
 1206              		.file 2 "C:\\Program Files\\STMicroelectronics\\STM32Cube\\STM32CubeIDE_1.19.0\\STM32CubeIDE\\plug
 1207              		.file 3 "C:\\Program Files\\STMicroelectronics\\STM32Cube\\STM32CubeIDE_1.19.0\\STM32CubeIDE\\plug
 1208              		.file 4 "Drivers/CMSIS/Device/ST/STM32F4xx/Include/stm32f446xx.h"
 1209              		.file 5 "Drivers/CMSIS/Device/ST/STM32F4xx/Include/stm32f4xx.h"
 1210              		.file 6 "Drivers/STM32F4xx_HAL_Driver/Inc/stm32f4xx_hal_def.h"
 1211              		.file 7 "Drivers/STM32F4xx_HAL_Driver/Inc/stm32f4xx_hal_flash.h"
 1212              		.file 8 "Drivers/STM32F4xx_HAL_Driver/Inc/stm32f4xx_hal_flash_ex.h"
ARM GAS  C:\Users\techn\AppData\Local\Temp\cch1DoTg.s 			page 51


ARM GAS  C:\Users\techn\AppData\Local\Temp\cch1DoTg.s 			page 52


DEFINED SYMBOLS
                            *ABS*:00000000 stm32f4xx_hal_flash_ex.c
C:\Users\techn\AppData\Local\Temp\cch1DoTg.s:21     .text.HAL_FLASHEx_OBProgram:00000000 $t
C:\Users\techn\AppData\Local\Temp\cch1DoTg.s:28     .text.HAL_FLASHEx_OBProgram:00000000 HAL_FLASHEx_OBProgram
C:\Users\techn\AppData\Local\Temp\cch1DoTg.s:345    .text.HAL_FLASHEx_OBProgram:000000b8 $d
C:\Users\techn\AppData\Local\Temp\cch1DoTg.s:351    .text.HAL_FLASHEx_OBGetConfig:00000000 $t
C:\Users\techn\AppData\Local\Temp\cch1DoTg.s:358    .text.HAL_FLASHEx_OBGetConfig:00000000 HAL_FLASHEx_OBGetConfig
C:\Users\techn\AppData\Local\Temp\cch1DoTg.s:463    .text.HAL_FLASHEx_OBGetConfig:00000034 $d
C:\Users\techn\AppData\Local\Temp\cch1DoTg.s:468    .text.HAL_FLASHEx_AdvOBProgram:00000000 $t
C:\Users\techn\AppData\Local\Temp\cch1DoTg.s:475    .text.HAL_FLASHEx_AdvOBProgram:00000000 HAL_FLASHEx_AdvOBProgram
C:\Users\techn\AppData\Local\Temp\cch1DoTg.s:593    .text.HAL_FLASHEx_AdvOBProgram:00000040 $d
C:\Users\techn\AppData\Local\Temp\cch1DoTg.s:598    .text.HAL_FLASHEx_AdvOBGetConfig:00000000 $t
C:\Users\techn\AppData\Local\Temp\cch1DoTg.s:605    .text.HAL_FLASHEx_AdvOBGetConfig:00000000 HAL_FLASHEx_AdvOBGetConfig
C:\Users\techn\AppData\Local\Temp\cch1DoTg.s:624    .text.HAL_FLASHEx_AdvOBGetConfig:00000008 $d
C:\Users\techn\AppData\Local\Temp\cch1DoTg.s:629    .text.HAL_FLASHEx_OB_SelectPCROP:00000000 $t
C:\Users\techn\AppData\Local\Temp\cch1DoTg.s:636    .text.HAL_FLASHEx_OB_SelectPCROP:00000000 HAL_FLASHEx_OB_SelectPCROP
C:\Users\techn\AppData\Local\Temp\cch1DoTg.s:663    .text.HAL_FLASHEx_OB_SelectPCROP:00000010 $d
C:\Users\techn\AppData\Local\Temp\cch1DoTg.s:668    .text.HAL_FLASHEx_OB_DeSelectPCROP:00000000 $t
C:\Users\techn\AppData\Local\Temp\cch1DoTg.s:675    .text.HAL_FLASHEx_OB_DeSelectPCROP:00000000 HAL_FLASHEx_OB_DeSelectPCROP
C:\Users\techn\AppData\Local\Temp\cch1DoTg.s:701    .text.HAL_FLASHEx_OB_DeSelectPCROP:00000010 $d
C:\Users\techn\AppData\Local\Temp\cch1DoTg.s:706    .text.FLASH_Erase_Sector:00000000 $t
C:\Users\techn\AppData\Local\Temp\cch1DoTg.s:713    .text.FLASH_Erase_Sector:00000000 FLASH_Erase_Sector
C:\Users\techn\AppData\Local\Temp\cch1DoTg.s:768    .text.FLASH_Erase_Sector:00000038 $d
C:\Users\techn\AppData\Local\Temp\cch1DoTg.s:773    .text.HAL_FLASHEx_Erase_IT:00000000 $t
C:\Users\techn\AppData\Local\Temp\cch1DoTg.s:780    .text.HAL_FLASHEx_Erase_IT:00000000 HAL_FLASHEx_Erase_IT
C:\Users\techn\AppData\Local\Temp\cch1DoTg.s:908    .text.HAL_FLASHEx_Erase_IT:00000070 $d
C:\Users\techn\AppData\Local\Temp\cch1DoTg.s:914    .text.FLASH_FlushCaches:00000000 $t
C:\Users\techn\AppData\Local\Temp\cch1DoTg.s:921    .text.FLASH_FlushCaches:00000000 FLASH_FlushCaches
C:\Users\techn\AppData\Local\Temp\cch1DoTg.s:991    .text.FLASH_FlushCaches:00000054 $d
C:\Users\techn\AppData\Local\Temp\cch1DoTg.s:996    .text.HAL_FLASHEx_Erase:00000000 $t
C:\Users\techn\AppData\Local\Temp\cch1DoTg.s:1003   .text.HAL_FLASHEx_Erase:00000000 HAL_FLASHEx_Erase
C:\Users\techn\AppData\Local\Temp\cch1DoTg.s:1199   .text.HAL_FLASHEx_Erase:000000bc $d

UNDEFINED SYMBOLS
FLASH_WaitForLastOperation
pFlash
