ARM GAS  C:\Users\techn\AppData\Local\Temp\ccPUBBag.s 			page 1


   1              		.cpu cortex-m0
   2              		.arch armv6s-m
   3              		.fpu softvfp
   4              		.eabi_attribute 20, 1
   5              		.eabi_attribute 21, 1
   6              		.eabi_attribute 23, 3
   7              		.eabi_attribute 24, 1
   8              		.eabi_attribute 25, 1
   9              		.eabi_attribute 26, 1
  10              		.eabi_attribute 30, 2
  11              		.eabi_attribute 34, 0
  12              		.eabi_attribute 18, 4
  13              		.file	"stm32f0xx_hal_flash_ex.c"
  14              		.text
  15              	.Ltext0:
  16              		.cfi_sections	.debug_frame
  17              		.file 1 "Drivers/STM32F0xx_HAL_Driver/Src/stm32f0xx_hal_flash_ex.c"
  18              		.section	.text.FLASH_OB_RDP_LevelConfig,"ax",%progbits
  19              		.align	1
  20              		.p2align 2,,3
  21              		.syntax unified
  22              		.code	16
  23              		.thumb_func
  25              	FLASH_OB_RDP_LevelConfig:
  26              	.LVL0:
  27              	.LFB49:
   1:Drivers/STM32F0xx_HAL_Driver/Src/stm32f0xx_hal_flash_ex.c **** /**
   2:Drivers/STM32F0xx_HAL_Driver/Src/stm32f0xx_hal_flash_ex.c ****   ******************************************************************************
   3:Drivers/STM32F0xx_HAL_Driver/Src/stm32f0xx_hal_flash_ex.c ****   * @file    stm32f0xx_hal_flash_ex.c
   4:Drivers/STM32F0xx_HAL_Driver/Src/stm32f0xx_hal_flash_ex.c ****   * @author  MCD Application Team
   5:Drivers/STM32F0xx_HAL_Driver/Src/stm32f0xx_hal_flash_ex.c ****   * @brief   Extended FLASH HAL module driver.
   6:Drivers/STM32F0xx_HAL_Driver/Src/stm32f0xx_hal_flash_ex.c ****   *    
   7:Drivers/STM32F0xx_HAL_Driver/Src/stm32f0xx_hal_flash_ex.c ****   *          This file provides firmware functions to manage the following 
   8:Drivers/STM32F0xx_HAL_Driver/Src/stm32f0xx_hal_flash_ex.c ****   *          functionalities of the FLASH peripheral:
   9:Drivers/STM32F0xx_HAL_Driver/Src/stm32f0xx_hal_flash_ex.c ****   *           + Extended Initialization/de-initialization functions
  10:Drivers/STM32F0xx_HAL_Driver/Src/stm32f0xx_hal_flash_ex.c ****   *           + Extended I/O operation functions
  11:Drivers/STM32F0xx_HAL_Driver/Src/stm32f0xx_hal_flash_ex.c ****   *           + Extended Peripheral Control functions 
  12:Drivers/STM32F0xx_HAL_Driver/Src/stm32f0xx_hal_flash_ex.c ****   *         
  13:Drivers/STM32F0xx_HAL_Driver/Src/stm32f0xx_hal_flash_ex.c ****   @verbatim
  14:Drivers/STM32F0xx_HAL_Driver/Src/stm32f0xx_hal_flash_ex.c ****   ==============================================================================
  15:Drivers/STM32F0xx_HAL_Driver/Src/stm32f0xx_hal_flash_ex.c ****                ##### Flash peripheral extended features  #####
  16:Drivers/STM32F0xx_HAL_Driver/Src/stm32f0xx_hal_flash_ex.c ****   ==============================================================================
  17:Drivers/STM32F0xx_HAL_Driver/Src/stm32f0xx_hal_flash_ex.c ****            
  18:Drivers/STM32F0xx_HAL_Driver/Src/stm32f0xx_hal_flash_ex.c ****                       ##### How to use this driver #####
  19:Drivers/STM32F0xx_HAL_Driver/Src/stm32f0xx_hal_flash_ex.c ****   ==============================================================================
  20:Drivers/STM32F0xx_HAL_Driver/Src/stm32f0xx_hal_flash_ex.c ****   [..] This driver provides functions to configure and program the FLASH memory 
  21:Drivers/STM32F0xx_HAL_Driver/Src/stm32f0xx_hal_flash_ex.c ****        of all STM32F0xxx devices. It includes
  22:Drivers/STM32F0xx_HAL_Driver/Src/stm32f0xx_hal_flash_ex.c ****        
  23:Drivers/STM32F0xx_HAL_Driver/Src/stm32f0xx_hal_flash_ex.c ****         (++) Set/Reset the write protection
  24:Drivers/STM32F0xx_HAL_Driver/Src/stm32f0xx_hal_flash_ex.c ****         (++) Program the user Option Bytes
  25:Drivers/STM32F0xx_HAL_Driver/Src/stm32f0xx_hal_flash_ex.c ****         (++) Get the Read protection Level
  26:Drivers/STM32F0xx_HAL_Driver/Src/stm32f0xx_hal_flash_ex.c ****   
  27:Drivers/STM32F0xx_HAL_Driver/Src/stm32f0xx_hal_flash_ex.c ****   @endverbatim
  28:Drivers/STM32F0xx_HAL_Driver/Src/stm32f0xx_hal_flash_ex.c ****   ******************************************************************************
  29:Drivers/STM32F0xx_HAL_Driver/Src/stm32f0xx_hal_flash_ex.c ****   * @attention
  30:Drivers/STM32F0xx_HAL_Driver/Src/stm32f0xx_hal_flash_ex.c ****   *
  31:Drivers/STM32F0xx_HAL_Driver/Src/stm32f0xx_hal_flash_ex.c ****   * Copyright (c) 2016 STMicroelectronics.
ARM GAS  C:\Users\techn\AppData\Local\Temp\ccPUBBag.s 			page 2


  32:Drivers/STM32F0xx_HAL_Driver/Src/stm32f0xx_hal_flash_ex.c ****   * All rights reserved.
  33:Drivers/STM32F0xx_HAL_Driver/Src/stm32f0xx_hal_flash_ex.c ****   *
  34:Drivers/STM32F0xx_HAL_Driver/Src/stm32f0xx_hal_flash_ex.c ****   * This software is licensed under terms that can be found in the LICENSE file in
  35:Drivers/STM32F0xx_HAL_Driver/Src/stm32f0xx_hal_flash_ex.c ****   * the root directory of this software component.
  36:Drivers/STM32F0xx_HAL_Driver/Src/stm32f0xx_hal_flash_ex.c ****   * If no LICENSE file comes with this software, it is provided AS-IS.
  37:Drivers/STM32F0xx_HAL_Driver/Src/stm32f0xx_hal_flash_ex.c ****   ******************************************************************************
  38:Drivers/STM32F0xx_HAL_Driver/Src/stm32f0xx_hal_flash_ex.c ****   */
  39:Drivers/STM32F0xx_HAL_Driver/Src/stm32f0xx_hal_flash_ex.c **** 
  40:Drivers/STM32F0xx_HAL_Driver/Src/stm32f0xx_hal_flash_ex.c **** /* Includes ------------------------------------------------------------------*/
  41:Drivers/STM32F0xx_HAL_Driver/Src/stm32f0xx_hal_flash_ex.c **** #include "stm32f0xx_hal.h"
  42:Drivers/STM32F0xx_HAL_Driver/Src/stm32f0xx_hal_flash_ex.c **** 
  43:Drivers/STM32F0xx_HAL_Driver/Src/stm32f0xx_hal_flash_ex.c **** /** @addtogroup STM32F0xx_HAL_Driver
  44:Drivers/STM32F0xx_HAL_Driver/Src/stm32f0xx_hal_flash_ex.c ****   * @{
  45:Drivers/STM32F0xx_HAL_Driver/Src/stm32f0xx_hal_flash_ex.c ****   */
  46:Drivers/STM32F0xx_HAL_Driver/Src/stm32f0xx_hal_flash_ex.c **** #ifdef HAL_FLASH_MODULE_ENABLED
  47:Drivers/STM32F0xx_HAL_Driver/Src/stm32f0xx_hal_flash_ex.c **** 
  48:Drivers/STM32F0xx_HAL_Driver/Src/stm32f0xx_hal_flash_ex.c **** /** @addtogroup FLASH
  49:Drivers/STM32F0xx_HAL_Driver/Src/stm32f0xx_hal_flash_ex.c ****   * @{
  50:Drivers/STM32F0xx_HAL_Driver/Src/stm32f0xx_hal_flash_ex.c ****   */
  51:Drivers/STM32F0xx_HAL_Driver/Src/stm32f0xx_hal_flash_ex.c **** /** @addtogroup FLASH_Private_Variables
  52:Drivers/STM32F0xx_HAL_Driver/Src/stm32f0xx_hal_flash_ex.c ****  * @{
  53:Drivers/STM32F0xx_HAL_Driver/Src/stm32f0xx_hal_flash_ex.c ****  */
  54:Drivers/STM32F0xx_HAL_Driver/Src/stm32f0xx_hal_flash_ex.c **** /* Variables used for Erase pages under interruption*/
  55:Drivers/STM32F0xx_HAL_Driver/Src/stm32f0xx_hal_flash_ex.c **** extern FLASH_ProcessTypeDef pFlash;
  56:Drivers/STM32F0xx_HAL_Driver/Src/stm32f0xx_hal_flash_ex.c **** /**
  57:Drivers/STM32F0xx_HAL_Driver/Src/stm32f0xx_hal_flash_ex.c ****   * @}
  58:Drivers/STM32F0xx_HAL_Driver/Src/stm32f0xx_hal_flash_ex.c ****   */
  59:Drivers/STM32F0xx_HAL_Driver/Src/stm32f0xx_hal_flash_ex.c **** 
  60:Drivers/STM32F0xx_HAL_Driver/Src/stm32f0xx_hal_flash_ex.c **** /**
  61:Drivers/STM32F0xx_HAL_Driver/Src/stm32f0xx_hal_flash_ex.c ****   * @}
  62:Drivers/STM32F0xx_HAL_Driver/Src/stm32f0xx_hal_flash_ex.c ****   */
  63:Drivers/STM32F0xx_HAL_Driver/Src/stm32f0xx_hal_flash_ex.c ****   
  64:Drivers/STM32F0xx_HAL_Driver/Src/stm32f0xx_hal_flash_ex.c **** /** @defgroup FLASHEx FLASHEx
  65:Drivers/STM32F0xx_HAL_Driver/Src/stm32f0xx_hal_flash_ex.c ****   * @brief FLASH HAL Extension module driver
  66:Drivers/STM32F0xx_HAL_Driver/Src/stm32f0xx_hal_flash_ex.c ****   * @{
  67:Drivers/STM32F0xx_HAL_Driver/Src/stm32f0xx_hal_flash_ex.c ****   */
  68:Drivers/STM32F0xx_HAL_Driver/Src/stm32f0xx_hal_flash_ex.c **** 
  69:Drivers/STM32F0xx_HAL_Driver/Src/stm32f0xx_hal_flash_ex.c **** /* Private typedef -----------------------------------------------------------*/
  70:Drivers/STM32F0xx_HAL_Driver/Src/stm32f0xx_hal_flash_ex.c **** /* Private define ------------------------------------------------------------*/
  71:Drivers/STM32F0xx_HAL_Driver/Src/stm32f0xx_hal_flash_ex.c **** /** @defgroup FLASHEx_Private_Constants FLASHEx Private Constants
  72:Drivers/STM32F0xx_HAL_Driver/Src/stm32f0xx_hal_flash_ex.c ****  * @{
  73:Drivers/STM32F0xx_HAL_Driver/Src/stm32f0xx_hal_flash_ex.c ****  */
  74:Drivers/STM32F0xx_HAL_Driver/Src/stm32f0xx_hal_flash_ex.c **** #define FLASH_POSITION_IWDGSW_BIT        8U
  75:Drivers/STM32F0xx_HAL_Driver/Src/stm32f0xx_hal_flash_ex.c **** #define FLASH_POSITION_OB_USERDATA0_BIT  16U
  76:Drivers/STM32F0xx_HAL_Driver/Src/stm32f0xx_hal_flash_ex.c **** #define FLASH_POSITION_OB_USERDATA1_BIT  24U
  77:Drivers/STM32F0xx_HAL_Driver/Src/stm32f0xx_hal_flash_ex.c **** /**
  78:Drivers/STM32F0xx_HAL_Driver/Src/stm32f0xx_hal_flash_ex.c ****   * @}
  79:Drivers/STM32F0xx_HAL_Driver/Src/stm32f0xx_hal_flash_ex.c ****   */
  80:Drivers/STM32F0xx_HAL_Driver/Src/stm32f0xx_hal_flash_ex.c **** 
  81:Drivers/STM32F0xx_HAL_Driver/Src/stm32f0xx_hal_flash_ex.c **** /* Private macro -------------------------------------------------------------*/
  82:Drivers/STM32F0xx_HAL_Driver/Src/stm32f0xx_hal_flash_ex.c **** /** @defgroup FLASHEx_Private_Macros FLASHEx Private Macros
  83:Drivers/STM32F0xx_HAL_Driver/Src/stm32f0xx_hal_flash_ex.c ****   * @{
  84:Drivers/STM32F0xx_HAL_Driver/Src/stm32f0xx_hal_flash_ex.c ****   */
  85:Drivers/STM32F0xx_HAL_Driver/Src/stm32f0xx_hal_flash_ex.c **** /**
  86:Drivers/STM32F0xx_HAL_Driver/Src/stm32f0xx_hal_flash_ex.c ****   * @}
  87:Drivers/STM32F0xx_HAL_Driver/Src/stm32f0xx_hal_flash_ex.c ****   */ 
  88:Drivers/STM32F0xx_HAL_Driver/Src/stm32f0xx_hal_flash_ex.c **** 
ARM GAS  C:\Users\techn\AppData\Local\Temp\ccPUBBag.s 			page 3


  89:Drivers/STM32F0xx_HAL_Driver/Src/stm32f0xx_hal_flash_ex.c **** /* Private variables ---------------------------------------------------------*/
  90:Drivers/STM32F0xx_HAL_Driver/Src/stm32f0xx_hal_flash_ex.c **** /* Private function prototypes -----------------------------------------------*/
  91:Drivers/STM32F0xx_HAL_Driver/Src/stm32f0xx_hal_flash_ex.c **** /** @defgroup FLASHEx_Private_Functions FLASHEx Private Functions
  92:Drivers/STM32F0xx_HAL_Driver/Src/stm32f0xx_hal_flash_ex.c ****  * @{
  93:Drivers/STM32F0xx_HAL_Driver/Src/stm32f0xx_hal_flash_ex.c ****  */
  94:Drivers/STM32F0xx_HAL_Driver/Src/stm32f0xx_hal_flash_ex.c **** /* Erase operations */
  95:Drivers/STM32F0xx_HAL_Driver/Src/stm32f0xx_hal_flash_ex.c **** static void              FLASH_MassErase(void);
  96:Drivers/STM32F0xx_HAL_Driver/Src/stm32f0xx_hal_flash_ex.c **** void    FLASH_PageErase(uint32_t PageAddress);
  97:Drivers/STM32F0xx_HAL_Driver/Src/stm32f0xx_hal_flash_ex.c **** 
  98:Drivers/STM32F0xx_HAL_Driver/Src/stm32f0xx_hal_flash_ex.c **** /* Option bytes control */
  99:Drivers/STM32F0xx_HAL_Driver/Src/stm32f0xx_hal_flash_ex.c **** static HAL_StatusTypeDef FLASH_OB_EnableWRP(uint32_t WriteProtectPage);
 100:Drivers/STM32F0xx_HAL_Driver/Src/stm32f0xx_hal_flash_ex.c **** static HAL_StatusTypeDef FLASH_OB_DisableWRP(uint32_t WriteProtectPage);
 101:Drivers/STM32F0xx_HAL_Driver/Src/stm32f0xx_hal_flash_ex.c **** static HAL_StatusTypeDef FLASH_OB_RDP_LevelConfig(uint8_t ReadProtectLevel);
 102:Drivers/STM32F0xx_HAL_Driver/Src/stm32f0xx_hal_flash_ex.c **** static HAL_StatusTypeDef FLASH_OB_UserConfig(uint8_t UserConfig);
 103:Drivers/STM32F0xx_HAL_Driver/Src/stm32f0xx_hal_flash_ex.c **** static HAL_StatusTypeDef FLASH_OB_ProgramData(uint32_t Address, uint8_t Data);
 104:Drivers/STM32F0xx_HAL_Driver/Src/stm32f0xx_hal_flash_ex.c **** static uint32_t          FLASH_OB_GetWRP(void);
 105:Drivers/STM32F0xx_HAL_Driver/Src/stm32f0xx_hal_flash_ex.c **** static uint32_t          FLASH_OB_GetRDP(void);
 106:Drivers/STM32F0xx_HAL_Driver/Src/stm32f0xx_hal_flash_ex.c **** static uint8_t           FLASH_OB_GetUser(void);
 107:Drivers/STM32F0xx_HAL_Driver/Src/stm32f0xx_hal_flash_ex.c **** 
 108:Drivers/STM32F0xx_HAL_Driver/Src/stm32f0xx_hal_flash_ex.c **** /**
 109:Drivers/STM32F0xx_HAL_Driver/Src/stm32f0xx_hal_flash_ex.c ****   * @}
 110:Drivers/STM32F0xx_HAL_Driver/Src/stm32f0xx_hal_flash_ex.c ****   */
 111:Drivers/STM32F0xx_HAL_Driver/Src/stm32f0xx_hal_flash_ex.c **** 
 112:Drivers/STM32F0xx_HAL_Driver/Src/stm32f0xx_hal_flash_ex.c **** /* Exported functions ---------------------------------------------------------*/
 113:Drivers/STM32F0xx_HAL_Driver/Src/stm32f0xx_hal_flash_ex.c **** /** @defgroup FLASHEx_Exported_Functions FLASHEx Exported Functions
 114:Drivers/STM32F0xx_HAL_Driver/Src/stm32f0xx_hal_flash_ex.c ****   * @{
 115:Drivers/STM32F0xx_HAL_Driver/Src/stm32f0xx_hal_flash_ex.c ****   */
 116:Drivers/STM32F0xx_HAL_Driver/Src/stm32f0xx_hal_flash_ex.c ****   
 117:Drivers/STM32F0xx_HAL_Driver/Src/stm32f0xx_hal_flash_ex.c **** /** @defgroup FLASHEx_Exported_Functions_Group1 FLASHEx Memory Erasing functions
 118:Drivers/STM32F0xx_HAL_Driver/Src/stm32f0xx_hal_flash_ex.c ****  *  @brief   FLASH Memory Erasing functions
 119:Drivers/STM32F0xx_HAL_Driver/Src/stm32f0xx_hal_flash_ex.c ****   *
 120:Drivers/STM32F0xx_HAL_Driver/Src/stm32f0xx_hal_flash_ex.c **** @verbatim   
 121:Drivers/STM32F0xx_HAL_Driver/Src/stm32f0xx_hal_flash_ex.c ****   ==============================================================================
 122:Drivers/STM32F0xx_HAL_Driver/Src/stm32f0xx_hal_flash_ex.c ****                 ##### FLASH Erasing Programming functions ##### 
 123:Drivers/STM32F0xx_HAL_Driver/Src/stm32f0xx_hal_flash_ex.c ****   ==============================================================================
 124:Drivers/STM32F0xx_HAL_Driver/Src/stm32f0xx_hal_flash_ex.c **** 
 125:Drivers/STM32F0xx_HAL_Driver/Src/stm32f0xx_hal_flash_ex.c ****     [..] The FLASH Memory Erasing functions, includes the following functions:
 126:Drivers/STM32F0xx_HAL_Driver/Src/stm32f0xx_hal_flash_ex.c ****     (+) HAL_FLASHEx_Erase: return only when erase has been done
 127:Drivers/STM32F0xx_HAL_Driver/Src/stm32f0xx_hal_flash_ex.c ****     (+) HAL_FLASHEx_Erase_IT: end of erase is done when HAL_FLASH_EndOfOperationCallback 
 128:Drivers/STM32F0xx_HAL_Driver/Src/stm32f0xx_hal_flash_ex.c ****         is called with parameter 0xFFFFFFFF
 129:Drivers/STM32F0xx_HAL_Driver/Src/stm32f0xx_hal_flash_ex.c **** 
 130:Drivers/STM32F0xx_HAL_Driver/Src/stm32f0xx_hal_flash_ex.c ****     [..] Any operation of erase should follow these steps:
 131:Drivers/STM32F0xx_HAL_Driver/Src/stm32f0xx_hal_flash_ex.c ****     (#) Call the HAL_FLASH_Unlock() function to enable the flash control register and 
 132:Drivers/STM32F0xx_HAL_Driver/Src/stm32f0xx_hal_flash_ex.c ****         program memory access.
 133:Drivers/STM32F0xx_HAL_Driver/Src/stm32f0xx_hal_flash_ex.c ****     (#) Call the desired function to erase page.
 134:Drivers/STM32F0xx_HAL_Driver/Src/stm32f0xx_hal_flash_ex.c ****     (#) Call the HAL_FLASH_Lock() to disable the flash program memory access 
 135:Drivers/STM32F0xx_HAL_Driver/Src/stm32f0xx_hal_flash_ex.c ****        (recommended to protect the FLASH memory against possible unwanted operation).
 136:Drivers/STM32F0xx_HAL_Driver/Src/stm32f0xx_hal_flash_ex.c **** 
 137:Drivers/STM32F0xx_HAL_Driver/Src/stm32f0xx_hal_flash_ex.c **** @endverbatim
 138:Drivers/STM32F0xx_HAL_Driver/Src/stm32f0xx_hal_flash_ex.c ****   * @{
 139:Drivers/STM32F0xx_HAL_Driver/Src/stm32f0xx_hal_flash_ex.c ****   */
 140:Drivers/STM32F0xx_HAL_Driver/Src/stm32f0xx_hal_flash_ex.c ****   
 141:Drivers/STM32F0xx_HAL_Driver/Src/stm32f0xx_hal_flash_ex.c **** 
 142:Drivers/STM32F0xx_HAL_Driver/Src/stm32f0xx_hal_flash_ex.c **** /**
 143:Drivers/STM32F0xx_HAL_Driver/Src/stm32f0xx_hal_flash_ex.c ****   * @brief  Perform a mass erase or erase the specified FLASH memory pages
 144:Drivers/STM32F0xx_HAL_Driver/Src/stm32f0xx_hal_flash_ex.c ****   * @note   To correctly run this function, the @ref HAL_FLASH_Unlock() function
 145:Drivers/STM32F0xx_HAL_Driver/Src/stm32f0xx_hal_flash_ex.c ****   *         must be called before.
ARM GAS  C:\Users\techn\AppData\Local\Temp\ccPUBBag.s 			page 4


 146:Drivers/STM32F0xx_HAL_Driver/Src/stm32f0xx_hal_flash_ex.c ****   *         Call the @ref HAL_FLASH_Lock() to disable the flash memory access 
 147:Drivers/STM32F0xx_HAL_Driver/Src/stm32f0xx_hal_flash_ex.c ****   *         (recommended to protect the FLASH memory against possible unwanted operation)
 148:Drivers/STM32F0xx_HAL_Driver/Src/stm32f0xx_hal_flash_ex.c ****   * @param[in]  pEraseInit pointer to an FLASH_EraseInitTypeDef structure that
 149:Drivers/STM32F0xx_HAL_Driver/Src/stm32f0xx_hal_flash_ex.c ****   *         contains the configuration information for the erasing.
 150:Drivers/STM32F0xx_HAL_Driver/Src/stm32f0xx_hal_flash_ex.c ****   *
 151:Drivers/STM32F0xx_HAL_Driver/Src/stm32f0xx_hal_flash_ex.c ****   * @param[out]  PageError pointer to variable  that
 152:Drivers/STM32F0xx_HAL_Driver/Src/stm32f0xx_hal_flash_ex.c ****   *         contains the configuration information on faulty page in case of error
 153:Drivers/STM32F0xx_HAL_Driver/Src/stm32f0xx_hal_flash_ex.c ****   *         (0xFFFFFFFF means that all the pages have been correctly erased)
 154:Drivers/STM32F0xx_HAL_Driver/Src/stm32f0xx_hal_flash_ex.c ****   *
 155:Drivers/STM32F0xx_HAL_Driver/Src/stm32f0xx_hal_flash_ex.c ****   * @retval HAL_StatusTypeDef HAL Status
 156:Drivers/STM32F0xx_HAL_Driver/Src/stm32f0xx_hal_flash_ex.c ****   */
 157:Drivers/STM32F0xx_HAL_Driver/Src/stm32f0xx_hal_flash_ex.c **** HAL_StatusTypeDef HAL_FLASHEx_Erase(FLASH_EraseInitTypeDef *pEraseInit, uint32_t *PageError)
 158:Drivers/STM32F0xx_HAL_Driver/Src/stm32f0xx_hal_flash_ex.c **** {
 159:Drivers/STM32F0xx_HAL_Driver/Src/stm32f0xx_hal_flash_ex.c ****   HAL_StatusTypeDef status = HAL_ERROR;
 160:Drivers/STM32F0xx_HAL_Driver/Src/stm32f0xx_hal_flash_ex.c ****   uint32_t address = 0U;
 161:Drivers/STM32F0xx_HAL_Driver/Src/stm32f0xx_hal_flash_ex.c **** 
 162:Drivers/STM32F0xx_HAL_Driver/Src/stm32f0xx_hal_flash_ex.c ****   /* Process Locked */
 163:Drivers/STM32F0xx_HAL_Driver/Src/stm32f0xx_hal_flash_ex.c ****   __HAL_LOCK(&pFlash);
 164:Drivers/STM32F0xx_HAL_Driver/Src/stm32f0xx_hal_flash_ex.c **** 
 165:Drivers/STM32F0xx_HAL_Driver/Src/stm32f0xx_hal_flash_ex.c ****   /* Check the parameters */
 166:Drivers/STM32F0xx_HAL_Driver/Src/stm32f0xx_hal_flash_ex.c ****   assert_param(IS_FLASH_TYPEERASE(pEraseInit->TypeErase));
 167:Drivers/STM32F0xx_HAL_Driver/Src/stm32f0xx_hal_flash_ex.c **** 
 168:Drivers/STM32F0xx_HAL_Driver/Src/stm32f0xx_hal_flash_ex.c ****   if (pEraseInit->TypeErase == FLASH_TYPEERASE_MASSERASE)
 169:Drivers/STM32F0xx_HAL_Driver/Src/stm32f0xx_hal_flash_ex.c ****   {
 170:Drivers/STM32F0xx_HAL_Driver/Src/stm32f0xx_hal_flash_ex.c ****       /* Mass Erase requested for Bank1 */
 171:Drivers/STM32F0xx_HAL_Driver/Src/stm32f0xx_hal_flash_ex.c ****       /* Wait for last operation to be completed */
 172:Drivers/STM32F0xx_HAL_Driver/Src/stm32f0xx_hal_flash_ex.c ****       if (FLASH_WaitForLastOperation((uint32_t)FLASH_TIMEOUT_VALUE) == HAL_OK)
 173:Drivers/STM32F0xx_HAL_Driver/Src/stm32f0xx_hal_flash_ex.c ****       {
 174:Drivers/STM32F0xx_HAL_Driver/Src/stm32f0xx_hal_flash_ex.c ****         /*Mass erase to be done*/
 175:Drivers/STM32F0xx_HAL_Driver/Src/stm32f0xx_hal_flash_ex.c ****         FLASH_MassErase();
 176:Drivers/STM32F0xx_HAL_Driver/Src/stm32f0xx_hal_flash_ex.c ****         
 177:Drivers/STM32F0xx_HAL_Driver/Src/stm32f0xx_hal_flash_ex.c ****         /* Wait for last operation to be completed */
 178:Drivers/STM32F0xx_HAL_Driver/Src/stm32f0xx_hal_flash_ex.c ****         status = FLASH_WaitForLastOperation((uint32_t)FLASH_TIMEOUT_VALUE);
 179:Drivers/STM32F0xx_HAL_Driver/Src/stm32f0xx_hal_flash_ex.c ****         
 180:Drivers/STM32F0xx_HAL_Driver/Src/stm32f0xx_hal_flash_ex.c ****         /* If the erase operation is completed, disable the MER Bit */
 181:Drivers/STM32F0xx_HAL_Driver/Src/stm32f0xx_hal_flash_ex.c ****         CLEAR_BIT(FLASH->CR, FLASH_CR_MER);
 182:Drivers/STM32F0xx_HAL_Driver/Src/stm32f0xx_hal_flash_ex.c ****       }
 183:Drivers/STM32F0xx_HAL_Driver/Src/stm32f0xx_hal_flash_ex.c ****   }
 184:Drivers/STM32F0xx_HAL_Driver/Src/stm32f0xx_hal_flash_ex.c ****   else
 185:Drivers/STM32F0xx_HAL_Driver/Src/stm32f0xx_hal_flash_ex.c ****   {
 186:Drivers/STM32F0xx_HAL_Driver/Src/stm32f0xx_hal_flash_ex.c ****     /* Page Erase is requested */
 187:Drivers/STM32F0xx_HAL_Driver/Src/stm32f0xx_hal_flash_ex.c ****     /* Check the parameters */
 188:Drivers/STM32F0xx_HAL_Driver/Src/stm32f0xx_hal_flash_ex.c ****     assert_param(IS_FLASH_PROGRAM_ADDRESS(pEraseInit->PageAddress));
 189:Drivers/STM32F0xx_HAL_Driver/Src/stm32f0xx_hal_flash_ex.c ****     assert_param(IS_FLASH_NB_PAGES(pEraseInit->PageAddress, pEraseInit->NbPages));
 190:Drivers/STM32F0xx_HAL_Driver/Src/stm32f0xx_hal_flash_ex.c ****     
 191:Drivers/STM32F0xx_HAL_Driver/Src/stm32f0xx_hal_flash_ex.c ****       /* Page Erase requested on address located on bank1 */
 192:Drivers/STM32F0xx_HAL_Driver/Src/stm32f0xx_hal_flash_ex.c ****       /* Wait for last operation to be completed */
 193:Drivers/STM32F0xx_HAL_Driver/Src/stm32f0xx_hal_flash_ex.c ****       if (FLASH_WaitForLastOperation((uint32_t)FLASH_TIMEOUT_VALUE) == HAL_OK)
 194:Drivers/STM32F0xx_HAL_Driver/Src/stm32f0xx_hal_flash_ex.c ****       {
 195:Drivers/STM32F0xx_HAL_Driver/Src/stm32f0xx_hal_flash_ex.c ****         /*Initialization of PageError variable*/
 196:Drivers/STM32F0xx_HAL_Driver/Src/stm32f0xx_hal_flash_ex.c ****         *PageError = 0xFFFFFFFFU;
 197:Drivers/STM32F0xx_HAL_Driver/Src/stm32f0xx_hal_flash_ex.c ****         
 198:Drivers/STM32F0xx_HAL_Driver/Src/stm32f0xx_hal_flash_ex.c ****         /* Erase page by page to be done*/
 199:Drivers/STM32F0xx_HAL_Driver/Src/stm32f0xx_hal_flash_ex.c ****         for(address = pEraseInit->PageAddress;
 200:Drivers/STM32F0xx_HAL_Driver/Src/stm32f0xx_hal_flash_ex.c ****             address < ((pEraseInit->NbPages * FLASH_PAGE_SIZE) + pEraseInit->PageAddress);
 201:Drivers/STM32F0xx_HAL_Driver/Src/stm32f0xx_hal_flash_ex.c ****             address += FLASH_PAGE_SIZE)
 202:Drivers/STM32F0xx_HAL_Driver/Src/stm32f0xx_hal_flash_ex.c ****         {
ARM GAS  C:\Users\techn\AppData\Local\Temp\ccPUBBag.s 			page 5


 203:Drivers/STM32F0xx_HAL_Driver/Src/stm32f0xx_hal_flash_ex.c ****           FLASH_PageErase(address);
 204:Drivers/STM32F0xx_HAL_Driver/Src/stm32f0xx_hal_flash_ex.c ****           
 205:Drivers/STM32F0xx_HAL_Driver/Src/stm32f0xx_hal_flash_ex.c ****           /* Wait for last operation to be completed */
 206:Drivers/STM32F0xx_HAL_Driver/Src/stm32f0xx_hal_flash_ex.c ****           status = FLASH_WaitForLastOperation((uint32_t)FLASH_TIMEOUT_VALUE);
 207:Drivers/STM32F0xx_HAL_Driver/Src/stm32f0xx_hal_flash_ex.c ****           
 208:Drivers/STM32F0xx_HAL_Driver/Src/stm32f0xx_hal_flash_ex.c ****           /* If the erase operation is completed, disable the PER Bit */
 209:Drivers/STM32F0xx_HAL_Driver/Src/stm32f0xx_hal_flash_ex.c ****           CLEAR_BIT(FLASH->CR, FLASH_CR_PER);
 210:Drivers/STM32F0xx_HAL_Driver/Src/stm32f0xx_hal_flash_ex.c ****           
 211:Drivers/STM32F0xx_HAL_Driver/Src/stm32f0xx_hal_flash_ex.c ****           if (status != HAL_OK)
 212:Drivers/STM32F0xx_HAL_Driver/Src/stm32f0xx_hal_flash_ex.c ****           {
 213:Drivers/STM32F0xx_HAL_Driver/Src/stm32f0xx_hal_flash_ex.c ****             /* In case of error, stop erase procedure and return the faulty address */
 214:Drivers/STM32F0xx_HAL_Driver/Src/stm32f0xx_hal_flash_ex.c ****             *PageError = address;
 215:Drivers/STM32F0xx_HAL_Driver/Src/stm32f0xx_hal_flash_ex.c ****             break;
 216:Drivers/STM32F0xx_HAL_Driver/Src/stm32f0xx_hal_flash_ex.c ****           }
 217:Drivers/STM32F0xx_HAL_Driver/Src/stm32f0xx_hal_flash_ex.c ****         }
 218:Drivers/STM32F0xx_HAL_Driver/Src/stm32f0xx_hal_flash_ex.c ****       }
 219:Drivers/STM32F0xx_HAL_Driver/Src/stm32f0xx_hal_flash_ex.c ****   }
 220:Drivers/STM32F0xx_HAL_Driver/Src/stm32f0xx_hal_flash_ex.c **** 
 221:Drivers/STM32F0xx_HAL_Driver/Src/stm32f0xx_hal_flash_ex.c ****   /* Process Unlocked */
 222:Drivers/STM32F0xx_HAL_Driver/Src/stm32f0xx_hal_flash_ex.c ****   __HAL_UNLOCK(&pFlash);
 223:Drivers/STM32F0xx_HAL_Driver/Src/stm32f0xx_hal_flash_ex.c **** 
 224:Drivers/STM32F0xx_HAL_Driver/Src/stm32f0xx_hal_flash_ex.c ****   return status;
 225:Drivers/STM32F0xx_HAL_Driver/Src/stm32f0xx_hal_flash_ex.c **** }
 226:Drivers/STM32F0xx_HAL_Driver/Src/stm32f0xx_hal_flash_ex.c **** 
 227:Drivers/STM32F0xx_HAL_Driver/Src/stm32f0xx_hal_flash_ex.c **** /**
 228:Drivers/STM32F0xx_HAL_Driver/Src/stm32f0xx_hal_flash_ex.c ****   * @brief  Perform a mass erase or erase the specified FLASH memory pages with interrupt enabled
 229:Drivers/STM32F0xx_HAL_Driver/Src/stm32f0xx_hal_flash_ex.c ****   * @note   To correctly run this function, the @ref HAL_FLASH_Unlock() function
 230:Drivers/STM32F0xx_HAL_Driver/Src/stm32f0xx_hal_flash_ex.c ****   *         must be called before.
 231:Drivers/STM32F0xx_HAL_Driver/Src/stm32f0xx_hal_flash_ex.c ****   *         Call the @ref HAL_FLASH_Lock() to disable the flash memory access 
 232:Drivers/STM32F0xx_HAL_Driver/Src/stm32f0xx_hal_flash_ex.c ****   *         (recommended to protect the FLASH memory against possible unwanted operation)
 233:Drivers/STM32F0xx_HAL_Driver/Src/stm32f0xx_hal_flash_ex.c ****   * @param  pEraseInit pointer to an FLASH_EraseInitTypeDef structure that
 234:Drivers/STM32F0xx_HAL_Driver/Src/stm32f0xx_hal_flash_ex.c ****   *         contains the configuration information for the erasing.
 235:Drivers/STM32F0xx_HAL_Driver/Src/stm32f0xx_hal_flash_ex.c ****   *
 236:Drivers/STM32F0xx_HAL_Driver/Src/stm32f0xx_hal_flash_ex.c ****   * @retval HAL_StatusTypeDef HAL Status
 237:Drivers/STM32F0xx_HAL_Driver/Src/stm32f0xx_hal_flash_ex.c ****   */
 238:Drivers/STM32F0xx_HAL_Driver/Src/stm32f0xx_hal_flash_ex.c **** HAL_StatusTypeDef HAL_FLASHEx_Erase_IT(FLASH_EraseInitTypeDef *pEraseInit)
 239:Drivers/STM32F0xx_HAL_Driver/Src/stm32f0xx_hal_flash_ex.c **** {
 240:Drivers/STM32F0xx_HAL_Driver/Src/stm32f0xx_hal_flash_ex.c ****   HAL_StatusTypeDef status = HAL_OK;
 241:Drivers/STM32F0xx_HAL_Driver/Src/stm32f0xx_hal_flash_ex.c **** 
 242:Drivers/STM32F0xx_HAL_Driver/Src/stm32f0xx_hal_flash_ex.c ****   /* Process Locked */
 243:Drivers/STM32F0xx_HAL_Driver/Src/stm32f0xx_hal_flash_ex.c ****   __HAL_LOCK(&pFlash);
 244:Drivers/STM32F0xx_HAL_Driver/Src/stm32f0xx_hal_flash_ex.c **** 
 245:Drivers/STM32F0xx_HAL_Driver/Src/stm32f0xx_hal_flash_ex.c ****   /* If procedure already ongoing, reject the next one */
 246:Drivers/STM32F0xx_HAL_Driver/Src/stm32f0xx_hal_flash_ex.c ****   if (pFlash.ProcedureOnGoing != FLASH_PROC_NONE)
 247:Drivers/STM32F0xx_HAL_Driver/Src/stm32f0xx_hal_flash_ex.c ****   {
 248:Drivers/STM32F0xx_HAL_Driver/Src/stm32f0xx_hal_flash_ex.c ****     return HAL_ERROR;
 249:Drivers/STM32F0xx_HAL_Driver/Src/stm32f0xx_hal_flash_ex.c ****   }
 250:Drivers/STM32F0xx_HAL_Driver/Src/stm32f0xx_hal_flash_ex.c ****   
 251:Drivers/STM32F0xx_HAL_Driver/Src/stm32f0xx_hal_flash_ex.c ****   /* Check the parameters */
 252:Drivers/STM32F0xx_HAL_Driver/Src/stm32f0xx_hal_flash_ex.c ****   assert_param(IS_FLASH_TYPEERASE(pEraseInit->TypeErase));
 253:Drivers/STM32F0xx_HAL_Driver/Src/stm32f0xx_hal_flash_ex.c **** 
 254:Drivers/STM32F0xx_HAL_Driver/Src/stm32f0xx_hal_flash_ex.c ****   /* Enable End of FLASH Operation and Error source interrupts */
 255:Drivers/STM32F0xx_HAL_Driver/Src/stm32f0xx_hal_flash_ex.c ****   __HAL_FLASH_ENABLE_IT(FLASH_IT_EOP | FLASH_IT_ERR);
 256:Drivers/STM32F0xx_HAL_Driver/Src/stm32f0xx_hal_flash_ex.c **** 
 257:Drivers/STM32F0xx_HAL_Driver/Src/stm32f0xx_hal_flash_ex.c ****   if (pEraseInit->TypeErase == FLASH_TYPEERASE_MASSERASE)
 258:Drivers/STM32F0xx_HAL_Driver/Src/stm32f0xx_hal_flash_ex.c ****   {
 259:Drivers/STM32F0xx_HAL_Driver/Src/stm32f0xx_hal_flash_ex.c ****     /*Mass erase to be done*/
ARM GAS  C:\Users\techn\AppData\Local\Temp\ccPUBBag.s 			page 6


 260:Drivers/STM32F0xx_HAL_Driver/Src/stm32f0xx_hal_flash_ex.c ****     pFlash.ProcedureOnGoing = FLASH_PROC_MASSERASE;
 261:Drivers/STM32F0xx_HAL_Driver/Src/stm32f0xx_hal_flash_ex.c ****         FLASH_MassErase();
 262:Drivers/STM32F0xx_HAL_Driver/Src/stm32f0xx_hal_flash_ex.c ****   }
 263:Drivers/STM32F0xx_HAL_Driver/Src/stm32f0xx_hal_flash_ex.c ****   else
 264:Drivers/STM32F0xx_HAL_Driver/Src/stm32f0xx_hal_flash_ex.c ****   {
 265:Drivers/STM32F0xx_HAL_Driver/Src/stm32f0xx_hal_flash_ex.c ****     /* Erase by page to be done*/
 266:Drivers/STM32F0xx_HAL_Driver/Src/stm32f0xx_hal_flash_ex.c **** 
 267:Drivers/STM32F0xx_HAL_Driver/Src/stm32f0xx_hal_flash_ex.c ****     /* Check the parameters */
 268:Drivers/STM32F0xx_HAL_Driver/Src/stm32f0xx_hal_flash_ex.c ****     assert_param(IS_FLASH_PROGRAM_ADDRESS(pEraseInit->PageAddress));
 269:Drivers/STM32F0xx_HAL_Driver/Src/stm32f0xx_hal_flash_ex.c ****     assert_param(IS_FLASH_NB_PAGES(pEraseInit->PageAddress, pEraseInit->NbPages));
 270:Drivers/STM32F0xx_HAL_Driver/Src/stm32f0xx_hal_flash_ex.c **** 
 271:Drivers/STM32F0xx_HAL_Driver/Src/stm32f0xx_hal_flash_ex.c ****     pFlash.ProcedureOnGoing = FLASH_PROC_PAGEERASE;
 272:Drivers/STM32F0xx_HAL_Driver/Src/stm32f0xx_hal_flash_ex.c ****     pFlash.DataRemaining = pEraseInit->NbPages;
 273:Drivers/STM32F0xx_HAL_Driver/Src/stm32f0xx_hal_flash_ex.c ****     pFlash.Address = pEraseInit->PageAddress;
 274:Drivers/STM32F0xx_HAL_Driver/Src/stm32f0xx_hal_flash_ex.c **** 
 275:Drivers/STM32F0xx_HAL_Driver/Src/stm32f0xx_hal_flash_ex.c ****     /*Erase 1st page and wait for IT*/
 276:Drivers/STM32F0xx_HAL_Driver/Src/stm32f0xx_hal_flash_ex.c ****     FLASH_PageErase(pEraseInit->PageAddress);
 277:Drivers/STM32F0xx_HAL_Driver/Src/stm32f0xx_hal_flash_ex.c ****   }
 278:Drivers/STM32F0xx_HAL_Driver/Src/stm32f0xx_hal_flash_ex.c **** 
 279:Drivers/STM32F0xx_HAL_Driver/Src/stm32f0xx_hal_flash_ex.c ****   return status;
 280:Drivers/STM32F0xx_HAL_Driver/Src/stm32f0xx_hal_flash_ex.c **** }
 281:Drivers/STM32F0xx_HAL_Driver/Src/stm32f0xx_hal_flash_ex.c **** 
 282:Drivers/STM32F0xx_HAL_Driver/Src/stm32f0xx_hal_flash_ex.c **** /**
 283:Drivers/STM32F0xx_HAL_Driver/Src/stm32f0xx_hal_flash_ex.c ****   * @}
 284:Drivers/STM32F0xx_HAL_Driver/Src/stm32f0xx_hal_flash_ex.c ****   */
 285:Drivers/STM32F0xx_HAL_Driver/Src/stm32f0xx_hal_flash_ex.c **** 
 286:Drivers/STM32F0xx_HAL_Driver/Src/stm32f0xx_hal_flash_ex.c **** /** @defgroup FLASHEx_Exported_Functions_Group2 Option Bytes Programming functions
 287:Drivers/STM32F0xx_HAL_Driver/Src/stm32f0xx_hal_flash_ex.c ****  *  @brief   Option Bytes Programming functions
 288:Drivers/STM32F0xx_HAL_Driver/Src/stm32f0xx_hal_flash_ex.c ****   *
 289:Drivers/STM32F0xx_HAL_Driver/Src/stm32f0xx_hal_flash_ex.c **** @verbatim   
 290:Drivers/STM32F0xx_HAL_Driver/Src/stm32f0xx_hal_flash_ex.c ****   ==============================================================================
 291:Drivers/STM32F0xx_HAL_Driver/Src/stm32f0xx_hal_flash_ex.c ****                 ##### Option Bytes Programming functions ##### 
 292:Drivers/STM32F0xx_HAL_Driver/Src/stm32f0xx_hal_flash_ex.c ****   ==============================================================================  
 293:Drivers/STM32F0xx_HAL_Driver/Src/stm32f0xx_hal_flash_ex.c ****     [..]
 294:Drivers/STM32F0xx_HAL_Driver/Src/stm32f0xx_hal_flash_ex.c ****     This subsection provides a set of functions allowing to control the FLASH 
 295:Drivers/STM32F0xx_HAL_Driver/Src/stm32f0xx_hal_flash_ex.c ****     option bytes operations.
 296:Drivers/STM32F0xx_HAL_Driver/Src/stm32f0xx_hal_flash_ex.c **** 
 297:Drivers/STM32F0xx_HAL_Driver/Src/stm32f0xx_hal_flash_ex.c **** @endverbatim
 298:Drivers/STM32F0xx_HAL_Driver/Src/stm32f0xx_hal_flash_ex.c ****   * @{
 299:Drivers/STM32F0xx_HAL_Driver/Src/stm32f0xx_hal_flash_ex.c ****   */
 300:Drivers/STM32F0xx_HAL_Driver/Src/stm32f0xx_hal_flash_ex.c **** 
 301:Drivers/STM32F0xx_HAL_Driver/Src/stm32f0xx_hal_flash_ex.c **** /**
 302:Drivers/STM32F0xx_HAL_Driver/Src/stm32f0xx_hal_flash_ex.c ****   * @brief  Erases the FLASH option bytes.
 303:Drivers/STM32F0xx_HAL_Driver/Src/stm32f0xx_hal_flash_ex.c ****   * @note   This functions erases all option bytes except the Read protection (RDP).
 304:Drivers/STM32F0xx_HAL_Driver/Src/stm32f0xx_hal_flash_ex.c ****   *         The function @ref HAL_FLASH_Unlock() should be called before to unlock the FLASH interf
 305:Drivers/STM32F0xx_HAL_Driver/Src/stm32f0xx_hal_flash_ex.c ****   *         The function @ref HAL_FLASH_OB_Unlock() should be called before to unlock the options b
 306:Drivers/STM32F0xx_HAL_Driver/Src/stm32f0xx_hal_flash_ex.c ****   *         The function @ref HAL_FLASH_OB_Launch() should be called after to force the reload of t
 307:Drivers/STM32F0xx_HAL_Driver/Src/stm32f0xx_hal_flash_ex.c ****   *         (system reset will occur)
 308:Drivers/STM32F0xx_HAL_Driver/Src/stm32f0xx_hal_flash_ex.c ****   * @retval HAL status
 309:Drivers/STM32F0xx_HAL_Driver/Src/stm32f0xx_hal_flash_ex.c ****   */
 310:Drivers/STM32F0xx_HAL_Driver/Src/stm32f0xx_hal_flash_ex.c **** 
 311:Drivers/STM32F0xx_HAL_Driver/Src/stm32f0xx_hal_flash_ex.c **** HAL_StatusTypeDef HAL_FLASHEx_OBErase(void)
 312:Drivers/STM32F0xx_HAL_Driver/Src/stm32f0xx_hal_flash_ex.c **** {
 313:Drivers/STM32F0xx_HAL_Driver/Src/stm32f0xx_hal_flash_ex.c ****   uint8_t rdptmp = OB_RDP_LEVEL_0;
 314:Drivers/STM32F0xx_HAL_Driver/Src/stm32f0xx_hal_flash_ex.c ****   HAL_StatusTypeDef status = HAL_ERROR;
 315:Drivers/STM32F0xx_HAL_Driver/Src/stm32f0xx_hal_flash_ex.c **** 
 316:Drivers/STM32F0xx_HAL_Driver/Src/stm32f0xx_hal_flash_ex.c ****   /* Get the actual read protection Option Byte value */
ARM GAS  C:\Users\techn\AppData\Local\Temp\ccPUBBag.s 			page 7


 317:Drivers/STM32F0xx_HAL_Driver/Src/stm32f0xx_hal_flash_ex.c ****   rdptmp = FLASH_OB_GetRDP();
 318:Drivers/STM32F0xx_HAL_Driver/Src/stm32f0xx_hal_flash_ex.c **** 
 319:Drivers/STM32F0xx_HAL_Driver/Src/stm32f0xx_hal_flash_ex.c ****   /* Wait for last operation to be completed */
 320:Drivers/STM32F0xx_HAL_Driver/Src/stm32f0xx_hal_flash_ex.c ****   status = FLASH_WaitForLastOperation((uint32_t)FLASH_TIMEOUT_VALUE);
 321:Drivers/STM32F0xx_HAL_Driver/Src/stm32f0xx_hal_flash_ex.c **** 
 322:Drivers/STM32F0xx_HAL_Driver/Src/stm32f0xx_hal_flash_ex.c ****   if(status == HAL_OK)
 323:Drivers/STM32F0xx_HAL_Driver/Src/stm32f0xx_hal_flash_ex.c ****   {
 324:Drivers/STM32F0xx_HAL_Driver/Src/stm32f0xx_hal_flash_ex.c ****     /* Clean the error context */
 325:Drivers/STM32F0xx_HAL_Driver/Src/stm32f0xx_hal_flash_ex.c ****     pFlash.ErrorCode = HAL_FLASH_ERROR_NONE;
 326:Drivers/STM32F0xx_HAL_Driver/Src/stm32f0xx_hal_flash_ex.c **** 
 327:Drivers/STM32F0xx_HAL_Driver/Src/stm32f0xx_hal_flash_ex.c ****     /* If the previous operation is completed, proceed to erase the option bytes */
 328:Drivers/STM32F0xx_HAL_Driver/Src/stm32f0xx_hal_flash_ex.c ****     SET_BIT(FLASH->CR, FLASH_CR_OPTER);
 329:Drivers/STM32F0xx_HAL_Driver/Src/stm32f0xx_hal_flash_ex.c ****     SET_BIT(FLASH->CR, FLASH_CR_STRT);
 330:Drivers/STM32F0xx_HAL_Driver/Src/stm32f0xx_hal_flash_ex.c **** 
 331:Drivers/STM32F0xx_HAL_Driver/Src/stm32f0xx_hal_flash_ex.c ****     /* Wait for last operation to be completed */
 332:Drivers/STM32F0xx_HAL_Driver/Src/stm32f0xx_hal_flash_ex.c ****     status = FLASH_WaitForLastOperation((uint32_t)FLASH_TIMEOUT_VALUE);
 333:Drivers/STM32F0xx_HAL_Driver/Src/stm32f0xx_hal_flash_ex.c **** 
 334:Drivers/STM32F0xx_HAL_Driver/Src/stm32f0xx_hal_flash_ex.c ****     /* If the erase operation is completed, disable the OPTER Bit */
 335:Drivers/STM32F0xx_HAL_Driver/Src/stm32f0xx_hal_flash_ex.c ****     CLEAR_BIT(FLASH->CR, FLASH_CR_OPTER);
 336:Drivers/STM32F0xx_HAL_Driver/Src/stm32f0xx_hal_flash_ex.c **** 
 337:Drivers/STM32F0xx_HAL_Driver/Src/stm32f0xx_hal_flash_ex.c ****     if(status == HAL_OK)
 338:Drivers/STM32F0xx_HAL_Driver/Src/stm32f0xx_hal_flash_ex.c ****     {
 339:Drivers/STM32F0xx_HAL_Driver/Src/stm32f0xx_hal_flash_ex.c ****       /* Restore the last read protection Option Byte value */
 340:Drivers/STM32F0xx_HAL_Driver/Src/stm32f0xx_hal_flash_ex.c ****       status = FLASH_OB_RDP_LevelConfig(rdptmp);
 341:Drivers/STM32F0xx_HAL_Driver/Src/stm32f0xx_hal_flash_ex.c ****     }
 342:Drivers/STM32F0xx_HAL_Driver/Src/stm32f0xx_hal_flash_ex.c ****   }
 343:Drivers/STM32F0xx_HAL_Driver/Src/stm32f0xx_hal_flash_ex.c **** 
 344:Drivers/STM32F0xx_HAL_Driver/Src/stm32f0xx_hal_flash_ex.c ****   /* Return the erase status */
 345:Drivers/STM32F0xx_HAL_Driver/Src/stm32f0xx_hal_flash_ex.c ****   return status;
 346:Drivers/STM32F0xx_HAL_Driver/Src/stm32f0xx_hal_flash_ex.c **** }
 347:Drivers/STM32F0xx_HAL_Driver/Src/stm32f0xx_hal_flash_ex.c **** 
 348:Drivers/STM32F0xx_HAL_Driver/Src/stm32f0xx_hal_flash_ex.c **** /**
 349:Drivers/STM32F0xx_HAL_Driver/Src/stm32f0xx_hal_flash_ex.c ****   * @brief  Program option bytes
 350:Drivers/STM32F0xx_HAL_Driver/Src/stm32f0xx_hal_flash_ex.c ****   * @note   The function @ref HAL_FLASH_Unlock() should be called before to unlock the FLASH interf
 351:Drivers/STM32F0xx_HAL_Driver/Src/stm32f0xx_hal_flash_ex.c ****   *         The function @ref HAL_FLASH_OB_Unlock() should be called before to unlock the options b
 352:Drivers/STM32F0xx_HAL_Driver/Src/stm32f0xx_hal_flash_ex.c ****   *         The function @ref HAL_FLASH_OB_Launch() should be called after to force the reload of t
 353:Drivers/STM32F0xx_HAL_Driver/Src/stm32f0xx_hal_flash_ex.c ****   *         (system reset will occur)
 354:Drivers/STM32F0xx_HAL_Driver/Src/stm32f0xx_hal_flash_ex.c ****   *
 355:Drivers/STM32F0xx_HAL_Driver/Src/stm32f0xx_hal_flash_ex.c ****   * @param  pOBInit pointer to an FLASH_OBInitStruct structure that
 356:Drivers/STM32F0xx_HAL_Driver/Src/stm32f0xx_hal_flash_ex.c ****   *         contains the configuration information for the programming.
 357:Drivers/STM32F0xx_HAL_Driver/Src/stm32f0xx_hal_flash_ex.c ****   *
 358:Drivers/STM32F0xx_HAL_Driver/Src/stm32f0xx_hal_flash_ex.c ****   * @retval HAL_StatusTypeDef HAL Status
 359:Drivers/STM32F0xx_HAL_Driver/Src/stm32f0xx_hal_flash_ex.c ****   */
 360:Drivers/STM32F0xx_HAL_Driver/Src/stm32f0xx_hal_flash_ex.c **** HAL_StatusTypeDef HAL_FLASHEx_OBProgram(FLASH_OBProgramInitTypeDef *pOBInit)
 361:Drivers/STM32F0xx_HAL_Driver/Src/stm32f0xx_hal_flash_ex.c **** {
 362:Drivers/STM32F0xx_HAL_Driver/Src/stm32f0xx_hal_flash_ex.c ****   HAL_StatusTypeDef status = HAL_ERROR;
 363:Drivers/STM32F0xx_HAL_Driver/Src/stm32f0xx_hal_flash_ex.c **** 
 364:Drivers/STM32F0xx_HAL_Driver/Src/stm32f0xx_hal_flash_ex.c ****   /* Process Locked */
 365:Drivers/STM32F0xx_HAL_Driver/Src/stm32f0xx_hal_flash_ex.c ****   __HAL_LOCK(&pFlash);
 366:Drivers/STM32F0xx_HAL_Driver/Src/stm32f0xx_hal_flash_ex.c **** 
 367:Drivers/STM32F0xx_HAL_Driver/Src/stm32f0xx_hal_flash_ex.c ****   /* Check the parameters */
 368:Drivers/STM32F0xx_HAL_Driver/Src/stm32f0xx_hal_flash_ex.c ****   assert_param(IS_OPTIONBYTE(pOBInit->OptionType));
 369:Drivers/STM32F0xx_HAL_Driver/Src/stm32f0xx_hal_flash_ex.c **** 
 370:Drivers/STM32F0xx_HAL_Driver/Src/stm32f0xx_hal_flash_ex.c ****   /* Write protection configuration */
 371:Drivers/STM32F0xx_HAL_Driver/Src/stm32f0xx_hal_flash_ex.c ****   if((pOBInit->OptionType & OPTIONBYTE_WRP) == OPTIONBYTE_WRP)
 372:Drivers/STM32F0xx_HAL_Driver/Src/stm32f0xx_hal_flash_ex.c ****   {
 373:Drivers/STM32F0xx_HAL_Driver/Src/stm32f0xx_hal_flash_ex.c ****     assert_param(IS_WRPSTATE(pOBInit->WRPState));
ARM GAS  C:\Users\techn\AppData\Local\Temp\ccPUBBag.s 			page 8


 374:Drivers/STM32F0xx_HAL_Driver/Src/stm32f0xx_hal_flash_ex.c ****     if (pOBInit->WRPState == OB_WRPSTATE_ENABLE)
 375:Drivers/STM32F0xx_HAL_Driver/Src/stm32f0xx_hal_flash_ex.c ****     {
 376:Drivers/STM32F0xx_HAL_Driver/Src/stm32f0xx_hal_flash_ex.c ****       /* Enable of Write protection on the selected page */
 377:Drivers/STM32F0xx_HAL_Driver/Src/stm32f0xx_hal_flash_ex.c ****       status = FLASH_OB_EnableWRP(pOBInit->WRPPage);
 378:Drivers/STM32F0xx_HAL_Driver/Src/stm32f0xx_hal_flash_ex.c ****     }
 379:Drivers/STM32F0xx_HAL_Driver/Src/stm32f0xx_hal_flash_ex.c ****     else
 380:Drivers/STM32F0xx_HAL_Driver/Src/stm32f0xx_hal_flash_ex.c ****     {
 381:Drivers/STM32F0xx_HAL_Driver/Src/stm32f0xx_hal_flash_ex.c ****       /* Disable of Write protection on the selected page */
 382:Drivers/STM32F0xx_HAL_Driver/Src/stm32f0xx_hal_flash_ex.c ****       status = FLASH_OB_DisableWRP(pOBInit->WRPPage);
 383:Drivers/STM32F0xx_HAL_Driver/Src/stm32f0xx_hal_flash_ex.c ****     }
 384:Drivers/STM32F0xx_HAL_Driver/Src/stm32f0xx_hal_flash_ex.c ****     if (status != HAL_OK)
 385:Drivers/STM32F0xx_HAL_Driver/Src/stm32f0xx_hal_flash_ex.c ****     {
 386:Drivers/STM32F0xx_HAL_Driver/Src/stm32f0xx_hal_flash_ex.c ****       /* Process Unlocked */
 387:Drivers/STM32F0xx_HAL_Driver/Src/stm32f0xx_hal_flash_ex.c ****       __HAL_UNLOCK(&pFlash);
 388:Drivers/STM32F0xx_HAL_Driver/Src/stm32f0xx_hal_flash_ex.c ****       return status;
 389:Drivers/STM32F0xx_HAL_Driver/Src/stm32f0xx_hal_flash_ex.c ****     }
 390:Drivers/STM32F0xx_HAL_Driver/Src/stm32f0xx_hal_flash_ex.c ****   }
 391:Drivers/STM32F0xx_HAL_Driver/Src/stm32f0xx_hal_flash_ex.c **** 
 392:Drivers/STM32F0xx_HAL_Driver/Src/stm32f0xx_hal_flash_ex.c ****   /* Read protection configuration */
 393:Drivers/STM32F0xx_HAL_Driver/Src/stm32f0xx_hal_flash_ex.c ****   if((pOBInit->OptionType & OPTIONBYTE_RDP) == OPTIONBYTE_RDP)
 394:Drivers/STM32F0xx_HAL_Driver/Src/stm32f0xx_hal_flash_ex.c ****   {
 395:Drivers/STM32F0xx_HAL_Driver/Src/stm32f0xx_hal_flash_ex.c ****     status = FLASH_OB_RDP_LevelConfig(pOBInit->RDPLevel);
 396:Drivers/STM32F0xx_HAL_Driver/Src/stm32f0xx_hal_flash_ex.c ****     if (status != HAL_OK)
 397:Drivers/STM32F0xx_HAL_Driver/Src/stm32f0xx_hal_flash_ex.c ****     {
 398:Drivers/STM32F0xx_HAL_Driver/Src/stm32f0xx_hal_flash_ex.c ****       /* Process Unlocked */
 399:Drivers/STM32F0xx_HAL_Driver/Src/stm32f0xx_hal_flash_ex.c ****       __HAL_UNLOCK(&pFlash);
 400:Drivers/STM32F0xx_HAL_Driver/Src/stm32f0xx_hal_flash_ex.c ****       return status;
 401:Drivers/STM32F0xx_HAL_Driver/Src/stm32f0xx_hal_flash_ex.c ****     }
 402:Drivers/STM32F0xx_HAL_Driver/Src/stm32f0xx_hal_flash_ex.c ****   }
 403:Drivers/STM32F0xx_HAL_Driver/Src/stm32f0xx_hal_flash_ex.c **** 
 404:Drivers/STM32F0xx_HAL_Driver/Src/stm32f0xx_hal_flash_ex.c ****   /* USER configuration */
 405:Drivers/STM32F0xx_HAL_Driver/Src/stm32f0xx_hal_flash_ex.c ****   if((pOBInit->OptionType & OPTIONBYTE_USER) == OPTIONBYTE_USER)
 406:Drivers/STM32F0xx_HAL_Driver/Src/stm32f0xx_hal_flash_ex.c ****   {
 407:Drivers/STM32F0xx_HAL_Driver/Src/stm32f0xx_hal_flash_ex.c ****     status = FLASH_OB_UserConfig(pOBInit->USERConfig);
 408:Drivers/STM32F0xx_HAL_Driver/Src/stm32f0xx_hal_flash_ex.c ****     if (status != HAL_OK)
 409:Drivers/STM32F0xx_HAL_Driver/Src/stm32f0xx_hal_flash_ex.c ****     {
 410:Drivers/STM32F0xx_HAL_Driver/Src/stm32f0xx_hal_flash_ex.c ****       /* Process Unlocked */
 411:Drivers/STM32F0xx_HAL_Driver/Src/stm32f0xx_hal_flash_ex.c ****       __HAL_UNLOCK(&pFlash);
 412:Drivers/STM32F0xx_HAL_Driver/Src/stm32f0xx_hal_flash_ex.c ****       return status;
 413:Drivers/STM32F0xx_HAL_Driver/Src/stm32f0xx_hal_flash_ex.c ****     }
 414:Drivers/STM32F0xx_HAL_Driver/Src/stm32f0xx_hal_flash_ex.c ****   }
 415:Drivers/STM32F0xx_HAL_Driver/Src/stm32f0xx_hal_flash_ex.c **** 
 416:Drivers/STM32F0xx_HAL_Driver/Src/stm32f0xx_hal_flash_ex.c ****   /* DATA configuration*/
 417:Drivers/STM32F0xx_HAL_Driver/Src/stm32f0xx_hal_flash_ex.c ****   if((pOBInit->OptionType & OPTIONBYTE_DATA) == OPTIONBYTE_DATA)
 418:Drivers/STM32F0xx_HAL_Driver/Src/stm32f0xx_hal_flash_ex.c ****   {
 419:Drivers/STM32F0xx_HAL_Driver/Src/stm32f0xx_hal_flash_ex.c ****     status = FLASH_OB_ProgramData(pOBInit->DATAAddress, pOBInit->DATAData);
 420:Drivers/STM32F0xx_HAL_Driver/Src/stm32f0xx_hal_flash_ex.c ****     if (status != HAL_OK)
 421:Drivers/STM32F0xx_HAL_Driver/Src/stm32f0xx_hal_flash_ex.c ****     {
 422:Drivers/STM32F0xx_HAL_Driver/Src/stm32f0xx_hal_flash_ex.c ****       /* Process Unlocked */
 423:Drivers/STM32F0xx_HAL_Driver/Src/stm32f0xx_hal_flash_ex.c ****       __HAL_UNLOCK(&pFlash);
 424:Drivers/STM32F0xx_HAL_Driver/Src/stm32f0xx_hal_flash_ex.c ****       return status;
 425:Drivers/STM32F0xx_HAL_Driver/Src/stm32f0xx_hal_flash_ex.c ****     }
 426:Drivers/STM32F0xx_HAL_Driver/Src/stm32f0xx_hal_flash_ex.c ****   }
 427:Drivers/STM32F0xx_HAL_Driver/Src/stm32f0xx_hal_flash_ex.c **** 
 428:Drivers/STM32F0xx_HAL_Driver/Src/stm32f0xx_hal_flash_ex.c ****   /* Process Unlocked */
 429:Drivers/STM32F0xx_HAL_Driver/Src/stm32f0xx_hal_flash_ex.c ****   __HAL_UNLOCK(&pFlash);
 430:Drivers/STM32F0xx_HAL_Driver/Src/stm32f0xx_hal_flash_ex.c **** 
ARM GAS  C:\Users\techn\AppData\Local\Temp\ccPUBBag.s 			page 9


 431:Drivers/STM32F0xx_HAL_Driver/Src/stm32f0xx_hal_flash_ex.c ****   return status;
 432:Drivers/STM32F0xx_HAL_Driver/Src/stm32f0xx_hal_flash_ex.c **** }
 433:Drivers/STM32F0xx_HAL_Driver/Src/stm32f0xx_hal_flash_ex.c **** 
 434:Drivers/STM32F0xx_HAL_Driver/Src/stm32f0xx_hal_flash_ex.c **** /**
 435:Drivers/STM32F0xx_HAL_Driver/Src/stm32f0xx_hal_flash_ex.c ****   * @brief  Get the Option byte configuration
 436:Drivers/STM32F0xx_HAL_Driver/Src/stm32f0xx_hal_flash_ex.c ****   * @param  pOBInit pointer to an FLASH_OBInitStruct structure that
 437:Drivers/STM32F0xx_HAL_Driver/Src/stm32f0xx_hal_flash_ex.c ****   *         contains the configuration information for the programming.
 438:Drivers/STM32F0xx_HAL_Driver/Src/stm32f0xx_hal_flash_ex.c ****   *
 439:Drivers/STM32F0xx_HAL_Driver/Src/stm32f0xx_hal_flash_ex.c ****   * @retval None
 440:Drivers/STM32F0xx_HAL_Driver/Src/stm32f0xx_hal_flash_ex.c ****   */
 441:Drivers/STM32F0xx_HAL_Driver/Src/stm32f0xx_hal_flash_ex.c **** void HAL_FLASHEx_OBGetConfig(FLASH_OBProgramInitTypeDef *pOBInit)
 442:Drivers/STM32F0xx_HAL_Driver/Src/stm32f0xx_hal_flash_ex.c **** {
 443:Drivers/STM32F0xx_HAL_Driver/Src/stm32f0xx_hal_flash_ex.c ****   pOBInit->OptionType = OPTIONBYTE_WRP | OPTIONBYTE_RDP | OPTIONBYTE_USER;
 444:Drivers/STM32F0xx_HAL_Driver/Src/stm32f0xx_hal_flash_ex.c **** 
 445:Drivers/STM32F0xx_HAL_Driver/Src/stm32f0xx_hal_flash_ex.c ****   /*Get WRP*/
 446:Drivers/STM32F0xx_HAL_Driver/Src/stm32f0xx_hal_flash_ex.c ****   pOBInit->WRPPage = FLASH_OB_GetWRP();
 447:Drivers/STM32F0xx_HAL_Driver/Src/stm32f0xx_hal_flash_ex.c **** 
 448:Drivers/STM32F0xx_HAL_Driver/Src/stm32f0xx_hal_flash_ex.c ****   /*Get RDP Level*/
 449:Drivers/STM32F0xx_HAL_Driver/Src/stm32f0xx_hal_flash_ex.c ****   pOBInit->RDPLevel = FLASH_OB_GetRDP();
 450:Drivers/STM32F0xx_HAL_Driver/Src/stm32f0xx_hal_flash_ex.c **** 
 451:Drivers/STM32F0xx_HAL_Driver/Src/stm32f0xx_hal_flash_ex.c ****   /*Get USER*/
 452:Drivers/STM32F0xx_HAL_Driver/Src/stm32f0xx_hal_flash_ex.c ****   pOBInit->USERConfig = FLASH_OB_GetUser();
 453:Drivers/STM32F0xx_HAL_Driver/Src/stm32f0xx_hal_flash_ex.c **** }
 454:Drivers/STM32F0xx_HAL_Driver/Src/stm32f0xx_hal_flash_ex.c **** 
 455:Drivers/STM32F0xx_HAL_Driver/Src/stm32f0xx_hal_flash_ex.c **** /**
 456:Drivers/STM32F0xx_HAL_Driver/Src/stm32f0xx_hal_flash_ex.c ****   * @brief  Get the Option byte user data
 457:Drivers/STM32F0xx_HAL_Driver/Src/stm32f0xx_hal_flash_ex.c ****   * @param  DATAAdress Address of the option byte DATA
 458:Drivers/STM32F0xx_HAL_Driver/Src/stm32f0xx_hal_flash_ex.c ****   *          This parameter can be one of the following values:
 459:Drivers/STM32F0xx_HAL_Driver/Src/stm32f0xx_hal_flash_ex.c ****   *            @arg @ref OB_DATA_ADDRESS_DATA0
 460:Drivers/STM32F0xx_HAL_Driver/Src/stm32f0xx_hal_flash_ex.c ****   *            @arg @ref OB_DATA_ADDRESS_DATA1
 461:Drivers/STM32F0xx_HAL_Driver/Src/stm32f0xx_hal_flash_ex.c ****   * @retval Value programmed in USER data
 462:Drivers/STM32F0xx_HAL_Driver/Src/stm32f0xx_hal_flash_ex.c ****   */
 463:Drivers/STM32F0xx_HAL_Driver/Src/stm32f0xx_hal_flash_ex.c **** uint32_t HAL_FLASHEx_OBGetUserData(uint32_t DATAAdress)
 464:Drivers/STM32F0xx_HAL_Driver/Src/stm32f0xx_hal_flash_ex.c **** {
 465:Drivers/STM32F0xx_HAL_Driver/Src/stm32f0xx_hal_flash_ex.c ****   uint32_t value = 0U;
 466:Drivers/STM32F0xx_HAL_Driver/Src/stm32f0xx_hal_flash_ex.c ****   
 467:Drivers/STM32F0xx_HAL_Driver/Src/stm32f0xx_hal_flash_ex.c ****   if (DATAAdress == OB_DATA_ADDRESS_DATA0)
 468:Drivers/STM32F0xx_HAL_Driver/Src/stm32f0xx_hal_flash_ex.c ****   {
 469:Drivers/STM32F0xx_HAL_Driver/Src/stm32f0xx_hal_flash_ex.c ****     /* Get value programmed in OB USER Data0 */
 470:Drivers/STM32F0xx_HAL_Driver/Src/stm32f0xx_hal_flash_ex.c ****     value = READ_BIT(FLASH->OBR, FLASH_OBR_DATA0) >> FLASH_POSITION_OB_USERDATA0_BIT;
 471:Drivers/STM32F0xx_HAL_Driver/Src/stm32f0xx_hal_flash_ex.c ****   }
 472:Drivers/STM32F0xx_HAL_Driver/Src/stm32f0xx_hal_flash_ex.c ****   else
 473:Drivers/STM32F0xx_HAL_Driver/Src/stm32f0xx_hal_flash_ex.c ****   {
 474:Drivers/STM32F0xx_HAL_Driver/Src/stm32f0xx_hal_flash_ex.c ****     /* Get value programmed in OB USER Data1 */
 475:Drivers/STM32F0xx_HAL_Driver/Src/stm32f0xx_hal_flash_ex.c ****     value = READ_BIT(FLASH->OBR, FLASH_OBR_DATA1) >> FLASH_POSITION_OB_USERDATA1_BIT;
 476:Drivers/STM32F0xx_HAL_Driver/Src/stm32f0xx_hal_flash_ex.c ****   }
 477:Drivers/STM32F0xx_HAL_Driver/Src/stm32f0xx_hal_flash_ex.c ****   
 478:Drivers/STM32F0xx_HAL_Driver/Src/stm32f0xx_hal_flash_ex.c ****   return value;
 479:Drivers/STM32F0xx_HAL_Driver/Src/stm32f0xx_hal_flash_ex.c **** }
 480:Drivers/STM32F0xx_HAL_Driver/Src/stm32f0xx_hal_flash_ex.c **** 
 481:Drivers/STM32F0xx_HAL_Driver/Src/stm32f0xx_hal_flash_ex.c **** /**
 482:Drivers/STM32F0xx_HAL_Driver/Src/stm32f0xx_hal_flash_ex.c ****   * @}
 483:Drivers/STM32F0xx_HAL_Driver/Src/stm32f0xx_hal_flash_ex.c ****   */
 484:Drivers/STM32F0xx_HAL_Driver/Src/stm32f0xx_hal_flash_ex.c **** 
 485:Drivers/STM32F0xx_HAL_Driver/Src/stm32f0xx_hal_flash_ex.c **** /**
 486:Drivers/STM32F0xx_HAL_Driver/Src/stm32f0xx_hal_flash_ex.c ****   * @}
 487:Drivers/STM32F0xx_HAL_Driver/Src/stm32f0xx_hal_flash_ex.c ****   */
ARM GAS  C:\Users\techn\AppData\Local\Temp\ccPUBBag.s 			page 10


 488:Drivers/STM32F0xx_HAL_Driver/Src/stm32f0xx_hal_flash_ex.c **** 
 489:Drivers/STM32F0xx_HAL_Driver/Src/stm32f0xx_hal_flash_ex.c **** /** @addtogroup FLASHEx_Private_Functions
 490:Drivers/STM32F0xx_HAL_Driver/Src/stm32f0xx_hal_flash_ex.c ****  * @{
 491:Drivers/STM32F0xx_HAL_Driver/Src/stm32f0xx_hal_flash_ex.c ****  */
 492:Drivers/STM32F0xx_HAL_Driver/Src/stm32f0xx_hal_flash_ex.c **** 
 493:Drivers/STM32F0xx_HAL_Driver/Src/stm32f0xx_hal_flash_ex.c **** /**
 494:Drivers/STM32F0xx_HAL_Driver/Src/stm32f0xx_hal_flash_ex.c ****   * @brief  Full erase of FLASH memory Bank 
 495:Drivers/STM32F0xx_HAL_Driver/Src/stm32f0xx_hal_flash_ex.c ****   *
 496:Drivers/STM32F0xx_HAL_Driver/Src/stm32f0xx_hal_flash_ex.c ****   * @retval None
 497:Drivers/STM32F0xx_HAL_Driver/Src/stm32f0xx_hal_flash_ex.c ****   */
 498:Drivers/STM32F0xx_HAL_Driver/Src/stm32f0xx_hal_flash_ex.c **** static void FLASH_MassErase(void)
 499:Drivers/STM32F0xx_HAL_Driver/Src/stm32f0xx_hal_flash_ex.c **** {
 500:Drivers/STM32F0xx_HAL_Driver/Src/stm32f0xx_hal_flash_ex.c ****   /* Clean the error context */
 501:Drivers/STM32F0xx_HAL_Driver/Src/stm32f0xx_hal_flash_ex.c ****   pFlash.ErrorCode = HAL_FLASH_ERROR_NONE;
 502:Drivers/STM32F0xx_HAL_Driver/Src/stm32f0xx_hal_flash_ex.c **** 
 503:Drivers/STM32F0xx_HAL_Driver/Src/stm32f0xx_hal_flash_ex.c ****     /* Only bank1 will be erased*/
 504:Drivers/STM32F0xx_HAL_Driver/Src/stm32f0xx_hal_flash_ex.c ****     SET_BIT(FLASH->CR, FLASH_CR_MER);
 505:Drivers/STM32F0xx_HAL_Driver/Src/stm32f0xx_hal_flash_ex.c ****     SET_BIT(FLASH->CR, FLASH_CR_STRT);
 506:Drivers/STM32F0xx_HAL_Driver/Src/stm32f0xx_hal_flash_ex.c **** }
 507:Drivers/STM32F0xx_HAL_Driver/Src/stm32f0xx_hal_flash_ex.c **** 
 508:Drivers/STM32F0xx_HAL_Driver/Src/stm32f0xx_hal_flash_ex.c **** /**
 509:Drivers/STM32F0xx_HAL_Driver/Src/stm32f0xx_hal_flash_ex.c ****   * @brief  Enable the write protection of the desired pages
 510:Drivers/STM32F0xx_HAL_Driver/Src/stm32f0xx_hal_flash_ex.c ****   * @note   An option byte erase is done automatically in this function. 
 511:Drivers/STM32F0xx_HAL_Driver/Src/stm32f0xx_hal_flash_ex.c ****   * @note   When the memory read protection level is selected (RDP level = 1), 
 512:Drivers/STM32F0xx_HAL_Driver/Src/stm32f0xx_hal_flash_ex.c ****   *         it is not possible to program or erase the flash page i if
 513:Drivers/STM32F0xx_HAL_Driver/Src/stm32f0xx_hal_flash_ex.c ****   *         debug features are connected or boot code is executed in RAM, even if nWRPi = 1 
 514:Drivers/STM32F0xx_HAL_Driver/Src/stm32f0xx_hal_flash_ex.c ****   * 
 515:Drivers/STM32F0xx_HAL_Driver/Src/stm32f0xx_hal_flash_ex.c ****   * @param  WriteProtectPage specifies the page(s) to be write protected.
 516:Drivers/STM32F0xx_HAL_Driver/Src/stm32f0xx_hal_flash_ex.c ****   *         The value of this parameter depend on device used within the same series 
 517:Drivers/STM32F0xx_HAL_Driver/Src/stm32f0xx_hal_flash_ex.c ****   * @retval HAL status 
 518:Drivers/STM32F0xx_HAL_Driver/Src/stm32f0xx_hal_flash_ex.c ****   */
 519:Drivers/STM32F0xx_HAL_Driver/Src/stm32f0xx_hal_flash_ex.c **** static HAL_StatusTypeDef FLASH_OB_EnableWRP(uint32_t WriteProtectPage)
 520:Drivers/STM32F0xx_HAL_Driver/Src/stm32f0xx_hal_flash_ex.c **** {
 521:Drivers/STM32F0xx_HAL_Driver/Src/stm32f0xx_hal_flash_ex.c ****   HAL_StatusTypeDef status = HAL_OK;
 522:Drivers/STM32F0xx_HAL_Driver/Src/stm32f0xx_hal_flash_ex.c ****   uint16_t WRP0_Data = 0xFFFFU;
 523:Drivers/STM32F0xx_HAL_Driver/Src/stm32f0xx_hal_flash_ex.c **** #if defined(OB_WRP1_WRP1)
 524:Drivers/STM32F0xx_HAL_Driver/Src/stm32f0xx_hal_flash_ex.c ****   uint16_t WRP1_Data = 0xFFFFU;
 525:Drivers/STM32F0xx_HAL_Driver/Src/stm32f0xx_hal_flash_ex.c **** #endif /* OB_WRP1_WRP1 */
 526:Drivers/STM32F0xx_HAL_Driver/Src/stm32f0xx_hal_flash_ex.c **** #if defined(OB_WRP2_WRP2)
 527:Drivers/STM32F0xx_HAL_Driver/Src/stm32f0xx_hal_flash_ex.c ****   uint16_t WRP2_Data = 0xFFFFU;
 528:Drivers/STM32F0xx_HAL_Driver/Src/stm32f0xx_hal_flash_ex.c **** #endif /* OB_WRP2_WRP2 */
 529:Drivers/STM32F0xx_HAL_Driver/Src/stm32f0xx_hal_flash_ex.c **** #if defined(OB_WRP3_WRP3)
 530:Drivers/STM32F0xx_HAL_Driver/Src/stm32f0xx_hal_flash_ex.c ****   uint16_t WRP3_Data = 0xFFFFU;
 531:Drivers/STM32F0xx_HAL_Driver/Src/stm32f0xx_hal_flash_ex.c **** #endif /* OB_WRP3_WRP3 */
 532:Drivers/STM32F0xx_HAL_Driver/Src/stm32f0xx_hal_flash_ex.c ****   
 533:Drivers/STM32F0xx_HAL_Driver/Src/stm32f0xx_hal_flash_ex.c ****   /* Check the parameters */
 534:Drivers/STM32F0xx_HAL_Driver/Src/stm32f0xx_hal_flash_ex.c ****   assert_param(IS_OB_WRP(WriteProtectPage));
 535:Drivers/STM32F0xx_HAL_Driver/Src/stm32f0xx_hal_flash_ex.c ****     
 536:Drivers/STM32F0xx_HAL_Driver/Src/stm32f0xx_hal_flash_ex.c ****   /* Get current write protected pages and the new pages to be protected ******/
 537:Drivers/STM32F0xx_HAL_Driver/Src/stm32f0xx_hal_flash_ex.c ****   WriteProtectPage = (uint32_t)(~((~FLASH_OB_GetWRP()) | WriteProtectPage));
 538:Drivers/STM32F0xx_HAL_Driver/Src/stm32f0xx_hal_flash_ex.c ****   
 539:Drivers/STM32F0xx_HAL_Driver/Src/stm32f0xx_hal_flash_ex.c **** #if defined(OB_WRP_PAGES0TO15MASK)
 540:Drivers/STM32F0xx_HAL_Driver/Src/stm32f0xx_hal_flash_ex.c ****   WRP0_Data = (uint16_t)(WriteProtectPage & OB_WRP_PAGES0TO15MASK);
 541:Drivers/STM32F0xx_HAL_Driver/Src/stm32f0xx_hal_flash_ex.c **** #elif defined(OB_WRP_PAGES0TO31MASK)
 542:Drivers/STM32F0xx_HAL_Driver/Src/stm32f0xx_hal_flash_ex.c ****   WRP0_Data = (uint16_t)(WriteProtectPage & OB_WRP_PAGES0TO31MASK);
 543:Drivers/STM32F0xx_HAL_Driver/Src/stm32f0xx_hal_flash_ex.c **** #endif /* OB_WRP_PAGES0TO31MASK */
 544:Drivers/STM32F0xx_HAL_Driver/Src/stm32f0xx_hal_flash_ex.c ****   
ARM GAS  C:\Users\techn\AppData\Local\Temp\ccPUBBag.s 			page 11


 545:Drivers/STM32F0xx_HAL_Driver/Src/stm32f0xx_hal_flash_ex.c **** #if defined(OB_WRP_PAGES16TO31MASK)
 546:Drivers/STM32F0xx_HAL_Driver/Src/stm32f0xx_hal_flash_ex.c ****   WRP1_Data = (uint16_t)((WriteProtectPage & OB_WRP_PAGES16TO31MASK) >> 8U);
 547:Drivers/STM32F0xx_HAL_Driver/Src/stm32f0xx_hal_flash_ex.c **** #elif defined(OB_WRP_PAGES32TO63MASK)
 548:Drivers/STM32F0xx_HAL_Driver/Src/stm32f0xx_hal_flash_ex.c ****   WRP1_Data = (uint16_t)((WriteProtectPage & OB_WRP_PAGES32TO63MASK) >> 8U);
 549:Drivers/STM32F0xx_HAL_Driver/Src/stm32f0xx_hal_flash_ex.c **** #endif /* OB_WRP_PAGES32TO63MASK */
 550:Drivers/STM32F0xx_HAL_Driver/Src/stm32f0xx_hal_flash_ex.c ****  
 551:Drivers/STM32F0xx_HAL_Driver/Src/stm32f0xx_hal_flash_ex.c **** #if defined(OB_WRP_PAGES32TO47MASK)
 552:Drivers/STM32F0xx_HAL_Driver/Src/stm32f0xx_hal_flash_ex.c ****   WRP2_Data = (uint16_t)((WriteProtectPage & OB_WRP_PAGES32TO47MASK) >> 16U);
 553:Drivers/STM32F0xx_HAL_Driver/Src/stm32f0xx_hal_flash_ex.c **** #endif /* OB_WRP_PAGES32TO47MASK */
 554:Drivers/STM32F0xx_HAL_Driver/Src/stm32f0xx_hal_flash_ex.c **** 
 555:Drivers/STM32F0xx_HAL_Driver/Src/stm32f0xx_hal_flash_ex.c **** #if defined(OB_WRP_PAGES48TO63MASK)
 556:Drivers/STM32F0xx_HAL_Driver/Src/stm32f0xx_hal_flash_ex.c ****   WRP3_Data = (uint16_t)((WriteProtectPage & OB_WRP_PAGES48TO63MASK) >> 24U); 
 557:Drivers/STM32F0xx_HAL_Driver/Src/stm32f0xx_hal_flash_ex.c **** #elif defined(OB_WRP_PAGES48TO127MASK)
 558:Drivers/STM32F0xx_HAL_Driver/Src/stm32f0xx_hal_flash_ex.c ****   WRP3_Data = (uint16_t)((WriteProtectPage & OB_WRP_PAGES48TO127MASK) >> 24U); 
 559:Drivers/STM32F0xx_HAL_Driver/Src/stm32f0xx_hal_flash_ex.c **** #endif /* OB_WRP_PAGES48TO63MASK */
 560:Drivers/STM32F0xx_HAL_Driver/Src/stm32f0xx_hal_flash_ex.c ****   
 561:Drivers/STM32F0xx_HAL_Driver/Src/stm32f0xx_hal_flash_ex.c ****   /* Wait for last operation to be completed */
 562:Drivers/STM32F0xx_HAL_Driver/Src/stm32f0xx_hal_flash_ex.c ****   status = FLASH_WaitForLastOperation((uint32_t)FLASH_TIMEOUT_VALUE);
 563:Drivers/STM32F0xx_HAL_Driver/Src/stm32f0xx_hal_flash_ex.c **** 
 564:Drivers/STM32F0xx_HAL_Driver/Src/stm32f0xx_hal_flash_ex.c ****   if(status == HAL_OK)
 565:Drivers/STM32F0xx_HAL_Driver/Src/stm32f0xx_hal_flash_ex.c ****   { 
 566:Drivers/STM32F0xx_HAL_Driver/Src/stm32f0xx_hal_flash_ex.c ****     /* Clean the error context */
 567:Drivers/STM32F0xx_HAL_Driver/Src/stm32f0xx_hal_flash_ex.c ****     pFlash.ErrorCode = HAL_FLASH_ERROR_NONE;
 568:Drivers/STM32F0xx_HAL_Driver/Src/stm32f0xx_hal_flash_ex.c **** 
 569:Drivers/STM32F0xx_HAL_Driver/Src/stm32f0xx_hal_flash_ex.c ****     /* To be able to write again option byte, need to perform a option byte erase */
 570:Drivers/STM32F0xx_HAL_Driver/Src/stm32f0xx_hal_flash_ex.c ****     status = HAL_FLASHEx_OBErase();
 571:Drivers/STM32F0xx_HAL_Driver/Src/stm32f0xx_hal_flash_ex.c ****     if (status == HAL_OK)  
 572:Drivers/STM32F0xx_HAL_Driver/Src/stm32f0xx_hal_flash_ex.c ****     {
 573:Drivers/STM32F0xx_HAL_Driver/Src/stm32f0xx_hal_flash_ex.c ****       /* Enable write protection */
 574:Drivers/STM32F0xx_HAL_Driver/Src/stm32f0xx_hal_flash_ex.c ****       SET_BIT(FLASH->CR, FLASH_CR_OPTPG);
 575:Drivers/STM32F0xx_HAL_Driver/Src/stm32f0xx_hal_flash_ex.c **** 
 576:Drivers/STM32F0xx_HAL_Driver/Src/stm32f0xx_hal_flash_ex.c **** #if defined(OB_WRP0_WRP0)
 577:Drivers/STM32F0xx_HAL_Driver/Src/stm32f0xx_hal_flash_ex.c ****       if(WRP0_Data != 0xFFU)
 578:Drivers/STM32F0xx_HAL_Driver/Src/stm32f0xx_hal_flash_ex.c ****       {
 579:Drivers/STM32F0xx_HAL_Driver/Src/stm32f0xx_hal_flash_ex.c ****         OB->WRP0 &= WRP0_Data;
 580:Drivers/STM32F0xx_HAL_Driver/Src/stm32f0xx_hal_flash_ex.c ****         
 581:Drivers/STM32F0xx_HAL_Driver/Src/stm32f0xx_hal_flash_ex.c ****         /* Wait for last operation to be completed */
 582:Drivers/STM32F0xx_HAL_Driver/Src/stm32f0xx_hal_flash_ex.c ****         status = FLASH_WaitForLastOperation((uint32_t)FLASH_TIMEOUT_VALUE);
 583:Drivers/STM32F0xx_HAL_Driver/Src/stm32f0xx_hal_flash_ex.c ****       }
 584:Drivers/STM32F0xx_HAL_Driver/Src/stm32f0xx_hal_flash_ex.c **** #endif /* OB_WRP0_WRP0 */
 585:Drivers/STM32F0xx_HAL_Driver/Src/stm32f0xx_hal_flash_ex.c **** 
 586:Drivers/STM32F0xx_HAL_Driver/Src/stm32f0xx_hal_flash_ex.c **** #if defined(OB_WRP1_WRP1)
 587:Drivers/STM32F0xx_HAL_Driver/Src/stm32f0xx_hal_flash_ex.c ****       if((status == HAL_OK) && (WRP1_Data != 0xFFU))
 588:Drivers/STM32F0xx_HAL_Driver/Src/stm32f0xx_hal_flash_ex.c ****       {
 589:Drivers/STM32F0xx_HAL_Driver/Src/stm32f0xx_hal_flash_ex.c ****         OB->WRP1 &= WRP1_Data;
 590:Drivers/STM32F0xx_HAL_Driver/Src/stm32f0xx_hal_flash_ex.c ****         
 591:Drivers/STM32F0xx_HAL_Driver/Src/stm32f0xx_hal_flash_ex.c ****         /* Wait for last operation to be completed */
 592:Drivers/STM32F0xx_HAL_Driver/Src/stm32f0xx_hal_flash_ex.c ****         status = FLASH_WaitForLastOperation((uint32_t)FLASH_TIMEOUT_VALUE);
 593:Drivers/STM32F0xx_HAL_Driver/Src/stm32f0xx_hal_flash_ex.c ****       }
 594:Drivers/STM32F0xx_HAL_Driver/Src/stm32f0xx_hal_flash_ex.c **** #endif /* OB_WRP1_WRP1 */
 595:Drivers/STM32F0xx_HAL_Driver/Src/stm32f0xx_hal_flash_ex.c **** 
 596:Drivers/STM32F0xx_HAL_Driver/Src/stm32f0xx_hal_flash_ex.c **** #if defined(OB_WRP2_WRP2)
 597:Drivers/STM32F0xx_HAL_Driver/Src/stm32f0xx_hal_flash_ex.c ****       if((status == HAL_OK) && (WRP2_Data != 0xFFU))
 598:Drivers/STM32F0xx_HAL_Driver/Src/stm32f0xx_hal_flash_ex.c ****       {
 599:Drivers/STM32F0xx_HAL_Driver/Src/stm32f0xx_hal_flash_ex.c ****         OB->WRP2 &= WRP2_Data;
 600:Drivers/STM32F0xx_HAL_Driver/Src/stm32f0xx_hal_flash_ex.c ****         
 601:Drivers/STM32F0xx_HAL_Driver/Src/stm32f0xx_hal_flash_ex.c ****         /* Wait for last operation to be completed */
ARM GAS  C:\Users\techn\AppData\Local\Temp\ccPUBBag.s 			page 12


 602:Drivers/STM32F0xx_HAL_Driver/Src/stm32f0xx_hal_flash_ex.c ****         status = FLASH_WaitForLastOperation((uint32_t)FLASH_TIMEOUT_VALUE);
 603:Drivers/STM32F0xx_HAL_Driver/Src/stm32f0xx_hal_flash_ex.c ****       }
 604:Drivers/STM32F0xx_HAL_Driver/Src/stm32f0xx_hal_flash_ex.c **** #endif /* OB_WRP2_WRP2 */
 605:Drivers/STM32F0xx_HAL_Driver/Src/stm32f0xx_hal_flash_ex.c **** 
 606:Drivers/STM32F0xx_HAL_Driver/Src/stm32f0xx_hal_flash_ex.c **** #if defined(OB_WRP3_WRP3)
 607:Drivers/STM32F0xx_HAL_Driver/Src/stm32f0xx_hal_flash_ex.c ****       if((status == HAL_OK) && (WRP3_Data != 0xFFU))
 608:Drivers/STM32F0xx_HAL_Driver/Src/stm32f0xx_hal_flash_ex.c ****       {
 609:Drivers/STM32F0xx_HAL_Driver/Src/stm32f0xx_hal_flash_ex.c ****         OB->WRP3 &= WRP3_Data;
 610:Drivers/STM32F0xx_HAL_Driver/Src/stm32f0xx_hal_flash_ex.c ****         
 611:Drivers/STM32F0xx_HAL_Driver/Src/stm32f0xx_hal_flash_ex.c ****         /* Wait for last operation to be completed */
 612:Drivers/STM32F0xx_HAL_Driver/Src/stm32f0xx_hal_flash_ex.c ****         status = FLASH_WaitForLastOperation((uint32_t)FLASH_TIMEOUT_VALUE);
 613:Drivers/STM32F0xx_HAL_Driver/Src/stm32f0xx_hal_flash_ex.c ****       }
 614:Drivers/STM32F0xx_HAL_Driver/Src/stm32f0xx_hal_flash_ex.c **** #endif /* OB_WRP3_WRP3 */
 615:Drivers/STM32F0xx_HAL_Driver/Src/stm32f0xx_hal_flash_ex.c **** 
 616:Drivers/STM32F0xx_HAL_Driver/Src/stm32f0xx_hal_flash_ex.c ****       /* if the program operation is completed, disable the OPTPG Bit */
 617:Drivers/STM32F0xx_HAL_Driver/Src/stm32f0xx_hal_flash_ex.c ****       CLEAR_BIT(FLASH->CR, FLASH_CR_OPTPG);
 618:Drivers/STM32F0xx_HAL_Driver/Src/stm32f0xx_hal_flash_ex.c ****     }
 619:Drivers/STM32F0xx_HAL_Driver/Src/stm32f0xx_hal_flash_ex.c ****   }
 620:Drivers/STM32F0xx_HAL_Driver/Src/stm32f0xx_hal_flash_ex.c ****   
 621:Drivers/STM32F0xx_HAL_Driver/Src/stm32f0xx_hal_flash_ex.c ****   return status;
 622:Drivers/STM32F0xx_HAL_Driver/Src/stm32f0xx_hal_flash_ex.c **** }
 623:Drivers/STM32F0xx_HAL_Driver/Src/stm32f0xx_hal_flash_ex.c **** 
 624:Drivers/STM32F0xx_HAL_Driver/Src/stm32f0xx_hal_flash_ex.c **** /**
 625:Drivers/STM32F0xx_HAL_Driver/Src/stm32f0xx_hal_flash_ex.c ****   * @brief  Disable the write protection of the desired pages
 626:Drivers/STM32F0xx_HAL_Driver/Src/stm32f0xx_hal_flash_ex.c ****   * @note   An option byte erase is done automatically in this function. 
 627:Drivers/STM32F0xx_HAL_Driver/Src/stm32f0xx_hal_flash_ex.c ****   * @note   When the memory read protection level is selected (RDP level = 1), 
 628:Drivers/STM32F0xx_HAL_Driver/Src/stm32f0xx_hal_flash_ex.c ****   *         it is not possible to program or erase the flash page i if   
 629:Drivers/STM32F0xx_HAL_Driver/Src/stm32f0xx_hal_flash_ex.c ****   *         debug features are connected or boot code is executed in RAM, even if nWRPi = 1 
 630:Drivers/STM32F0xx_HAL_Driver/Src/stm32f0xx_hal_flash_ex.c ****   * 
 631:Drivers/STM32F0xx_HAL_Driver/Src/stm32f0xx_hal_flash_ex.c ****   * @param  WriteProtectPage specifies the page(s) to be write unprotected.
 632:Drivers/STM32F0xx_HAL_Driver/Src/stm32f0xx_hal_flash_ex.c ****   *         The value of this parameter depend on device used within the same series 
 633:Drivers/STM32F0xx_HAL_Driver/Src/stm32f0xx_hal_flash_ex.c ****   * @retval HAL status 
 634:Drivers/STM32F0xx_HAL_Driver/Src/stm32f0xx_hal_flash_ex.c ****   */
 635:Drivers/STM32F0xx_HAL_Driver/Src/stm32f0xx_hal_flash_ex.c **** static HAL_StatusTypeDef FLASH_OB_DisableWRP(uint32_t WriteProtectPage)
 636:Drivers/STM32F0xx_HAL_Driver/Src/stm32f0xx_hal_flash_ex.c **** {
 637:Drivers/STM32F0xx_HAL_Driver/Src/stm32f0xx_hal_flash_ex.c ****   HAL_StatusTypeDef status = HAL_OK;
 638:Drivers/STM32F0xx_HAL_Driver/Src/stm32f0xx_hal_flash_ex.c ****   uint16_t WRP0_Data = 0xFFFFU;
 639:Drivers/STM32F0xx_HAL_Driver/Src/stm32f0xx_hal_flash_ex.c **** #if defined(OB_WRP1_WRP1)
 640:Drivers/STM32F0xx_HAL_Driver/Src/stm32f0xx_hal_flash_ex.c ****   uint16_t WRP1_Data = 0xFFFFU;
 641:Drivers/STM32F0xx_HAL_Driver/Src/stm32f0xx_hal_flash_ex.c **** #endif /* OB_WRP1_WRP1 */
 642:Drivers/STM32F0xx_HAL_Driver/Src/stm32f0xx_hal_flash_ex.c **** #if defined(OB_WRP2_WRP2)
 643:Drivers/STM32F0xx_HAL_Driver/Src/stm32f0xx_hal_flash_ex.c ****   uint16_t WRP2_Data = 0xFFFFU;
 644:Drivers/STM32F0xx_HAL_Driver/Src/stm32f0xx_hal_flash_ex.c **** #endif /* OB_WRP2_WRP2 */
 645:Drivers/STM32F0xx_HAL_Driver/Src/stm32f0xx_hal_flash_ex.c **** #if defined(OB_WRP3_WRP3)
 646:Drivers/STM32F0xx_HAL_Driver/Src/stm32f0xx_hal_flash_ex.c ****   uint16_t WRP3_Data = 0xFFFFU;
 647:Drivers/STM32F0xx_HAL_Driver/Src/stm32f0xx_hal_flash_ex.c **** #endif /* OB_WRP3_WRP3 */
 648:Drivers/STM32F0xx_HAL_Driver/Src/stm32f0xx_hal_flash_ex.c ****   
 649:Drivers/STM32F0xx_HAL_Driver/Src/stm32f0xx_hal_flash_ex.c ****   /* Check the parameters */
 650:Drivers/STM32F0xx_HAL_Driver/Src/stm32f0xx_hal_flash_ex.c ****   assert_param(IS_OB_WRP(WriteProtectPage));
 651:Drivers/STM32F0xx_HAL_Driver/Src/stm32f0xx_hal_flash_ex.c **** 
 652:Drivers/STM32F0xx_HAL_Driver/Src/stm32f0xx_hal_flash_ex.c ****   /* Get current write protected pages and the new pages to be unprotected ******/
 653:Drivers/STM32F0xx_HAL_Driver/Src/stm32f0xx_hal_flash_ex.c ****   WriteProtectPage = (FLASH_OB_GetWRP() | WriteProtectPage);
 654:Drivers/STM32F0xx_HAL_Driver/Src/stm32f0xx_hal_flash_ex.c **** 
 655:Drivers/STM32F0xx_HAL_Driver/Src/stm32f0xx_hal_flash_ex.c **** #if defined(OB_WRP_PAGES0TO15MASK)
 656:Drivers/STM32F0xx_HAL_Driver/Src/stm32f0xx_hal_flash_ex.c ****   WRP0_Data = (uint16_t)(WriteProtectPage & OB_WRP_PAGES0TO15MASK);
 657:Drivers/STM32F0xx_HAL_Driver/Src/stm32f0xx_hal_flash_ex.c **** #elif defined(OB_WRP_PAGES0TO31MASK)
 658:Drivers/STM32F0xx_HAL_Driver/Src/stm32f0xx_hal_flash_ex.c ****   WRP0_Data = (uint16_t)(WriteProtectPage & OB_WRP_PAGES0TO31MASK);
ARM GAS  C:\Users\techn\AppData\Local\Temp\ccPUBBag.s 			page 13


 659:Drivers/STM32F0xx_HAL_Driver/Src/stm32f0xx_hal_flash_ex.c **** #endif /* OB_WRP_PAGES0TO31MASK */
 660:Drivers/STM32F0xx_HAL_Driver/Src/stm32f0xx_hal_flash_ex.c ****   
 661:Drivers/STM32F0xx_HAL_Driver/Src/stm32f0xx_hal_flash_ex.c **** #if defined(OB_WRP_PAGES16TO31MASK)
 662:Drivers/STM32F0xx_HAL_Driver/Src/stm32f0xx_hal_flash_ex.c ****   WRP1_Data = (uint16_t)((WriteProtectPage & OB_WRP_PAGES16TO31MASK) >> 8U);
 663:Drivers/STM32F0xx_HAL_Driver/Src/stm32f0xx_hal_flash_ex.c **** #elif defined(OB_WRP_PAGES32TO63MASK)
 664:Drivers/STM32F0xx_HAL_Driver/Src/stm32f0xx_hal_flash_ex.c ****   WRP1_Data = (uint16_t)((WriteProtectPage & OB_WRP_PAGES32TO63MASK) >> 8U);
 665:Drivers/STM32F0xx_HAL_Driver/Src/stm32f0xx_hal_flash_ex.c **** #endif /* OB_WRP_PAGES32TO63MASK */
 666:Drivers/STM32F0xx_HAL_Driver/Src/stm32f0xx_hal_flash_ex.c ****  
 667:Drivers/STM32F0xx_HAL_Driver/Src/stm32f0xx_hal_flash_ex.c **** #if defined(OB_WRP_PAGES32TO47MASK)
 668:Drivers/STM32F0xx_HAL_Driver/Src/stm32f0xx_hal_flash_ex.c ****   WRP2_Data = (uint16_t)((WriteProtectPage & OB_WRP_PAGES32TO47MASK) >> 16U);
 669:Drivers/STM32F0xx_HAL_Driver/Src/stm32f0xx_hal_flash_ex.c **** #endif /* OB_WRP_PAGES32TO47MASK */
 670:Drivers/STM32F0xx_HAL_Driver/Src/stm32f0xx_hal_flash_ex.c **** 
 671:Drivers/STM32F0xx_HAL_Driver/Src/stm32f0xx_hal_flash_ex.c **** #if defined(OB_WRP_PAGES48TO63MASK)
 672:Drivers/STM32F0xx_HAL_Driver/Src/stm32f0xx_hal_flash_ex.c ****   WRP3_Data = (uint16_t)((WriteProtectPage & OB_WRP_PAGES48TO63MASK) >> 24U); 
 673:Drivers/STM32F0xx_HAL_Driver/Src/stm32f0xx_hal_flash_ex.c **** #elif defined(OB_WRP_PAGES48TO127MASK)
 674:Drivers/STM32F0xx_HAL_Driver/Src/stm32f0xx_hal_flash_ex.c ****   WRP3_Data = (uint16_t)((WriteProtectPage & OB_WRP_PAGES48TO127MASK) >> 24U); 
 675:Drivers/STM32F0xx_HAL_Driver/Src/stm32f0xx_hal_flash_ex.c **** #endif /* OB_WRP_PAGES48TO63MASK */
 676:Drivers/STM32F0xx_HAL_Driver/Src/stm32f0xx_hal_flash_ex.c **** 
 677:Drivers/STM32F0xx_HAL_Driver/Src/stm32f0xx_hal_flash_ex.c ****     
 678:Drivers/STM32F0xx_HAL_Driver/Src/stm32f0xx_hal_flash_ex.c ****   /* Wait for last operation to be completed */
 679:Drivers/STM32F0xx_HAL_Driver/Src/stm32f0xx_hal_flash_ex.c ****   status = FLASH_WaitForLastOperation((uint32_t)FLASH_TIMEOUT_VALUE);
 680:Drivers/STM32F0xx_HAL_Driver/Src/stm32f0xx_hal_flash_ex.c **** 
 681:Drivers/STM32F0xx_HAL_Driver/Src/stm32f0xx_hal_flash_ex.c ****   if(status == HAL_OK)
 682:Drivers/STM32F0xx_HAL_Driver/Src/stm32f0xx_hal_flash_ex.c ****   { 
 683:Drivers/STM32F0xx_HAL_Driver/Src/stm32f0xx_hal_flash_ex.c ****     /* Clean the error context */
 684:Drivers/STM32F0xx_HAL_Driver/Src/stm32f0xx_hal_flash_ex.c ****     pFlash.ErrorCode = HAL_FLASH_ERROR_NONE;
 685:Drivers/STM32F0xx_HAL_Driver/Src/stm32f0xx_hal_flash_ex.c **** 
 686:Drivers/STM32F0xx_HAL_Driver/Src/stm32f0xx_hal_flash_ex.c ****     /* To be able to write again option byte, need to perform a option byte erase */
 687:Drivers/STM32F0xx_HAL_Driver/Src/stm32f0xx_hal_flash_ex.c ****     status = HAL_FLASHEx_OBErase();
 688:Drivers/STM32F0xx_HAL_Driver/Src/stm32f0xx_hal_flash_ex.c ****     if (status == HAL_OK)  
 689:Drivers/STM32F0xx_HAL_Driver/Src/stm32f0xx_hal_flash_ex.c ****     {
 690:Drivers/STM32F0xx_HAL_Driver/Src/stm32f0xx_hal_flash_ex.c ****       SET_BIT(FLASH->CR, FLASH_CR_OPTPG);
 691:Drivers/STM32F0xx_HAL_Driver/Src/stm32f0xx_hal_flash_ex.c **** 
 692:Drivers/STM32F0xx_HAL_Driver/Src/stm32f0xx_hal_flash_ex.c **** #if defined(OB_WRP0_WRP0)
 693:Drivers/STM32F0xx_HAL_Driver/Src/stm32f0xx_hal_flash_ex.c ****       if(WRP0_Data != 0xFFU)
 694:Drivers/STM32F0xx_HAL_Driver/Src/stm32f0xx_hal_flash_ex.c ****       {
 695:Drivers/STM32F0xx_HAL_Driver/Src/stm32f0xx_hal_flash_ex.c ****         OB->WRP0 &= WRP0_Data;
 696:Drivers/STM32F0xx_HAL_Driver/Src/stm32f0xx_hal_flash_ex.c ****         
 697:Drivers/STM32F0xx_HAL_Driver/Src/stm32f0xx_hal_flash_ex.c ****         /* Wait for last operation to be completed */
 698:Drivers/STM32F0xx_HAL_Driver/Src/stm32f0xx_hal_flash_ex.c ****         status = FLASH_WaitForLastOperation((uint32_t)FLASH_TIMEOUT_VALUE);
 699:Drivers/STM32F0xx_HAL_Driver/Src/stm32f0xx_hal_flash_ex.c ****       }
 700:Drivers/STM32F0xx_HAL_Driver/Src/stm32f0xx_hal_flash_ex.c **** #endif /* OB_WRP0_WRP0 */
 701:Drivers/STM32F0xx_HAL_Driver/Src/stm32f0xx_hal_flash_ex.c **** 
 702:Drivers/STM32F0xx_HAL_Driver/Src/stm32f0xx_hal_flash_ex.c **** #if defined(OB_WRP1_WRP1)
 703:Drivers/STM32F0xx_HAL_Driver/Src/stm32f0xx_hal_flash_ex.c ****       if((status == HAL_OK) && (WRP1_Data != 0xFFU))
 704:Drivers/STM32F0xx_HAL_Driver/Src/stm32f0xx_hal_flash_ex.c ****       {
 705:Drivers/STM32F0xx_HAL_Driver/Src/stm32f0xx_hal_flash_ex.c ****         OB->WRP1 &= WRP1_Data;
 706:Drivers/STM32F0xx_HAL_Driver/Src/stm32f0xx_hal_flash_ex.c ****         
 707:Drivers/STM32F0xx_HAL_Driver/Src/stm32f0xx_hal_flash_ex.c ****         /* Wait for last operation to be completed */
 708:Drivers/STM32F0xx_HAL_Driver/Src/stm32f0xx_hal_flash_ex.c ****         status = FLASH_WaitForLastOperation((uint32_t)FLASH_TIMEOUT_VALUE);
 709:Drivers/STM32F0xx_HAL_Driver/Src/stm32f0xx_hal_flash_ex.c ****       }
 710:Drivers/STM32F0xx_HAL_Driver/Src/stm32f0xx_hal_flash_ex.c **** #endif /* OB_WRP1_WRP1 */
 711:Drivers/STM32F0xx_HAL_Driver/Src/stm32f0xx_hal_flash_ex.c **** 
 712:Drivers/STM32F0xx_HAL_Driver/Src/stm32f0xx_hal_flash_ex.c **** #if defined(OB_WRP2_WRP2)
 713:Drivers/STM32F0xx_HAL_Driver/Src/stm32f0xx_hal_flash_ex.c ****       if((status == HAL_OK) && (WRP2_Data != 0xFFU))
 714:Drivers/STM32F0xx_HAL_Driver/Src/stm32f0xx_hal_flash_ex.c ****       {
 715:Drivers/STM32F0xx_HAL_Driver/Src/stm32f0xx_hal_flash_ex.c ****         OB->WRP2 &= WRP2_Data;
ARM GAS  C:\Users\techn\AppData\Local\Temp\ccPUBBag.s 			page 14


 716:Drivers/STM32F0xx_HAL_Driver/Src/stm32f0xx_hal_flash_ex.c ****         
 717:Drivers/STM32F0xx_HAL_Driver/Src/stm32f0xx_hal_flash_ex.c ****         /* Wait for last operation to be completed */
 718:Drivers/STM32F0xx_HAL_Driver/Src/stm32f0xx_hal_flash_ex.c ****         status = FLASH_WaitForLastOperation((uint32_t)FLASH_TIMEOUT_VALUE);
 719:Drivers/STM32F0xx_HAL_Driver/Src/stm32f0xx_hal_flash_ex.c ****       }
 720:Drivers/STM32F0xx_HAL_Driver/Src/stm32f0xx_hal_flash_ex.c **** #endif /* OB_WRP2_WRP2 */
 721:Drivers/STM32F0xx_HAL_Driver/Src/stm32f0xx_hal_flash_ex.c **** 
 722:Drivers/STM32F0xx_HAL_Driver/Src/stm32f0xx_hal_flash_ex.c **** #if defined(OB_WRP3_WRP3)
 723:Drivers/STM32F0xx_HAL_Driver/Src/stm32f0xx_hal_flash_ex.c ****       if((status == HAL_OK) && (WRP3_Data != 0xFFU))
 724:Drivers/STM32F0xx_HAL_Driver/Src/stm32f0xx_hal_flash_ex.c ****       {
 725:Drivers/STM32F0xx_HAL_Driver/Src/stm32f0xx_hal_flash_ex.c ****         OB->WRP3 &= WRP3_Data;
 726:Drivers/STM32F0xx_HAL_Driver/Src/stm32f0xx_hal_flash_ex.c ****         
 727:Drivers/STM32F0xx_HAL_Driver/Src/stm32f0xx_hal_flash_ex.c ****         /* Wait for last operation to be completed */
 728:Drivers/STM32F0xx_HAL_Driver/Src/stm32f0xx_hal_flash_ex.c ****         status = FLASH_WaitForLastOperation((uint32_t)FLASH_TIMEOUT_VALUE);
 729:Drivers/STM32F0xx_HAL_Driver/Src/stm32f0xx_hal_flash_ex.c ****       }
 730:Drivers/STM32F0xx_HAL_Driver/Src/stm32f0xx_hal_flash_ex.c **** #endif /* OB_WRP3_WRP3 */
 731:Drivers/STM32F0xx_HAL_Driver/Src/stm32f0xx_hal_flash_ex.c **** 
 732:Drivers/STM32F0xx_HAL_Driver/Src/stm32f0xx_hal_flash_ex.c ****       /* if the program operation is completed, disable the OPTPG Bit */
 733:Drivers/STM32F0xx_HAL_Driver/Src/stm32f0xx_hal_flash_ex.c ****       CLEAR_BIT(FLASH->CR, FLASH_CR_OPTPG);
 734:Drivers/STM32F0xx_HAL_Driver/Src/stm32f0xx_hal_flash_ex.c ****     }
 735:Drivers/STM32F0xx_HAL_Driver/Src/stm32f0xx_hal_flash_ex.c ****   }
 736:Drivers/STM32F0xx_HAL_Driver/Src/stm32f0xx_hal_flash_ex.c ****   return status;
 737:Drivers/STM32F0xx_HAL_Driver/Src/stm32f0xx_hal_flash_ex.c **** }
 738:Drivers/STM32F0xx_HAL_Driver/Src/stm32f0xx_hal_flash_ex.c **** 
 739:Drivers/STM32F0xx_HAL_Driver/Src/stm32f0xx_hal_flash_ex.c **** /**
 740:Drivers/STM32F0xx_HAL_Driver/Src/stm32f0xx_hal_flash_ex.c ****   * @brief  Set the read protection level.
 741:Drivers/STM32F0xx_HAL_Driver/Src/stm32f0xx_hal_flash_ex.c ****   * @param  ReadProtectLevel specifies the read protection level.
 742:Drivers/STM32F0xx_HAL_Driver/Src/stm32f0xx_hal_flash_ex.c ****   *         This parameter can be one of the following values:
 743:Drivers/STM32F0xx_HAL_Driver/Src/stm32f0xx_hal_flash_ex.c ****   *            @arg @ref OB_RDP_LEVEL_0 No protection
 744:Drivers/STM32F0xx_HAL_Driver/Src/stm32f0xx_hal_flash_ex.c ****   *            @arg @ref OB_RDP_LEVEL_1 Read protection of the memory
 745:Drivers/STM32F0xx_HAL_Driver/Src/stm32f0xx_hal_flash_ex.c ****   *            @arg @ref OB_RDP_LEVEL_2 Full chip protection
 746:Drivers/STM32F0xx_HAL_Driver/Src/stm32f0xx_hal_flash_ex.c ****   * @note   Warning: When enabling OB_RDP level 2 it's no more possible to go back to level 1 or 0
 747:Drivers/STM32F0xx_HAL_Driver/Src/stm32f0xx_hal_flash_ex.c ****   * @retval HAL status
 748:Drivers/STM32F0xx_HAL_Driver/Src/stm32f0xx_hal_flash_ex.c ****   */
 749:Drivers/STM32F0xx_HAL_Driver/Src/stm32f0xx_hal_flash_ex.c **** static HAL_StatusTypeDef FLASH_OB_RDP_LevelConfig(uint8_t ReadProtectLevel)
 750:Drivers/STM32F0xx_HAL_Driver/Src/stm32f0xx_hal_flash_ex.c **** {
  28              		.loc 1 750 1 view -0
  29              		.cfi_startproc
  30              		@ args = 0, pretend = 0, frame = 0
  31              		@ frame_needed = 0, uses_anonymous_args = 0
 751:Drivers/STM32F0xx_HAL_Driver/Src/stm32f0xx_hal_flash_ex.c ****   HAL_StatusTypeDef status = HAL_OK;
  32              		.loc 1 751 3 view .LVU1
 752:Drivers/STM32F0xx_HAL_Driver/Src/stm32f0xx_hal_flash_ex.c ****   
 753:Drivers/STM32F0xx_HAL_Driver/Src/stm32f0xx_hal_flash_ex.c ****   /* Check the parameters */
 754:Drivers/STM32F0xx_HAL_Driver/Src/stm32f0xx_hal_flash_ex.c ****   assert_param(IS_OB_RDP_LEVEL(ReadProtectLevel));
  33              		.loc 1 754 3 view .LVU2
 755:Drivers/STM32F0xx_HAL_Driver/Src/stm32f0xx_hal_flash_ex.c ****   
 756:Drivers/STM32F0xx_HAL_Driver/Src/stm32f0xx_hal_flash_ex.c ****   /* Wait for last operation to be completed */
 757:Drivers/STM32F0xx_HAL_Driver/Src/stm32f0xx_hal_flash_ex.c ****   status = FLASH_WaitForLastOperation((uint32_t)FLASH_TIMEOUT_VALUE);
  34              		.loc 1 757 3 view .LVU3
 750:Drivers/STM32F0xx_HAL_Driver/Src/stm32f0xx_hal_flash_ex.c ****   HAL_StatusTypeDef status = HAL_OK;
  35              		.loc 1 750 1 is_stmt 0 view .LVU4
  36 0000 70B5     		push	{r4, r5, r6, lr}
  37              	.LCFI0:
  38              		.cfi_def_cfa_offset 16
  39              		.cfi_offset 4, -16
  40              		.cfi_offset 5, -12
  41              		.cfi_offset 6, -8
ARM GAS  C:\Users\techn\AppData\Local\Temp\ccPUBBag.s 			page 15


  42              		.cfi_offset 14, -4
 750:Drivers/STM32F0xx_HAL_Driver/Src/stm32f0xx_hal_flash_ex.c ****   HAL_StatusTypeDef status = HAL_OK;
  43              		.loc 1 750 1 view .LVU5
  44 0002 0500     		movs	r5, r0
  45              		.loc 1 757 12 view .LVU6
  46 0004 1248     		ldr	r0, .L5
  47              	.LVL1:
  48              		.loc 1 757 12 view .LVU7
  49 0006 FFF7FEFF 		bl	FLASH_WaitForLastOperation
  50              	.LVL2:
 758:Drivers/STM32F0xx_HAL_Driver/Src/stm32f0xx_hal_flash_ex.c ****   
 759:Drivers/STM32F0xx_HAL_Driver/Src/stm32f0xx_hal_flash_ex.c ****   if(status == HAL_OK)
  51              		.loc 1 759 3 is_stmt 1 view .LVU8
  52              		.loc 1 759 5 is_stmt 0 view .LVU9
  53 000a 0028     		cmp	r0, #0
  54 000c 00D0     		beq	.L4
  55              	.LVL3:
  56              	.L2:
 760:Drivers/STM32F0xx_HAL_Driver/Src/stm32f0xx_hal_flash_ex.c ****   { 
 761:Drivers/STM32F0xx_HAL_Driver/Src/stm32f0xx_hal_flash_ex.c ****     /* Clean the error context */
 762:Drivers/STM32F0xx_HAL_Driver/Src/stm32f0xx_hal_flash_ex.c ****     pFlash.ErrorCode = HAL_FLASH_ERROR_NONE;
 763:Drivers/STM32F0xx_HAL_Driver/Src/stm32f0xx_hal_flash_ex.c ****     
 764:Drivers/STM32F0xx_HAL_Driver/Src/stm32f0xx_hal_flash_ex.c ****     /* If the previous operation is completed, proceed to erase the option bytes */
 765:Drivers/STM32F0xx_HAL_Driver/Src/stm32f0xx_hal_flash_ex.c ****     SET_BIT(FLASH->CR, FLASH_CR_OPTER);
 766:Drivers/STM32F0xx_HAL_Driver/Src/stm32f0xx_hal_flash_ex.c ****     SET_BIT(FLASH->CR, FLASH_CR_STRT);
 767:Drivers/STM32F0xx_HAL_Driver/Src/stm32f0xx_hal_flash_ex.c **** 
 768:Drivers/STM32F0xx_HAL_Driver/Src/stm32f0xx_hal_flash_ex.c ****     /* Wait for last operation to be completed */
 769:Drivers/STM32F0xx_HAL_Driver/Src/stm32f0xx_hal_flash_ex.c ****     status = FLASH_WaitForLastOperation((uint32_t)FLASH_TIMEOUT_VALUE);
 770:Drivers/STM32F0xx_HAL_Driver/Src/stm32f0xx_hal_flash_ex.c **** 
 771:Drivers/STM32F0xx_HAL_Driver/Src/stm32f0xx_hal_flash_ex.c ****     /* If the erase operation is completed, disable the OPTER Bit */
 772:Drivers/STM32F0xx_HAL_Driver/Src/stm32f0xx_hal_flash_ex.c ****     CLEAR_BIT(FLASH->CR, FLASH_CR_OPTER);
 773:Drivers/STM32F0xx_HAL_Driver/Src/stm32f0xx_hal_flash_ex.c **** 
 774:Drivers/STM32F0xx_HAL_Driver/Src/stm32f0xx_hal_flash_ex.c ****     if(status == HAL_OK)
 775:Drivers/STM32F0xx_HAL_Driver/Src/stm32f0xx_hal_flash_ex.c ****     {
 776:Drivers/STM32F0xx_HAL_Driver/Src/stm32f0xx_hal_flash_ex.c ****       /* Enable the Option Bytes Programming operation */
 777:Drivers/STM32F0xx_HAL_Driver/Src/stm32f0xx_hal_flash_ex.c ****       SET_BIT(FLASH->CR, FLASH_CR_OPTPG);
 778:Drivers/STM32F0xx_HAL_Driver/Src/stm32f0xx_hal_flash_ex.c ****       
 779:Drivers/STM32F0xx_HAL_Driver/Src/stm32f0xx_hal_flash_ex.c ****       WRITE_REG(OB->RDP, ReadProtectLevel);
 780:Drivers/STM32F0xx_HAL_Driver/Src/stm32f0xx_hal_flash_ex.c ****       
 781:Drivers/STM32F0xx_HAL_Driver/Src/stm32f0xx_hal_flash_ex.c ****       /* Wait for last operation to be completed */
 782:Drivers/STM32F0xx_HAL_Driver/Src/stm32f0xx_hal_flash_ex.c ****       status = FLASH_WaitForLastOperation((uint32_t)FLASH_TIMEOUT_VALUE); 
 783:Drivers/STM32F0xx_HAL_Driver/Src/stm32f0xx_hal_flash_ex.c ****       
 784:Drivers/STM32F0xx_HAL_Driver/Src/stm32f0xx_hal_flash_ex.c ****       /* if the program operation is completed, disable the OPTPG Bit */
 785:Drivers/STM32F0xx_HAL_Driver/Src/stm32f0xx_hal_flash_ex.c ****       CLEAR_BIT(FLASH->CR, FLASH_CR_OPTPG);
 786:Drivers/STM32F0xx_HAL_Driver/Src/stm32f0xx_hal_flash_ex.c ****     }
 787:Drivers/STM32F0xx_HAL_Driver/Src/stm32f0xx_hal_flash_ex.c ****   }
 788:Drivers/STM32F0xx_HAL_Driver/Src/stm32f0xx_hal_flash_ex.c ****   
 789:Drivers/STM32F0xx_HAL_Driver/Src/stm32f0xx_hal_flash_ex.c ****   return status;
  57              		.loc 1 789 3 is_stmt 1 view .LVU10
 790:Drivers/STM32F0xx_HAL_Driver/Src/stm32f0xx_hal_flash_ex.c **** }
  58              		.loc 1 790 1 is_stmt 0 view .LVU11
  59              		@ sp needed
  60              	.LVL4:
  61              		.loc 1 790 1 view .LVU12
  62 000e 70BD     		pop	{r4, r5, r6, pc}
  63              	.L4:
 762:Drivers/STM32F0xx_HAL_Driver/Src/stm32f0xx_hal_flash_ex.c ****     
ARM GAS  C:\Users\techn\AppData\Local\Temp\ccPUBBag.s 			page 16


  64              		.loc 1 762 5 is_stmt 1 view .LVU13
 765:Drivers/STM32F0xx_HAL_Driver/Src/stm32f0xx_hal_flash_ex.c ****     SET_BIT(FLASH->CR, FLASH_CR_STRT);
  65              		.loc 1 765 5 is_stmt 0 view .LVU14
  66 0010 2026     		movs	r6, #32
 766:Drivers/STM32F0xx_HAL_Driver/Src/stm32f0xx_hal_flash_ex.c **** 
  67              		.loc 1 766 5 view .LVU15
  68 0012 4022     		movs	r2, #64
 762:Drivers/STM32F0xx_HAL_Driver/Src/stm32f0xx_hal_flash_ex.c ****     
  69              		.loc 1 762 22 view .LVU16
  70 0014 0F4B     		ldr	r3, .L5+4
 765:Drivers/STM32F0xx_HAL_Driver/Src/stm32f0xx_hal_flash_ex.c ****     SET_BIT(FLASH->CR, FLASH_CR_STRT);
  71              		.loc 1 765 5 view .LVU17
  72 0016 104C     		ldr	r4, .L5+8
 762:Drivers/STM32F0xx_HAL_Driver/Src/stm32f0xx_hal_flash_ex.c ****     
  73              		.loc 1 762 22 view .LVU18
  74 0018 D861     		str	r0, [r3, #28]
 765:Drivers/STM32F0xx_HAL_Driver/Src/stm32f0xx_hal_flash_ex.c ****     SET_BIT(FLASH->CR, FLASH_CR_STRT);
  75              		.loc 1 765 5 is_stmt 1 view .LVU19
  76 001a 2369     		ldr	r3, [r4, #16]
 769:Drivers/STM32F0xx_HAL_Driver/Src/stm32f0xx_hal_flash_ex.c **** 
  77              		.loc 1 769 14 is_stmt 0 view .LVU20
  78 001c 0C48     		ldr	r0, .L5
  79              	.LVL5:
 765:Drivers/STM32F0xx_HAL_Driver/Src/stm32f0xx_hal_flash_ex.c ****     SET_BIT(FLASH->CR, FLASH_CR_STRT);
  80              		.loc 1 765 5 view .LVU21
  81 001e 3343     		orrs	r3, r6
  82 0020 2361     		str	r3, [r4, #16]
 766:Drivers/STM32F0xx_HAL_Driver/Src/stm32f0xx_hal_flash_ex.c **** 
  83              		.loc 1 766 5 is_stmt 1 view .LVU22
  84 0022 2369     		ldr	r3, [r4, #16]
  85 0024 1343     		orrs	r3, r2
  86 0026 2361     		str	r3, [r4, #16]
 769:Drivers/STM32F0xx_HAL_Driver/Src/stm32f0xx_hal_flash_ex.c **** 
  87              		.loc 1 769 5 view .LVU23
 769:Drivers/STM32F0xx_HAL_Driver/Src/stm32f0xx_hal_flash_ex.c **** 
  88              		.loc 1 769 14 is_stmt 0 view .LVU24
  89 0028 FFF7FEFF 		bl	FLASH_WaitForLastOperation
  90              	.LVL6:
 772:Drivers/STM32F0xx_HAL_Driver/Src/stm32f0xx_hal_flash_ex.c **** 
  91              		.loc 1 772 5 is_stmt 1 view .LVU25
  92 002c 2369     		ldr	r3, [r4, #16]
  93 002e B343     		bics	r3, r6
  94 0030 2361     		str	r3, [r4, #16]
 774:Drivers/STM32F0xx_HAL_Driver/Src/stm32f0xx_hal_flash_ex.c ****     {
  95              		.loc 1 774 5 view .LVU26
 774:Drivers/STM32F0xx_HAL_Driver/Src/stm32f0xx_hal_flash_ex.c ****     {
  96              		.loc 1 774 7 is_stmt 0 view .LVU27
  97 0032 0028     		cmp	r0, #0
  98 0034 EBD1     		bne	.L2
  99              	.LVL7:
 100              	.LBB24:
 101              	.LBI24:
 749:Drivers/STM32F0xx_HAL_Driver/Src/stm32f0xx_hal_flash_ex.c **** {
 102              		.loc 1 749 26 is_stmt 1 view .LVU28
 103              	.LBB25:
 777:Drivers/STM32F0xx_HAL_Driver/Src/stm32f0xx_hal_flash_ex.c ****       
 104              		.loc 1 777 7 view .LVU29
ARM GAS  C:\Users\techn\AppData\Local\Temp\ccPUBBag.s 			page 17


 105 0036 2369     		ldr	r3, [r4, #16]
 106 0038 103E     		subs	r6, r6, #16
 107 003a 3343     		orrs	r3, r6
 108 003c 2361     		str	r3, [r4, #16]
 779:Drivers/STM32F0xx_HAL_Driver/Src/stm32f0xx_hal_flash_ex.c ****       
 109              		.loc 1 779 7 view .LVU30
 110 003e 074B     		ldr	r3, .L5+12
 782:Drivers/STM32F0xx_HAL_Driver/Src/stm32f0xx_hal_flash_ex.c ****       
 111              		.loc 1 782 16 is_stmt 0 view .LVU31
 112 0040 0348     		ldr	r0, .L5
 113              	.LVL8:
 779:Drivers/STM32F0xx_HAL_Driver/Src/stm32f0xx_hal_flash_ex.c ****       
 114              		.loc 1 779 7 view .LVU32
 115 0042 1D80     		strh	r5, [r3]
 782:Drivers/STM32F0xx_HAL_Driver/Src/stm32f0xx_hal_flash_ex.c ****       
 116              		.loc 1 782 7 is_stmt 1 view .LVU33
 782:Drivers/STM32F0xx_HAL_Driver/Src/stm32f0xx_hal_flash_ex.c ****       
 117              		.loc 1 782 16 is_stmt 0 view .LVU34
 118 0044 FFF7FEFF 		bl	FLASH_WaitForLastOperation
 119              	.LVL9:
 785:Drivers/STM32F0xx_HAL_Driver/Src/stm32f0xx_hal_flash_ex.c ****     }
 120              		.loc 1 785 7 is_stmt 1 view .LVU35
 121 0048 2369     		ldr	r3, [r4, #16]
 122 004a B343     		bics	r3, r6
 123 004c 2361     		str	r3, [r4, #16]
 789:Drivers/STM32F0xx_HAL_Driver/Src/stm32f0xx_hal_flash_ex.c **** }
 124              		.loc 1 789 3 view .LVU36
 125              	.LVL10:
 789:Drivers/STM32F0xx_HAL_Driver/Src/stm32f0xx_hal_flash_ex.c **** }
 126              		.loc 1 789 3 is_stmt 0 view .LVU37
 127 004e DEE7     		b	.L2
 128              	.L6:
 129              		.align	2
 130              	.L5:
 131 0050 50C30000 		.word	50000
 132 0054 00000000 		.word	pFlash
 133 0058 00200240 		.word	1073881088
 134 005c 00F8FF1F 		.word	536868864
 135              	.LBE25:
 136              	.LBE24:
 137              		.cfi_endproc
 138              	.LFE49:
 140              		.section	.text.HAL_FLASHEx_Erase,"ax",%progbits
 141              		.align	1
 142              		.p2align 2,,3
 143              		.global	HAL_FLASHEx_Erase
 144              		.syntax unified
 145              		.code	16
 146              		.thumb_func
 148              	HAL_FLASHEx_Erase:
 149              	.LVL11:
 150              	.LFB40:
 158:Drivers/STM32F0xx_HAL_Driver/Src/stm32f0xx_hal_flash_ex.c ****   HAL_StatusTypeDef status = HAL_ERROR;
 151              		.loc 1 158 1 is_stmt 1 view -0
 152              		.cfi_startproc
 153              		@ args = 0, pretend = 0, frame = 0
 154              		@ frame_needed = 0, uses_anonymous_args = 0
ARM GAS  C:\Users\techn\AppData\Local\Temp\ccPUBBag.s 			page 18


 159:Drivers/STM32F0xx_HAL_Driver/Src/stm32f0xx_hal_flash_ex.c ****   uint32_t address = 0U;
 155              		.loc 1 159 3 view .LVU39
 160:Drivers/STM32F0xx_HAL_Driver/Src/stm32f0xx_hal_flash_ex.c **** 
 156              		.loc 1 160 3 view .LVU40
 163:Drivers/STM32F0xx_HAL_Driver/Src/stm32f0xx_hal_flash_ex.c **** 
 157              		.loc 1 163 3 view .LVU41
 163:Drivers/STM32F0xx_HAL_Driver/Src/stm32f0xx_hal_flash_ex.c **** 
 158              		.loc 1 163 3 view .LVU42
 158:Drivers/STM32F0xx_HAL_Driver/Src/stm32f0xx_hal_flash_ex.c ****   HAL_StatusTypeDef status = HAL_ERROR;
 159              		.loc 1 158 1 is_stmt 0 view .LVU43
 160 0000 F0B5     		push	{r4, r5, r6, r7, lr}
 161              	.LCFI1:
 162              		.cfi_def_cfa_offset 20
 163              		.cfi_offset 4, -20
 164              		.cfi_offset 5, -16
 165              		.cfi_offset 6, -12
 166              		.cfi_offset 7, -8
 167              		.cfi_offset 14, -4
 168 0002 4646     		mov	r6, r8
 169 0004 4F46     		mov	r7, r9
 170 0006 D646     		mov	lr, r10
 171 0008 C0B5     		push	{r6, r7, lr}
 172              	.LCFI2:
 173              		.cfi_def_cfa_offset 32
 174              		.cfi_offset 8, -32
 175              		.cfi_offset 9, -28
 176              		.cfi_offset 10, -24
 163:Drivers/STM32F0xx_HAL_Driver/Src/stm32f0xx_hal_flash_ex.c **** 
 177              		.loc 1 163 3 view .LVU44
 178 000a 2F4F     		ldr	r7, .L18
 158:Drivers/STM32F0xx_HAL_Driver/Src/stm32f0xx_hal_flash_ex.c ****   HAL_StatusTypeDef status = HAL_ERROR;
 179              		.loc 1 158 1 view .LVU45
 180 000c 0600     		movs	r6, r0
 163:Drivers/STM32F0xx_HAL_Driver/Src/stm32f0xx_hal_flash_ex.c **** 
 181              		.loc 1 163 3 view .LVU46
 182 000e 3B7E     		ldrb	r3, [r7, #24]
 158:Drivers/STM32F0xx_HAL_Driver/Src/stm32f0xx_hal_flash_ex.c ****   HAL_StatusTypeDef status = HAL_ERROR;
 183              		.loc 1 158 1 view .LVU47
 184 0010 8846     		mov	r8, r1
 163:Drivers/STM32F0xx_HAL_Driver/Src/stm32f0xx_hal_flash_ex.c **** 
 185              		.loc 1 163 3 view .LVU48
 186 0012 012B     		cmp	r3, #1
 187 0014 56D0     		beq	.L14
 163:Drivers/STM32F0xx_HAL_Driver/Src/stm32f0xx_hal_flash_ex.c **** 
 188              		.loc 1 163 3 is_stmt 1 discriminator 2 view .LVU49
 189 0016 0123     		movs	r3, #1
 190 0018 3B76     		strb	r3, [r7, #24]
 163:Drivers/STM32F0xx_HAL_Driver/Src/stm32f0xx_hal_flash_ex.c **** 
 191              		.loc 1 163 3 discriminator 2 view .LVU50
 166:Drivers/STM32F0xx_HAL_Driver/Src/stm32f0xx_hal_flash_ex.c **** 
 192              		.loc 1 166 3 view .LVU51
 168:Drivers/STM32F0xx_HAL_Driver/Src/stm32f0xx_hal_flash_ex.c ****   {
 193              		.loc 1 168 3 view .LVU52
 168:Drivers/STM32F0xx_HAL_Driver/Src/stm32f0xx_hal_flash_ex.c ****   {
 194              		.loc 1 168 6 is_stmt 0 view .LVU53
 195 001a 0368     		ldr	r3, [r0]
 172:Drivers/STM32F0xx_HAL_Driver/Src/stm32f0xx_hal_flash_ex.c ****       {
ARM GAS  C:\Users\techn\AppData\Local\Temp\ccPUBBag.s 			page 19


 196              		.loc 1 172 11 view .LVU54
 197 001c 2B48     		ldr	r0, .L18+4
 198              	.LVL12:
 168:Drivers/STM32F0xx_HAL_Driver/Src/stm32f0xx_hal_flash_ex.c ****   {
 199              		.loc 1 168 6 view .LVU55
 200 001e 012B     		cmp	r3, #1
 201 0020 33D0     		beq	.L16
 188:Drivers/STM32F0xx_HAL_Driver/Src/stm32f0xx_hal_flash_ex.c ****     assert_param(IS_FLASH_NB_PAGES(pEraseInit->PageAddress, pEraseInit->NbPages));
 202              		.loc 1 188 5 is_stmt 1 view .LVU56
 189:Drivers/STM32F0xx_HAL_Driver/Src/stm32f0xx_hal_flash_ex.c ****     
 203              		.loc 1 189 5 view .LVU57
 193:Drivers/STM32F0xx_HAL_Driver/Src/stm32f0xx_hal_flash_ex.c ****       {
 204              		.loc 1 193 7 view .LVU58
 193:Drivers/STM32F0xx_HAL_Driver/Src/stm32f0xx_hal_flash_ex.c ****       {
 205              		.loc 1 193 11 is_stmt 0 view .LVU59
 206 0022 FFF7FEFF 		bl	FLASH_WaitForLastOperation
 207              	.LVL13:
 193:Drivers/STM32F0xx_HAL_Driver/Src/stm32f0xx_hal_flash_ex.c ****       {
 208              		.loc 1 193 10 discriminator 1 view .LVU60
 209 0026 0028     		cmp	r0, #0
 210 0028 33D1     		bne	.L10
 196:Drivers/STM32F0xx_HAL_Driver/Src/stm32f0xx_hal_flash_ex.c ****         
 211              		.loc 1 196 9 is_stmt 1 view .LVU61
 196:Drivers/STM32F0xx_HAL_Driver/Src/stm32f0xx_hal_flash_ex.c ****         
 212              		.loc 1 196 20 is_stmt 0 view .LVU62
 213 002a 0123     		movs	r3, #1
 214 002c 4246     		mov	r2, r8
 215 002e 5B42     		rsbs	r3, r3, #0
 216 0030 1360     		str	r3, [r2]
 199:Drivers/STM32F0xx_HAL_Driver/Src/stm32f0xx_hal_flash_ex.c ****             address < ((pEraseInit->NbPages * FLASH_PAGE_SIZE) + pEraseInit->PageAddress);
 217              		.loc 1 199 9 is_stmt 1 view .LVU63
 200:Drivers/STM32F0xx_HAL_Driver/Src/stm32f0xx_hal_flash_ex.c ****             address += FLASH_PAGE_SIZE)
 218              		.loc 1 200 45 is_stmt 0 view .LVU64
 219 0032 B368     		ldr	r3, [r6, #8]
 199:Drivers/STM32F0xx_HAL_Driver/Src/stm32f0xx_hal_flash_ex.c ****             address < ((pEraseInit->NbPages * FLASH_PAGE_SIZE) + pEraseInit->PageAddress);
 220              		.loc 1 199 21 view .LVU65
 221 0034 7568     		ldr	r5, [r6, #4]
 222              	.LVL14:
 200:Drivers/STM32F0xx_HAL_Driver/Src/stm32f0xx_hal_flash_ex.c ****             address += FLASH_PAGE_SIZE)
 223              		.loc 1 200 21 is_stmt 1 view .LVU66
 200:Drivers/STM32F0xx_HAL_Driver/Src/stm32f0xx_hal_flash_ex.c ****             address += FLASH_PAGE_SIZE)
 224              		.loc 1 200 45 is_stmt 0 view .LVU67
 225 0036 9B02     		lsls	r3, r3, #10
 200:Drivers/STM32F0xx_HAL_Driver/Src/stm32f0xx_hal_flash_ex.c ****             address += FLASH_PAGE_SIZE)
 226              		.loc 1 200 64 view .LVU68
 227 0038 5B19     		adds	r3, r3, r5
 200:Drivers/STM32F0xx_HAL_Driver/Src/stm32f0xx_hal_flash_ex.c ****             address += FLASH_PAGE_SIZE)
 228              		.loc 1 200 21 view .LVU69
 229 003a 9D42     		cmp	r5, r3
 230 003c 29D2     		bcs	.L10
 231              	.LBB26:
 232              	.LBB27:
 791:Drivers/STM32F0xx_HAL_Driver/Src/stm32f0xx_hal_flash_ex.c **** 
 792:Drivers/STM32F0xx_HAL_Driver/Src/stm32f0xx_hal_flash_ex.c **** /**
 793:Drivers/STM32F0xx_HAL_Driver/Src/stm32f0xx_hal_flash_ex.c ****   * @brief  Program the FLASH User Option Byte.    
 794:Drivers/STM32F0xx_HAL_Driver/Src/stm32f0xx_hal_flash_ex.c ****   * @note   Programming of the OB should be performed only after an erase (otherwise PGERR occurs)
 795:Drivers/STM32F0xx_HAL_Driver/Src/stm32f0xx_hal_flash_ex.c ****   * @param  UserConfig The FLASH User Option Bytes values: IWDG_SW(Bit0), RST_STOP(Bit1), RST_STDBY
ARM GAS  C:\Users\techn\AppData\Local\Temp\ccPUBBag.s 			page 20


 796:Drivers/STM32F0xx_HAL_Driver/Src/stm32f0xx_hal_flash_ex.c ****   *         VDDA_Analog_Monitoring(Bit5) and SRAM_Parity_Enable(Bit6). 
 797:Drivers/STM32F0xx_HAL_Driver/Src/stm32f0xx_hal_flash_ex.c ****   *         For few devices, following option bytes are available: nBOOT0(Bit3) & BOOT_SEL(Bit7).
 798:Drivers/STM32F0xx_HAL_Driver/Src/stm32f0xx_hal_flash_ex.c ****   * @retval HAL status
 799:Drivers/STM32F0xx_HAL_Driver/Src/stm32f0xx_hal_flash_ex.c ****   */
 800:Drivers/STM32F0xx_HAL_Driver/Src/stm32f0xx_hal_flash_ex.c **** static HAL_StatusTypeDef FLASH_OB_UserConfig(uint8_t UserConfig)
 801:Drivers/STM32F0xx_HAL_Driver/Src/stm32f0xx_hal_flash_ex.c **** {
 802:Drivers/STM32F0xx_HAL_Driver/Src/stm32f0xx_hal_flash_ex.c ****   HAL_StatusTypeDef status = HAL_OK;
 803:Drivers/STM32F0xx_HAL_Driver/Src/stm32f0xx_hal_flash_ex.c **** 
 804:Drivers/STM32F0xx_HAL_Driver/Src/stm32f0xx_hal_flash_ex.c ****   /* Check the parameters */
 805:Drivers/STM32F0xx_HAL_Driver/Src/stm32f0xx_hal_flash_ex.c ****   assert_param(IS_OB_IWDG_SOURCE((UserConfig&OB_IWDG_SW)));
 806:Drivers/STM32F0xx_HAL_Driver/Src/stm32f0xx_hal_flash_ex.c ****   assert_param(IS_OB_STOP_SOURCE((UserConfig&OB_STOP_NO_RST)));
 807:Drivers/STM32F0xx_HAL_Driver/Src/stm32f0xx_hal_flash_ex.c ****   assert_param(IS_OB_STDBY_SOURCE((UserConfig&OB_STDBY_NO_RST)));
 808:Drivers/STM32F0xx_HAL_Driver/Src/stm32f0xx_hal_flash_ex.c ****   assert_param(IS_OB_BOOT1((UserConfig&OB_BOOT1_SET)));
 809:Drivers/STM32F0xx_HAL_Driver/Src/stm32f0xx_hal_flash_ex.c ****   assert_param(IS_OB_VDDA_ANALOG((UserConfig&OB_VDDA_ANALOG_ON)));
 810:Drivers/STM32F0xx_HAL_Driver/Src/stm32f0xx_hal_flash_ex.c ****   assert_param(IS_OB_SRAM_PARITY((UserConfig&OB_SRAM_PARITY_RESET)));
 811:Drivers/STM32F0xx_HAL_Driver/Src/stm32f0xx_hal_flash_ex.c **** #if defined(FLASH_OBR_BOOT_SEL)
 812:Drivers/STM32F0xx_HAL_Driver/Src/stm32f0xx_hal_flash_ex.c ****   assert_param(IS_OB_BOOT_SEL((UserConfig&OB_BOOT_SEL_SET)));
 813:Drivers/STM32F0xx_HAL_Driver/Src/stm32f0xx_hal_flash_ex.c ****   assert_param(IS_OB_BOOT0((UserConfig&OB_BOOT0_SET)));
 814:Drivers/STM32F0xx_HAL_Driver/Src/stm32f0xx_hal_flash_ex.c **** #endif /* FLASH_OBR_BOOT_SEL */
 815:Drivers/STM32F0xx_HAL_Driver/Src/stm32f0xx_hal_flash_ex.c **** 
 816:Drivers/STM32F0xx_HAL_Driver/Src/stm32f0xx_hal_flash_ex.c ****   /* Wait for last operation to be completed */
 817:Drivers/STM32F0xx_HAL_Driver/Src/stm32f0xx_hal_flash_ex.c ****   status = FLASH_WaitForLastOperation((uint32_t)FLASH_TIMEOUT_VALUE);
 818:Drivers/STM32F0xx_HAL_Driver/Src/stm32f0xx_hal_flash_ex.c ****   
 819:Drivers/STM32F0xx_HAL_Driver/Src/stm32f0xx_hal_flash_ex.c ****   if(status == HAL_OK)
 820:Drivers/STM32F0xx_HAL_Driver/Src/stm32f0xx_hal_flash_ex.c ****   {     
 821:Drivers/STM32F0xx_HAL_Driver/Src/stm32f0xx_hal_flash_ex.c ****     /* Clean the error context */
 822:Drivers/STM32F0xx_HAL_Driver/Src/stm32f0xx_hal_flash_ex.c ****     pFlash.ErrorCode = HAL_FLASH_ERROR_NONE;
 823:Drivers/STM32F0xx_HAL_Driver/Src/stm32f0xx_hal_flash_ex.c **** 
 824:Drivers/STM32F0xx_HAL_Driver/Src/stm32f0xx_hal_flash_ex.c ****     /* Enable the Option Bytes Programming operation */
 825:Drivers/STM32F0xx_HAL_Driver/Src/stm32f0xx_hal_flash_ex.c ****     SET_BIT(FLASH->CR, FLASH_CR_OPTPG); 
 826:Drivers/STM32F0xx_HAL_Driver/Src/stm32f0xx_hal_flash_ex.c ****  
 827:Drivers/STM32F0xx_HAL_Driver/Src/stm32f0xx_hal_flash_ex.c **** #if defined(FLASH_OBR_BOOT_SEL)
 828:Drivers/STM32F0xx_HAL_Driver/Src/stm32f0xx_hal_flash_ex.c ****     OB->USER = UserConfig;
 829:Drivers/STM32F0xx_HAL_Driver/Src/stm32f0xx_hal_flash_ex.c **** #else
 830:Drivers/STM32F0xx_HAL_Driver/Src/stm32f0xx_hal_flash_ex.c ****     OB->USER = (UserConfig | 0x88U);
 831:Drivers/STM32F0xx_HAL_Driver/Src/stm32f0xx_hal_flash_ex.c **** #endif
 832:Drivers/STM32F0xx_HAL_Driver/Src/stm32f0xx_hal_flash_ex.c **** 
 833:Drivers/STM32F0xx_HAL_Driver/Src/stm32f0xx_hal_flash_ex.c ****     /* Wait for last operation to be completed */
 834:Drivers/STM32F0xx_HAL_Driver/Src/stm32f0xx_hal_flash_ex.c ****     status = FLASH_WaitForLastOperation((uint32_t)FLASH_TIMEOUT_VALUE);
 835:Drivers/STM32F0xx_HAL_Driver/Src/stm32f0xx_hal_flash_ex.c **** 
 836:Drivers/STM32F0xx_HAL_Driver/Src/stm32f0xx_hal_flash_ex.c ****     /* if the program operation is completed, disable the OPTPG Bit */
 837:Drivers/STM32F0xx_HAL_Driver/Src/stm32f0xx_hal_flash_ex.c ****     CLEAR_BIT(FLASH->CR, FLASH_CR_OPTPG);
 838:Drivers/STM32F0xx_HAL_Driver/Src/stm32f0xx_hal_flash_ex.c ****   }
 839:Drivers/STM32F0xx_HAL_Driver/Src/stm32f0xx_hal_flash_ex.c ****   
 840:Drivers/STM32F0xx_HAL_Driver/Src/stm32f0xx_hal_flash_ex.c ****   return status; 
 841:Drivers/STM32F0xx_HAL_Driver/Src/stm32f0xx_hal_flash_ex.c **** }
 842:Drivers/STM32F0xx_HAL_Driver/Src/stm32f0xx_hal_flash_ex.c **** 
 843:Drivers/STM32F0xx_HAL_Driver/Src/stm32f0xx_hal_flash_ex.c **** /**
 844:Drivers/STM32F0xx_HAL_Driver/Src/stm32f0xx_hal_flash_ex.c ****   * @brief  Programs a half word at a specified Option Byte Data address.
 845:Drivers/STM32F0xx_HAL_Driver/Src/stm32f0xx_hal_flash_ex.c ****   * @note   The function @ref HAL_FLASH_Unlock() should be called before to unlock the FLASH interf
 846:Drivers/STM32F0xx_HAL_Driver/Src/stm32f0xx_hal_flash_ex.c ****   *         The function @ref HAL_FLASH_OB_Unlock() should be called before to unlock the options b
 847:Drivers/STM32F0xx_HAL_Driver/Src/stm32f0xx_hal_flash_ex.c ****   *         The function @ref HAL_FLASH_OB_Launch() should be called after to force the reload of t
 848:Drivers/STM32F0xx_HAL_Driver/Src/stm32f0xx_hal_flash_ex.c ****   *         (system reset will occur)
 849:Drivers/STM32F0xx_HAL_Driver/Src/stm32f0xx_hal_flash_ex.c ****   *         Programming of the OB should be performed only after an erase (otherwise PGERR occurs)
 850:Drivers/STM32F0xx_HAL_Driver/Src/stm32f0xx_hal_flash_ex.c ****   * @param  Address specifies the address to be programmed.
 851:Drivers/STM32F0xx_HAL_Driver/Src/stm32f0xx_hal_flash_ex.c ****   *         This parameter can be 0x1FFFF804 or 0x1FFFF806. 
 852:Drivers/STM32F0xx_HAL_Driver/Src/stm32f0xx_hal_flash_ex.c ****   * @param  Data specifies the data to be programmed.
ARM GAS  C:\Users\techn\AppData\Local\Temp\ccPUBBag.s 			page 21


 853:Drivers/STM32F0xx_HAL_Driver/Src/stm32f0xx_hal_flash_ex.c ****   * @retval HAL status
 854:Drivers/STM32F0xx_HAL_Driver/Src/stm32f0xx_hal_flash_ex.c ****   */
 855:Drivers/STM32F0xx_HAL_Driver/Src/stm32f0xx_hal_flash_ex.c **** static HAL_StatusTypeDef FLASH_OB_ProgramData(uint32_t Address, uint8_t Data)
 856:Drivers/STM32F0xx_HAL_Driver/Src/stm32f0xx_hal_flash_ex.c **** {
 857:Drivers/STM32F0xx_HAL_Driver/Src/stm32f0xx_hal_flash_ex.c ****   HAL_StatusTypeDef status = HAL_ERROR;
 858:Drivers/STM32F0xx_HAL_Driver/Src/stm32f0xx_hal_flash_ex.c ****   
 859:Drivers/STM32F0xx_HAL_Driver/Src/stm32f0xx_hal_flash_ex.c ****   /* Check the parameters */
 860:Drivers/STM32F0xx_HAL_Driver/Src/stm32f0xx_hal_flash_ex.c ****   assert_param(IS_OB_DATA_ADDRESS(Address));
 861:Drivers/STM32F0xx_HAL_Driver/Src/stm32f0xx_hal_flash_ex.c ****   
 862:Drivers/STM32F0xx_HAL_Driver/Src/stm32f0xx_hal_flash_ex.c ****   /* Wait for last operation to be completed */
 863:Drivers/STM32F0xx_HAL_Driver/Src/stm32f0xx_hal_flash_ex.c ****   status = FLASH_WaitForLastOperation((uint32_t)FLASH_TIMEOUT_VALUE);
 864:Drivers/STM32F0xx_HAL_Driver/Src/stm32f0xx_hal_flash_ex.c ****   
 865:Drivers/STM32F0xx_HAL_Driver/Src/stm32f0xx_hal_flash_ex.c ****   if(status == HAL_OK)
 866:Drivers/STM32F0xx_HAL_Driver/Src/stm32f0xx_hal_flash_ex.c ****   {
 867:Drivers/STM32F0xx_HAL_Driver/Src/stm32f0xx_hal_flash_ex.c ****     /* Clean the error context */
 868:Drivers/STM32F0xx_HAL_Driver/Src/stm32f0xx_hal_flash_ex.c ****     pFlash.ErrorCode = HAL_FLASH_ERROR_NONE;
 869:Drivers/STM32F0xx_HAL_Driver/Src/stm32f0xx_hal_flash_ex.c **** 
 870:Drivers/STM32F0xx_HAL_Driver/Src/stm32f0xx_hal_flash_ex.c ****     /* Enables the Option Bytes Programming operation */
 871:Drivers/STM32F0xx_HAL_Driver/Src/stm32f0xx_hal_flash_ex.c ****     SET_BIT(FLASH->CR, FLASH_CR_OPTPG); 
 872:Drivers/STM32F0xx_HAL_Driver/Src/stm32f0xx_hal_flash_ex.c ****     *(__IO uint16_t*)Address = Data;
 873:Drivers/STM32F0xx_HAL_Driver/Src/stm32f0xx_hal_flash_ex.c ****     
 874:Drivers/STM32F0xx_HAL_Driver/Src/stm32f0xx_hal_flash_ex.c ****     /* Wait for last operation to be completed */
 875:Drivers/STM32F0xx_HAL_Driver/Src/stm32f0xx_hal_flash_ex.c ****     status = FLASH_WaitForLastOperation((uint32_t)FLASH_TIMEOUT_VALUE);
 876:Drivers/STM32F0xx_HAL_Driver/Src/stm32f0xx_hal_flash_ex.c ****     
 877:Drivers/STM32F0xx_HAL_Driver/Src/stm32f0xx_hal_flash_ex.c ****     /* If the program operation is completed, disable the OPTPG Bit */
 878:Drivers/STM32F0xx_HAL_Driver/Src/stm32f0xx_hal_flash_ex.c ****     CLEAR_BIT(FLASH->CR, FLASH_CR_OPTPG);
 879:Drivers/STM32F0xx_HAL_Driver/Src/stm32f0xx_hal_flash_ex.c ****   }
 880:Drivers/STM32F0xx_HAL_Driver/Src/stm32f0xx_hal_flash_ex.c ****   /* Return the Option Byte Data Program Status */
 881:Drivers/STM32F0xx_HAL_Driver/Src/stm32f0xx_hal_flash_ex.c ****   return status;
 882:Drivers/STM32F0xx_HAL_Driver/Src/stm32f0xx_hal_flash_ex.c **** }
 883:Drivers/STM32F0xx_HAL_Driver/Src/stm32f0xx_hal_flash_ex.c **** 
 884:Drivers/STM32F0xx_HAL_Driver/Src/stm32f0xx_hal_flash_ex.c **** /**
 885:Drivers/STM32F0xx_HAL_Driver/Src/stm32f0xx_hal_flash_ex.c ****   * @brief  Return the FLASH Write Protection Option Bytes value.
 886:Drivers/STM32F0xx_HAL_Driver/Src/stm32f0xx_hal_flash_ex.c ****   * @retval The FLASH Write Protection Option Bytes value
 887:Drivers/STM32F0xx_HAL_Driver/Src/stm32f0xx_hal_flash_ex.c ****   */
 888:Drivers/STM32F0xx_HAL_Driver/Src/stm32f0xx_hal_flash_ex.c **** static uint32_t FLASH_OB_GetWRP(void)
 889:Drivers/STM32F0xx_HAL_Driver/Src/stm32f0xx_hal_flash_ex.c **** {
 890:Drivers/STM32F0xx_HAL_Driver/Src/stm32f0xx_hal_flash_ex.c ****   /* Return the FLASH write protection Register value */
 891:Drivers/STM32F0xx_HAL_Driver/Src/stm32f0xx_hal_flash_ex.c ****   return (uint32_t)(READ_REG(FLASH->WRPR));
 892:Drivers/STM32F0xx_HAL_Driver/Src/stm32f0xx_hal_flash_ex.c **** }
 893:Drivers/STM32F0xx_HAL_Driver/Src/stm32f0xx_hal_flash_ex.c **** 
 894:Drivers/STM32F0xx_HAL_Driver/Src/stm32f0xx_hal_flash_ex.c **** /**
 895:Drivers/STM32F0xx_HAL_Driver/Src/stm32f0xx_hal_flash_ex.c ****   * @brief  Returns the FLASH Read Protection level.
 896:Drivers/STM32F0xx_HAL_Driver/Src/stm32f0xx_hal_flash_ex.c ****   * @retval FLASH RDP level
 897:Drivers/STM32F0xx_HAL_Driver/Src/stm32f0xx_hal_flash_ex.c ****   *         This parameter can be one of the following values:
 898:Drivers/STM32F0xx_HAL_Driver/Src/stm32f0xx_hal_flash_ex.c ****   *            @arg @ref OB_RDP_LEVEL_0 No protection
 899:Drivers/STM32F0xx_HAL_Driver/Src/stm32f0xx_hal_flash_ex.c ****   *            @arg @ref OB_RDP_LEVEL_1 Read protection of the memory
 900:Drivers/STM32F0xx_HAL_Driver/Src/stm32f0xx_hal_flash_ex.c ****   *            @arg @ref OB_RDP_LEVEL_2 Full chip protection
 901:Drivers/STM32F0xx_HAL_Driver/Src/stm32f0xx_hal_flash_ex.c ****   */
 902:Drivers/STM32F0xx_HAL_Driver/Src/stm32f0xx_hal_flash_ex.c **** static uint32_t FLASH_OB_GetRDP(void)
 903:Drivers/STM32F0xx_HAL_Driver/Src/stm32f0xx_hal_flash_ex.c **** {
 904:Drivers/STM32F0xx_HAL_Driver/Src/stm32f0xx_hal_flash_ex.c ****   uint32_t tmp_reg;
 905:Drivers/STM32F0xx_HAL_Driver/Src/stm32f0xx_hal_flash_ex.c ****   
 906:Drivers/STM32F0xx_HAL_Driver/Src/stm32f0xx_hal_flash_ex.c ****   /* Read RDP level bits */
 907:Drivers/STM32F0xx_HAL_Driver/Src/stm32f0xx_hal_flash_ex.c ****   tmp_reg = READ_BIT(FLASH->OBR, (FLASH_OBR_RDPRT1 | FLASH_OBR_RDPRT2));
 908:Drivers/STM32F0xx_HAL_Driver/Src/stm32f0xx_hal_flash_ex.c **** 
 909:Drivers/STM32F0xx_HAL_Driver/Src/stm32f0xx_hal_flash_ex.c ****   if (tmp_reg == 0U)
ARM GAS  C:\Users\techn\AppData\Local\Temp\ccPUBBag.s 			page 22


 910:Drivers/STM32F0xx_HAL_Driver/Src/stm32f0xx_hal_flash_ex.c ****   {
 911:Drivers/STM32F0xx_HAL_Driver/Src/stm32f0xx_hal_flash_ex.c ****     return OB_RDP_LEVEL_0;
 912:Drivers/STM32F0xx_HAL_Driver/Src/stm32f0xx_hal_flash_ex.c ****   }
 913:Drivers/STM32F0xx_HAL_Driver/Src/stm32f0xx_hal_flash_ex.c ****   else if ((tmp_reg & FLASH_OBR_RDPRT2) == FLASH_OBR_RDPRT2)
 914:Drivers/STM32F0xx_HAL_Driver/Src/stm32f0xx_hal_flash_ex.c ****   {
 915:Drivers/STM32F0xx_HAL_Driver/Src/stm32f0xx_hal_flash_ex.c ****     return OB_RDP_LEVEL_2;
 916:Drivers/STM32F0xx_HAL_Driver/Src/stm32f0xx_hal_flash_ex.c ****   }
 917:Drivers/STM32F0xx_HAL_Driver/Src/stm32f0xx_hal_flash_ex.c ****   else 
 918:Drivers/STM32F0xx_HAL_Driver/Src/stm32f0xx_hal_flash_ex.c ****   {
 919:Drivers/STM32F0xx_HAL_Driver/Src/stm32f0xx_hal_flash_ex.c ****     return OB_RDP_LEVEL_1;
 920:Drivers/STM32F0xx_HAL_Driver/Src/stm32f0xx_hal_flash_ex.c ****   }
 921:Drivers/STM32F0xx_HAL_Driver/Src/stm32f0xx_hal_flash_ex.c **** }
 922:Drivers/STM32F0xx_HAL_Driver/Src/stm32f0xx_hal_flash_ex.c **** 
 923:Drivers/STM32F0xx_HAL_Driver/Src/stm32f0xx_hal_flash_ex.c **** /**
 924:Drivers/STM32F0xx_HAL_Driver/Src/stm32f0xx_hal_flash_ex.c ****   * @brief  Return the FLASH User Option Byte value.
 925:Drivers/STM32F0xx_HAL_Driver/Src/stm32f0xx_hal_flash_ex.c ****   * @retval  The FLASH User Option Bytes values: IWDG_SW(Bit0), RST_STOP(Bit1), RST_STDBY(Bit2), nB
 926:Drivers/STM32F0xx_HAL_Driver/Src/stm32f0xx_hal_flash_ex.c ****   *         VDDA_Analog_Monitoring(Bit5) and SRAM_Parity_Enable(Bit6). 
 927:Drivers/STM32F0xx_HAL_Driver/Src/stm32f0xx_hal_flash_ex.c ****   *         For few devices, following option bytes are available: nBOOT0(Bit3) & BOOT_SEL(Bit7).
 928:Drivers/STM32F0xx_HAL_Driver/Src/stm32f0xx_hal_flash_ex.c ****   */
 929:Drivers/STM32F0xx_HAL_Driver/Src/stm32f0xx_hal_flash_ex.c **** static uint8_t FLASH_OB_GetUser(void)
 930:Drivers/STM32F0xx_HAL_Driver/Src/stm32f0xx_hal_flash_ex.c **** {
 931:Drivers/STM32F0xx_HAL_Driver/Src/stm32f0xx_hal_flash_ex.c ****   /* Return the User Option Byte */
 932:Drivers/STM32F0xx_HAL_Driver/Src/stm32f0xx_hal_flash_ex.c ****   return (uint8_t)((READ_REG(FLASH->OBR) & FLASH_OBR_USER) >> FLASH_POSITION_IWDGSW_BIT);
 933:Drivers/STM32F0xx_HAL_Driver/Src/stm32f0xx_hal_flash_ex.c **** }
 934:Drivers/STM32F0xx_HAL_Driver/Src/stm32f0xx_hal_flash_ex.c **** 
 935:Drivers/STM32F0xx_HAL_Driver/Src/stm32f0xx_hal_flash_ex.c **** /**
 936:Drivers/STM32F0xx_HAL_Driver/Src/stm32f0xx_hal_flash_ex.c ****   * @}
 937:Drivers/STM32F0xx_HAL_Driver/Src/stm32f0xx_hal_flash_ex.c ****   */
 938:Drivers/STM32F0xx_HAL_Driver/Src/stm32f0xx_hal_flash_ex.c **** 
 939:Drivers/STM32F0xx_HAL_Driver/Src/stm32f0xx_hal_flash_ex.c **** /**
 940:Drivers/STM32F0xx_HAL_Driver/Src/stm32f0xx_hal_flash_ex.c ****   * @}
 941:Drivers/STM32F0xx_HAL_Driver/Src/stm32f0xx_hal_flash_ex.c ****   */
 942:Drivers/STM32F0xx_HAL_Driver/Src/stm32f0xx_hal_flash_ex.c **** 
 943:Drivers/STM32F0xx_HAL_Driver/Src/stm32f0xx_hal_flash_ex.c **** /** @addtogroup FLASH
 944:Drivers/STM32F0xx_HAL_Driver/Src/stm32f0xx_hal_flash_ex.c ****   * @{
 945:Drivers/STM32F0xx_HAL_Driver/Src/stm32f0xx_hal_flash_ex.c ****   */
 946:Drivers/STM32F0xx_HAL_Driver/Src/stm32f0xx_hal_flash_ex.c **** 
 947:Drivers/STM32F0xx_HAL_Driver/Src/stm32f0xx_hal_flash_ex.c **** /** @addtogroup FLASH_Private_Functions
 948:Drivers/STM32F0xx_HAL_Driver/Src/stm32f0xx_hal_flash_ex.c ****  * @{
 949:Drivers/STM32F0xx_HAL_Driver/Src/stm32f0xx_hal_flash_ex.c ****  */
 950:Drivers/STM32F0xx_HAL_Driver/Src/stm32f0xx_hal_flash_ex.c **** 
 951:Drivers/STM32F0xx_HAL_Driver/Src/stm32f0xx_hal_flash_ex.c **** /**
 952:Drivers/STM32F0xx_HAL_Driver/Src/stm32f0xx_hal_flash_ex.c ****   * @brief  Erase the specified FLASH memory page
 953:Drivers/STM32F0xx_HAL_Driver/Src/stm32f0xx_hal_flash_ex.c ****   * @param  PageAddress FLASH page to erase
 954:Drivers/STM32F0xx_HAL_Driver/Src/stm32f0xx_hal_flash_ex.c ****   *         The value of this parameter depend on device used within the same series      
 955:Drivers/STM32F0xx_HAL_Driver/Src/stm32f0xx_hal_flash_ex.c ****   * 
 956:Drivers/STM32F0xx_HAL_Driver/Src/stm32f0xx_hal_flash_ex.c ****   * @retval None
 957:Drivers/STM32F0xx_HAL_Driver/Src/stm32f0xx_hal_flash_ex.c ****   */
 958:Drivers/STM32F0xx_HAL_Driver/Src/stm32f0xx_hal_flash_ex.c **** void FLASH_PageErase(uint32_t PageAddress)
 959:Drivers/STM32F0xx_HAL_Driver/Src/stm32f0xx_hal_flash_ex.c **** {
 960:Drivers/STM32F0xx_HAL_Driver/Src/stm32f0xx_hal_flash_ex.c ****   /* Clean the error context */
 961:Drivers/STM32F0xx_HAL_Driver/Src/stm32f0xx_hal_flash_ex.c ****   pFlash.ErrorCode = HAL_FLASH_ERROR_NONE;
 233              		.loc 1 961 20 view .LVU70
 234 003e 0023     		movs	r3, #0
 962:Drivers/STM32F0xx_HAL_Driver/Src/stm32f0xx_hal_flash_ex.c **** 
 963:Drivers/STM32F0xx_HAL_Driver/Src/stm32f0xx_hal_flash_ex.c ****     /* Proceed to erase the page */
 964:Drivers/STM32F0xx_HAL_Driver/Src/stm32f0xx_hal_flash_ex.c ****     SET_BIT(FLASH->CR, FLASH_CR_PER);
ARM GAS  C:\Users\techn\AppData\Local\Temp\ccPUBBag.s 			page 23


 235              		.loc 1 964 5 view .LVU71
 236 0040 234C     		ldr	r4, .L18+8
 961:Drivers/STM32F0xx_HAL_Driver/Src/stm32f0xx_hal_flash_ex.c **** 
 237              		.loc 1 961 20 view .LVU72
 238 0042 9946     		mov	r9, r3
 239 0044 09E0     		b	.L13
 240              	.LVL15:
 241              	.L12:
 961:Drivers/STM32F0xx_HAL_Driver/Src/stm32f0xx_hal_flash_ex.c **** 
 242              		.loc 1 961 20 view .LVU73
 243              	.LBE27:
 244              	.LBE26:
 201:Drivers/STM32F0xx_HAL_Driver/Src/stm32f0xx_hal_flash_ex.c ****         {
 245              		.loc 1 201 21 is_stmt 1 view .LVU74
 246 0046 8023     		movs	r3, #128
 247 0048 DB00     		lsls	r3, r3, #3
 248 004a 9C46     		mov	ip, r3
 200:Drivers/STM32F0xx_HAL_Driver/Src/stm32f0xx_hal_flash_ex.c ****             address += FLASH_PAGE_SIZE)
 249              		.loc 1 200 45 is_stmt 0 view .LVU75
 250 004c B368     		ldr	r3, [r6, #8]
 200:Drivers/STM32F0xx_HAL_Driver/Src/stm32f0xx_hal_flash_ex.c ****             address += FLASH_PAGE_SIZE)
 251              		.loc 1 200 64 view .LVU76
 252 004e 7268     		ldr	r2, [r6, #4]
 200:Drivers/STM32F0xx_HAL_Driver/Src/stm32f0xx_hal_flash_ex.c ****             address += FLASH_PAGE_SIZE)
 253              		.loc 1 200 45 view .LVU77
 254 0050 9B02     		lsls	r3, r3, #10
 201:Drivers/STM32F0xx_HAL_Driver/Src/stm32f0xx_hal_flash_ex.c ****         {
 255              		.loc 1 201 21 view .LVU78
 256 0052 6544     		add	r5, r5, ip
 257              	.LVL16:
 200:Drivers/STM32F0xx_HAL_Driver/Src/stm32f0xx_hal_flash_ex.c ****             address += FLASH_PAGE_SIZE)
 258              		.loc 1 200 21 is_stmt 1 view .LVU79
 200:Drivers/STM32F0xx_HAL_Driver/Src/stm32f0xx_hal_flash_ex.c ****             address += FLASH_PAGE_SIZE)
 259              		.loc 1 200 64 is_stmt 0 view .LVU80
 260 0054 9B18     		adds	r3, r3, r2
 200:Drivers/STM32F0xx_HAL_Driver/Src/stm32f0xx_hal_flash_ex.c ****             address += FLASH_PAGE_SIZE)
 261              		.loc 1 200 21 view .LVU81
 262 0056 AB42     		cmp	r3, r5
 263 0058 1CD9     		bls	.L11
 264              	.LVL17:
 265              	.L13:
 203:Drivers/STM32F0xx_HAL_Driver/Src/stm32f0xx_hal_flash_ex.c ****           
 266              		.loc 1 203 11 is_stmt 1 view .LVU82
 267              	.LBB30:
 268              	.LBI26:
 958:Drivers/STM32F0xx_HAL_Driver/Src/stm32f0xx_hal_flash_ex.c **** {
 269              		.loc 1 958 6 view .LVU83
 270              	.LBB28:
 961:Drivers/STM32F0xx_HAL_Driver/Src/stm32f0xx_hal_flash_ex.c **** 
 271              		.loc 1 961 3 view .LVU84
 272              		.loc 1 964 5 is_stmt 0 view .LVU85
 273 005a 0222     		movs	r2, #2
 961:Drivers/STM32F0xx_HAL_Driver/Src/stm32f0xx_hal_flash_ex.c **** 
 274              		.loc 1 961 20 view .LVU86
 275 005c 4B46     		mov	r3, r9
 276              		.loc 1 964 5 view .LVU87
 277 005e 9246     		mov	r10, r2
ARM GAS  C:\Users\techn\AppData\Local\Temp\ccPUBBag.s 			page 24


 961:Drivers/STM32F0xx_HAL_Driver/Src/stm32f0xx_hal_flash_ex.c **** 
 278              		.loc 1 961 20 view .LVU88
 279 0060 FB61     		str	r3, [r7, #28]
 280              		.loc 1 964 5 is_stmt 1 view .LVU89
 281 0062 2369     		ldr	r3, [r4, #16]
 282              	.LBE28:
 283              	.LBE30:
 206:Drivers/STM32F0xx_HAL_Driver/Src/stm32f0xx_hal_flash_ex.c ****           
 284              		.loc 1 206 20 is_stmt 0 view .LVU90
 285 0064 1948     		ldr	r0, .L18+4
 286              	.LBB31:
 287              	.LBB29:
 288              		.loc 1 964 5 view .LVU91
 289 0066 1343     		orrs	r3, r2
 290 0068 2361     		str	r3, [r4, #16]
 965:Drivers/STM32F0xx_HAL_Driver/Src/stm32f0xx_hal_flash_ex.c ****     WRITE_REG(FLASH->AR, PageAddress);
 291              		.loc 1 965 5 is_stmt 1 view .LVU92
 292 006a 6561     		str	r5, [r4, #20]
 966:Drivers/STM32F0xx_HAL_Driver/Src/stm32f0xx_hal_flash_ex.c ****     SET_BIT(FLASH->CR, FLASH_CR_STRT);
 293              		.loc 1 966 5 view .LVU93
 294 006c 2369     		ldr	r3, [r4, #16]
 295 006e 3E32     		adds	r2, r2, #62
 296 0070 1343     		orrs	r3, r2
 297 0072 2361     		str	r3, [r4, #16]
 298              	.LVL18:
 299              		.loc 1 966 5 is_stmt 0 view .LVU94
 300              	.LBE29:
 301              	.LBE31:
 206:Drivers/STM32F0xx_HAL_Driver/Src/stm32f0xx_hal_flash_ex.c ****           
 302              		.loc 1 206 11 is_stmt 1 view .LVU95
 206:Drivers/STM32F0xx_HAL_Driver/Src/stm32f0xx_hal_flash_ex.c ****           
 303              		.loc 1 206 20 is_stmt 0 view .LVU96
 304 0074 FFF7FEFF 		bl	FLASH_WaitForLastOperation
 305              	.LVL19:
 209:Drivers/STM32F0xx_HAL_Driver/Src/stm32f0xx_hal_flash_ex.c ****           
 306              		.loc 1 209 11 is_stmt 1 view .LVU97
 307 0078 5246     		mov	r2, r10
 308 007a 2369     		ldr	r3, [r4, #16]
 309 007c 9343     		bics	r3, r2
 310 007e 2361     		str	r3, [r4, #16]
 211:Drivers/STM32F0xx_HAL_Driver/Src/stm32f0xx_hal_flash_ex.c ****           {
 311              		.loc 1 211 11 view .LVU98
 211:Drivers/STM32F0xx_HAL_Driver/Src/stm32f0xx_hal_flash_ex.c ****           {
 312              		.loc 1 211 14 is_stmt 0 view .LVU99
 313 0080 0028     		cmp	r0, #0
 314 0082 E0D0     		beq	.L12
 214:Drivers/STM32F0xx_HAL_Driver/Src/stm32f0xx_hal_flash_ex.c ****             break;
 315              		.loc 1 214 13 is_stmt 1 view .LVU100
 214:Drivers/STM32F0xx_HAL_Driver/Src/stm32f0xx_hal_flash_ex.c ****             break;
 316              		.loc 1 214 24 is_stmt 0 view .LVU101
 317 0084 4346     		mov	r3, r8
 318 0086 1D60     		str	r5, [r3]
 215:Drivers/STM32F0xx_HAL_Driver/Src/stm32f0xx_hal_flash_ex.c ****           }
 319              		.loc 1 215 13 is_stmt 1 view .LVU102
 320 0088 04E0     		b	.L11
 321              	.LVL20:
 322              	.L16:
ARM GAS  C:\Users\techn\AppData\Local\Temp\ccPUBBag.s 			page 25


 172:Drivers/STM32F0xx_HAL_Driver/Src/stm32f0xx_hal_flash_ex.c ****       {
 323              		.loc 1 172 7 view .LVU103
 172:Drivers/STM32F0xx_HAL_Driver/Src/stm32f0xx_hal_flash_ex.c ****       {
 324              		.loc 1 172 11 is_stmt 0 view .LVU104
 325 008a FFF7FEFF 		bl	FLASH_WaitForLastOperation
 326              	.LVL21:
 172:Drivers/STM32F0xx_HAL_Driver/Src/stm32f0xx_hal_flash_ex.c ****       {
 327              		.loc 1 172 10 discriminator 1 view .LVU105
 328 008e 0028     		cmp	r0, #0
 329 0090 07D0     		beq	.L17
 330              	.LVL22:
 331              	.L10:
 159:Drivers/STM32F0xx_HAL_Driver/Src/stm32f0xx_hal_flash_ex.c ****   uint32_t address = 0U;
 332              		.loc 1 159 21 view .LVU106
 333 0092 0120     		movs	r0, #1
 334              	.LVL23:
 335              	.L11:
 222:Drivers/STM32F0xx_HAL_Driver/Src/stm32f0xx_hal_flash_ex.c **** 
 336              		.loc 1 222 3 is_stmt 1 view .LVU107
 222:Drivers/STM32F0xx_HAL_Driver/Src/stm32f0xx_hal_flash_ex.c **** 
 337              		.loc 1 222 3 view .LVU108
 338 0094 0023     		movs	r3, #0
 339 0096 3B76     		strb	r3, [r7, #24]
 222:Drivers/STM32F0xx_HAL_Driver/Src/stm32f0xx_hal_flash_ex.c **** 
 340              		.loc 1 222 3 view .LVU109
 224:Drivers/STM32F0xx_HAL_Driver/Src/stm32f0xx_hal_flash_ex.c **** }
 341              		.loc 1 224 3 view .LVU110
 342              	.LVL24:
 343              	.L8:
 225:Drivers/STM32F0xx_HAL_Driver/Src/stm32f0xx_hal_flash_ex.c **** 
 344              		.loc 1 225 1 is_stmt 0 view .LVU111
 345              		@ sp needed
 346              	.LVL25:
 347              	.LVL26:
 225:Drivers/STM32F0xx_HAL_Driver/Src/stm32f0xx_hal_flash_ex.c **** 
 348              		.loc 1 225 1 view .LVU112
 349 0098 E0BC     		pop	{r5, r6, r7}
 350 009a BA46     		mov	r10, r7
 351 009c B146     		mov	r9, r6
 352 009e A846     		mov	r8, r5
 353 00a0 F0BD     		pop	{r4, r5, r6, r7, pc}
 354              	.LVL27:
 355              	.L17:
 175:Drivers/STM32F0xx_HAL_Driver/Src/stm32f0xx_hal_flash_ex.c ****         
 356              		.loc 1 175 9 is_stmt 1 view .LVU113
 357              	.LBB32:
 358              	.LBI32:
 498:Drivers/STM32F0xx_HAL_Driver/Src/stm32f0xx_hal_flash_ex.c **** {
 359              		.loc 1 498 13 view .LVU114
 360              	.LBB33:
 501:Drivers/STM32F0xx_HAL_Driver/Src/stm32f0xx_hal_flash_ex.c **** 
 361              		.loc 1 501 3 view .LVU115
 504:Drivers/STM32F0xx_HAL_Driver/Src/stm32f0xx_hal_flash_ex.c ****     SET_BIT(FLASH->CR, FLASH_CR_STRT);
 362              		.loc 1 504 5 is_stmt 0 view .LVU116
 363 00a2 0425     		movs	r5, #4
 505:Drivers/STM32F0xx_HAL_Driver/Src/stm32f0xx_hal_flash_ex.c **** }
 364              		.loc 1 505 5 view .LVU117
ARM GAS  C:\Users\techn\AppData\Local\Temp\ccPUBBag.s 			page 26


 365 00a4 4022     		movs	r2, #64
 504:Drivers/STM32F0xx_HAL_Driver/Src/stm32f0xx_hal_flash_ex.c ****     SET_BIT(FLASH->CR, FLASH_CR_STRT);
 366              		.loc 1 504 5 view .LVU118
 367 00a6 0A4C     		ldr	r4, .L18+8
 501:Drivers/STM32F0xx_HAL_Driver/Src/stm32f0xx_hal_flash_ex.c **** 
 368              		.loc 1 501 20 view .LVU119
 369 00a8 F861     		str	r0, [r7, #28]
 504:Drivers/STM32F0xx_HAL_Driver/Src/stm32f0xx_hal_flash_ex.c ****     SET_BIT(FLASH->CR, FLASH_CR_STRT);
 370              		.loc 1 504 5 is_stmt 1 view .LVU120
 371 00aa 2369     		ldr	r3, [r4, #16]
 372              	.LBE33:
 373              	.LBE32:
 178:Drivers/STM32F0xx_HAL_Driver/Src/stm32f0xx_hal_flash_ex.c ****         
 374              		.loc 1 178 18 is_stmt 0 view .LVU121
 375 00ac 0748     		ldr	r0, .L18+4
 376              	.LBB35:
 377              	.LBB34:
 504:Drivers/STM32F0xx_HAL_Driver/Src/stm32f0xx_hal_flash_ex.c ****     SET_BIT(FLASH->CR, FLASH_CR_STRT);
 378              		.loc 1 504 5 view .LVU122
 379 00ae 2B43     		orrs	r3, r5
 380 00b0 2361     		str	r3, [r4, #16]
 505:Drivers/STM32F0xx_HAL_Driver/Src/stm32f0xx_hal_flash_ex.c **** }
 381              		.loc 1 505 5 is_stmt 1 view .LVU123
 382 00b2 2369     		ldr	r3, [r4, #16]
 383 00b4 1343     		orrs	r3, r2
 384 00b6 2361     		str	r3, [r4, #16]
 385              	.LBE34:
 386              	.LBE35:
 178:Drivers/STM32F0xx_HAL_Driver/Src/stm32f0xx_hal_flash_ex.c ****         
 387              		.loc 1 178 9 view .LVU124
 178:Drivers/STM32F0xx_HAL_Driver/Src/stm32f0xx_hal_flash_ex.c ****         
 388              		.loc 1 178 18 is_stmt 0 view .LVU125
 389 00b8 FFF7FEFF 		bl	FLASH_WaitForLastOperation
 390              	.LVL28:
 181:Drivers/STM32F0xx_HAL_Driver/Src/stm32f0xx_hal_flash_ex.c ****       }
 391              		.loc 1 181 9 is_stmt 1 view .LVU126
 392 00bc 2369     		ldr	r3, [r4, #16]
 393 00be AB43     		bics	r3, r5
 394 00c0 2361     		str	r3, [r4, #16]
 395 00c2 E7E7     		b	.L11
 396              	.LVL29:
 397              	.L14:
 163:Drivers/STM32F0xx_HAL_Driver/Src/stm32f0xx_hal_flash_ex.c **** 
 398              		.loc 1 163 3 is_stmt 0 discriminator 1 view .LVU127
 399 00c4 0220     		movs	r0, #2
 400              	.LVL30:
 163:Drivers/STM32F0xx_HAL_Driver/Src/stm32f0xx_hal_flash_ex.c **** 
 401              		.loc 1 163 3 discriminator 1 view .LVU128
 402 00c6 E7E7     		b	.L8
 403              	.L19:
 404              		.align	2
 405              	.L18:
 406 00c8 00000000 		.word	pFlash
 407 00cc 50C30000 		.word	50000
 408 00d0 00200240 		.word	1073881088
 409              		.cfi_endproc
 410              	.LFE40:
ARM GAS  C:\Users\techn\AppData\Local\Temp\ccPUBBag.s 			page 27


 412              		.section	.text.HAL_FLASHEx_Erase_IT,"ax",%progbits
 413              		.align	1
 414              		.p2align 2,,3
 415              		.global	HAL_FLASHEx_Erase_IT
 416              		.syntax unified
 417              		.code	16
 418              		.thumb_func
 420              	HAL_FLASHEx_Erase_IT:
 421              	.LVL31:
 422              	.LFB41:
 239:Drivers/STM32F0xx_HAL_Driver/Src/stm32f0xx_hal_flash_ex.c ****   HAL_StatusTypeDef status = HAL_OK;
 423              		.loc 1 239 1 is_stmt 1 view -0
 424              		.cfi_startproc
 425              		@ args = 0, pretend = 0, frame = 0
 426              		@ frame_needed = 0, uses_anonymous_args = 0
 240:Drivers/STM32F0xx_HAL_Driver/Src/stm32f0xx_hal_flash_ex.c **** 
 427              		.loc 1 240 3 view .LVU130
 243:Drivers/STM32F0xx_HAL_Driver/Src/stm32f0xx_hal_flash_ex.c **** 
 428              		.loc 1 243 3 view .LVU131
 243:Drivers/STM32F0xx_HAL_Driver/Src/stm32f0xx_hal_flash_ex.c **** 
 429              		.loc 1 243 3 view .LVU132
 239:Drivers/STM32F0xx_HAL_Driver/Src/stm32f0xx_hal_flash_ex.c ****   HAL_StatusTypeDef status = HAL_OK;
 430              		.loc 1 239 1 is_stmt 0 view .LVU133
 431 0000 70B5     		push	{r4, r5, r6, lr}
 432              	.LCFI3:
 433              		.cfi_def_cfa_offset 16
 434              		.cfi_offset 4, -16
 435              		.cfi_offset 5, -12
 436              		.cfi_offset 6, -8
 437              		.cfi_offset 14, -4
 243:Drivers/STM32F0xx_HAL_Driver/Src/stm32f0xx_hal_flash_ex.c **** 
 438              		.loc 1 243 3 view .LVU134
 439 0002 1A4B     		ldr	r3, .L27
 239:Drivers/STM32F0xx_HAL_Driver/Src/stm32f0xx_hal_flash_ex.c ****   HAL_StatusTypeDef status = HAL_OK;
 440              		.loc 1 239 1 view .LVU135
 441 0004 0100     		movs	r1, r0
 243:Drivers/STM32F0xx_HAL_Driver/Src/stm32f0xx_hal_flash_ex.c **** 
 442              		.loc 1 243 3 view .LVU136
 443 0006 1A7E     		ldrb	r2, [r3, #24]
 444 0008 012A     		cmp	r2, #1
 445 000a 2CD0     		beq	.L24
 243:Drivers/STM32F0xx_HAL_Driver/Src/stm32f0xx_hal_flash_ex.c **** 
 446              		.loc 1 243 3 is_stmt 1 discriminator 2 view .LVU137
 447 000c 0125     		movs	r5, #1
 246:Drivers/STM32F0xx_HAL_Driver/Src/stm32f0xx_hal_flash_ex.c ****   {
 448              		.loc 1 246 13 is_stmt 0 view .LVU138
 449 000e 1A78     		ldrb	r2, [r3]
 243:Drivers/STM32F0xx_HAL_Driver/Src/stm32f0xx_hal_flash_ex.c **** 
 450              		.loc 1 243 3 discriminator 2 view .LVU139
 451 0010 1D76     		strb	r5, [r3, #24]
 243:Drivers/STM32F0xx_HAL_Driver/Src/stm32f0xx_hal_flash_ex.c **** 
 452              		.loc 1 243 3 is_stmt 1 discriminator 2 view .LVU140
 246:Drivers/STM32F0xx_HAL_Driver/Src/stm32f0xx_hal_flash_ex.c ****   {
 453              		.loc 1 246 3 view .LVU141
 246:Drivers/STM32F0xx_HAL_Driver/Src/stm32f0xx_hal_flash_ex.c ****   {
 454              		.loc 1 246 13 is_stmt 0 view .LVU142
 455 0012 D0B2     		uxtb	r0, r2
ARM GAS  C:\Users\techn\AppData\Local\Temp\ccPUBBag.s 			page 28


 456              	.LVL32:
 246:Drivers/STM32F0xx_HAL_Driver/Src/stm32f0xx_hal_flash_ex.c ****   {
 457              		.loc 1 246 6 view .LVU143
 458 0014 002A     		cmp	r2, #0
 459 0016 18D1     		bne	.L25
 252:Drivers/STM32F0xx_HAL_Driver/Src/stm32f0xx_hal_flash_ex.c **** 
 460              		.loc 1 252 3 is_stmt 1 view .LVU144
 255:Drivers/STM32F0xx_HAL_Driver/Src/stm32f0xx_hal_flash_ex.c **** 
 461              		.loc 1 255 3 view .LVU145
 462 0018 A024     		movs	r4, #160
 463 001a 154A     		ldr	r2, .L27+4
 464 001c 6401     		lsls	r4, r4, #5
 465 001e 1669     		ldr	r6, [r2, #16]
 466 0020 3443     		orrs	r4, r6
 467 0022 1461     		str	r4, [r2, #16]
 257:Drivers/STM32F0xx_HAL_Driver/Src/stm32f0xx_hal_flash_ex.c ****   {
 468              		.loc 1 257 3 view .LVU146
 257:Drivers/STM32F0xx_HAL_Driver/Src/stm32f0xx_hal_flash_ex.c ****   {
 469              		.loc 1 257 6 is_stmt 0 view .LVU147
 470 0024 0C68     		ldr	r4, [r1]
 471 0026 012C     		cmp	r4, #1
 472 0028 11D0     		beq	.L26
 268:Drivers/STM32F0xx_HAL_Driver/Src/stm32f0xx_hal_flash_ex.c ****     assert_param(IS_FLASH_NB_PAGES(pEraseInit->PageAddress, pEraseInit->NbPages));
 473              		.loc 1 268 5 is_stmt 1 view .LVU148
 269:Drivers/STM32F0xx_HAL_Driver/Src/stm32f0xx_hal_flash_ex.c **** 
 474              		.loc 1 269 5 view .LVU149
 271:Drivers/STM32F0xx_HAL_Driver/Src/stm32f0xx_hal_flash_ex.c ****     pFlash.DataRemaining = pEraseInit->NbPages;
 475              		.loc 1 271 5 view .LVU150
 272:Drivers/STM32F0xx_HAL_Driver/Src/stm32f0xx_hal_flash_ex.c ****     pFlash.Address = pEraseInit->PageAddress;
 476              		.loc 1 272 38 is_stmt 0 view .LVU151
 477 002a 8C68     		ldr	r4, [r1, #8]
 271:Drivers/STM32F0xx_HAL_Driver/Src/stm32f0xx_hal_flash_ex.c ****     pFlash.DataRemaining = pEraseInit->NbPages;
 478              		.loc 1 271 29 view .LVU152
 479 002c 1D70     		strb	r5, [r3]
 272:Drivers/STM32F0xx_HAL_Driver/Src/stm32f0xx_hal_flash_ex.c ****     pFlash.Address = pEraseInit->PageAddress;
 480              		.loc 1 272 5 is_stmt 1 view .LVU153
 272:Drivers/STM32F0xx_HAL_Driver/Src/stm32f0xx_hal_flash_ex.c ****     pFlash.Address = pEraseInit->PageAddress;
 481              		.loc 1 272 26 is_stmt 0 view .LVU154
 482 002e 5C60     		str	r4, [r3, #4]
 273:Drivers/STM32F0xx_HAL_Driver/Src/stm32f0xx_hal_flash_ex.c **** 
 483              		.loc 1 273 5 is_stmt 1 view .LVU155
 484              	.LBB36:
 485              	.LBB37:
 964:Drivers/STM32F0xx_HAL_Driver/Src/stm32f0xx_hal_flash_ex.c ****     WRITE_REG(FLASH->AR, PageAddress);
 486              		.loc 1 964 5 is_stmt 0 view .LVU156
 487 0030 0224     		movs	r4, #2
 488              	.LBE37:
 489              	.LBE36:
 273:Drivers/STM32F0xx_HAL_Driver/Src/stm32f0xx_hal_flash_ex.c **** 
 490              		.loc 1 273 32 view .LVU157
 491 0032 4968     		ldr	r1, [r1, #4]
 492              	.LVL33:
 273:Drivers/STM32F0xx_HAL_Driver/Src/stm32f0xx_hal_flash_ex.c **** 
 493              		.loc 1 273 20 view .LVU158
 494 0034 9960     		str	r1, [r3, #8]
 276:Drivers/STM32F0xx_HAL_Driver/Src/stm32f0xx_hal_flash_ex.c ****   }
 495              		.loc 1 276 5 is_stmt 1 view .LVU159
ARM GAS  C:\Users\techn\AppData\Local\Temp\ccPUBBag.s 			page 29


 496              	.LVL34:
 497              	.LBB39:
 498              	.LBI36:
 958:Drivers/STM32F0xx_HAL_Driver/Src/stm32f0xx_hal_flash_ex.c **** {
 499              		.loc 1 958 6 view .LVU160
 500              	.LBB38:
 961:Drivers/STM32F0xx_HAL_Driver/Src/stm32f0xx_hal_flash_ex.c **** 
 501              		.loc 1 961 3 view .LVU161
 961:Drivers/STM32F0xx_HAL_Driver/Src/stm32f0xx_hal_flash_ex.c **** 
 502              		.loc 1 961 20 is_stmt 0 view .LVU162
 503 0036 D861     		str	r0, [r3, #28]
 964:Drivers/STM32F0xx_HAL_Driver/Src/stm32f0xx_hal_flash_ex.c ****     WRITE_REG(FLASH->AR, PageAddress);
 504              		.loc 1 964 5 is_stmt 1 view .LVU163
 505 0038 1369     		ldr	r3, [r2, #16]
 506 003a 2343     		orrs	r3, r4
 507 003c 1361     		str	r3, [r2, #16]
 965:Drivers/STM32F0xx_HAL_Driver/Src/stm32f0xx_hal_flash_ex.c ****     SET_BIT(FLASH->CR, FLASH_CR_STRT);
 508              		.loc 1 965 5 view .LVU164
 509 003e 5161     		str	r1, [r2, #20]
 510              		.loc 1 966 5 view .LVU165
 511 0040 4021     		movs	r1, #64
 512              	.LVL35:
 513              		.loc 1 966 5 is_stmt 0 view .LVU166
 514 0042 1369     		ldr	r3, [r2, #16]
 515 0044 0B43     		orrs	r3, r1
 516 0046 1361     		str	r3, [r2, #16]
 517              	.LVL36:
 518              	.L21:
 519              		.loc 1 966 5 view .LVU167
 520              	.LBE38:
 521              	.LBE39:
 280:Drivers/STM32F0xx_HAL_Driver/Src/stm32f0xx_hal_flash_ex.c **** 
 522              		.loc 1 280 1 view .LVU168
 523              		@ sp needed
 524 0048 70BD     		pop	{r4, r5, r6, pc}
 525              	.LVL37:
 526              	.L25:
 248:Drivers/STM32F0xx_HAL_Driver/Src/stm32f0xx_hal_flash_ex.c ****   }
 527              		.loc 1 248 12 view .LVU169
 528 004a 0120     		movs	r0, #1
 529 004c FCE7     		b	.L21
 530              	.L26:
 260:Drivers/STM32F0xx_HAL_Driver/Src/stm32f0xx_hal_flash_ex.c ****         FLASH_MassErase();
 531              		.loc 1 260 5 is_stmt 1 view .LVU170
 260:Drivers/STM32F0xx_HAL_Driver/Src/stm32f0xx_hal_flash_ex.c ****         FLASH_MassErase();
 532              		.loc 1 260 29 is_stmt 0 view .LVU171
 533 004e 0221     		movs	r1, #2
 534              	.LVL38:
 260:Drivers/STM32F0xx_HAL_Driver/Src/stm32f0xx_hal_flash_ex.c ****         FLASH_MassErase();
 535              		.loc 1 260 29 view .LVU172
 536 0050 1970     		strb	r1, [r3]
 261:Drivers/STM32F0xx_HAL_Driver/Src/stm32f0xx_hal_flash_ex.c ****   }
 537              		.loc 1 261 9 is_stmt 1 view .LVU173
 538              	.LBB40:
 539              	.LBI40:
 498:Drivers/STM32F0xx_HAL_Driver/Src/stm32f0xx_hal_flash_ex.c **** {
 540              		.loc 1 498 13 view .LVU174
ARM GAS  C:\Users\techn\AppData\Local\Temp\ccPUBBag.s 			page 30


 541              	.LBB41:
 501:Drivers/STM32F0xx_HAL_Driver/Src/stm32f0xx_hal_flash_ex.c **** 
 542              		.loc 1 501 3 view .LVU175
 501:Drivers/STM32F0xx_HAL_Driver/Src/stm32f0xx_hal_flash_ex.c **** 
 543              		.loc 1 501 20 is_stmt 0 view .LVU176
 544 0052 D861     		str	r0, [r3, #28]
 504:Drivers/STM32F0xx_HAL_Driver/Src/stm32f0xx_hal_flash_ex.c ****     SET_BIT(FLASH->CR, FLASH_CR_STRT);
 545              		.loc 1 504 5 is_stmt 1 view .LVU177
 546 0054 1369     		ldr	r3, [r2, #16]
 547 0056 0231     		adds	r1, r1, #2
 548 0058 0B43     		orrs	r3, r1
 549 005a 1361     		str	r3, [r2, #16]
 505:Drivers/STM32F0xx_HAL_Driver/Src/stm32f0xx_hal_flash_ex.c **** }
 550              		.loc 1 505 5 view .LVU178
 551 005c 1369     		ldr	r3, [r2, #16]
 552 005e 3C31     		adds	r1, r1, #60
 553 0060 0B43     		orrs	r3, r1
 554 0062 1361     		str	r3, [r2, #16]
 506:Drivers/STM32F0xx_HAL_Driver/Src/stm32f0xx_hal_flash_ex.c **** 
 555              		.loc 1 506 1 is_stmt 0 view .LVU179
 556 0064 F0E7     		b	.L21
 557              	.LVL39:
 558              	.L24:
 506:Drivers/STM32F0xx_HAL_Driver/Src/stm32f0xx_hal_flash_ex.c **** 
 559              		.loc 1 506 1 view .LVU180
 560              	.LBE41:
 561              	.LBE40:
 243:Drivers/STM32F0xx_HAL_Driver/Src/stm32f0xx_hal_flash_ex.c **** 
 562              		.loc 1 243 3 discriminator 1 view .LVU181
 563 0066 0220     		movs	r0, #2
 564              	.LVL40:
 243:Drivers/STM32F0xx_HAL_Driver/Src/stm32f0xx_hal_flash_ex.c **** 
 565              		.loc 1 243 3 discriminator 1 view .LVU182
 566 0068 EEE7     		b	.L21
 567              	.L28:
 568 006a C046     		.align	2
 569              	.L27:
 570 006c 00000000 		.word	pFlash
 571 0070 00200240 		.word	1073881088
 572              		.cfi_endproc
 573              	.LFE41:
 575              		.section	.text.HAL_FLASHEx_OBErase,"ax",%progbits
 576              		.align	1
 577              		.p2align 2,,3
 578              		.global	HAL_FLASHEx_OBErase
 579              		.syntax unified
 580              		.code	16
 581              		.thumb_func
 583              	HAL_FLASHEx_OBErase:
 584              	.LFB42:
 312:Drivers/STM32F0xx_HAL_Driver/Src/stm32f0xx_hal_flash_ex.c ****   uint8_t rdptmp = OB_RDP_LEVEL_0;
 585              		.loc 1 312 1 is_stmt 1 view -0
 586              		.cfi_startproc
 587              		@ args = 0, pretend = 0, frame = 0
 588              		@ frame_needed = 0, uses_anonymous_args = 0
 313:Drivers/STM32F0xx_HAL_Driver/Src/stm32f0xx_hal_flash_ex.c ****   HAL_StatusTypeDef status = HAL_ERROR;
 589              		.loc 1 313 3 view .LVU184
ARM GAS  C:\Users\techn\AppData\Local\Temp\ccPUBBag.s 			page 31


 590              	.LVL41:
 314:Drivers/STM32F0xx_HAL_Driver/Src/stm32f0xx_hal_flash_ex.c **** 
 591              		.loc 1 314 3 view .LVU185
 317:Drivers/STM32F0xx_HAL_Driver/Src/stm32f0xx_hal_flash_ex.c **** 
 592              		.loc 1 317 3 view .LVU186
 593              	.LBB42:
 594              	.LBI42:
 902:Drivers/STM32F0xx_HAL_Driver/Src/stm32f0xx_hal_flash_ex.c **** {
 595              		.loc 1 902 17 view .LVU187
 596              	.LBB43:
 904:Drivers/STM32F0xx_HAL_Driver/Src/stm32f0xx_hal_flash_ex.c ****   
 597              		.loc 1 904 3 view .LVU188
 907:Drivers/STM32F0xx_HAL_Driver/Src/stm32f0xx_hal_flash_ex.c **** 
 598              		.loc 1 907 3 view .LVU189
 907:Drivers/STM32F0xx_HAL_Driver/Src/stm32f0xx_hal_flash_ex.c **** 
 599              		.loc 1 907 11 is_stmt 0 view .LVU190
 600 0000 0622     		movs	r2, #6
 907:Drivers/STM32F0xx_HAL_Driver/Src/stm32f0xx_hal_flash_ex.c **** 
 601              		.loc 1 907 13 view .LVU191
 602 0002 184B     		ldr	r3, .L35
 603              	.LBE43:
 604              	.LBE42:
 312:Drivers/STM32F0xx_HAL_Driver/Src/stm32f0xx_hal_flash_ex.c ****   uint8_t rdptmp = OB_RDP_LEVEL_0;
 605              		.loc 1 312 1 view .LVU192
 606 0004 70B5     		push	{r4, r5, r6, lr}
 607              	.LCFI4:
 608              		.cfi_def_cfa_offset 16
 609              		.cfi_offset 4, -16
 610              		.cfi_offset 5, -12
 611              		.cfi_offset 6, -8
 612              		.cfi_offset 14, -4
 613              	.LBB47:
 614              	.LBB44:
 907:Drivers/STM32F0xx_HAL_Driver/Src/stm32f0xx_hal_flash_ex.c **** 
 615              		.loc 1 907 13 view .LVU193
 616 0006 DB69     		ldr	r3, [r3, #28]
 617              	.LVL42:
 909:Drivers/STM32F0xx_HAL_Driver/Src/stm32f0xx_hal_flash_ex.c ****   {
 618              		.loc 1 909 3 is_stmt 1 view .LVU194
 909:Drivers/STM32F0xx_HAL_Driver/Src/stm32f0xx_hal_flash_ex.c ****   {
 619              		.loc 1 909 6 is_stmt 0 view .LVU195
 620 0008 1A42     		tst	r2, r3
 621 000a 0DD0     		beq	.L32
 913:Drivers/STM32F0xx_HAL_Driver/Src/stm32f0xx_hal_flash_ex.c ****   {
 622              		.loc 1 913 8 is_stmt 1 view .LVU196
 913:Drivers/STM32F0xx_HAL_Driver/Src/stm32f0xx_hal_flash_ex.c ****   {
 623              		.loc 1 913 21 is_stmt 0 view .LVU197
 624 000c 0424     		movs	r4, #4
 625 000e 1C40     		ands	r4, r3
 913:Drivers/STM32F0xx_HAL_Driver/Src/stm32f0xx_hal_flash_ex.c ****   {
 626              		.loc 1 913 11 view .LVU198
 627 0010 6342     		rsbs	r3, r4, #0
 628 0012 5C41     		adcs	r4, r4, r3
 629              	.LVL43:
 913:Drivers/STM32F0xx_HAL_Driver/Src/stm32f0xx_hal_flash_ex.c ****   {
 630              		.loc 1 913 11 view .LVU199
 631 0014 1023     		movs	r3, #16
ARM GAS  C:\Users\techn\AppData\Local\Temp\ccPUBBag.s 			page 32


 632 0016 6442     		rsbs	r4, r4, #0
 633 0018 9C43     		bics	r4, r3
 634              	.LBE44:
 635              	.LBE47:
 320:Drivers/STM32F0xx_HAL_Driver/Src/stm32f0xx_hal_flash_ex.c **** 
 636              		.loc 1 320 12 view .LVU200
 637 001a 1348     		ldr	r0, .L35+4
 638              	.LBB48:
 639              	.LBB45:
 913:Drivers/STM32F0xx_HAL_Driver/Src/stm32f0xx_hal_flash_ex.c ****   {
 640              		.loc 1 913 11 view .LVU201
 641 001c CC34     		adds	r4, r4, #204
 642              	.LVL44:
 913:Drivers/STM32F0xx_HAL_Driver/Src/stm32f0xx_hal_flash_ex.c ****   {
 643              		.loc 1 913 11 view .LVU202
 644              	.LBE45:
 645              	.LBE48:
 320:Drivers/STM32F0xx_HAL_Driver/Src/stm32f0xx_hal_flash_ex.c **** 
 646              		.loc 1 320 3 is_stmt 1 view .LVU203
 320:Drivers/STM32F0xx_HAL_Driver/Src/stm32f0xx_hal_flash_ex.c **** 
 647              		.loc 1 320 12 is_stmt 0 view .LVU204
 648 001e FFF7FEFF 		bl	FLASH_WaitForLastOperation
 649              	.LVL45:
 322:Drivers/STM32F0xx_HAL_Driver/Src/stm32f0xx_hal_flash_ex.c ****   {
 650              		.loc 1 322 3 is_stmt 1 view .LVU205
 322:Drivers/STM32F0xx_HAL_Driver/Src/stm32f0xx_hal_flash_ex.c ****   {
 651              		.loc 1 322 5 is_stmt 0 view .LVU206
 652 0022 0028     		cmp	r0, #0
 653 0024 06D0     		beq	.L34
 654              	.LVL46:
 655              	.L31:
 345:Drivers/STM32F0xx_HAL_Driver/Src/stm32f0xx_hal_flash_ex.c **** }
 656              		.loc 1 345 3 is_stmt 1 view .LVU207
 346:Drivers/STM32F0xx_HAL_Driver/Src/stm32f0xx_hal_flash_ex.c **** 
 657              		.loc 1 346 1 is_stmt 0 view .LVU208
 658              		@ sp needed
 659 0026 70BD     		pop	{r4, r5, r6, pc}
 660              	.LVL47:
 661              	.L32:
 320:Drivers/STM32F0xx_HAL_Driver/Src/stm32f0xx_hal_flash_ex.c **** 
 662              		.loc 1 320 12 view .LVU209
 663 0028 0F48     		ldr	r0, .L35+4
 664              	.LBB49:
 665              	.LBB46:
 666 002a AA24     		movs	r4, #170
 667              	.LVL48:
 320:Drivers/STM32F0xx_HAL_Driver/Src/stm32f0xx_hal_flash_ex.c **** 
 668              		.loc 1 320 12 view .LVU210
 669              	.LBE46:
 670              	.LBE49:
 320:Drivers/STM32F0xx_HAL_Driver/Src/stm32f0xx_hal_flash_ex.c **** 
 671              		.loc 1 320 3 is_stmt 1 view .LVU211
 320:Drivers/STM32F0xx_HAL_Driver/Src/stm32f0xx_hal_flash_ex.c **** 
 672              		.loc 1 320 12 is_stmt 0 view .LVU212
 673 002c FFF7FEFF 		bl	FLASH_WaitForLastOperation
 674              	.LVL49:
 322:Drivers/STM32F0xx_HAL_Driver/Src/stm32f0xx_hal_flash_ex.c ****   {
ARM GAS  C:\Users\techn\AppData\Local\Temp\ccPUBBag.s 			page 33


 675              		.loc 1 322 3 is_stmt 1 view .LVU213
 322:Drivers/STM32F0xx_HAL_Driver/Src/stm32f0xx_hal_flash_ex.c ****   {
 676              		.loc 1 322 5 is_stmt 0 view .LVU214
 677 0030 0028     		cmp	r0, #0
 678 0032 F8D1     		bne	.L31
 679              	.L34:
 325:Drivers/STM32F0xx_HAL_Driver/Src/stm32f0xx_hal_flash_ex.c **** 
 680              		.loc 1 325 5 is_stmt 1 view .LVU215
 328:Drivers/STM32F0xx_HAL_Driver/Src/stm32f0xx_hal_flash_ex.c ****     SET_BIT(FLASH->CR, FLASH_CR_STRT);
 681              		.loc 1 328 5 is_stmt 0 view .LVU216
 682 0034 2026     		movs	r6, #32
 329:Drivers/STM32F0xx_HAL_Driver/Src/stm32f0xx_hal_flash_ex.c **** 
 683              		.loc 1 329 5 view .LVU217
 684 0036 4022     		movs	r2, #64
 325:Drivers/STM32F0xx_HAL_Driver/Src/stm32f0xx_hal_flash_ex.c **** 
 685              		.loc 1 325 22 view .LVU218
 686 0038 0C4B     		ldr	r3, .L35+8
 328:Drivers/STM32F0xx_HAL_Driver/Src/stm32f0xx_hal_flash_ex.c ****     SET_BIT(FLASH->CR, FLASH_CR_STRT);
 687              		.loc 1 328 5 view .LVU219
 688 003a 0A4D     		ldr	r5, .L35
 325:Drivers/STM32F0xx_HAL_Driver/Src/stm32f0xx_hal_flash_ex.c **** 
 689              		.loc 1 325 22 view .LVU220
 690 003c D861     		str	r0, [r3, #28]
 328:Drivers/STM32F0xx_HAL_Driver/Src/stm32f0xx_hal_flash_ex.c ****     SET_BIT(FLASH->CR, FLASH_CR_STRT);
 691              		.loc 1 328 5 is_stmt 1 view .LVU221
 692 003e 2B69     		ldr	r3, [r5, #16]
 332:Drivers/STM32F0xx_HAL_Driver/Src/stm32f0xx_hal_flash_ex.c **** 
 693              		.loc 1 332 14 is_stmt 0 view .LVU222
 694 0040 0948     		ldr	r0, .L35+4
 695              	.LVL50:
 328:Drivers/STM32F0xx_HAL_Driver/Src/stm32f0xx_hal_flash_ex.c ****     SET_BIT(FLASH->CR, FLASH_CR_STRT);
 696              		.loc 1 328 5 view .LVU223
 697 0042 3343     		orrs	r3, r6
 698 0044 2B61     		str	r3, [r5, #16]
 329:Drivers/STM32F0xx_HAL_Driver/Src/stm32f0xx_hal_flash_ex.c **** 
 699              		.loc 1 329 5 is_stmt 1 view .LVU224
 700 0046 2B69     		ldr	r3, [r5, #16]
 701 0048 1343     		orrs	r3, r2
 702 004a 2B61     		str	r3, [r5, #16]
 332:Drivers/STM32F0xx_HAL_Driver/Src/stm32f0xx_hal_flash_ex.c **** 
 703              		.loc 1 332 5 view .LVU225
 332:Drivers/STM32F0xx_HAL_Driver/Src/stm32f0xx_hal_flash_ex.c **** 
 704              		.loc 1 332 14 is_stmt 0 view .LVU226
 705 004c FFF7FEFF 		bl	FLASH_WaitForLastOperation
 706              	.LVL51:
 335:Drivers/STM32F0xx_HAL_Driver/Src/stm32f0xx_hal_flash_ex.c **** 
 707              		.loc 1 335 5 is_stmt 1 view .LVU227
 708 0050 2B69     		ldr	r3, [r5, #16]
 709 0052 B343     		bics	r3, r6
 710 0054 2B61     		str	r3, [r5, #16]
 337:Drivers/STM32F0xx_HAL_Driver/Src/stm32f0xx_hal_flash_ex.c ****     {
 711              		.loc 1 337 5 view .LVU228
 337:Drivers/STM32F0xx_HAL_Driver/Src/stm32f0xx_hal_flash_ex.c ****     {
 712              		.loc 1 337 7 is_stmt 0 view .LVU229
 713 0056 0028     		cmp	r0, #0
 714 0058 E5D1     		bne	.L31
 340:Drivers/STM32F0xx_HAL_Driver/Src/stm32f0xx_hal_flash_ex.c ****     }
ARM GAS  C:\Users\techn\AppData\Local\Temp\ccPUBBag.s 			page 34


 715              		.loc 1 340 7 is_stmt 1 view .LVU230
 340:Drivers/STM32F0xx_HAL_Driver/Src/stm32f0xx_hal_flash_ex.c ****     }
 716              		.loc 1 340 16 is_stmt 0 view .LVU231
 717 005a 2000     		movs	r0, r4
 718              	.LVL52:
 340:Drivers/STM32F0xx_HAL_Driver/Src/stm32f0xx_hal_flash_ex.c ****     }
 719              		.loc 1 340 16 view .LVU232
 720 005c FFF7FEFF 		bl	FLASH_OB_RDP_LevelConfig
 721              	.LVL53:
 340:Drivers/STM32F0xx_HAL_Driver/Src/stm32f0xx_hal_flash_ex.c ****     }
 722              		.loc 1 340 16 view .LVU233
 723 0060 E1E7     		b	.L31
 724              	.L36:
 725 0062 C046     		.align	2
 726              	.L35:
 727 0064 00200240 		.word	1073881088
 728 0068 50C30000 		.word	50000
 729 006c 00000000 		.word	pFlash
 730              		.cfi_endproc
 731              	.LFE42:
 733              		.section	.text.HAL_FLASHEx_OBProgram,"ax",%progbits
 734              		.align	1
 735              		.p2align 2,,3
 736              		.global	HAL_FLASHEx_OBProgram
 737              		.syntax unified
 738              		.code	16
 739              		.thumb_func
 741              	HAL_FLASHEx_OBProgram:
 742              	.LVL54:
 743              	.LFB43:
 361:Drivers/STM32F0xx_HAL_Driver/Src/stm32f0xx_hal_flash_ex.c ****   HAL_StatusTypeDef status = HAL_ERROR;
 744              		.loc 1 361 1 is_stmt 1 view -0
 745              		.cfi_startproc
 746              		@ args = 0, pretend = 0, frame = 0
 747              		@ frame_needed = 0, uses_anonymous_args = 0
 362:Drivers/STM32F0xx_HAL_Driver/Src/stm32f0xx_hal_flash_ex.c **** 
 748              		.loc 1 362 3 view .LVU235
 365:Drivers/STM32F0xx_HAL_Driver/Src/stm32f0xx_hal_flash_ex.c **** 
 749              		.loc 1 365 3 view .LVU236
 365:Drivers/STM32F0xx_HAL_Driver/Src/stm32f0xx_hal_flash_ex.c **** 
 750              		.loc 1 365 3 view .LVU237
 361:Drivers/STM32F0xx_HAL_Driver/Src/stm32f0xx_hal_flash_ex.c ****   HAL_StatusTypeDef status = HAL_ERROR;
 751              		.loc 1 361 1 is_stmt 0 view .LVU238
 752 0000 F8B5     		push	{r3, r4, r5, r6, r7, lr}
 753              	.LCFI5:
 754              		.cfi_def_cfa_offset 24
 755              		.cfi_offset 3, -24
 756              		.cfi_offset 4, -20
 757              		.cfi_offset 5, -16
 758              		.cfi_offset 6, -12
 759              		.cfi_offset 7, -8
 760              		.cfi_offset 14, -4
 761 0002 CE46     		mov	lr, r9
 762 0004 4746     		mov	r7, r8
 763 0006 80B5     		push	{r7, lr}
 764              	.LCFI6:
 765              		.cfi_def_cfa_offset 32
ARM GAS  C:\Users\techn\AppData\Local\Temp\ccPUBBag.s 			page 35


 766              		.cfi_offset 8, -32
 767              		.cfi_offset 9, -28
 365:Drivers/STM32F0xx_HAL_Driver/Src/stm32f0xx_hal_flash_ex.c **** 
 768              		.loc 1 365 3 view .LVU239
 769 0008 5D4E     		ldr	r6, .L94
 361:Drivers/STM32F0xx_HAL_Driver/Src/stm32f0xx_hal_flash_ex.c ****   HAL_StatusTypeDef status = HAL_ERROR;
 770              		.loc 1 361 1 view .LVU240
 771 000a 0500     		movs	r5, r0
 365:Drivers/STM32F0xx_HAL_Driver/Src/stm32f0xx_hal_flash_ex.c **** 
 772              		.loc 1 365 3 view .LVU241
 773 000c 337E     		ldrb	r3, [r6, #24]
 774 000e 012B     		cmp	r3, #1
 775 0010 00D1     		bne	.LCB654
 776 0012 95E0     		b	.L53	@long jump
 777              	.LCB654:
 365:Drivers/STM32F0xx_HAL_Driver/Src/stm32f0xx_hal_flash_ex.c **** 
 778              		.loc 1 365 3 is_stmt 1 discriminator 2 view .LVU242
 779 0014 0122     		movs	r2, #1
 780 0016 3276     		strb	r2, [r6, #24]
 365:Drivers/STM32F0xx_HAL_Driver/Src/stm32f0xx_hal_flash_ex.c **** 
 781              		.loc 1 365 3 discriminator 2 view .LVU243
 368:Drivers/STM32F0xx_HAL_Driver/Src/stm32f0xx_hal_flash_ex.c **** 
 782              		.loc 1 368 3 view .LVU244
 371:Drivers/STM32F0xx_HAL_Driver/Src/stm32f0xx_hal_flash_ex.c ****   {
 783              		.loc 1 371 3 view .LVU245
 371:Drivers/STM32F0xx_HAL_Driver/Src/stm32f0xx_hal_flash_ex.c ****   {
 784              		.loc 1 371 14 is_stmt 0 view .LVU246
 785 0018 0368     		ldr	r3, [r0]
 371:Drivers/STM32F0xx_HAL_Driver/Src/stm32f0xx_hal_flash_ex.c ****   {
 786              		.loc 1 371 5 view .LVU247
 787 001a 1A42     		tst	r2, r3
 788 001c 0DD1     		bne	.L89
 362:Drivers/STM32F0xx_HAL_Driver/Src/stm32f0xx_hal_flash_ex.c **** 
 789              		.loc 1 362 21 view .LVU248
 790 001e 0124     		movs	r4, #1
 791              	.LVL55:
 792              	.L39:
 393:Drivers/STM32F0xx_HAL_Driver/Src/stm32f0xx_hal_flash_ex.c ****   {
 793              		.loc 1 393 3 is_stmt 1 view .LVU249
 393:Drivers/STM32F0xx_HAL_Driver/Src/stm32f0xx_hal_flash_ex.c ****   {
 794              		.loc 1 393 5 is_stmt 0 view .LVU250
 795 0020 9A07     		lsls	r2, r3, #30
 796 0022 20D4     		bmi	.L90
 405:Drivers/STM32F0xx_HAL_Driver/Src/stm32f0xx_hal_flash_ex.c ****   {
 797              		.loc 1 405 3 is_stmt 1 view .LVU251
 405:Drivers/STM32F0xx_HAL_Driver/Src/stm32f0xx_hal_flash_ex.c ****   {
 798              		.loc 1 405 5 is_stmt 0 view .LVU252
 799 0024 5A07     		lsls	r2, r3, #29
 800 0026 26D4     		bmi	.L91
 801              	.LVL56:
 802              	.L49:
 417:Drivers/STM32F0xx_HAL_Driver/Src/stm32f0xx_hal_flash_ex.c ****   {
 803              		.loc 1 417 3 is_stmt 1 view .LVU253
 417:Drivers/STM32F0xx_HAL_Driver/Src/stm32f0xx_hal_flash_ex.c ****   {
 804              		.loc 1 417 5 is_stmt 0 view .LVU254
 805 0028 1B07     		lsls	r3, r3, #28
 806 002a 45D4     		bmi	.L92
ARM GAS  C:\Users\techn\AppData\Local\Temp\ccPUBBag.s 			page 36


 807              	.LVL57:
 808              	.L51:
 429:Drivers/STM32F0xx_HAL_Driver/Src/stm32f0xx_hal_flash_ex.c **** 
 809              		.loc 1 429 3 is_stmt 1 view .LVU255
 429:Drivers/STM32F0xx_HAL_Driver/Src/stm32f0xx_hal_flash_ex.c **** 
 810              		.loc 1 429 3 view .LVU256
 811 002c 0023     		movs	r3, #0
 812 002e 3376     		strb	r3, [r6, #24]
 429:Drivers/STM32F0xx_HAL_Driver/Src/stm32f0xx_hal_flash_ex.c **** 
 813              		.loc 1 429 3 view .LVU257
 431:Drivers/STM32F0xx_HAL_Driver/Src/stm32f0xx_hal_flash_ex.c **** }
 814              		.loc 1 431 3 view .LVU258
 815              	.LVL58:
 816              	.L38:
 432:Drivers/STM32F0xx_HAL_Driver/Src/stm32f0xx_hal_flash_ex.c **** 
 817              		.loc 1 432 1 is_stmt 0 view .LVU259
 818 0030 2000     		movs	r0, r4
 819              		@ sp needed
 820 0032 C0BC     		pop	{r6, r7}
 821 0034 B946     		mov	r9, r7
 822 0036 B046     		mov	r8, r6
 823 0038 F8BD     		pop	{r3, r4, r5, r6, r7, pc}
 824              	.LVL59:
 825              	.L89:
 373:Drivers/STM32F0xx_HAL_Driver/Src/stm32f0xx_hal_flash_ex.c ****     if (pOBInit->WRPState == OB_WRPSTATE_ENABLE)
 826              		.loc 1 373 5 is_stmt 1 view .LVU260
 374:Drivers/STM32F0xx_HAL_Driver/Src/stm32f0xx_hal_flash_ex.c ****     {
 827              		.loc 1 374 5 view .LVU261
 377:Drivers/STM32F0xx_HAL_Driver/Src/stm32f0xx_hal_flash_ex.c ****     }
 828              		.loc 1 377 16 is_stmt 0 view .LVU262
 829 003a 8368     		ldr	r3, [r0, #8]
 830              	.LBB62:
 831              	.LBB63:
 832              	.LBB64:
 833              	.LBB65:
 891:Drivers/STM32F0xx_HAL_Driver/Src/stm32f0xx_hal_flash_ex.c **** }
 834              		.loc 1 891 10 view .LVU263
 835 003c 514F     		ldr	r7, .L94+4
 836              	.LBE65:
 837              	.LBE64:
 838              	.LBE63:
 839              	.LBE62:
 377:Drivers/STM32F0xx_HAL_Driver/Src/stm32f0xx_hal_flash_ex.c ****     }
 840              		.loc 1 377 16 view .LVU264
 841 003e 9846     		mov	r8, r3
 374:Drivers/STM32F0xx_HAL_Driver/Src/stm32f0xx_hal_flash_ex.c ****     {
 842              		.loc 1 374 8 view .LVU265
 843 0040 4368     		ldr	r3, [r0, #4]
 844 0042 012B     		cmp	r3, #1
 845 0044 52D0     		beq	.L93
 382:Drivers/STM32F0xx_HAL_Driver/Src/stm32f0xx_hal_flash_ex.c ****     }
 846              		.loc 1 382 7 is_stmt 1 view .LVU266
 847              	.LVL60:
 848              	.LBB71:
 849              	.LBI71:
 635:Drivers/STM32F0xx_HAL_Driver/Src/stm32f0xx_hal_flash_ex.c **** {
 850              		.loc 1 635 26 view .LVU267
ARM GAS  C:\Users\techn\AppData\Local\Temp\ccPUBBag.s 			page 37


 851              	.LBB72:
 637:Drivers/STM32F0xx_HAL_Driver/Src/stm32f0xx_hal_flash_ex.c ****   uint16_t WRP0_Data = 0xFFFFU;
 852              		.loc 1 637 3 view .LVU268
 638:Drivers/STM32F0xx_HAL_Driver/Src/stm32f0xx_hal_flash_ex.c **** #if defined(OB_WRP1_WRP1)
 853              		.loc 1 638 3 view .LVU269
 640:Drivers/STM32F0xx_HAL_Driver/Src/stm32f0xx_hal_flash_ex.c **** #endif /* OB_WRP1_WRP1 */
 854              		.loc 1 640 3 view .LVU270
 650:Drivers/STM32F0xx_HAL_Driver/Src/stm32f0xx_hal_flash_ex.c **** 
 855              		.loc 1 650 3 view .LVU271
 653:Drivers/STM32F0xx_HAL_Driver/Src/stm32f0xx_hal_flash_ex.c **** 
 856              		.loc 1 653 3 view .LVU272
 857              	.LBB73:
 858              	.LBI73:
 888:Drivers/STM32F0xx_HAL_Driver/Src/stm32f0xx_hal_flash_ex.c **** {
 859              		.loc 1 888 17 view .LVU273
 860              	.LBB74:
 891:Drivers/STM32F0xx_HAL_Driver/Src/stm32f0xx_hal_flash_ex.c **** }
 861              		.loc 1 891 3 view .LVU274
 891:Drivers/STM32F0xx_HAL_Driver/Src/stm32f0xx_hal_flash_ex.c **** }
 862              		.loc 1 891 10 is_stmt 0 view .LVU275
 863 0046 3B6A     		ldr	r3, [r7, #32]
 864              	.LBE74:
 865              	.LBE73:
 679:Drivers/STM32F0xx_HAL_Driver/Src/stm32f0xx_hal_flash_ex.c **** 
 866              		.loc 1 679 12 view .LVU276
 867 0048 4F48     		ldr	r0, .L94+8
 868              	.LVL61:
 869              	.LBB76:
 870              	.LBB75:
 891:Drivers/STM32F0xx_HAL_Driver/Src/stm32f0xx_hal_flash_ex.c **** }
 871              		.loc 1 891 10 view .LVU277
 872 004a 9946     		mov	r9, r3
 873              	.LVL62:
 891:Drivers/STM32F0xx_HAL_Driver/Src/stm32f0xx_hal_flash_ex.c **** }
 874              		.loc 1 891 10 view .LVU278
 875              	.LBE75:
 876              	.LBE76:
 658:Drivers/STM32F0xx_HAL_Driver/Src/stm32f0xx_hal_flash_ex.c **** #endif /* OB_WRP_PAGES0TO31MASK */
 877              		.loc 1 658 3 is_stmt 1 view .LVU279
 664:Drivers/STM32F0xx_HAL_Driver/Src/stm32f0xx_hal_flash_ex.c **** #endif /* OB_WRP_PAGES32TO63MASK */
 878              		.loc 1 664 3 view .LVU280
 679:Drivers/STM32F0xx_HAL_Driver/Src/stm32f0xx_hal_flash_ex.c **** 
 879              		.loc 1 679 3 view .LVU281
 679:Drivers/STM32F0xx_HAL_Driver/Src/stm32f0xx_hal_flash_ex.c **** 
 880              		.loc 1 679 12 is_stmt 0 view .LVU282
 881 004c FFF7FEFF 		bl	FLASH_WaitForLastOperation
 882              	.LVL63:
 679:Drivers/STM32F0xx_HAL_Driver/Src/stm32f0xx_hal_flash_ex.c **** 
 883              		.loc 1 679 12 view .LVU283
 884 0050 041E     		subs	r4, r0, #0
 885              	.LVL64:
 681:Drivers/STM32F0xx_HAL_Driver/Src/stm32f0xx_hal_flash_ex.c ****   { 
 886              		.loc 1 681 3 is_stmt 1 view .LVU284
 681:Drivers/STM32F0xx_HAL_Driver/Src/stm32f0xx_hal_flash_ex.c ****   { 
 887              		.loc 1 681 5 is_stmt 0 view .LVU285
 888 0052 EBD1     		bne	.L51
 684:Drivers/STM32F0xx_HAL_Driver/Src/stm32f0xx_hal_flash_ex.c **** 
ARM GAS  C:\Users\techn\AppData\Local\Temp\ccPUBBag.s 			page 38


 889              		.loc 1 684 5 is_stmt 1 view .LVU286
 684:Drivers/STM32F0xx_HAL_Driver/Src/stm32f0xx_hal_flash_ex.c **** 
 890              		.loc 1 684 22 is_stmt 0 view .LVU287
 891 0054 F061     		str	r0, [r6, #28]
 687:Drivers/STM32F0xx_HAL_Driver/Src/stm32f0xx_hal_flash_ex.c ****     if (status == HAL_OK)  
 892              		.loc 1 687 5 is_stmt 1 view .LVU288
 687:Drivers/STM32F0xx_HAL_Driver/Src/stm32f0xx_hal_flash_ex.c ****     if (status == HAL_OK)  
 893              		.loc 1 687 14 is_stmt 0 view .LVU289
 894 0056 FFF7FEFF 		bl	HAL_FLASHEx_OBErase
 895              	.LVL65:
 687:Drivers/STM32F0xx_HAL_Driver/Src/stm32f0xx_hal_flash_ex.c ****     if (status == HAL_OK)  
 896              		.loc 1 687 14 view .LVU290
 897 005a 041E     		subs	r4, r0, #0
 898              	.LVL66:
 688:Drivers/STM32F0xx_HAL_Driver/Src/stm32f0xx_hal_flash_ex.c ****     {
 899              		.loc 1 688 5 is_stmt 1 view .LVU291
 688:Drivers/STM32F0xx_HAL_Driver/Src/stm32f0xx_hal_flash_ex.c ****     {
 900              		.loc 1 688 8 is_stmt 0 view .LVU292
 901 005c E6D1     		bne	.L51
 653:Drivers/STM32F0xx_HAL_Driver/Src/stm32f0xx_hal_flash_ex.c **** 
 902              		.loc 1 653 20 discriminator 1 view .LVU293
 903 005e 4B46     		mov	r3, r9
 904 0060 4246     		mov	r2, r8
 905 0062 1343     		orrs	r3, r2
 906              	.LVL67:
 653:Drivers/STM32F0xx_HAL_Driver/Src/stm32f0xx_hal_flash_ex.c **** 
 907              		.loc 1 653 20 discriminator 1 view .LVU294
 908 0064 52E0     		b	.L88
 909              	.LVL68:
 910              	.L90:
 653:Drivers/STM32F0xx_HAL_Driver/Src/stm32f0xx_hal_flash_ex.c **** 
 911              		.loc 1 653 20 discriminator 1 view .LVU295
 912              	.LBE72:
 913              	.LBE71:
 395:Drivers/STM32F0xx_HAL_Driver/Src/stm32f0xx_hal_flash_ex.c ****     if (status != HAL_OK)
 914              		.loc 1 395 5 is_stmt 1 view .LVU296
 395:Drivers/STM32F0xx_HAL_Driver/Src/stm32f0xx_hal_flash_ex.c ****     if (status != HAL_OK)
 915              		.loc 1 395 14 is_stmt 0 view .LVU297
 916 0066 287B     		ldrb	r0, [r5, #12]
 917 0068 FFF7FEFF 		bl	FLASH_OB_RDP_LevelConfig
 918              	.LVL69:
 919 006c 041E     		subs	r4, r0, #0
 920              	.LVL70:
 396:Drivers/STM32F0xx_HAL_Driver/Src/stm32f0xx_hal_flash_ex.c ****     {
 921              		.loc 1 396 5 is_stmt 1 view .LVU298
 396:Drivers/STM32F0xx_HAL_Driver/Src/stm32f0xx_hal_flash_ex.c ****     {
 922              		.loc 1 396 8 is_stmt 0 view .LVU299
 923 006e DDD1     		bne	.L51
 405:Drivers/STM32F0xx_HAL_Driver/Src/stm32f0xx_hal_flash_ex.c ****   {
 924              		.loc 1 405 14 view .LVU300
 925 0070 2B68     		ldr	r3, [r5]
 926              	.LVL71:
 405:Drivers/STM32F0xx_HAL_Driver/Src/stm32f0xx_hal_flash_ex.c ****   {
 927              		.loc 1 405 3 is_stmt 1 view .LVU301
 405:Drivers/STM32F0xx_HAL_Driver/Src/stm32f0xx_hal_flash_ex.c ****   {
 928              		.loc 1 405 5 is_stmt 0 view .LVU302
 929 0072 5A07     		lsls	r2, r3, #29
ARM GAS  C:\Users\techn\AppData\Local\Temp\ccPUBBag.s 			page 39


 930 0074 D8D5     		bpl	.L49
 931              	.L91:
 407:Drivers/STM32F0xx_HAL_Driver/Src/stm32f0xx_hal_flash_ex.c ****     if (status != HAL_OK)
 932              		.loc 1 407 5 is_stmt 1 view .LVU303
 933              	.LBB80:
 934              	.LBB81:
 817:Drivers/STM32F0xx_HAL_Driver/Src/stm32f0xx_hal_flash_ex.c ****   
 935              		.loc 1 817 12 is_stmt 0 view .LVU304
 936 0076 4448     		ldr	r0, .L94+8
 937              	.LBE81:
 938              	.LBE80:
 407:Drivers/STM32F0xx_HAL_Driver/Src/stm32f0xx_hal_flash_ex.c ****     if (status != HAL_OK)
 939              		.loc 1 407 14 view .LVU305
 940 0078 6F7B     		ldrb	r7, [r5, #13]
 941              	.LVL72:
 942              	.LBB83:
 943              	.LBI80:
 800:Drivers/STM32F0xx_HAL_Driver/Src/stm32f0xx_hal_flash_ex.c **** {
 944              		.loc 1 800 26 is_stmt 1 view .LVU306
 945              	.LBB82:
 802:Drivers/STM32F0xx_HAL_Driver/Src/stm32f0xx_hal_flash_ex.c **** 
 946              		.loc 1 802 3 view .LVU307
 805:Drivers/STM32F0xx_HAL_Driver/Src/stm32f0xx_hal_flash_ex.c ****   assert_param(IS_OB_STOP_SOURCE((UserConfig&OB_STOP_NO_RST)));
 947              		.loc 1 805 3 view .LVU308
 806:Drivers/STM32F0xx_HAL_Driver/Src/stm32f0xx_hal_flash_ex.c ****   assert_param(IS_OB_STDBY_SOURCE((UserConfig&OB_STDBY_NO_RST)));
 948              		.loc 1 806 3 view .LVU309
 807:Drivers/STM32F0xx_HAL_Driver/Src/stm32f0xx_hal_flash_ex.c ****   assert_param(IS_OB_BOOT1((UserConfig&OB_BOOT1_SET)));
 949              		.loc 1 807 3 view .LVU310
 808:Drivers/STM32F0xx_HAL_Driver/Src/stm32f0xx_hal_flash_ex.c ****   assert_param(IS_OB_VDDA_ANALOG((UserConfig&OB_VDDA_ANALOG_ON)));
 950              		.loc 1 808 3 view .LVU311
 809:Drivers/STM32F0xx_HAL_Driver/Src/stm32f0xx_hal_flash_ex.c ****   assert_param(IS_OB_SRAM_PARITY((UserConfig&OB_SRAM_PARITY_RESET)));
 951              		.loc 1 809 3 view .LVU312
 810:Drivers/STM32F0xx_HAL_Driver/Src/stm32f0xx_hal_flash_ex.c **** #if defined(FLASH_OBR_BOOT_SEL)
 952              		.loc 1 810 3 view .LVU313
 817:Drivers/STM32F0xx_HAL_Driver/Src/stm32f0xx_hal_flash_ex.c ****   
 953              		.loc 1 817 3 view .LVU314
 817:Drivers/STM32F0xx_HAL_Driver/Src/stm32f0xx_hal_flash_ex.c ****   
 954              		.loc 1 817 12 is_stmt 0 view .LVU315
 955 007a FFF7FEFF 		bl	FLASH_WaitForLastOperation
 956              	.LVL73:
 817:Drivers/STM32F0xx_HAL_Driver/Src/stm32f0xx_hal_flash_ex.c ****   
 957              		.loc 1 817 12 view .LVU316
 958 007e 041E     		subs	r4, r0, #0
 959              	.LVL74:
 819:Drivers/STM32F0xx_HAL_Driver/Src/stm32f0xx_hal_flash_ex.c ****   {     
 960              		.loc 1 819 3 is_stmt 1 view .LVU317
 819:Drivers/STM32F0xx_HAL_Driver/Src/stm32f0xx_hal_flash_ex.c ****   {     
 961              		.loc 1 819 5 is_stmt 0 view .LVU318
 962 0080 D4D1     		bne	.L51
 822:Drivers/STM32F0xx_HAL_Driver/Src/stm32f0xx_hal_flash_ex.c **** 
 963              		.loc 1 822 5 is_stmt 1 view .LVU319
 825:Drivers/STM32F0xx_HAL_Driver/Src/stm32f0xx_hal_flash_ex.c ****  
 964              		.loc 1 825 5 is_stmt 0 view .LVU320
 965 0082 404B     		ldr	r3, .L94+4
 966 0084 1022     		movs	r2, #16
 967 0086 9846     		mov	r8, r3
 822:Drivers/STM32F0xx_HAL_Driver/Src/stm32f0xx_hal_flash_ex.c **** 
ARM GAS  C:\Users\techn\AppData\Local\Temp\ccPUBBag.s 			page 40


 968              		.loc 1 822 22 view .LVU321
 969 0088 F061     		str	r0, [r6, #28]
 825:Drivers/STM32F0xx_HAL_Driver/Src/stm32f0xx_hal_flash_ex.c ****  
 970              		.loc 1 825 5 is_stmt 1 view .LVU322
 971 008a 1B69     		ldr	r3, [r3, #16]
 972 008c 9146     		mov	r9, r2
 973 008e 1343     		orrs	r3, r2
 974 0090 4246     		mov	r2, r8
 975 0092 1361     		str	r3, [r2, #16]
 830:Drivers/STM32F0xx_HAL_Driver/Src/stm32f0xx_hal_flash_ex.c **** #endif
 976              		.loc 1 830 5 view .LVU323
 830:Drivers/STM32F0xx_HAL_Driver/Src/stm32f0xx_hal_flash_ex.c **** #endif
 977              		.loc 1 830 14 is_stmt 0 view .LVU324
 978 0094 8823     		movs	r3, #136
 979 0096 3D4A     		ldr	r2, .L94+12
 980 0098 3B43     		orrs	r3, r7
 981 009a 5380     		strh	r3, [r2, #2]
 834:Drivers/STM32F0xx_HAL_Driver/Src/stm32f0xx_hal_flash_ex.c **** 
 982              		.loc 1 834 5 is_stmt 1 view .LVU325
 834:Drivers/STM32F0xx_HAL_Driver/Src/stm32f0xx_hal_flash_ex.c **** 
 983              		.loc 1 834 14 is_stmt 0 view .LVU326
 984 009c 3A48     		ldr	r0, .L94+8
 985              	.LVL75:
 834:Drivers/STM32F0xx_HAL_Driver/Src/stm32f0xx_hal_flash_ex.c **** 
 986              		.loc 1 834 14 view .LVU327
 987 009e FFF7FEFF 		bl	FLASH_WaitForLastOperation
 988              	.LVL76:
 837:Drivers/STM32F0xx_HAL_Driver/Src/stm32f0xx_hal_flash_ex.c ****   }
 989              		.loc 1 837 5 view .LVU328
 990 00a2 4346     		mov	r3, r8
 991 00a4 4A46     		mov	r2, r9
 992 00a6 1B69     		ldr	r3, [r3, #16]
 834:Drivers/STM32F0xx_HAL_Driver/Src/stm32f0xx_hal_flash_ex.c **** 
 993              		.loc 1 834 14 view .LVU329
 994 00a8 0400     		movs	r4, r0
 995              	.LVL77:
 837:Drivers/STM32F0xx_HAL_Driver/Src/stm32f0xx_hal_flash_ex.c ****   }
 996              		.loc 1 837 5 is_stmt 1 view .LVU330
 997 00aa 9343     		bics	r3, r2
 998 00ac 4246     		mov	r2, r8
 999 00ae 1361     		str	r3, [r2, #16]
 840:Drivers/STM32F0xx_HAL_Driver/Src/stm32f0xx_hal_flash_ex.c **** }
 1000              		.loc 1 840 3 view .LVU331
 1001              	.LVL78:
 840:Drivers/STM32F0xx_HAL_Driver/Src/stm32f0xx_hal_flash_ex.c **** }
 1002              		.loc 1 840 3 is_stmt 0 view .LVU332
 1003              	.LBE82:
 1004              	.LBE83:
 408:Drivers/STM32F0xx_HAL_Driver/Src/stm32f0xx_hal_flash_ex.c ****     {
 1005              		.loc 1 408 5 is_stmt 1 view .LVU333
 408:Drivers/STM32F0xx_HAL_Driver/Src/stm32f0xx_hal_flash_ex.c ****     {
 1006              		.loc 1 408 8 is_stmt 0 view .LVU334
 1007 00b0 0028     		cmp	r0, #0
 1008 00b2 BBD1     		bne	.L51
 417:Drivers/STM32F0xx_HAL_Driver/Src/stm32f0xx_hal_flash_ex.c ****   {
 1009              		.loc 1 417 14 view .LVU335
 1010 00b4 2B68     		ldr	r3, [r5]
ARM GAS  C:\Users\techn\AppData\Local\Temp\ccPUBBag.s 			page 41


 1011 00b6 B7E7     		b	.L49
 1012              	.LVL79:
 1013              	.L92:
 419:Drivers/STM32F0xx_HAL_Driver/Src/stm32f0xx_hal_flash_ex.c ****     if (status != HAL_OK)
 1014              		.loc 1 419 5 is_stmt 1 view .LVU336
 419:Drivers/STM32F0xx_HAL_Driver/Src/stm32f0xx_hal_flash_ex.c ****     if (status != HAL_OK)
 1015              		.loc 1 419 14 is_stmt 0 view .LVU337
 1016 00b8 2B7D     		ldrb	r3, [r5, #20]
 1017              	.LBB84:
 1018              	.LBB85:
 863:Drivers/STM32F0xx_HAL_Driver/Src/stm32f0xx_hal_flash_ex.c ****   
 1019              		.loc 1 863 12 view .LVU338
 1020 00ba 3348     		ldr	r0, .L94+8
 1021              	.LBE85:
 1022              	.LBE84:
 419:Drivers/STM32F0xx_HAL_Driver/Src/stm32f0xx_hal_flash_ex.c ****     if (status != HAL_OK)
 1023              		.loc 1 419 14 view .LVU339
 1024 00bc 9846     		mov	r8, r3
 1025 00be 2F69     		ldr	r7, [r5, #16]
 1026              	.LVL80:
 1027              	.LBB87:
 1028              	.LBI84:
 855:Drivers/STM32F0xx_HAL_Driver/Src/stm32f0xx_hal_flash_ex.c **** {
 1029              		.loc 1 855 26 is_stmt 1 view .LVU340
 1030              	.LBB86:
 857:Drivers/STM32F0xx_HAL_Driver/Src/stm32f0xx_hal_flash_ex.c ****   
 1031              		.loc 1 857 3 view .LVU341
 860:Drivers/STM32F0xx_HAL_Driver/Src/stm32f0xx_hal_flash_ex.c ****   
 1032              		.loc 1 860 3 view .LVU342
 863:Drivers/STM32F0xx_HAL_Driver/Src/stm32f0xx_hal_flash_ex.c ****   
 1033              		.loc 1 863 3 view .LVU343
 863:Drivers/STM32F0xx_HAL_Driver/Src/stm32f0xx_hal_flash_ex.c ****   
 1034              		.loc 1 863 12 is_stmt 0 view .LVU344
 1035 00c0 FFF7FEFF 		bl	FLASH_WaitForLastOperation
 1036              	.LVL81:
 1037 00c4 041E     		subs	r4, r0, #0
 1038              	.LVL82:
 865:Drivers/STM32F0xx_HAL_Driver/Src/stm32f0xx_hal_flash_ex.c ****   {
 1039              		.loc 1 865 3 is_stmt 1 view .LVU345
 865:Drivers/STM32F0xx_HAL_Driver/Src/stm32f0xx_hal_flash_ex.c ****   {
 1040              		.loc 1 865 5 is_stmt 0 view .LVU346
 1041 00c6 B1D1     		bne	.L51
 868:Drivers/STM32F0xx_HAL_Driver/Src/stm32f0xx_hal_flash_ex.c **** 
 1042              		.loc 1 868 5 is_stmt 1 view .LVU347
 871:Drivers/STM32F0xx_HAL_Driver/Src/stm32f0xx_hal_flash_ex.c ****     *(__IO uint16_t*)Address = Data;
 1043              		.loc 1 871 5 is_stmt 0 view .LVU348
 1044 00c8 1022     		movs	r2, #16
 1045 00ca 2E4D     		ldr	r5, .L94+4
 1046              	.LVL83:
 868:Drivers/STM32F0xx_HAL_Driver/Src/stm32f0xx_hal_flash_ex.c **** 
 1047              		.loc 1 868 22 view .LVU349
 1048 00cc F061     		str	r0, [r6, #28]
 871:Drivers/STM32F0xx_HAL_Driver/Src/stm32f0xx_hal_flash_ex.c ****     *(__IO uint16_t*)Address = Data;
 1049              		.loc 1 871 5 is_stmt 1 view .LVU350
 1050 00ce 2B69     		ldr	r3, [r5, #16]
 1051 00d0 9146     		mov	r9, r2
 1052 00d2 1343     		orrs	r3, r2
ARM GAS  C:\Users\techn\AppData\Local\Temp\ccPUBBag.s 			page 42


 1053 00d4 2B61     		str	r3, [r5, #16]
 872:Drivers/STM32F0xx_HAL_Driver/Src/stm32f0xx_hal_flash_ex.c ****     
 1054              		.loc 1 872 5 view .LVU351
 872:Drivers/STM32F0xx_HAL_Driver/Src/stm32f0xx_hal_flash_ex.c ****     
 1055              		.loc 1 872 30 is_stmt 0 view .LVU352
 1056 00d6 4346     		mov	r3, r8
 875:Drivers/STM32F0xx_HAL_Driver/Src/stm32f0xx_hal_flash_ex.c ****     
 1057              		.loc 1 875 14 view .LVU353
 1058 00d8 2B48     		ldr	r0, .L94+8
 1059              	.LVL84:
 872:Drivers/STM32F0xx_HAL_Driver/Src/stm32f0xx_hal_flash_ex.c ****     
 1060              		.loc 1 872 30 view .LVU354
 1061 00da 3B80     		strh	r3, [r7]
 875:Drivers/STM32F0xx_HAL_Driver/Src/stm32f0xx_hal_flash_ex.c ****     
 1062              		.loc 1 875 5 is_stmt 1 view .LVU355
 875:Drivers/STM32F0xx_HAL_Driver/Src/stm32f0xx_hal_flash_ex.c ****     
 1063              		.loc 1 875 14 is_stmt 0 view .LVU356
 1064 00dc FFF7FEFF 		bl	FLASH_WaitForLastOperation
 1065              	.LVL85:
 878:Drivers/STM32F0xx_HAL_Driver/Src/stm32f0xx_hal_flash_ex.c ****   }
 1066              		.loc 1 878 5 view .LVU357
 1067 00e0 4A46     		mov	r2, r9
 1068 00e2 2B69     		ldr	r3, [r5, #16]
 875:Drivers/STM32F0xx_HAL_Driver/Src/stm32f0xx_hal_flash_ex.c ****     
 1069              		.loc 1 875 14 view .LVU358
 1070 00e4 0400     		movs	r4, r0
 1071              	.LVL86:
 878:Drivers/STM32F0xx_HAL_Driver/Src/stm32f0xx_hal_flash_ex.c ****   }
 1072              		.loc 1 878 5 is_stmt 1 view .LVU359
 1073 00e6 9343     		bics	r3, r2
 1074 00e8 2B61     		str	r3, [r5, #16]
 881:Drivers/STM32F0xx_HAL_Driver/Src/stm32f0xx_hal_flash_ex.c **** }
 1075              		.loc 1 881 3 view .LVU360
 1076              	.LVL87:
 881:Drivers/STM32F0xx_HAL_Driver/Src/stm32f0xx_hal_flash_ex.c **** }
 1077              		.loc 1 881 3 is_stmt 0 view .LVU361
 1078              	.LBE86:
 1079              	.LBE87:
 420:Drivers/STM32F0xx_HAL_Driver/Src/stm32f0xx_hal_flash_ex.c ****     {
 1080              		.loc 1 420 5 is_stmt 1 view .LVU362
 1081 00ea 9FE7     		b	.L51
 1082              	.LVL88:
 1083              	.L93:
 377:Drivers/STM32F0xx_HAL_Driver/Src/stm32f0xx_hal_flash_ex.c ****     }
 1084              		.loc 1 377 7 view .LVU363
 1085              	.LBB88:
 1086              	.LBI62:
 519:Drivers/STM32F0xx_HAL_Driver/Src/stm32f0xx_hal_flash_ex.c **** {
 1087              		.loc 1 519 26 view .LVU364
 1088              	.LBB70:
 521:Drivers/STM32F0xx_HAL_Driver/Src/stm32f0xx_hal_flash_ex.c ****   uint16_t WRP0_Data = 0xFFFFU;
 1089              		.loc 1 521 3 view .LVU365
 522:Drivers/STM32F0xx_HAL_Driver/Src/stm32f0xx_hal_flash_ex.c **** #if defined(OB_WRP1_WRP1)
 1090              		.loc 1 522 3 view .LVU366
 524:Drivers/STM32F0xx_HAL_Driver/Src/stm32f0xx_hal_flash_ex.c **** #endif /* OB_WRP1_WRP1 */
 1091              		.loc 1 524 3 view .LVU367
 534:Drivers/STM32F0xx_HAL_Driver/Src/stm32f0xx_hal_flash_ex.c ****     
ARM GAS  C:\Users\techn\AppData\Local\Temp\ccPUBBag.s 			page 43


 1092              		.loc 1 534 3 view .LVU368
 537:Drivers/STM32F0xx_HAL_Driver/Src/stm32f0xx_hal_flash_ex.c ****   
 1093              		.loc 1 537 3 view .LVU369
 1094              	.LBB68:
 1095              	.LBI64:
 888:Drivers/STM32F0xx_HAL_Driver/Src/stm32f0xx_hal_flash_ex.c **** {
 1096              		.loc 1 888 17 view .LVU370
 1097              	.LBB66:
 891:Drivers/STM32F0xx_HAL_Driver/Src/stm32f0xx_hal_flash_ex.c **** }
 1098              		.loc 1 891 3 view .LVU371
 891:Drivers/STM32F0xx_HAL_Driver/Src/stm32f0xx_hal_flash_ex.c **** }
 1099              		.loc 1 891 10 is_stmt 0 view .LVU372
 1100 00ec 3B6A     		ldr	r3, [r7, #32]
 1101              	.LBE66:
 1102              	.LBE68:
 562:Drivers/STM32F0xx_HAL_Driver/Src/stm32f0xx_hal_flash_ex.c **** 
 1103              		.loc 1 562 12 view .LVU373
 1104 00ee 2648     		ldr	r0, .L94+8
 1105              	.LVL89:
 1106              	.LBB69:
 1107              	.LBB67:
 891:Drivers/STM32F0xx_HAL_Driver/Src/stm32f0xx_hal_flash_ex.c **** }
 1108              		.loc 1 891 10 view .LVU374
 1109 00f0 9946     		mov	r9, r3
 1110              	.LVL90:
 891:Drivers/STM32F0xx_HAL_Driver/Src/stm32f0xx_hal_flash_ex.c **** }
 1111              		.loc 1 891 10 view .LVU375
 1112              	.LBE67:
 1113              	.LBE69:
 542:Drivers/STM32F0xx_HAL_Driver/Src/stm32f0xx_hal_flash_ex.c **** #endif /* OB_WRP_PAGES0TO31MASK */
 1114              		.loc 1 542 3 is_stmt 1 view .LVU376
 548:Drivers/STM32F0xx_HAL_Driver/Src/stm32f0xx_hal_flash_ex.c **** #endif /* OB_WRP_PAGES32TO63MASK */
 1115              		.loc 1 548 3 view .LVU377
 562:Drivers/STM32F0xx_HAL_Driver/Src/stm32f0xx_hal_flash_ex.c **** 
 1116              		.loc 1 562 3 view .LVU378
 562:Drivers/STM32F0xx_HAL_Driver/Src/stm32f0xx_hal_flash_ex.c **** 
 1117              		.loc 1 562 12 is_stmt 0 view .LVU379
 1118 00f2 FFF7FEFF 		bl	FLASH_WaitForLastOperation
 1119              	.LVL91:
 562:Drivers/STM32F0xx_HAL_Driver/Src/stm32f0xx_hal_flash_ex.c **** 
 1120              		.loc 1 562 12 view .LVU380
 1121 00f6 041E     		subs	r4, r0, #0
 1122              	.LVL92:
 564:Drivers/STM32F0xx_HAL_Driver/Src/stm32f0xx_hal_flash_ex.c ****   { 
 1123              		.loc 1 564 3 is_stmt 1 view .LVU381
 564:Drivers/STM32F0xx_HAL_Driver/Src/stm32f0xx_hal_flash_ex.c ****   { 
 1124              		.loc 1 564 5 is_stmt 0 view .LVU382
 1125 00f8 98D1     		bne	.L51
 567:Drivers/STM32F0xx_HAL_Driver/Src/stm32f0xx_hal_flash_ex.c **** 
 1126              		.loc 1 567 5 is_stmt 1 view .LVU383
 567:Drivers/STM32F0xx_HAL_Driver/Src/stm32f0xx_hal_flash_ex.c **** 
 1127              		.loc 1 567 22 is_stmt 0 view .LVU384
 1128 00fa F061     		str	r0, [r6, #28]
 570:Drivers/STM32F0xx_HAL_Driver/Src/stm32f0xx_hal_flash_ex.c ****     if (status == HAL_OK)  
 1129              		.loc 1 570 5 is_stmt 1 view .LVU385
 570:Drivers/STM32F0xx_HAL_Driver/Src/stm32f0xx_hal_flash_ex.c ****     if (status == HAL_OK)  
 1130              		.loc 1 570 14 is_stmt 0 view .LVU386
ARM GAS  C:\Users\techn\AppData\Local\Temp\ccPUBBag.s 			page 44


 1131 00fc FFF7FEFF 		bl	HAL_FLASHEx_OBErase
 1132              	.LVL93:
 570:Drivers/STM32F0xx_HAL_Driver/Src/stm32f0xx_hal_flash_ex.c ****     if (status == HAL_OK)  
 1133              		.loc 1 570 14 view .LVU387
 1134 0100 041E     		subs	r4, r0, #0
 1135              	.LVL94:
 571:Drivers/STM32F0xx_HAL_Driver/Src/stm32f0xx_hal_flash_ex.c ****     {
 1136              		.loc 1 571 5 is_stmt 1 view .LVU388
 571:Drivers/STM32F0xx_HAL_Driver/Src/stm32f0xx_hal_flash_ex.c ****     {
 1137              		.loc 1 571 8 is_stmt 0 view .LVU389
 1138 0102 00D0     		beq	.LCB1015
 1139 0104 92E7     		b	.L51	@long jump
 1140              	.LCB1015:
 537:Drivers/STM32F0xx_HAL_Driver/Src/stm32f0xx_hal_flash_ex.c ****   
 1141              		.loc 1 537 20 discriminator 1 view .LVU390
 1142 0106 4B46     		mov	r3, r9
 1143 0108 4246     		mov	r2, r8
 1144 010a 9343     		bics	r3, r2
 1145              	.LVL95:
 1146              	.L88:
 537:Drivers/STM32F0xx_HAL_Driver/Src/stm32f0xx_hal_flash_ex.c ****   
 1147              		.loc 1 537 20 discriminator 1 view .LVU391
 1148              	.LBE70:
 1149              	.LBE88:
 1150              	.LBB89:
 1151              	.LBB77:
 653:Drivers/STM32F0xx_HAL_Driver/Src/stm32f0xx_hal_flash_ex.c **** 
 1152              		.loc 1 653 20 discriminator 1 view .LVU392
 1153 010c 9946     		mov	r9, r3
 658:Drivers/STM32F0xx_HAL_Driver/Src/stm32f0xx_hal_flash_ex.c **** #endif /* OB_WRP_PAGES0TO31MASK */
 1154              		.loc 1 658 13 view .LVU393
 1155 010e FF23     		movs	r3, #255
 1156 0110 4A46     		mov	r2, r9
 690:Drivers/STM32F0xx_HAL_Driver/Src/stm32f0xx_hal_flash_ex.c **** 
 1157              		.loc 1 690 7 view .LVU394
 1158 0112 1021     		movs	r1, #16
 658:Drivers/STM32F0xx_HAL_Driver/Src/stm32f0xx_hal_flash_ex.c **** #endif /* OB_WRP_PAGES0TO31MASK */
 1159              		.loc 1 658 13 view .LVU395
 1160 0114 1340     		ands	r3, r2
 690:Drivers/STM32F0xx_HAL_Driver/Src/stm32f0xx_hal_flash_ex.c **** 
 1161              		.loc 1 690 7 is_stmt 1 view .LVU396
 1162 0116 3A69     		ldr	r2, [r7, #16]
 1163 0118 8846     		mov	r8, r1
 1164 011a 0A43     		orrs	r2, r1
 1165 011c 3A61     		str	r2, [r7, #16]
 693:Drivers/STM32F0xx_HAL_Driver/Src/stm32f0xx_hal_flash_ex.c ****       {
 1166              		.loc 1 693 7 view .LVU397
 693:Drivers/STM32F0xx_HAL_Driver/Src/stm32f0xx_hal_flash_ex.c ****       {
 1167              		.loc 1 693 9 is_stmt 0 view .LVU398
 1168 011e FF2B     		cmp	r3, #255
 1169 0120 10D0     		beq	.L45
 695:Drivers/STM32F0xx_HAL_Driver/Src/stm32f0xx_hal_flash_ex.c ****         
 1170              		.loc 1 695 9 is_stmt 1 view .LVU399
 695:Drivers/STM32F0xx_HAL_Driver/Src/stm32f0xx_hal_flash_ex.c ****         
 1171              		.loc 1 695 11 is_stmt 0 view .LVU400
 1172 0122 1A49     		ldr	r1, .L94+12
 698:Drivers/STM32F0xx_HAL_Driver/Src/stm32f0xx_hal_flash_ex.c ****       }
ARM GAS  C:\Users\techn\AppData\Local\Temp\ccPUBBag.s 			page 45


 1173              		.loc 1 698 18 view .LVU401
 1174 0124 1848     		ldr	r0, .L94+8
 695:Drivers/STM32F0xx_HAL_Driver/Src/stm32f0xx_hal_flash_ex.c ****         
 1175              		.loc 1 695 11 view .LVU402
 1176 0126 0A89     		ldrh	r2, [r1, #8]
 695:Drivers/STM32F0xx_HAL_Driver/Src/stm32f0xx_hal_flash_ex.c ****         
 1177              		.loc 1 695 18 view .LVU403
 1178 0128 1340     		ands	r3, r2
 1179 012a 0B81     		strh	r3, [r1, #8]
 698:Drivers/STM32F0xx_HAL_Driver/Src/stm32f0xx_hal_flash_ex.c ****       }
 1180              		.loc 1 698 9 is_stmt 1 view .LVU404
 698:Drivers/STM32F0xx_HAL_Driver/Src/stm32f0xx_hal_flash_ex.c ****       }
 1181              		.loc 1 698 18 is_stmt 0 view .LVU405
 1182 012c FFF7FEFF 		bl	FLASH_WaitForLastOperation
 1183              	.LVL96:
 703:Drivers/STM32F0xx_HAL_Driver/Src/stm32f0xx_hal_flash_ex.c ****       {
 1184              		.loc 1 703 7 is_stmt 1 view .LVU406
 703:Drivers/STM32F0xx_HAL_Driver/Src/stm32f0xx_hal_flash_ex.c ****       {
 1185              		.loc 1 703 9 is_stmt 0 view .LVU407
 1186 0130 0028     		cmp	r0, #0
 1187 0132 07D0     		beq	.L45
 733:Drivers/STM32F0xx_HAL_Driver/Src/stm32f0xx_hal_flash_ex.c ****     }
 1188              		.loc 1 733 7 is_stmt 1 view .LVU408
 1189 0134 4246     		mov	r2, r8
 1190 0136 3B69     		ldr	r3, [r7, #16]
 1191 0138 0400     		movs	r4, r0
 1192 013a 9343     		bics	r3, r2
 1193 013c 3B61     		str	r3, [r7, #16]
 1194              	.LVL97:
 733:Drivers/STM32F0xx_HAL_Driver/Src/stm32f0xx_hal_flash_ex.c ****     }
 1195              		.loc 1 733 7 is_stmt 0 view .LVU409
 1196              	.LBE77:
 1197              	.LBE89:
 384:Drivers/STM32F0xx_HAL_Driver/Src/stm32f0xx_hal_flash_ex.c ****     {
 1198              		.loc 1 384 5 is_stmt 1 view .LVU410
 1199 013e 75E7     		b	.L51
 1200              	.LVL98:
 1201              	.L53:
 365:Drivers/STM32F0xx_HAL_Driver/Src/stm32f0xx_hal_flash_ex.c **** 
 1202              		.loc 1 365 3 is_stmt 0 discriminator 1 view .LVU411
 1203 0140 0224     		movs	r4, #2
 1204 0142 75E7     		b	.L38
 1205              	.LVL99:
 1206              	.L45:
 1207              	.LBB90:
 1208              	.LBB78:
 664:Drivers/STM32F0xx_HAL_Driver/Src/stm32f0xx_hal_flash_ex.c **** #endif /* OB_WRP_PAGES32TO63MASK */
 1209              		.loc 1 664 13 view .LVU412
 1210 0144 4B46     		mov	r3, r9
 1211 0146 1B04     		lsls	r3, r3, #16
 1212 0148 1B0E     		lsrs	r3, r3, #24
 703:Drivers/STM32F0xx_HAL_Driver/Src/stm32f0xx_hal_flash_ex.c ****       {
 1213              		.loc 1 703 29 discriminator 1 view .LVU413
 1214 014a FF2B     		cmp	r3, #255
 1215 014c 06D1     		bne	.L46
 1216              	.LVL100:
 733:Drivers/STM32F0xx_HAL_Driver/Src/stm32f0xx_hal_flash_ex.c ****     }
ARM GAS  C:\Users\techn\AppData\Local\Temp\ccPUBBag.s 			page 46


 1217              		.loc 1 733 7 is_stmt 1 view .LVU414
 1218 014e 1021     		movs	r1, #16
 1219 0150 0C4A     		ldr	r2, .L94+4
 1220 0152 1369     		ldr	r3, [r2, #16]
 1221 0154 8B43     		bics	r3, r1
 1222 0156 1361     		str	r3, [r2, #16]
 1223              	.LVL101:
 733:Drivers/STM32F0xx_HAL_Driver/Src/stm32f0xx_hal_flash_ex.c ****     }
 1224              		.loc 1 733 7 is_stmt 0 view .LVU415
 1225              	.LBE78:
 1226              	.LBE90:
 384:Drivers/STM32F0xx_HAL_Driver/Src/stm32f0xx_hal_flash_ex.c ****     {
 1227              		.loc 1 384 5 is_stmt 1 view .LVU416
 393:Drivers/STM32F0xx_HAL_Driver/Src/stm32f0xx_hal_flash_ex.c ****   {
 1228              		.loc 1 393 14 is_stmt 0 view .LVU417
 1229 0158 2B68     		ldr	r3, [r5]
 1230 015a 61E7     		b	.L39
 1231              	.LVL102:
 1232              	.L46:
 1233              	.LBB91:
 1234              	.LBB79:
 705:Drivers/STM32F0xx_HAL_Driver/Src/stm32f0xx_hal_flash_ex.c ****         
 1235              		.loc 1 705 9 is_stmt 1 view .LVU418
 705:Drivers/STM32F0xx_HAL_Driver/Src/stm32f0xx_hal_flash_ex.c ****         
 1236              		.loc 1 705 11 is_stmt 0 view .LVU419
 1237 015c 0B49     		ldr	r1, .L94+12
 708:Drivers/STM32F0xx_HAL_Driver/Src/stm32f0xx_hal_flash_ex.c ****       }
 1238              		.loc 1 708 18 view .LVU420
 1239 015e 0A48     		ldr	r0, .L94+8
 705:Drivers/STM32F0xx_HAL_Driver/Src/stm32f0xx_hal_flash_ex.c ****         
 1240              		.loc 1 705 11 view .LVU421
 1241 0160 4A89     		ldrh	r2, [r1, #10]
 705:Drivers/STM32F0xx_HAL_Driver/Src/stm32f0xx_hal_flash_ex.c ****         
 1242              		.loc 1 705 18 view .LVU422
 1243 0162 1340     		ands	r3, r2
 1244 0164 4B81     		strh	r3, [r1, #10]
 708:Drivers/STM32F0xx_HAL_Driver/Src/stm32f0xx_hal_flash_ex.c ****       }
 1245              		.loc 1 708 9 is_stmt 1 view .LVU423
 708:Drivers/STM32F0xx_HAL_Driver/Src/stm32f0xx_hal_flash_ex.c ****       }
 1246              		.loc 1 708 18 is_stmt 0 view .LVU424
 1247 0166 FFF7FEFF 		bl	FLASH_WaitForLastOperation
 1248              	.LVL103:
 733:Drivers/STM32F0xx_HAL_Driver/Src/stm32f0xx_hal_flash_ex.c ****     }
 1249              		.loc 1 733 7 view .LVU425
 1250 016a 1021     		movs	r1, #16
 1251 016c 054A     		ldr	r2, .L94+4
 708:Drivers/STM32F0xx_HAL_Driver/Src/stm32f0xx_hal_flash_ex.c ****       }
 1252              		.loc 1 708 18 view .LVU426
 1253 016e 0400     		movs	r4, r0
 1254              	.LVL104:
 733:Drivers/STM32F0xx_HAL_Driver/Src/stm32f0xx_hal_flash_ex.c ****     }
 1255              		.loc 1 733 7 is_stmt 1 view .LVU427
 1256 0170 1369     		ldr	r3, [r2, #16]
 1257 0172 8B43     		bics	r3, r1
 1258 0174 1361     		str	r3, [r2, #16]
 1259              	.LVL105:
 733:Drivers/STM32F0xx_HAL_Driver/Src/stm32f0xx_hal_flash_ex.c ****     }
ARM GAS  C:\Users\techn\AppData\Local\Temp\ccPUBBag.s 			page 47


 1260              		.loc 1 733 7 is_stmt 0 view .LVU428
 1261              	.LBE79:
 1262              	.LBE91:
 384:Drivers/STM32F0xx_HAL_Driver/Src/stm32f0xx_hal_flash_ex.c ****     {
 1263              		.loc 1 384 5 is_stmt 1 view .LVU429
 384:Drivers/STM32F0xx_HAL_Driver/Src/stm32f0xx_hal_flash_ex.c ****     {
 1264              		.loc 1 384 8 is_stmt 0 view .LVU430
 1265 0176 0028     		cmp	r0, #0
 1266 0178 00D0     		beq	.LCB1137
 1267 017a 57E7     		b	.L51	@long jump
 1268              	.LCB1137:
 393:Drivers/STM32F0xx_HAL_Driver/Src/stm32f0xx_hal_flash_ex.c ****   {
 1269              		.loc 1 393 14 view .LVU431
 1270 017c 2B68     		ldr	r3, [r5]
 1271 017e 4FE7     		b	.L39
 1272              	.L95:
 1273              		.align	2
 1274              	.L94:
 1275 0180 00000000 		.word	pFlash
 1276 0184 00200240 		.word	1073881088
 1277 0188 50C30000 		.word	50000
 1278 018c 00F8FF1F 		.word	536868864
 1279              		.cfi_endproc
 1280              	.LFE43:
 1282              		.section	.text.HAL_FLASHEx_OBGetConfig,"ax",%progbits
 1283              		.align	1
 1284              		.p2align 2,,3
 1285              		.global	HAL_FLASHEx_OBGetConfig
 1286              		.syntax unified
 1287              		.code	16
 1288              		.thumb_func
 1290              	HAL_FLASHEx_OBGetConfig:
 1291              	.LVL106:
 1292              	.LFB44:
 442:Drivers/STM32F0xx_HAL_Driver/Src/stm32f0xx_hal_flash_ex.c ****   pOBInit->OptionType = OPTIONBYTE_WRP | OPTIONBYTE_RDP | OPTIONBYTE_USER;
 1293              		.loc 1 442 1 is_stmt 1 view -0
 1294              		.cfi_startproc
 1295              		@ args = 0, pretend = 0, frame = 0
 1296              		@ frame_needed = 0, uses_anonymous_args = 0
 1297              		@ link register save eliminated.
 443:Drivers/STM32F0xx_HAL_Driver/Src/stm32f0xx_hal_flash_ex.c **** 
 1298              		.loc 1 443 3 view .LVU433
 443:Drivers/STM32F0xx_HAL_Driver/Src/stm32f0xx_hal_flash_ex.c **** 
 1299              		.loc 1 443 23 is_stmt 0 view .LVU434
 1300 0000 0723     		movs	r3, #7
 1301 0002 0360     		str	r3, [r0]
 446:Drivers/STM32F0xx_HAL_Driver/Src/stm32f0xx_hal_flash_ex.c **** 
 1302              		.loc 1 446 3 is_stmt 1 view .LVU435
 1303              	.LBB92:
 1304              	.LBI92:
 888:Drivers/STM32F0xx_HAL_Driver/Src/stm32f0xx_hal_flash_ex.c **** {
 1305              		.loc 1 888 17 view .LVU436
 1306              	.LBB93:
 891:Drivers/STM32F0xx_HAL_Driver/Src/stm32f0xx_hal_flash_ex.c **** }
 1307              		.loc 1 891 3 view .LVU437
 891:Drivers/STM32F0xx_HAL_Driver/Src/stm32f0xx_hal_flash_ex.c **** }
 1308              		.loc 1 891 10 is_stmt 0 view .LVU438
ARM GAS  C:\Users\techn\AppData\Local\Temp\ccPUBBag.s 			page 48


 1309 0004 0C4B     		ldr	r3, .L100
 1310 0006 1A6A     		ldr	r2, [r3, #32]
 1311              	.LBE93:
 1312              	.LBE92:
 446:Drivers/STM32F0xx_HAL_Driver/Src/stm32f0xx_hal_flash_ex.c **** 
 1313              		.loc 1 446 20 discriminator 1 view .LVU439
 1314 0008 8260     		str	r2, [r0, #8]
 449:Drivers/STM32F0xx_HAL_Driver/Src/stm32f0xx_hal_flash_ex.c **** 
 1315              		.loc 1 449 3 is_stmt 1 view .LVU440
 1316              	.LBB94:
 1317              	.LBI94:
 902:Drivers/STM32F0xx_HAL_Driver/Src/stm32f0xx_hal_flash_ex.c **** {
 1318              		.loc 1 902 17 view .LVU441
 1319              	.LBB95:
 904:Drivers/STM32F0xx_HAL_Driver/Src/stm32f0xx_hal_flash_ex.c ****   
 1320              		.loc 1 904 3 view .LVU442
 907:Drivers/STM32F0xx_HAL_Driver/Src/stm32f0xx_hal_flash_ex.c **** 
 1321              		.loc 1 907 3 view .LVU443
 907:Drivers/STM32F0xx_HAL_Driver/Src/stm32f0xx_hal_flash_ex.c **** 
 1322              		.loc 1 907 13 is_stmt 0 view .LVU444
 1323 000a DA69     		ldr	r2, [r3, #28]
 1324              	.LVL107:
 909:Drivers/STM32F0xx_HAL_Driver/Src/stm32f0xx_hal_flash_ex.c ****   {
 1325              		.loc 1 909 3 is_stmt 1 view .LVU445
 907:Drivers/STM32F0xx_HAL_Driver/Src/stm32f0xx_hal_flash_ex.c **** 
 1326              		.loc 1 907 11 is_stmt 0 view .LVU446
 1327 000c 0623     		movs	r3, #6
 909:Drivers/STM32F0xx_HAL_Driver/Src/stm32f0xx_hal_flash_ex.c ****   {
 1328              		.loc 1 909 6 view .LVU447
 1329 000e 1342     		tst	r3, r2
 1330 0010 0FD0     		beq	.L98
 913:Drivers/STM32F0xx_HAL_Driver/Src/stm32f0xx_hal_flash_ex.c ****   {
 1331              		.loc 1 913 8 is_stmt 1 view .LVU448
 913:Drivers/STM32F0xx_HAL_Driver/Src/stm32f0xx_hal_flash_ex.c ****   {
 1332              		.loc 1 913 21 is_stmt 0 view .LVU449
 1333 0012 023B     		subs	r3, r3, #2
 1334 0014 1340     		ands	r3, r2
 913:Drivers/STM32F0xx_HAL_Driver/Src/stm32f0xx_hal_flash_ex.c ****   {
 1335              		.loc 1 913 11 view .LVU450
 1336 0016 5A42     		rsbs	r2, r3, #0
 1337 0018 5341     		adcs	r3, r3, r2
 1338              	.LVL108:
 913:Drivers/STM32F0xx_HAL_Driver/Src/stm32f0xx_hal_flash_ex.c ****   {
 1339              		.loc 1 913 11 view .LVU451
 1340 001a 1022     		movs	r2, #16
 1341 001c 5B42     		rsbs	r3, r3, #0
 1342 001e 9343     		bics	r3, r2
 1343 0020 CC33     		adds	r3, r3, #204
 1344              	.L97:
 1345              	.LVL109:
 913:Drivers/STM32F0xx_HAL_Driver/Src/stm32f0xx_hal_flash_ex.c ****   {
 1346              		.loc 1 913 11 view .LVU452
 1347              	.LBE95:
 1348              	.LBE94:
 449:Drivers/STM32F0xx_HAL_Driver/Src/stm32f0xx_hal_flash_ex.c **** 
 1349              		.loc 1 449 21 discriminator 1 view .LVU453
 1350 0022 0373     		strb	r3, [r0, #12]
ARM GAS  C:\Users\techn\AppData\Local\Temp\ccPUBBag.s 			page 49


 452:Drivers/STM32F0xx_HAL_Driver/Src/stm32f0xx_hal_flash_ex.c **** }
 1351              		.loc 1 452 3 is_stmt 1 view .LVU454
 1352              	.LBB97:
 1353              	.LBI97:
 929:Drivers/STM32F0xx_HAL_Driver/Src/stm32f0xx_hal_flash_ex.c **** {
 1354              		.loc 1 929 16 view .LVU455
 1355              	.LBB98:
 932:Drivers/STM32F0xx_HAL_Driver/Src/stm32f0xx_hal_flash_ex.c **** }
 1356              		.loc 1 932 3 view .LVU456
 932:Drivers/STM32F0xx_HAL_Driver/Src/stm32f0xx_hal_flash_ex.c **** }
 1357              		.loc 1 932 21 is_stmt 0 view .LVU457
 1358 0024 044B     		ldr	r3, .L100
 1359              	.LBE98:
 1360              	.LBE97:
 453:Drivers/STM32F0xx_HAL_Driver/Src/stm32f0xx_hal_flash_ex.c **** 
 1361              		.loc 1 453 1 view .LVU458
 1362              		@ sp needed
 1363              	.LBB100:
 1364              	.LBB99:
 932:Drivers/STM32F0xx_HAL_Driver/Src/stm32f0xx_hal_flash_ex.c **** }
 1365              		.loc 1 932 21 view .LVU459
 1366 0026 DA69     		ldr	r2, [r3, #28]
 932:Drivers/STM32F0xx_HAL_Driver/Src/stm32f0xx_hal_flash_ex.c **** }
 1367              		.loc 1 932 10 view .LVU460
 1368 0028 7723     		movs	r3, #119
 932:Drivers/STM32F0xx_HAL_Driver/Src/stm32f0xx_hal_flash_ex.c **** }
 1369              		.loc 1 932 60 view .LVU461
 1370 002a 120A     		lsrs	r2, r2, #8
 932:Drivers/STM32F0xx_HAL_Driver/Src/stm32f0xx_hal_flash_ex.c **** }
 1371              		.loc 1 932 10 view .LVU462
 1372 002c 1340     		ands	r3, r2
 1373              	.LBE99:
 1374              	.LBE100:
 452:Drivers/STM32F0xx_HAL_Driver/Src/stm32f0xx_hal_flash_ex.c **** }
 1375              		.loc 1 452 23 discriminator 1 view .LVU463
 1376 002e 4373     		strb	r3, [r0, #13]
 453:Drivers/STM32F0xx_HAL_Driver/Src/stm32f0xx_hal_flash_ex.c **** 
 1377              		.loc 1 453 1 view .LVU464
 1378 0030 7047     		bx	lr
 1379              	.LVL110:
 1380              	.L98:
 1381              	.LBB101:
 1382              	.LBB96:
 453:Drivers/STM32F0xx_HAL_Driver/Src/stm32f0xx_hal_flash_ex.c **** 
 1383              		.loc 1 453 1 view .LVU465
 1384 0032 AA23     		movs	r3, #170
 1385 0034 F5E7     		b	.L97
 1386              	.L101:
 1387 0036 C046     		.align	2
 1388              	.L100:
 1389 0038 00200240 		.word	1073881088
 1390              	.LBE96:
 1391              	.LBE101:
 1392              		.cfi_endproc
 1393              	.LFE44:
 1395              		.section	.text.HAL_FLASHEx_OBGetUserData,"ax",%progbits
 1396              		.align	1
ARM GAS  C:\Users\techn\AppData\Local\Temp\ccPUBBag.s 			page 50


 1397              		.p2align 2,,3
 1398              		.global	HAL_FLASHEx_OBGetUserData
 1399              		.syntax unified
 1400              		.code	16
 1401              		.thumb_func
 1403              	HAL_FLASHEx_OBGetUserData:
 1404              	.LVL111:
 1405              	.LFB45:
 464:Drivers/STM32F0xx_HAL_Driver/Src/stm32f0xx_hal_flash_ex.c ****   uint32_t value = 0U;
 1406              		.loc 1 464 1 is_stmt 1 view -0
 1407              		.cfi_startproc
 1408              		@ args = 0, pretend = 0, frame = 0
 1409              		@ frame_needed = 0, uses_anonymous_args = 0
 1410              		@ link register save eliminated.
 465:Drivers/STM32F0xx_HAL_Driver/Src/stm32f0xx_hal_flash_ex.c ****   
 1411              		.loc 1 465 3 view .LVU467
 467:Drivers/STM32F0xx_HAL_Driver/Src/stm32f0xx_hal_flash_ex.c ****   {
 1412              		.loc 1 467 3 view .LVU468
 467:Drivers/STM32F0xx_HAL_Driver/Src/stm32f0xx_hal_flash_ex.c ****   {
 1413              		.loc 1 467 6 is_stmt 0 view .LVU469
 1414 0000 054B     		ldr	r3, .L106
 1415 0002 9842     		cmp	r0, r3
 1416 0004 03D0     		beq	.L105
 475:Drivers/STM32F0xx_HAL_Driver/Src/stm32f0xx_hal_flash_ex.c ****   }
 1417              		.loc 1 475 5 is_stmt 1 view .LVU470
 475:Drivers/STM32F0xx_HAL_Driver/Src/stm32f0xx_hal_flash_ex.c ****   }
 1418              		.loc 1 475 13 is_stmt 0 view .LVU471
 1419 0006 054B     		ldr	r3, .L106+4
 1420 0008 D869     		ldr	r0, [r3, #28]
 1421              	.LVL112:
 475:Drivers/STM32F0xx_HAL_Driver/Src/stm32f0xx_hal_flash_ex.c ****   }
 1422              		.loc 1 475 51 view .LVU472
 1423 000a 000E     		lsrs	r0, r0, #24
 1424              	.LVL113:
 478:Drivers/STM32F0xx_HAL_Driver/Src/stm32f0xx_hal_flash_ex.c **** }
 1425              		.loc 1 478 3 is_stmt 1 view .LVU473
 1426              	.L102:
 479:Drivers/STM32F0xx_HAL_Driver/Src/stm32f0xx_hal_flash_ex.c **** 
 1427              		.loc 1 479 1 is_stmt 0 view .LVU474
 1428              		@ sp needed
 1429 000c 7047     		bx	lr
 1430              	.LVL114:
 1431              	.L105:
 470:Drivers/STM32F0xx_HAL_Driver/Src/stm32f0xx_hal_flash_ex.c ****   }
 1432              		.loc 1 470 5 is_stmt 1 view .LVU475
 470:Drivers/STM32F0xx_HAL_Driver/Src/stm32f0xx_hal_flash_ex.c ****   }
 1433              		.loc 1 470 13 is_stmt 0 view .LVU476
 1434 000e 034B     		ldr	r3, .L106+4
 1435 0010 D869     		ldr	r0, [r3, #28]
 1436              	.LVL115:
 470:Drivers/STM32F0xx_HAL_Driver/Src/stm32f0xx_hal_flash_ex.c ****   }
 1437              		.loc 1 470 11 view .LVU477
 1438 0012 0002     		lsls	r0, r0, #8
 1439 0014 000E     		lsrs	r0, r0, #24
 1440              	.LVL116:
 470:Drivers/STM32F0xx_HAL_Driver/Src/stm32f0xx_hal_flash_ex.c ****   }
 1441              		.loc 1 470 11 view .LVU478
ARM GAS  C:\Users\techn\AppData\Local\Temp\ccPUBBag.s 			page 51


 1442 0016 F9E7     		b	.L102
 1443              	.L107:
 1444              		.align	2
 1445              	.L106:
 1446 0018 04F8FF1F 		.word	536868868
 1447 001c 00200240 		.word	1073881088
 1448              		.cfi_endproc
 1449              	.LFE45:
 1451              		.section	.text.FLASH_PageErase,"ax",%progbits
 1452              		.align	1
 1453              		.p2align 2,,3
 1454              		.global	FLASH_PageErase
 1455              		.syntax unified
 1456              		.code	16
 1457              		.thumb_func
 1459              	FLASH_PageErase:
 1460              	.LVL117:
 1461              	.LFB55:
 959:Drivers/STM32F0xx_HAL_Driver/Src/stm32f0xx_hal_flash_ex.c ****   /* Clean the error context */
 1462              		.loc 1 959 1 is_stmt 1 view -0
 1463              		.cfi_startproc
 1464              		@ args = 0, pretend = 0, frame = 0
 1465              		@ frame_needed = 0, uses_anonymous_args = 0
 1466              		@ link register save eliminated.
 961:Drivers/STM32F0xx_HAL_Driver/Src/stm32f0xx_hal_flash_ex.c **** 
 1467              		.loc 1 961 3 view .LVU480
 961:Drivers/STM32F0xx_HAL_Driver/Src/stm32f0xx_hal_flash_ex.c **** 
 1468              		.loc 1 961 20 is_stmt 0 view .LVU481
 1469 0000 0022     		movs	r2, #0
 967:Drivers/STM32F0xx_HAL_Driver/Src/stm32f0xx_hal_flash_ex.c **** }
 1470              		.loc 1 967 1 view .LVU482
 1471              		@ sp needed
 964:Drivers/STM32F0xx_HAL_Driver/Src/stm32f0xx_hal_flash_ex.c ****     WRITE_REG(FLASH->AR, PageAddress);
 1472              		.loc 1 964 5 view .LVU483
 1473 0002 0221     		movs	r1, #2
 961:Drivers/STM32F0xx_HAL_Driver/Src/stm32f0xx_hal_flash_ex.c **** 
 1474              		.loc 1 961 20 view .LVU484
 1475 0004 054B     		ldr	r3, .L109
 1476 0006 DA61     		str	r2, [r3, #28]
 964:Drivers/STM32F0xx_HAL_Driver/Src/stm32f0xx_hal_flash_ex.c ****     WRITE_REG(FLASH->AR, PageAddress);
 1477              		.loc 1 964 5 is_stmt 1 view .LVU485
 1478 0008 054B     		ldr	r3, .L109+4
 1479 000a 1A69     		ldr	r2, [r3, #16]
 1480 000c 0A43     		orrs	r2, r1
 1481 000e 1A61     		str	r2, [r3, #16]
 965:Drivers/STM32F0xx_HAL_Driver/Src/stm32f0xx_hal_flash_ex.c ****     SET_BIT(FLASH->CR, FLASH_CR_STRT);
 1482              		.loc 1 965 5 view .LVU486
 1483 0010 5861     		str	r0, [r3, #20]
 966:Drivers/STM32F0xx_HAL_Driver/Src/stm32f0xx_hal_flash_ex.c **** }
 1484              		.loc 1 966 5 view .LVU487
 1485 0012 1A69     		ldr	r2, [r3, #16]
 1486 0014 3E31     		adds	r1, r1, #62
 1487 0016 0A43     		orrs	r2, r1
 1488 0018 1A61     		str	r2, [r3, #16]
 1489              		.loc 1 967 1 is_stmt 0 view .LVU488
 1490 001a 7047     		bx	lr
 1491              	.L110:
ARM GAS  C:\Users\techn\AppData\Local\Temp\ccPUBBag.s 			page 52


 1492              		.align	2
 1493              	.L109:
 1494 001c 00000000 		.word	pFlash
 1495 0020 00200240 		.word	1073881088
 1496              		.cfi_endproc
 1497              	.LFE55:
 1499              		.text
 1500              	.Letext0:
 1501              		.file 2 "C:\\Program Files\\STMicroelectronics\\STM32Cube\\STM32CubeIDE_1.19.0\\STM32CubeIDE\\plug
 1502              		.file 3 "C:\\Program Files\\STMicroelectronics\\STM32Cube\\STM32CubeIDE_1.19.0\\STM32CubeIDE\\plug
 1503              		.file 4 "Drivers/CMSIS/Device/ST/STM32F0xx/Include/stm32f051x8.h"
 1504              		.file 5 "Drivers/STM32F0xx_HAL_Driver/Inc/stm32f0xx_hal_def.h"
 1505              		.file 6 "Drivers/STM32F0xx_HAL_Driver/Inc/stm32f0xx_hal_flash.h"
 1506              		.file 7 "Drivers/STM32F0xx_HAL_Driver/Inc/stm32f0xx_hal_flash_ex.h"
ARM GAS  C:\Users\techn\AppData\Local\Temp\ccPUBBag.s 			page 53


DEFINED SYMBOLS
                            *ABS*:00000000 stm32f0xx_hal_flash_ex.c
C:\Users\techn\AppData\Local\Temp\ccPUBBag.s:19     .text.FLASH_OB_RDP_LevelConfig:00000000 $t
C:\Users\techn\AppData\Local\Temp\ccPUBBag.s:25     .text.FLASH_OB_RDP_LevelConfig:00000000 FLASH_OB_RDP_LevelConfig
C:\Users\techn\AppData\Local\Temp\ccPUBBag.s:131    .text.FLASH_OB_RDP_LevelConfig:00000050 $d
C:\Users\techn\AppData\Local\Temp\ccPUBBag.s:141    .text.HAL_FLASHEx_Erase:00000000 $t
C:\Users\techn\AppData\Local\Temp\ccPUBBag.s:148    .text.HAL_FLASHEx_Erase:00000000 HAL_FLASHEx_Erase
C:\Users\techn\AppData\Local\Temp\ccPUBBag.s:406    .text.HAL_FLASHEx_Erase:000000c8 $d
C:\Users\techn\AppData\Local\Temp\ccPUBBag.s:413    .text.HAL_FLASHEx_Erase_IT:00000000 $t
C:\Users\techn\AppData\Local\Temp\ccPUBBag.s:420    .text.HAL_FLASHEx_Erase_IT:00000000 HAL_FLASHEx_Erase_IT
C:\Users\techn\AppData\Local\Temp\ccPUBBag.s:570    .text.HAL_FLASHEx_Erase_IT:0000006c $d
C:\Users\techn\AppData\Local\Temp\ccPUBBag.s:576    .text.HAL_FLASHEx_OBErase:00000000 $t
C:\Users\techn\AppData\Local\Temp\ccPUBBag.s:583    .text.HAL_FLASHEx_OBErase:00000000 HAL_FLASHEx_OBErase
C:\Users\techn\AppData\Local\Temp\ccPUBBag.s:727    .text.HAL_FLASHEx_OBErase:00000064 $d
C:\Users\techn\AppData\Local\Temp\ccPUBBag.s:734    .text.HAL_FLASHEx_OBProgram:00000000 $t
C:\Users\techn\AppData\Local\Temp\ccPUBBag.s:741    .text.HAL_FLASHEx_OBProgram:00000000 HAL_FLASHEx_OBProgram
C:\Users\techn\AppData\Local\Temp\ccPUBBag.s:1275   .text.HAL_FLASHEx_OBProgram:00000180 $d
C:\Users\techn\AppData\Local\Temp\ccPUBBag.s:1283   .text.HAL_FLASHEx_OBGetConfig:00000000 $t
C:\Users\techn\AppData\Local\Temp\ccPUBBag.s:1290   .text.HAL_FLASHEx_OBGetConfig:00000000 HAL_FLASHEx_OBGetConfig
C:\Users\techn\AppData\Local\Temp\ccPUBBag.s:1389   .text.HAL_FLASHEx_OBGetConfig:00000038 $d
C:\Users\techn\AppData\Local\Temp\ccPUBBag.s:1396   .text.HAL_FLASHEx_OBGetUserData:00000000 $t
C:\Users\techn\AppData\Local\Temp\ccPUBBag.s:1403   .text.HAL_FLASHEx_OBGetUserData:00000000 HAL_FLASHEx_OBGetUserData
C:\Users\techn\AppData\Local\Temp\ccPUBBag.s:1446   .text.HAL_FLASHEx_OBGetUserData:00000018 $d
C:\Users\techn\AppData\Local\Temp\ccPUBBag.s:1452   .text.FLASH_PageErase:00000000 $t
C:\Users\techn\AppData\Local\Temp\ccPUBBag.s:1459   .text.FLASH_PageErase:00000000 FLASH_PageErase
C:\Users\techn\AppData\Local\Temp\ccPUBBag.s:1494   .text.FLASH_PageErase:0000001c $d

UNDEFINED SYMBOLS
FLASH_WaitForLastOperation
pFlash
